0.0000000000e+00	2.0000000000e-01	
1.0004364730e-01	2.2186884255e-01	
2.0000093538e-01	2.3132716876e-01	
3.0007644713e-01	2.3399094825e-01	
4.0005841307e-01	2.4332676144e-01	
5.0010601599e-01	2.5517924180e-01	
6.0006704939e-01	2.7279389712e-01	
7.0002761115e-01	2.8815993477e-01	
8.0002567597e-01	2.9556318417e-01	
9.0003823344e-01	3.0737406829e-01	
1.0001411389e+00	3.1236182169e-01	
1.1001036907e+00	3.2123078247e-01	
1.2001996088e+00	3.2105808602e-01	
1.3000831778e+00	3.2720599324e-01	
1.4000265914e+00	3.3146209906e-01	
1.5003279930e+00	3.3324579622e-01	
1.6000545284e+00	3.3280148455e-01	
1.7002988011e+00	3.2929471442e-01	
1.8002710328e+00	3.2119123012e-01	
1.9001850767e+00	3.1711423034e-01	
2.0000269913e+00	3.0984317004e-01	
2.1001256164e+00	3.0663693323e-01	
2.2000097794e+00	3.0352028412e-01	
2.3000183813e+00	3.0214456536e-01	
2.4001509495e+00	3.2876986608e-01	
2.5000262153e+00	3.8499812233e-01	
2.6001234717e+00	4.6374212173e-01	
2.7000711733e+00	5.6688896614e-01	
2.8001266790e+00	7.0415268637e-01	
2.9000521696e+00	8.9601646363e-01	
3.0000114717e+00	1.3595722372e+00	
3.1000751548e+00	1.9265870505e+00	
3.2000246489e+00	2.6843332202e+00	
3.3000749192e+00	3.2092682192e+00	
3.4000177147e+00	3.8914867943e+00	
3.5000492676e+00	4.4755774366e+00	
3.6000656289e+00	4.8404164864e+00	
3.7000706375e+00	5.2917942120e+00	
3.8000286511e+00	5.7271099092e+00	
3.9001520428e+00	6.5606467611e+00	
4.0001129338e+00	7.7604974519e+00	
4.1000035833e+00	8.0314487894e+00	
4.2000213097e+00	7.3136410054e+00	
4.3000835676e+00	7.4849650384e+00	
4.4001467982e+00	7.5725021235e+00	
4.5000740632e+00	7.5965340032e+00	
4.6004855608e+00	7.5057193254e+00	
4.7005762368e+00	7.0104883256e+00	
4.8002844151e+00	5.5835638576e+00	
4.9000843667e+00	4.6909035034e+00	
5.0001097992e+00	3.9294580874e+00	
5.1000230135e+00	3.2703144351e+00	
5.2001127473e+00	2.8177566037e+00	
5.3000033009e+00	2.3360426630e+00	
5.4000921485e+00	2.6144438771e+00	
5.5001153710e+00	3.7430730746e+00	
5.6000615003e+00	5.2719246502e+00	
5.7001133974e+00	6.1502423863e+00	
5.8000488997e+00	6.2985880090e+00	
5.9001173960e+00	6.5321400987e+00	
6.0000140574e+00	8.4397422634e+00	
6.1000492091e+00	1.2874769664e+01	
6.2000854408e+00	1.7661781926e+01	
6.3001159768e+00	1.7010774085e+01	
6.4000508435e+00	1.7528513421e+01	
6.5001126031e+00	1.6424923378e+01	
6.6001242545e+00	1.6555726982e+01	
6.7000395349e+00	1.5834812555e+01	
6.8000049981e+00	1.8844167210e+01	
6.9000001602e+00	2.3643633314e+01	
7.0000660731e+00	2.6472218405e+01	
7.1001507805e+00	2.2840533537e+01	
7.2000557224e+00	2.6628125489e+01	
7.3000778877e+00	1.7648224276e+01	
7.4001441559e+00	2.0756812262e+01	
7.5002035406e+00	1.7677178977e+01	
7.6002937815e+00	1.7833051584e+01	
7.7001510142e+00	1.2892091601e+01	
7.8003420894e+00	8.2885409326e+00	
7.9005018835e+00	7.3175400528e+00	
8.0003916550e+00	6.8292856569e+00	
8.1000512143e+00	1.1754412507e+01	
8.2001091667e+00	1.8366571562e+01	
8.3001703674e+00	2.0448735164e+01	
8.4000790994e+00	2.5594226339e+01	
8.5001064364e+00	3.0005778580e+01	
8.6000606365e+00	3.4733804004e+01	
8.7000606444e+00	3.7622653343e+01	
8.8000445077e+00	4.1937280910e+01	
8.9001178279e+00	3.5763271523e+01	
9.0001038375e+00	3.6909071338e+01	
9.1001059275e+00	5.7694910059e+01	
9.2000076499e+00	5.7017944369e+01	
9.3001148502e+00	7.1485613175e+01	
9.4000365766e+00	7.6415347684e+01	
9.5000974004e+00	7.7436331282e+01	
9.6000323509e+00	7.0515538210e+01	
9.7001077037e+00	6.2185170896e+01	
9.8000443429e+00	5.4195222650e+01	
9.9000092657e+00	5.4573820517e+01	
1.0000096434e+01	8.7996583799e+01	
1.0100074964e+01	6.4004491082e+01	
1.0200018520e+01	2.8558889894e+01	
1.0300105995e+01	6.8314646307e+01	
1.0400130547e+01	3.3391897270e+01	
1.0500185902e+01	3.5290606955e+01	
1.0600177554e+01	5.5704706556e+01	
1.0700167480e+01	5.8287398995e+01	
1.0800265675e+01	3.9112020860e+01	
1.0900176562e+01	4.8286055573e+01	
1.1000102959e+01	3.1879804130e+01	
1.1100076732e+01	5.1163507118e+01	
1.1200099382e+01	6.4001921941e+01	
1.1300131200e+01	7.0821647008e+01	
1.1400191775e+01	7.3849461143e+01	
1.1500132758e+01	9.4757166669e+01	
1.1600165392e+01	1.4297150982e+02	
1.1700053111e+01	1.0536141690e+02	
1.1800109276e+01	1.5185881653e+02	
1.1900079667e+01	8.6973523634e+01	
1.2000075262e+01	1.0448545716e+02	
1.2100061192e+01	1.0968858889e+02	
1.2200027068e+01	8.0035649372e+01	
1.2300026489e+01	5.5972579286e+01	
1.2400064731e+01	9.1881828885e+01	
1.2500006348e+01	8.2354719555e+01	
1.2600050845e+01	9.9396012286e+01	
1.2700075108e+01	1.0995212999e+02	
1.2800058430e+01	1.6043215460e+02	
1.2900029985e+01	1.3027585647e+02	
1.3000126241e+01	1.1004808612e+02	
1.3100017047e+01	7.3805452269e+01	
1.3200041839e+01	6.3205568634e+01	
1.3300153758e+01	1.0054114633e+02	
1.3400043010e+01	7.9608504981e+01	
1.3500075268e+01	9.1529965123e+01	
1.3600029254e+01	5.4821932594e+01	
1.3700119513e+01	5.6737588730e+01	
1.3800101266e+01	5.6012972753e+01	
1.3900219709e+01	4.7825694781e+01	
1.4000220560e+01	5.5695364798e+01	
1.4100106001e+01	5.2139832425e+01	
1.4200281707e+01	7.5930020222e+01	
1.4300150583e+01	1.1524185560e+02	
1.4400271593e+01	1.4820777306e+02	
1.4500063976e+01	2.2695363295e+02	
1.4600192754e+01	1.9937111692e+02	
1.4700060128e+01	1.2856365889e+02	
1.4800012756e+01	2.0157344847e+02	
1.4900026023e+01	5.2521129890e+02	
1.5000084415e+01	6.9549205024e+02	
1.5100030515e+01	6.3021930379e+02	
1.5200009569e+01	3.3961648235e+02	
1.5300004582e+01	2.7191668631e+02	
1.5400045132e+01	3.8827245009e+02	
1.5500008051e+01	1.6701427120e+02	
1.5600140862e+01	1.3625714353e+02	
1.5700064444e+01	1.8535767485e+02	
1.5800109705e+01	1.3575077008e+02	
1.5900075502e+01	2.5432939659e+02	
1.6000057669e+01	7.6491279199e+02	
1.6100137971e+01	7.6069152635e+02	
1.6200032614e+01	6.9010250144e+02	
1.6300007247e+01	8.4850833779e+02	
1.6400127939e+01	6.6303649814e+02	
1.6500028916e+01	3.2988748213e+02	
1.6600002727e+01	2.3569060307e+02	
1.6700183599e+01	2.8200336027e+02	
1.6800030696e+01	1.8660093473e+02	
1.6900025065e+01	2.3011941358e+02	
1.7000170106e+01	2.7218864565e+02	
1.7100231465e+01	2.3487177192e+02	
1.7200026293e+01	2.0002991412e+02	
1.7300060872e+01	2.2650542794e+02	
1.7400330429e+01	3.4761749040e+02	
1.7500041101e+01	3.0204898435e+02	
1.7600127445e+01	5.1100419730e+02	
1.7700184161e+01	2.7056240799e+02	
1.7800115033e+01	3.4005929957e+02	
1.7900127357e+01	4.7342539986e+02	
1.8000089368e+01	8.8980561889e+02	
1.8100095481e+01	3.9954240273e+02	
1.8200085794e+01	3.9405845297e+02	
1.8300002513e+01	4.8686494385e+02	
1.8400006029e+01	6.3006765622e+02	
1.8500102973e+01	5.6768148511e+02	
1.8600064930e+01	4.8394113484e+02	
1.8700101808e+01	4.3217184099e+02	
1.8800173638e+01	4.3041154660e+02	
1.8900108433e+01	3.1539798702e+02	
1.9000169520e+01	3.0949910159e+02	
1.9100017928e+01	2.4268742264e+02	
1.9200078705e+01	1.7744495531e+02	
1.9300138182e+01	1.1498193409e+02	
1.9400034193e+01	8.5490785213e+01	
1.9500029426e+01	9.6578730841e+01	
1.9600082269e+01	7.7408064674e+01	
1.9700146283e+01	1.4091622877e+02	
1.9800192154e+01	2.6953836090e+02	
1.9900112791e+01	3.0775384521e+02	
2.0000130155e+01	2.9148903253e+02	
2.0100029065e+01	3.1439100906e+02	
2.0200086764e+01	4.0128494766e+02	
2.0300206306e+01	1.7600656156e+02	
2.0400229583e+01	1.6628134444e+02	
2.0500245362e+01	1.4347049640e+02	
2.0600119132e+01	1.4260650724e+02	
2.0700072219e+01	6.6563495145e+01	
2.0800063257e+01	9.3629636490e+01	
2.0900001332e+01	1.3411283465e+02	
2.1000039980e+01	1.2147541633e+02	
2.1100260317e+01	1.2141609541e+02	
2.1200039345e+01	1.0730556136e+02	
2.1300010917e+01	1.4259750388e+02	
2.1400166386e+01	1.4725214122e+02	
2.1500203701e+01	2.0699368977e+02	
2.1600003184e+01	1.5648662180e+02	
2.1700094073e+01	1.7422505038e+02	
2.1800173194e+01	1.8636758611e+02	
2.1900174042e+01	2.4655763566e+02	
2.2000036498e+01	1.9736097040e+02	
2.2100013244e+01	3.6177618138e+02	
2.2200216352e+01	3.5789901994e+02	
2.2300190957e+01	4.1348845255e+02	
2.2400229126e+01	4.1020633047e+02	
2.2500138276e+01	3.5050352808e+02	
2.2600172243e+01	2.9732043055e+02	
2.2700004105e+01	1.8743358951e+02	
2.2800075294e+01	3.7195700156e+02	
2.2900034934e+01	2.0159826542e+02	
2.3000012425e+01	1.5479213277e+02	
2.3100078876e+01	1.5174250932e+02	
2.3200007892e+01	1.3916448222e+02	
2.3300273153e+01	1.5496034353e+02	
2.3400255878e+01	5.8732046751e+02	
2.3500015100e+01	3.3239085838e+02	
2.3600172210e+01	2.4722859623e+02	
2.3700307542e+01	1.3850210457e+02	
2.3800233051e+01	1.1931664476e+02	
2.3900246668e+01	1.2589245332e+02	
2.4000122828e+01	1.3250131798e+02	
2.4100091883e+01	1.6939195635e+02	
2.4200244701e+01	1.9606955727e+02	
2.4300094768e+01	1.1941148660e+02	
2.4400010004e+01	8.2788777017e+01	
2.4500217386e+01	1.1642334930e+02	
2.4600049008e+01	1.0430043038e+02	
2.4700283623e+01	1.3126010046e+02	
2.4800282025e+01	1.5480541371e+02	
2.4900215074e+01	1.8824903313e+02	
2.5000199726e+01	2.2839859256e+02	
2.5100301082e+01	2.6115719115e+02	
2.5200066861e+01	2.2884509014e+02	
2.5300046753e+01	1.4724188831e+02	
2.5400111378e+01	1.2799466501e+02	
2.5500263181e+01	1.5755993482e+02	
2.5600277590e+01	9.3637430725e+01	
2.5700104068e+01	9.5671913150e+01	
2.5800079802e+01	1.9950947931e+02	
2.5900165034e+01	2.1477546257e+02	
2.6000066281e+01	1.2113523381e+02	
2.6100325089e+01	1.5653754016e+02	
2.6200020876e+01	1.8860370579e+02	
2.6300099101e+01	2.5028179977e+02	
2.6400033201e+01	2.8715798226e+02	
2.6500258462e+01	3.6410382560e+02	
2.6600092241e+01	3.8650425863e+02	
2.6700014814e+01	1.6816699421e+02	
2.6800106204e+01	2.0712427704e+02	
2.6900146803e+01	2.6271496593e+02	
2.7000228279e+01	1.6941385520e+02	
2.7100297725e+01	1.6396371875e+02	
2.7200140267e+01	1.9944871122e+02	
2.7300155578e+01	3.6040178716e+02	
2.7400352162e+01	3.0954188241e+02	
2.7500182474e+01	4.0228770509e+02	
2.7600348102e+01	3.1516029849e+02	
2.7700222266e+01	1.8303481117e+02	
2.7800290432e+01	2.5239587816e+02	
2.7900172601e+01	5.1612694617e+02	
2.8000044629e+01	2.1352229846e+02	
2.8100061754e+01	4.5830383154e+02	
2.8200083609e+01	3.4177858146e+02	
2.8300100241e+01	2.0077865207e+02	
2.8400266668e+01	1.7031849193e+02	
2.8500138483e+01	2.3896670329e+02	
2.8600237396e+01	1.6794998232e+02	
2.8700076432e+01	1.1954316234e+02	
2.8800142757e+01	1.2144378090e+02	
2.8900255091e+01	1.4948431620e+02	
2.9000191094e+01	1.5502938794e+02	
2.9100325349e+01	1.8071404470e+02	
2.9200278504e+01	1.4677544659e+02	
2.9300133894e+01	1.2024287870e+02	
2.9400023977e+01	1.0387095387e+02	
2.9500148710e+01	1.1977476414e+02	
2.9600287792e+01	1.9019829514e+02	
2.9700282643e+01	1.4448808555e+02	
2.9800119096e+01	1.3573797509e+02	
2.9900208014e+01	1.5736547603e+02	
3.0000124297e+01	1.3107248012e+02	
3.0100335355e+01	1.2809104608e+02	
3.0200281954e+01	1.2948737932e+02	
3.0300013928e+01	1.0036315659e+02	
3.0400220563e+01	1.0124687977e+02	
3.0500123179e+01	1.4872041947e+02	
3.0600295282e+01	1.7245194386e+02	
3.0700065467e+01	1.4189076513e+02	
3.0800238387e+01	1.6727534747e+02	
3.0900132727e+01	1.5728562947e+02	
3.1000279360e+01	1.0388261259e+02	
3.1100308339e+01	9.2411239294e+01	
3.1200080185e+01	9.1990838079e+01	
3.1300366028e+01	8.7172895564e+01	
3.1400178783e+01	9.1370308199e+01	
3.1500288976e+01	1.0689290386e+02	
3.1600378317e+01	9.7981948509e+01	
3.1700379391e+01	1.0051513099e+02	
3.1800027982e+01	9.8638451470e+01	
3.1900156553e+01	1.9214598666e+02	
3.2000056281e+01	1.5380724314e+02	
3.2100349765e+01	8.7179762160e+01	
3.2200183755e+01	6.8170815590e+01	
3.2300008645e+01	8.2462151156e+01	
3.2400296971e+01	8.9799249349e+01	
3.2500355514e+01	7.1308886393e+01	
3.2600371466e+01	6.9362938097e+01	
3.2700230790e+01	6.4563900573e+01	
3.2800047059e+01	6.7777701293e+01	
3.2900139969e+01	9.9296244428e+01	
3.3000245012e+01	1.0518027853e+02	
3.3100301286e+01	9.9272581136e+01	
3.3200271102e+01	1.0099247924e+02	
3.3300038586e+01	1.3689472650e+02	
3.3400264417e+01	1.1178076486e+02	
3.3500147822e+01	9.0978813277e+01	
3.3600168994e+01	8.0623015620e+01	
3.3700025639e+01	7.5172220882e+01	
3.3800289330e+01	9.4513695152e+01	
3.3900024897e+01	1.2247623170e+02	
3.4000344490e+01	1.3124121823e+02	
3.4100330791e+01	1.5642105570e+02	
3.4200037817e+01	1.7352136524e+02	
3.4300006973e+01	1.7808077753e+02	
3.4400099385e+01	1.2166340794e+02	
3.4500360134e+01	8.4831932300e+01	
3.4600402650e+01	9.0695171952e+01	
3.4700057773e+01	1.0252715308e+02	
3.4800366139e+01	9.3924695215e+01	
3.4900295031e+01	1.2300698017e+02	
3.5000350519e+01	1.2733229818e+02	
3.5100354858e+01	1.2562460548e+02	
3.5200331004e+01	1.0236969191e+02	
3.5300252141e+01	1.1136550337e+02	
3.5400051675e+01	1.0214405957e+02	
3.5500291041e+01	1.2706587688e+02	
3.5600161006e+01	1.0666273282e+02	
3.5700249005e+01	8.6910246302e+01	
3.5800309940e+01	7.5325732899e+01	
3.5900370770e+01	9.4870475787e+01	
3.6000208987e+01	1.1246896733e+02	
3.6100351240e+01	1.1723736561e+02	
3.6200124393e+01	1.2204928951e+02	
3.6300048326e+01	1.0893232481e+02	
3.6400220054e+01	1.0876614196e+02	
3.6500257642e+01	1.0261887667e+02	
3.6600305734e+01	1.3326251273e+02	
3.6700077059e+01	1.2593363026e+02	
3.6800113336e+01	8.3538676138e+01	
3.6900245453e+01	7.3831323671e+01	
3.7000143019e+01	8.4688333294e+01	
3.7100345454e+01	9.1414632546e+01	
3.7200183011e+01	1.6136799304e+02	
3.7300023945e+01	1.2229667045e+02	
3.7400279120e+01	9.8653741351e+01	
3.7500058708e+01	7.8346484850e+01	
3.7600085089e+01	7.5587068375e+01	
3.7700427934e+01	8.1224838358e+01	
3.7800027065e+01	7.9055809756e+01	
3.7900301642e+01	7.6711618203e+01	
3.8000373138e+01	7.9101729768e+01	
3.8100297187e+01	8.1695478292e+01	
3.8200057622e+01	7.6042217596e+01	
3.8300069187e+01	7.1299478168e+01	
3.8400303535e+01	8.2183901625e+01	
3.8500273437e+01	9.0098050634e+01	
3.8600103543e+01	8.7819694173e+01	
3.8700168111e+01	9.9786985460e+01	
3.8800115090e+01	7.7218593351e+01	
3.8900209918e+01	1.3283571886e+02	
3.9000009869e+01	1.2281351052e+02	
3.9100247469e+01	9.9671889449e+01	
3.9200353208e+01	1.0317164454e+02	
3.9300234517e+01	8.5823898680e+01	
3.9400160282e+01	9.5469980238e+01	
3.9500414910e+01	1.5583163204e+02	
3.9600061945e+01	1.9712903704e+02	
3.9700321187e+01	1.9811018482e+02	
3.9800246694e+01	1.4983649525e+02	
3.9900160363e+01	1.1403585153e+02	
4.0000303567e+01	1.3582333585e+02	
4.0100328866e+01	1.4399278677e+02	
4.0200068844e+01	1.1611086514e+02	
4.0300425915e+01	1.2421478190e+02	
4.0400264646e+01	1.2796587674e+02	
4.0500233731e+01	1.3193716688e+02	
4.0600378093e+01	1.1102955304e+02	
4.0700035240e+01	7.9313251808e+01	
4.0800095616e+01	5.8908729768e+01	
4.0900282855e+01	5.9833723045e+01	
4.1000215157e+01	7.9097004668e+01	
4.1100076289e+01	6.9210804908e+01	
4.1200234019e+01	1.1314492050e+02	
4.1300377926e+01	7.5173711905e+01	
4.1400387229e+01	7.7392426964e+01	
4.1500369966e+01	8.2457431871e+01	
4.1600288181e+01	7.8098589357e+01	
4.1700213225e+01	7.8769370593e+01	
4.1800248594e+01	9.7146427085e+01	
4.1900213338e+01	8.6998030604e+01	
4.2000355032e+01	1.0059499824e+02	
4.2100060086e+01	9.8497001320e+01	
4.2200048388e+01	1.0971119770e+02	
4.2300104169e+01	8.3295000522e+01	
4.2400001481e+01	9.1671071723e+01	
4.2500368266e+01	9.4270635513e+01	
4.2600226984e+01	8.1594636191e+01	
4.2700019496e+01	8.7880991382e+01	
4.2800019354e+01	1.2506699215e+02	
4.2900314264e+01	1.1177436200e+02	
4.3000357086e+01	8.6635045472e+01	
4.3100182092e+01	8.9446299971e+01	
4.3200171367e+01	7.4450868978e+01	
4.3300121497e+01	9.9892655948e+01	
4.3400225658e+01	8.8431675571e+01	
4.3500256031e+01	6.8861010087e+01	
4.3600347946e+01	8.3722704858e+01	
4.3700221907e+01	1.0019865270e+02	
4.3800265182e+01	9.5167452117e+01	
4.3900276242e+01	8.2626156869e+01	
4.4000008715e+01	8.3723211712e+01	
4.4100068411e+01	7.7736311178e+01	
4.4200286197e+01	8.3902358890e+01	
4.4300190614e+01	1.2364579348e+02	
4.4400428548e+01	1.4645491142e+02	
4.4500312131e+01	1.4187017169e+02	
4.4600302405e+01	1.0847337883e+02	
4.4700188298e+01	7.6782471235e+01	
4.4800053088e+01	7.1817046843e+01	
4.4900019839e+01	6.6440819112e+01	
4.5000087147e+01	6.1193115040e+01	
4.5100412800e+01	5.6019211744e+01	
4.5200167853e+01	5.8711103748e+01	
4.5300240499e+01	7.7202691137e+01	
4.5400341632e+01	5.1708313497e+01	
4.5500283939e+01	7.1777921529e+01	
4.5600356004e+01	1.4039912223e+02	
4.5700041754e+01	1.3730613748e+02	
4.5800356842e+01	1.6782716004e+02	
4.5900029153e+01	1.6404693114e+02	
4.6000138710e+01	8.4833303990e+01	
4.6100110807e+01	1.0670291108e+02	
4.6200319031e+01	5.8093771860e+01	
4.6300086510e+01	8.7976412580e+01	
4.6400013403e+01	9.6180504264e+01	
4.6500053343e+01	9.8595073634e+01	
4.6600226929e+01	9.7509850140e+01	
4.6700123746e+01	8.8915481884e+01	
4.6800058684e+01	9.5825157241e+01	
4.6900144485e+01	1.0766026587e+02	
4.7000158373e+01	2.3573149656e+02	
4.7100424988e+01	2.0089866193e+02	
4.7200217529e+01	1.1708685538e+02	
4.7300143957e+01	9.1116702288e+01	
4.7400020400e+01	1.2013258171e+02	
4.7500337058e+01	1.1654526886e+02	
4.7600277964e+01	1.0659622291e+02	
4.7700111213e+01	1.4067475332e+02	
4.7800341542e+01	2.0569897590e+02	
4.7900145183e+01	1.7272851463e+02	
4.8000020460e+01	1.2659440698e+02	
4.8100225688e+01	1.3615455521e+02	
4.8200036674e+01	1.4694475889e+02	
4.8300301687e+01	1.2652431530e+02	
4.8400181010e+01	1.4309645205e+02	
4.8500006583e+01	1.6784352433e+02	
4.8600046891e+01	1.2476924761e+02	
4.8700274277e+01	1.6325937698e+02	
4.8800263190e+01	1.5543688697e+02	
4.8900072381e+01	1.5938140012e+02	
4.9000101638e+01	1.5543754207e+02	
4.9100082468e+01	1.4847802394e+02	
4.9200164138e+01	1.4193840134e+02	
4.9300333832e+01	1.2714361294e+02	
4.9400173187e+01	8.5758368233e+01	
4.9500109455e+01	1.0134475456e+02	
4.9600069925e+01	1.0775246210e+02	
4.9700195155e+01	1.0273958808e+02	
4.9800094280e+01	1.1371426061e+02	
4.9900312243e+01	1.0277560713e+02	
5.0000073607e+01	1.1419127150e+02	
5.0100196539e+01	1.2221918075e+02	
5.0200019908e+01	1.0652462706e+02	
5.0300238385e+01	1.3535969170e+02	
5.0400208691e+01	1.8591787796e+02	
5.0500132673e+01	1.7167649863e+02	
5.0600042842e+01	1.7010542623e+02	
5.0700002323e+01	1.6545594112e+02	
5.0800133704e+01	1.5185320851e+02	
5.0900139930e+01	1.3372111589e+02	
5.1000027433e+01	1.1538182712e+02	
5.1100347778e+01	1.0029755822e+02	
5.1200379431e+01	9.1151527787e+01	
5.1300176364e+01	7.8280543486e+01	
5.1400362379e+01	9.3200944463e+01	
5.1500398122e+01	8.7354272491e+01	
5.1600300271e+01	7.0553110326e+01	
5.1700182743e+01	8.4425254437e+01	
5.1800391715e+01	6.8411820629e+01	
5.1900029487e+01	4.8761907094e+01	
5.2000290561e+01	5.6788601002e+01	
5.2100005442e+01	1.2989143324e+02	
5.2200257524e+01	1.4896306559e+02	
5.2300085580e+01	1.7581107520e+02	
5.2400216616e+01	1.5038528780e+02	
5.2500423492e+01	1.3139692363e+02	
5.2600019831e+01	1.2532112153e+02	
5.2700442225e+01	1.1865691092e+02	
5.2800150184e+01	9.4949881805e+01	
5.2900194626e+01	7.3085624589e+01	
5.3000157747e+01	9.1554077124e+01	
5.3100026332e+01	6.4007953822e+01	
5.3200290593e+01	6.7354365858e+01	
5.3300067178e+01	8.3875896735e+01	
5.3400332091e+01	8.8201971412e+01	
5.3500093397e+01	8.5569301706e+01	
5.3600207112e+01	6.6926709259e+01	
5.3700109644e+01	9.5533807599e+01	
5.3800231409e+01	1.0496150184e+02	
5.3900168110e+01	9.6938270755e+01	
5.4000079486e+01	7.1909126835e+01	
5.4100188514e+01	7.3736627403e+01	
5.4200227642e+01	1.0088876901e+02	
5.4300227957e+01	9.8702801088e+01	
5.4400177252e+01	1.6389104282e+02	
5.4500003850e+01	1.7546916381e+02	
5.4600194125e+01	1.2139916687e+02	
5.4700321913e+01	1.4556495014e+02	
5.4800084782e+01	1.4677916981e+02	
5.4900306284e+01	2.0607806389e+02	
5.5000221219e+01	2.0316331626e+02	
5.5100058064e+01	1.4979993555e+02	
5.5200203286e+01	1.4691097952e+02	
5.5300045464e+01	1.5196653755e+02	
5.5400362224e+01	1.5841460243e+02	
5.5500160014e+01	1.1833644567e+02	
5.5600042906e+01	1.4285827668e+02	
5.5700000092e+01	1.5840389089e+02	
5.5800217477e+01	1.8119654086e+02	
5.5900101175e+01	2.2479179867e+02	
5.6000074000e+01	2.2808570494e+02	
5.6100097250e+01	1.3194732568e+02	
5.6200188834e+01	1.1495757547e+02	
5.6300261313e+01	1.0200664073e+02	
5.6400107204e+01	9.9567987635e+01	
5.6500075560e+01	1.5915490907e+02	
5.6600291481e+01	1.1741166807e+02	
5.6700106773e+01	9.9210114034e+01	
5.6800216127e+01	7.0469945294e+01	
5.6900222551e+01	7.5148557535e+01	
5.7000094542e+01	7.5180539861e+01	
5.7100335468e+01	8.5929958175e+01	
5.7200345246e+01	8.6331198664e+01	
5.7300370442e+01	5.8186050192e+01	
5.7400262940e+01	7.9390881162e+01	
5.7500156512e+01	5.8941140658e+01	
5.7600252936e+01	6.0479727316e+01	
5.7700349023e+01	8.8957183824e+01	
5.7800298746e+01	8.0708195099e+01	
5.7900224265e+01	6.8673414282e+01	
5.8000069707e+01	5.8413003112e+01	
5.8100241049e+01	5.5170115720e+01	
5.8200174602e+01	1.1201253376e+02	
5.8300035294e+01	1.2677460756e+02	
5.8400299924e+01	7.9183637704e+01	
5.8500095310e+01	8.7541849349e+01	
5.8600313163e+01	8.4449225418e+01	
5.8700200159e+01	7.7839608349e+01	
5.8800036837e+01	1.3607097059e+02	
5.8900075375e+01	1.4625059670e+02	
5.9000072439e+01	1.6352049297e+02	
5.9100329644e+01	2.3350045653e+02	
5.9200223412e+01	1.4236844205e+02	
5.9300237050e+01	7.6305034396e+01	
5.9400196918e+01	9.0562878719e+01	
5.9500276025e+01	6.5282231584e+01	
5.9600159715e+01	7.1156189541e+01	
5.9700429909e+01	8.7182218910e+01	
5.9800214957e+01	1.1937340219e+02	
5.9900355649e+01	8.4802973745e+01	
6.0000031523e+01	9.2366761146e+01	
6.0100220396e+01	9.0831369322e+01	
6.0200210852e+01	9.1396682162e+01	
6.0300383550e+01	8.1111600096e+01	
6.0400035975e+01	6.7298709921e+01	
6.0500116990e+01	6.8905151445e+01	
6.0600242544e+01	7.4923481894e+01	
6.0700219283e+01	7.6310533029e+01	
6.0800059767e+01	1.0824634457e+02	
6.0900351300e+01	9.3579541158e+01	
6.1000307789e+01	9.2156364948e+01	
6.1100323155e+01	1.1570958653e+02	
6.1200058758e+01	1.1492994644e+02	
6.1300043522e+01	1.0505702613e+02	
6.1400319289e+01	1.0238538719e+02	
6.1500114762e+01	1.1156255583e+02	
6.1600263997e+01	1.2082387360e+02	
6.1700020405e+01	1.6321621330e+02	
6.1800332062e+01	1.3756738379e+02	
6.1900146918e+01	1.1826579256e+02	
6.2000311222e+01	9.2924274743e+01	
6.2100057134e+01	1.3181214404e+02	
6.2200012190e+01	1.1612560089e+02	
6.2300406768e+01	9.5534326552e+01	
6.2400421800e+01	8.3691957270e+01	
6.2500206797e+01	8.7873247667e+01	
6.2600345312e+01	8.8947463463e+01	
6.2700319237e+01	1.2127016771e+02	
6.2800030250e+01	1.2719963183e+02	
6.2900224920e+01	1.0180525028e+02	
6.3000410411e+01	8.2189999262e+01	
6.3100311516e+01	7.3893691460e+01	
6.3200085975e+01	7.1136070329e+01	
6.3300100950e+01	7.5014751300e+01	
6.3400429577e+01	7.2850925964e+01	
6.3500044512e+01	6.9560002679e+01	
6.3600280818e+01	6.5234854982e+01	
6.3700185673e+01	5.9554959584e+01	
6.3800004797e+01	6.4893056595e+01	
6.3900153862e+01	6.2765874922e+01	
6.4000136868e+01	7.0270976566e+01	
6.4100229693e+01	6.0644434452e+01	
6.4200322541e+01	7.2877822432e+01	
6.4300195272e+01	8.3116242349e+01	
6.4400256159e+01	8.4939410732e+01	
6.4500274120e+01	8.2462387248e+01	
6.4600312508e+01	8.7363672628e+01	
6.4700150333e+01	1.8222484328e+02	
6.4800134453e+01	1.4815812608e+02	
6.4900147895e+01	3.0301024706e+02	
6.5000338473e+01	2.7295356980e+02	
6.5100111794e+01	2.9393548196e+02	
6.5200115977e+01	2.3759389322e+02	
6.5300104353e+01	1.9946099985e+02	
6.5400282648e+01	1.4154326090e+02	
6.5500333154e+01	1.2814130492e+02	
6.5600333772e+01	1.1515777170e+02	
6.5700226745e+01	1.2408527686e+02	
6.5800245533e+01	1.3501946252e+02	
6.5900109263e+01	1.1801538180e+02	
6.6000108697e+01	1.0038050228e+02	
6.6100023138e+01	9.3830444823e+01	
6.6200202327e+01	1.0123135965e+02	
6.6300338523e+01	1.2058107811e+02	
6.6400316910e+01	1.4551838576e+02	
6.6500014994e+01	1.6331485318e+02	
6.6600041302e+01	1.7143307397e+02	
6.6700002124e+01	1.7369267569e+02	
6.6800218501e+01	1.6392165820e+02	
6.6900160960e+01	1.4172976302e+02	
6.7000024766e+01	1.2657905010e+02	
6.7100135406e+01	1.3388444552e+02	
6.7200025520e+01	1.6044497543e+02	
6.7300197793e+01	1.6051485384e+02	
6.7400272506e+01	1.6052505063e+02	
6.7500195157e+01	1.5129077778e+02	
6.7600209158e+01	9.2736386912e+01	
6.7700218651e+01	1.2057426507e+02	
6.7800061786e+01	1.3458397976e+02	
6.7900207097e+01	1.5955885259e+02	
6.8000384494e+01	1.5711644833e+02	
6.8100249170e+01	1.4775688371e+02	
6.8200197875e+01	1.3310726659e+02	
6.8300041146e+01	1.2138891691e+02	
6.8400072737e+01	1.1094221421e+02	
6.8500297333e+01	1.4951296168e+02	
6.8600072587e+01	1.5186333207e+02	
6.8700375977e+01	1.6992906026e+02	
6.8800097969e+01	1.3168905657e+02	
6.8900203398e+01	8.1769186744e+01	
6.9000306227e+01	7.9842021494e+01	
6.9100197541e+01	7.7255555478e+01	
6.9200137859e+01	7.1587029094e+01	
6.9300401044e+01	6.7218081334e+01	
6.9400388620e+01	6.8458312868e+01	
6.9500105918e+01	9.0531079595e+01	
6.9600248181e+01	8.6350446706e+01	
6.9700015855e+01	8.8122560748e+01	
6.9800027268e+01	1.0092918891e+02	
6.9900414589e+01	9.7764451283e+01	
7.0000159366e+01	8.2938923682e+01	
7.0100019989e+01	7.6171919132e+01	
7.0200234190e+01	8.3325458095e+01	
7.0300315483e+01	8.6084101122e+01	
7.0400048234e+01	1.0671305275e+02	
7.0500046238e+01	1.4203001043e+02	
7.0600208452e+01	1.1912927823e+02	
7.0700064887e+01	1.7598570444e+02	
7.0800173540e+01	1.8625691411e+02	
7.0900209050e+01	1.0879585273e+02	
7.1000168876e+01	1.4602154568e+02	
7.1100098571e+01	2.3995250510e+02	
7.1200329520e+01	1.8390519926e+02	
7.1300271805e+01	1.3350688565e+02	
7.1400162070e+01	1.2896660042e+02	
7.1500269153e+01	1.1334810714e+02	
7.1600373365e+01	9.3779287409e+01	
7.1700367080e+01	8.5791093728e+01	
7.1800384774e+01	9.4292257063e+01	
7.1900374483e+01	8.9752998072e+01	
7.2000201907e+01	9.9779308605e+01	
7.2100373753e+01	1.0381213552e+02	
7.2200235745e+01	1.0717936160e+02	
7.2300226040e+01	1.0242969828e+02	
7.2400311049e+01	9.9237702822e+01	
7.2500021265e+01	8.8699486689e+01	
7.2600235530e+01	1.1219581216e+02	
7.2700162394e+01	1.2051806762e+02	
7.2800123903e+01	1.0610565068e+02	
7.2900220901e+01	1.2744764769e+02	
7.3000344668e+01	1.2070144007e+02	
7.3100216189e+01	1.3883663430e+02	
7.3200224580e+01	1.2592917913e+02	
7.3300325670e+01	1.1480244423e+02	
7.3400159697e+01	1.1348382087e+02	
7.3500080136e+01	1.0409580596e+02	
7.3600296645e+01	3.2380325162e+02	
7.3700329342e+01	5.2867198670e+02	
7.3800153726e+01	4.4526605967e+02	
7.3900092676e+01	3.3779516697e+02	
7.4000100539e+01	3.2042808977e+02	
7.4100117099e+01	2.3638290437e+02	
7.4200206830e+01	2.5119085100e+02	
7.4300307767e+01	2.1291853474e+02	
7.4400257350e+01	1.7942724961e+02	
7.4500005966e+01	2.7431407154e+02	
7.4600246585e+01	1.6634304105e+02	
7.4700156806e+01	1.3222093735e+02	
7.4800295249e+01	1.3938604101e+02	
7.4900232673e+01	1.1164055040e+02	
7.5000184820e+01	9.0731401532e+01	
7.5100337897e+01	1.2526280828e+02	
7.5200055214e+01	1.6758085816e+02	
7.5300056393e+01	2.1017859859e+02	
7.5400423720e+01	2.3038702423e+02	
7.5500359002e+01	1.6957030083e+02	
7.5600006495e+01	1.1809536708e+02	
7.5700274165e+01	1.0818728423e+02	
7.5800045924e+01	1.0368514672e+02	
7.5900115860e+01	1.0005755394e+02	
7.6000327352e+01	9.7423104813e+01	
7.6100303578e+01	9.8977092187e+01	
7.6200280114e+01	7.6587333564e+01	
7.6300400161e+01	7.3847712319e+01	
7.6400308092e+01	8.8195971176e+01	
7.6500145815e+01	1.3882263821e+02	
7.6600048191e+01	1.1452362320e+02	
7.6700361930e+01	9.9467729583e+01	
7.6800004440e+01	1.5054041210e+02	
7.6900256334e+01	1.1557045446e+02	
7.7000303203e+01	1.0286934191e+02	
7.7100018785e+01	1.6707169348e+02	
7.7200360765e+01	2.2111810874e+02	
7.7300073566e+01	2.6673884367e+02	
7.7400004055e+01	2.1849403697e+02	
7.7500122532e+01	1.6285866630e+02	
7.7600337257e+01	1.9067746239e+02	
7.7700181254e+01	2.3002945760e+02	
7.7800095297e+01	1.3730956455e+02	
7.7900079666e+01	1.2971052276e+02	
7.8000338299e+01	1.1720162385e+02	
7.8100264947e+01	1.4233665682e+02	
7.8200164501e+01	1.6354425004e+02	
7.8300043831e+01	1.8710744979e+02	
7.8400021969e+01	1.1541942525e+02	
7.8500343455e+01	1.1190066236e+02	
7.8600363383e+01	9.7828065111e+01	
7.8700020380e+01	1.0269803871e+02	
7.8800236667e+01	8.8733287583e+01	
7.8900269884e+01	8.1705466214e+01	
7.9000001143e+01	9.4597744869e+01	
7.9100020332e+01	1.3773448555e+02	
7.9200337703e+01	1.5900998406e+02	
7.9300114374e+01	1.5298201102e+02	
7.9400280906e+01	1.5061972336e+02	
7.9500278085e+01	1.8690122010e+02	
7.9600198646e+01	1.5811301952e+02	
7.9700344096e+01	1.2672339979e+02	
7.9800053718e+01	1.1276811041e+02	
7.9900090725e+01	9.5220268204e+01	
8.0000116476e+01	8.2368353353e+01	
8.0100000149e+01	1.0242301172e+02	
8.0200288475e+01	1.1568153970e+02	
8.0300273271e+01	1.9551261410e+02	
8.0400138860e+01	1.1516335648e+02	
8.0500066089e+01	1.1658653815e+02	
8.0600335576e+01	1.2556009912e+02	
8.0700055248e+01	1.4777496658e+02	
8.0800244747e+01	1.7711456759e+02	
8.0900076830e+01	1.8891358629e+02	
8.1000223958e+01	1.5735351882e+02	
8.1100341239e+01	1.3515503909e+02	
8.1200199456e+01	1.3084557101e+02	
8.1300180660e+01	1.0812215658e+02	
8.1400122084e+01	1.0137363491e+02	
8.1500300390e+01	1.0876794031e+02	
8.1600120601e+01	1.0290964194e+02	
8.1700261996e+01	1.2421162611e+02	
8.1800325768e+01	9.9213846892e+01	
8.1900402621e+01	8.0397000876e+01	
8.2000339352e+01	6.8035130325e+01	
8.2100030313e+01	8.1240324736e+01	
8.2200079255e+01	9.9946592130e+01	
8.2300348442e+01	9.9168641985e+01	
8.2400230468e+01	9.0487036228e+01	
8.2500330620e+01	8.0256215742e+01	
8.2600380593e+01	1.1663471428e+02	
8.2700115198e+01	1.8019083395e+02	
8.2800235198e+01	1.1036902947e+02	
8.2900001114e+01	1.4683184168e+02	
8.3000251498e+01	1.2118922322e+02	
8.3100312546e+01	1.4069797824e+02	
8.3200114555e+01	2.2987704700e+02	
8.3300072173e+01	1.6603515307e+02	
8.3400098025e+01	1.8829059100e+02	
8.3500205657e+01	2.0812068201e+02	
8.3600107290e+01	2.1804373051e+02	
8.3700268500e+01	2.2221037910e+02	
8.3800344467e+01	2.1240293327e+02	
8.3900075530e+01	1.7286112860e+02	
8.4000252824e+01	2.2714110029e+02	
8.4100032774e+01	2.6173639396e+02	
8.4200127887e+01	1.6004389340e+02	
8.4300150999e+01	1.7328486852e+02	
8.4400310697e+01	1.7440879146e+02	
8.4500413770e+01	1.9731378001e+02	
8.4600394265e+01	1.4965244042e+02	
8.4700157849e+01	1.3710638056e+02	
8.4800231420e+01	1.2980126025e+02	
8.4900117025e+01	1.2801879518e+02	
8.5000020240e+01	1.2415675080e+02	
8.5100078078e+01	1.1268965630e+02	
8.5200076856e+01	9.6802740219e+01	
8.5300186354e+01	8.5150981098e+01	
8.5400171331e+01	6.5048464918e+01	
8.5500179647e+01	7.1712293882e+01	
8.5600157634e+01	9.1360221292e+01	
8.5700299627e+01	1.1610962013e+02	
8.5800087630e+01	9.4913472255e+01	
8.5900046340e+01	1.1569681919e+02	
8.6000248924e+01	1.0438430898e+02	
8.6100378598e+01	1.7529406857e+02	
8.6200110762e+01	1.6758312720e+02	
8.6300351580e+01	1.3206613634e+02	
8.6400123485e+01	1.0402868299e+02	
8.6500033223e+01	1.0239160411e+02	
8.6600037724e+01	1.4348547732e+02	
8.6700045483e+01	2.4254859428e+02	
8.6800298502e+01	2.5510767535e+02	
8.6900243832e+01	2.1722087639e+02	
8.7000216146e+01	1.9343984904e+02	
8.7100298193e+01	1.4776175238e+02	
8.7200045621e+01	1.4573886314e+02	
8.7300241243e+01	1.4707028876e+02	
8.7400196383e+01	1.3729405095e+02	
8.7500123211e+01	1.1860530817e+02	
8.7600008972e+01	9.8062329374e+01	
8.7700138468e+01	9.1950924414e+01	
8.7800449945e+01	9.9931548654e+01	
8.7900391545e+01	1.1169184059e+02	
8.8000030415e+01	1.0551097324e+02	
8.8100145006e+01	1.8279352235e+02	
8.8200297932e+01	1.4997615989e+02	
8.8300174035e+01	1.1356177628e+02	
8.8400167252e+01	1.0731631461e+02	
8.8500015355e+01	9.8042053667e+01	
8.8600401961e+01	6.6059665560e+01	
8.8700053577e+01	7.0150631587e+01	
8.8800393666e+01	6.1765169978e+01	
8.8900174419e+01	6.5441452284e+01	
8.9000121292e+01	9.3158316287e+01	
8.9100100739e+01	9.7050907351e+01	
8.9200171907e+01	1.9216697587e+02	
8.9300189911e+01	1.8529235624e+02	
8.9400195446e+01	1.2003798388e+02	
8.9500376530e+01	9.1587720176e+01	
8.9600240399e+01	9.8276691091e+01	
8.9700029037e+01	7.7419924380e+01	
8.9800281423e+01	8.2964117851e+01	
8.9900255745e+01	8.7705711225e+01	
9.0000072338e+01	1.5156525690e+02	
9.0100115352e+01	1.5858076028e+02	
9.0200071682e+01	1.4890263402e+02	
9.0300251845e+01	1.4156650376e+02	
9.0400367281e+01	1.1992065366e+02	
9.0500237174e+01	1.4113920543e+02	
9.0600105594e+01	1.0016663857e+02	
9.0700412276e+01	8.5654880044e+01	
9.0800409795e+01	1.0681034885e+02	
9.0900178232e+01	1.6255718413e+02	
9.1000395523e+01	1.4269446233e+02	
9.1100126976e+01	1.7362133918e+02	
9.1200342988e+01	1.6398575711e+02	
9.1300000474e+01	1.4735235271e+02	
9.1400041559e+01	2.0185739265e+02	
9.1500392104e+01	1.7734475405e+02	
9.1600153596e+01	1.4163842764e+02	
9.1700304448e+01	1.0529535994e+02	
9.1800249183e+01	1.1643516460e+02	
9.1900134063e+01	1.2075589373e+02	
9.2000065204e+01	1.1120961744e+02	
9.2100202696e+01	1.0313183933e+02	
9.2200287472e+01	9.5360637797e+01	
9.2300349321e+01	8.9867318056e+01	
9.2400172545e+01	9.5399281018e+01	
9.2500206157e+01	1.2386222831e+02	
9.2600290037e+01	1.1724289761e+02	
9.2700387103e+01	1.1655005323e+02	
9.2800190909e+01	1.0992618015e+02	
9.2900060057e+01	1.0680019518e+02	
9.3000120435e+01	9.7776362411e+01	
9.3100141875e+01	8.7384260217e+01	
9.3200120849e+01	1.0822702010e+02	
9.3300152303e+01	1.1360944375e+02	
9.3400114005e+01	1.4361189084e+02	
9.3500135928e+01	9.5340488881e+01	
9.3600013782e+01	1.0622626098e+02	
9.3700229816e+01	1.0053902868e+02	
9.3800347402e+01	1.4477647925e+02	
9.3900365773e+01	1.0661205606e+02	
9.4000206132e+01	8.8016661674e+01	
9.4100141875e+01	8.0087936818e+01	
9.4200083769e+01	7.5484411740e+01	
9.4300367137e+01	8.6530408616e+01	
9.4400046936e+01	8.0519849280e+01	
9.4500201227e+01	7.0844301039e+01	
9.4600029457e+01	6.0726933596e+01	
9.4700346159e+01	6.9071192829e+01	
9.4800224142e+01	6.6956841323e+01	
9.4900138947e+01	7.7109644141e+01	
9.5000207247e+01	4.6766860498e+01	
9.5100292643e+01	6.8283294514e+01	
9.5200176356e+01	8.6502777943e+01	
9.5300299958e+01	5.7711894590e+01	
9.5400035059e+01	5.4545156580e+01	
9.5500224316e+01	7.0812969463e+01	
9.5600171934e+01	9.2215410470e+01	
9.5700060731e+01	7.2236615302e+01	
9.5800297887e+01	9.6926027922e+01	
9.5900024489e+01	9.6290761614e+01	
9.6000420367e+01	9.0906974389e+01	
9.6100296894e+01	1.3598925186e+02	
9.6200071005e+01	1.2736859086e+02	
9.6300126629e+01	1.4236927914e+02	
9.6400360512e+01	1.5208824380e+02	
9.6500280666e+01	1.4968925579e+02	
9.6600097969e+01	1.3327165018e+02	
9.6700322929e+01	1.3730589231e+02	
9.6800374374e+01	1.5589025999e+02	
9.6900364265e+01	1.9813727459e+02	
9.7000230085e+01	2.3252509866e+02	
9.7100021339e+01	1.8625901810e+02	
9.7200394701e+01	3.7988386252e+02	
9.7300296652e+01	3.8907532540e+02	
9.7400337098e+01	2.8483306989e+02	
9.7500106193e+01	2.4164092094e+02	
9.7600281541e+01	2.0140205260e+02	
9.7700102359e+01	2.0725512916e+02	
9.7800293440e+01	1.8007017707e+02	
9.7900140845e+01	1.3729235966e+02	
9.8000078533e+01	1.1666677284e+02	
9.8100179896e+01	1.4961474681e+02	
9.8200210104e+01	1.9648048308e+02	
9.8300059735e+01	2.9701384831e+02	
9.8400004158e+01	5.0655856416e+02	
9.8500095469e+01	5.2752842316e+02	
9.8600252774e+01	5.3111101053e+02	
9.8700234588e+01	4.2081165294e+02	
9.8800186714e+01	4.1227758084e+02	
9.8900063396e+01	3.1325289481e+02	
9.9000331469e+01	1.6617163108e+02	
9.9100052413e+01	1.7333543162e+02	
9.9200326808e+01	1.3415754654e+02	
9.9300361751e+01	1.8489304496e+02	
9.9400366699e+01	1.3750206370e+02	
9.9500031687e+01	1.3787812673e+02	
9.9600128763e+01	1.1873030804e+02	
9.9700288894e+01	1.0737225569e+02	
9.9800222722e+01	1.0020495122e+02	
9.9900123048e+01	1.0230938446e+02	
1.0000015444e+02	1.1150729604e+02	
1.0010015090e+02	1.1826033369e+02	
1.0020008879e+02	9.0769488339e+01	
1.0030036926e+02	8.8475877988e+01	
1.0040011342e+02	7.8118416588e+01	
1.0050018068e+02	9.8575485692e+01	
1.0060037308e+02	1.0150681407e+02	
1.0070025679e+02	1.0771412308e+02	
1.0080032785e+02	9.7381332402e+01	
1.0090030470e+02	8.2055264455e+01	
1.0100040333e+02	6.9867745455e+01	
1.0110027630e+02	7.9711749892e+01	
1.0120037675e+02	9.1595202232e+01	
1.0130012258e+02	1.0990928846e+02	
1.0140011555e+02	1.1360936041e+02	
1.0150022430e+02	1.0987885711e+02	
1.0160030651e+02	1.1851803169e+02	
1.0170036320e+02	1.5024218277e+02	
1.0180015626e+02	1.5987497403e+02	
1.0190020837e+02	1.6524708279e+02	
1.0200000711e+02	1.6246589616e+02	
1.0210037735e+02	1.4279781889e+02	
1.0220005274e+02	1.3837400737e+02	
1.0230013887e+02	1.4761382585e+02	
1.0240009812e+02	1.3936715823e+02	
1.0250031116e+02	9.9667328709e+01	
1.0260024839e+02	9.6630244547e+01	
1.0270011458e+02	8.9196819203e+01	
1.0280004401e+02	9.9733333255e+01	
1.0290025447e+02	1.1044615159e+02	
1.0300030957e+02	1.7555859974e+02	
1.0310028960e+02	1.3674248786e+02	
1.0320024394e+02	1.6107655822e+02	
1.0330021623e+02	1.5337745771e+02	
1.0340024360e+02	1.0604484514e+02	
1.0350041189e+02	9.9196758569e+01	
1.0360012006e+02	1.1561583540e+02	
1.0370017323e+02	1.6878795360e+02	
1.0380029265e+02	1.9933364957e+02	
1.0390008224e+02	1.9911514812e+02	
1.0400032172e+02	1.9402494700e+02	
1.0410035389e+02	1.9081539994e+02	
1.0420032222e+02	1.2093450954e+02	
1.0430012160e+02	1.5459799343e+02	
1.0440032110e+02	1.5858325674e+02	
1.0450009706e+02	1.5236130635e+02	
1.0460032690e+02	1.3655877269e+02	
1.0470015016e+02	1.1969037360e+02	
1.0480035916e+02	1.3004674597e+02	
1.0490038384e+02	1.0163733466e+02	
1.0500037280e+02	8.7736108450e+01	
1.0510008854e+02	1.1069024551e+02	
1.0520037458e+02	1.3580953840e+02	
1.0530010931e+02	1.4648938777e+02	
1.0540001169e+02	1.2003729591e+02	
1.0550019695e+02	8.6684302520e+01	
1.0560017572e+02	8.2056309453e+01	
1.0570004415e+02	1.3229186811e+02	
1.0580028834e+02	2.4364480066e+02	
1.0590025857e+02	1.7997483440e+02	
1.0600018440e+02	2.1273927024e+02	
1.0610018914e+02	1.4893342349e+02	
1.0620029038e+02	2.1016847737e+02	
1.0630016481e+02	1.8781228006e+02	
1.0640025973e+02	1.2678300107e+02	
1.0650026435e+02	1.8899729328e+02	
1.0660010027e+02	1.6068368242e+02	
1.0670000779e+02	1.1168910850e+02	
1.0680021647e+02	1.2526012220e+02	
1.0690033597e+02	1.0359648468e+02	
1.0700012572e+02	1.0841431727e+02	
1.0710036893e+02	1.2040345315e+02	
1.0720000457e+02	1.3763420513e+02	
1.0730034851e+02	1.2993180404e+02	
1.0740036092e+02	1.4283197789e+02	
1.0750014348e+02	1.4782522414e+02	
1.0760008202e+02	1.5039084865e+02	
1.0770026595e+02	1.5113109941e+02	
1.0780020265e+02	1.5490413606e+02	
1.0790037541e+02	1.5675218943e+02	
1.0800017998e+02	1.4397989113e+02	
1.0810011151e+02	1.0615551193e+02	
1.0820012261e+02	1.8199921522e+02	
1.0830004872e+02	1.9976073601e+02	
1.0840011094e+02	1.1025905856e+02	
1.0850028839e+02	1.0730874294e+02	
1.0860002154e+02	9.0392595073e+01	
1.0870010337e+02	8.9263432161e+01	
1.0880002315e+02	1.6026748100e+02	
1.0890011885e+02	1.6033190765e+02	
1.0900036689e+02	1.4404272953e+02	
1.0910037285e+02	1.1802867384e+02	
1.0920015180e+02	1.1312235180e+02	
1.0930027108e+02	1.1187556365e+02	
1.0940024123e+02	1.2072940349e+02	
1.0950007582e+02	8.3953140204e+01	
1.0960015984e+02	8.0862310440e+01	
1.0970038377e+02	8.7536977376e+01	
1.0980021632e+02	9.8498372223e+01	
1.0990030720e+02	1.0386932322e+02	
1.1000005590e+02	1.2102384426e+02	
1.1010007102e+02	9.5785445936e+01	
1.1020004835e+02	7.8351671084e+01	
1.1030017621e+02	9.5544997246e+01	
1.1040017819e+02	3.0107947978e+02	
1.1050011885e+02	2.5557089753e+02	
1.1060023067e+02	1.7850088472e+02	
1.1070027898e+02	1.5370439912e+02	
1.1080036929e+02	1.4602088308e+02	
1.1090002393e+02	1.3783241605e+02	
1.1100013937e+02	1.5979106212e+02	
1.1110001348e+02	1.8007432504e+02	
1.1120021253e+02	1.6705096161e+02	
1.1130021423e+02	1.2386778827e+02	
1.1140023125e+02	9.6312994644e+01	
1.1150016735e+02	9.3258304637e+01	
1.1160000567e+02	8.7477448507e+01	
1.1170018755e+02	7.2418191353e+01	
1.1180010916e+02	6.8419169143e+01	
1.1190016873e+02	8.4077601354e+01	
1.1200004053e+02	8.9425989246e+01	
1.1210020489e+02	9.0693593130e+01	
1.1220032917e+02	8.5268850755e+01	
1.1230024831e+02	8.6141112182e+01	
1.1240008938e+02	1.2184754939e+02	
1.1250027035e+02	1.2233912661e+02	
1.1260031954e+02	1.1015776180e+02	
1.1270008907e+02	1.2626911447e+02	
1.1280023769e+02	1.0727911156e+02	
1.1290024313e+02	1.5750344346e+02	
1.1300031832e+02	1.5593837917e+02	
1.1310001358e+02	1.4434554728e+02	
1.1320023051e+02	1.2847496458e+02	
1.1330009340e+02	1.0461933668e+02	
1.1340006787e+02	7.9545444796e+01	
1.1350020296e+02	9.1837922333e+01	
1.1360023606e+02	9.9781277533e+01	
1.1370008697e+02	9.0147889338e+01	
1.1380019549e+02	8.1558942555e+01	
1.1390005659e+02	8.0489222159e+01	
1.1400001350e+02	8.2431392479e+01	
1.1410015359e+02	6.8165239570e+01	
1.1420023049e+02	7.3244757075e+01	
1.1430014712e+02	8.4372395701e+01	
1.1440017293e+02	8.6095121912e+01	
1.1450017200e+02	8.1680482858e+01	
1.1460034739e+02	1.1427386537e+02	
1.1470025995e+02	1.2935810078e+02	
1.1480019689e+02	1.3047833761e+02	
1.1490032443e+02	1.2986035776e+02	
1.1500014443e+02	1.2190694872e+02	
1.1510010811e+02	1.0029500621e+02	
1.1520027627e+02	1.1992025410e+02	
1.1530020426e+02	9.0721396425e+01	
1.1540010638e+02	6.8094964541e+01	
1.1550012545e+02	7.8535250078e+01	
1.1560035372e+02	1.0397702742e+02	
1.1570016297e+02	1.2783929419e+02	
1.1580030085e+02	1.2432138554e+02	
1.1590032750e+02	9.0067015372e+01	
1.1600033566e+02	6.5927046479e+01	
1.1610039355e+02	8.2013599561e+01	
1.1620038664e+02	1.2031936896e+02	
1.1630001788e+02	1.2470458517e+02	
1.1640008134e+02	1.3636555637e+02	
1.1650003871e+02	1.1468039093e+02	
1.1660028049e+02	1.3687302263e+02	
1.1670003250e+02	1.5421133807e+02	
1.1680020574e+02	1.6699556592e+02	
1.1690018927e+02	1.6831915234e+02	
1.1700035953e+02	1.7664405836e+02	
1.1710005508e+02	1.5778160597e+02	
1.1720020023e+02	1.1891367788e+02	
1.1730018556e+02	1.1332538476e+02	
1.1740007816e+02	1.1615592961e+02	
1.1750024897e+02	1.1724974837e+02	
1.1760015076e+02	1.6406965405e+02	
1.1770002680e+02	2.0949834826e+02	
1.1780000919e+02	1.8700930150e+02	
1.1790030114e+02	1.9258215144e+02	
1.1800004967e+02	1.5365622922e+02	
1.1810008661e+02	1.3921648748e+02	
1.1820034076e+02	1.4119743206e+02	
1.1830006314e+02	1.0223503397e+02	
1.1840031961e+02	1.3105251664e+02	
1.1850003798e+02	1.4632908841e+02	
1.1860028607e+02	1.8542122765e+02	
1.1870033767e+02	1.6181885991e+02	
1.1880027807e+02	1.9778962057e+02	
1.1890035208e+02	1.8164553968e+02	
1.1900012754e+02	1.7336431432e+02	
1.1910009157e+02	1.7530555894e+02	
1.1920011877e+02	1.5606924143e+02	
1.1930027869e+02	1.6085939598e+02	
1.1940013036e+02	1.3068727127e+02	
1.1950039405e+02	1.0900538181e+02	
1.1960022426e+02	1.0434469311e+02	
1.1970034478e+02	1.1391458128e+02	
1.1980005953e+02	1.1754660164e+02	
1.1990010669e+02	1.1490758602e+02	
1.2000039370e+02	1.0667365579e+02	
1.2010006716e+02	8.4424545612e+01	
1.2020016321e+02	7.7482416087e+01	
1.2030016273e+02	7.6469018362e+01	
1.2040035424e+02	5.6831095237e+01	
1.2050027433e+02	6.3261029637e+01	
1.2060015587e+02	9.4951202361e+01	
1.2070032237e+02	8.8817354323e+01	
1.2080007412e+02	1.0932934354e+02	
1.2090001013e+02	1.2135180330e+02	
1.2100000482e+02	1.8280508225e+02	
1.2110040662e+02	2.6019287829e+02	
1.2120008182e+02	2.4639563830e+02	
1.2130001482e+02	1.9809326603e+02	
1.2140007890e+02	1.6564544134e+02	
1.2150026388e+02	1.5246325630e+02	
1.2160014523e+02	1.6153579908e+02	
1.2170006368e+02	1.3913095468e+02	
1.2180014543e+02	1.3045349628e+02	
1.2190041932e+02	1.2078276695e+02	
1.2200040603e+02	1.3103100078e+02	
1.2210001637e+02	1.5135606614e+02	
1.2220026339e+02	1.5866315653e+02	
1.2230020143e+02	1.6596763056e+02	
1.2240031927e+02	1.7468476503e+02	
1.2250020388e+02	1.7562628421e+02	
1.2260007418e+02	1.7517023125e+02	
1.2270007417e+02	1.7324427377e+02	
1.2280015699e+02	1.8909844639e+02	
1.2290027837e+02	2.1003203919e+02	
1.2300010420e+02	2.0006725043e+02	
1.2310011598e+02	2.3076755552e+02	
1.2320000031e+02	2.5188043726e+02	
1.2330024400e+02	2.4889625399e+02	
1.2340004871e+02	2.3635725296e+02	
1.2350025670e+02	2.0062940679e+02	
1.2360021750e+02	1.9005624610e+02	
1.2370020534e+02	1.6181266100e+02	
1.2380003160e+02	2.1862494707e+02	
1.2390031977e+02	1.9061956786e+02	
1.2400002404e+02	1.5707297679e+02	
1.2410037042e+02	1.2492688050e+02	
1.2420007507e+02	1.4551492429e+02	
1.2430013546e+02	1.1306159067e+02	
1.2440025066e+02	1.1513860814e+02	
1.2450022470e+02	2.0882921804e+02	
1.2460005837e+02	1.9636048630e+02	
1.2470026654e+02	2.0240489077e+02	
1.2480002528e+02	2.6062193733e+02	
1.2490032841e+02	3.2201085068e+02	
1.2500029775e+02	3.4405889152e+02	
1.2510007116e+02	3.0197290578e+02	
1.2520003628e+02	1.7248463531e+02	
1.2530031934e+02	1.4831866665e+02	
1.2540018612e+02	1.1537223449e+02	
1.2550016670e+02	1.0274413936e+02	
1.2560007914e+02	8.9634734325e+01	
1.2570035253e+02	8.1122444301e+01	
1.2580024995e+02	9.5683496268e+01	
1.2590006784e+02	1.1415266431e+02	
1.2600031522e+02	1.6096968292e+02	
1.2610022196e+02	1.7821456046e+02	
1.2620018069e+02	1.7948822044e+02	
1.2630014383e+02	1.7259624543e+02	
1.2640013864e+02	1.4932450858e+02	
1.2650039297e+02	1.1685168385e+02	
1.2660000352e+02	1.0405478559e+02	
1.2670004367e+02	1.1377366316e+02	
1.2680006084e+02	8.0355617443e+01	
1.2690026744e+02	9.2250090291e+01	
1.2700036357e+02	7.9225089181e+01	
1.2710027745e+02	7.5758656666e+01	
1.2720001635e+02	7.7539158240e+01	
1.2730016390e+02	8.9278433268e+01	
1.2740014671e+02	9.4111405659e+01	
1.2750008284e+02	8.7313487631e+01	
1.2760031760e+02	1.0327743405e+02	
1.2770020368e+02	1.0046714802e+02	
1.2780010056e+02	1.3263181636e+02	
1.2790027007e+02	1.2664443085e+02	
1.2800006969e+02	1.7019559453e+02	
1.2810015089e+02	1.7187970047e+02	
1.2820028633e+02	1.2909855284e+02	
1.2830028209e+02	8.3415311333e+01	
1.2840018520e+02	7.6155194271e+01	
1.2850022027e+02	7.7196782379e+01	
1.2860013260e+02	6.9355567165e+01	
1.2870041981e+02	7.0190217975e+01	
1.2880034591e+02	6.9368762389e+01	
1.2890007549e+02	6.7604742888e+01	
1.2900012321e+02	8.2956624386e+01	
1.2910036781e+02	9.6618172529e+01	
1.2920018428e+02	9.5753537273e+01	
1.2930025871e+02	8.9683119256e+01	
1.2940013407e+02	8.9200903663e+01	
1.2950027658e+02	9.2854240573e+01	
1.2960019778e+02	9.7007920398e+01	
1.2970031363e+02	1.0280201434e+02	
1.2980028179e+02	8.9931898233e+01	
1.2990018069e+02	9.2205647861e+01	
1.3000023505e+02	8.2612119842e+01	
1.3010022864e+02	6.9702610350e+01	
1.3020029334e+02	9.4716061903e+01	
1.3030019351e+02	1.2202021625e+02	
1.3040018812e+02	1.5955742738e+02	
1.3050023128e+02	1.8507135359e+02	
1.3060004885e+02	1.7451878924e+02	
1.3070010868e+02	2.2045025444e+02	
1.3080013943e+02	2.0718700093e+02	
1.3090021378e+02	2.3580445082e+02	
1.3100010967e+02	2.6430742714e+02	
1.3110025245e+02	3.2423856839e+02	
1.3120023245e+02	3.8808985717e+02	
1.3130012587e+02	4.2963442719e+02	
1.3140020687e+02	3.6515606616e+02	
1.3150029547e+02	2.9009705458e+02	
1.3160016118e+02	2.8812216589e+02	
1.3170008667e+02	2.4877394299e+02	
1.3180012023e+02	2.4633128316e+02	
1.3190010939e+02	1.6625188329e+02	
1.3200015797e+02	1.2976029297e+02	
1.3210038010e+02	1.1763172264e+02	
1.3220004445e+02	1.0968389591e+02	
1.3230011345e+02	1.1390272822e+02	
1.3240028121e+02	1.2357170854e+02	
1.3250005441e+02	1.3403122380e+02	
1.3260028366e+02	1.1380324648e+02	
1.3270028132e+02	8.6434283448e+01	
1.3280036068e+02	7.1070724357e+01	
1.3290021749e+02	6.7142215751e+01	
1.3300033490e+02	9.5505348342e+01	
1.3310002271e+02	6.4097893743e+01	
1.3320019270e+02	8.5185643503e+01	
1.3330000449e+02	9.7057631900e+01	
1.3340040302e+02	1.1323803395e+02	
1.3350009464e+02	1.2184360532e+02	
1.3360020248e+02	1.5367539476e+02	
1.3370026487e+02	1.3915721896e+02	
1.3380002656e+02	2.3736772443e+02	
1.3390032141e+02	2.9322250922e+02	
1.3400030963e+02	2.3331272886e+02	
1.3410035874e+02	2.3206206220e+02	
1.3420009460e+02	3.1377366810e+02	
1.3430036384e+02	1.8541347287e+02	
1.3440030469e+02	1.8063246032e+02	
1.3450019563e+02	1.9410835127e+02	
1.3460029739e+02	1.5380557395e+02	
1.3470019204e+02	1.3351301242e+02	
1.3480032416e+02	1.1522354517e+02	
1.3490025827e+02	1.2751506256e+02	
1.3500034390e+02	1.3064860276e+02	
1.3510016419e+02	1.2809181720e+02	
1.3520032929e+02	1.2007686864e+02	
1.3530004474e+02	1.1136788705e+02	
1.3540014802e+02	1.0710249610e+02	
1.3550027219e+02	9.9396263407e+01	
1.3560029461e+02	9.3063738423e+01	
1.3570031131e+02	8.8512070073e+01	
1.3580027008e+02	8.5612668642e+01	
1.3590020357e+02	8.6465165900e+01	
1.3600030182e+02	9.8763323611e+01	
1.3610022356e+02	1.1627795295e+02	
1.3620021847e+02	1.7110924575e+02	
1.3630017472e+02	1.9849664916e+02	
1.3640025241e+02	2.0065028151e+02	
1.3650024630e+02	1.9534960124e+02	
1.3660024487e+02	1.8379572098e+02	
1.3670003602e+02	1.3988536226e+02	
1.3680004262e+02	9.7259343700e+01	
1.3690005854e+02	1.6748991441e+02	
1.3700018614e+02	1.5600105096e+02	
1.3710028862e+02	1.2414089816e+02	
1.3720004828e+02	1.1839142728e+02	
1.3730028026e+02	1.0408968817e+02	
1.3740004983e+02	1.0494878388e+02	
1.3750011729e+02	1.2229805368e+02	
1.3760031812e+02	1.2900914460e+02	
1.3770027838e+02	1.2985860915e+02	
1.3780026571e+02	1.0833805313e+02	
1.3790025386e+02	1.0686219879e+02	
1.3800013368e+02	1.1086658217e+02	
1.3810010613e+02	1.7107594572e+02	
1.3820018239e+02	1.2190640384e+02	
1.3830006740e+02	1.2113294125e+02	
1.3840022632e+02	1.1557832923e+02	
1.3850013818e+02	1.0072999792e+02	
1.3860007035e+02	8.8968533693e+01	
1.3870021228e+02	9.9785639305e+01	
1.3880022799e+02	1.0357508971e+02	
1.3890009855e+02	9.0940849620e+01	
1.3900020471e+02	1.0007434980e+02	
1.3910019489e+02	1.5100166616e+02	
1.3920026353e+02	1.4536728387e+02	
1.3930028558e+02	1.6279500090e+02	
1.3940007233e+02	1.4801577799e+02	
1.3950012834e+02	1.2923237349e+02	
1.3960026796e+02	1.4438536512e+02	
1.3970035917e+02	1.3387854364e+02	
1.3980010103e+02	1.2120000754e+02	
1.3990002714e+02	1.1268692267e+02	
1.4000016665e+02	1.2683795084e+02	
1.4010025067e+02	1.2337367278e+02	
1.4020006851e+02	1.5071214892e+02	
1.4030016015e+02	1.8678305575e+02	
1.4040001496e+02	1.3330187375e+02	
1.4050034072e+02	1.4032094134e+02	
1.4060037269e+02	1.5078694512e+02	
1.4070004719e+02	1.6559336635e+02	
1.4080018915e+02	1.8148894444e+02	
1.4090035623e+02	1.8767990414e+02	
1.4100007532e+02	1.6930688717e+02	
1.4110037122e+02	1.8289488655e+02	
1.4120002710e+02	2.0424570851e+02	
1.4130029591e+02	2.5101988655e+02	
1.4140012115e+02	2.3434767809e+02	
1.4150032858e+02	2.6270618720e+02	
1.4160033939e+02	2.8943702563e+02	
1.4170017956e+02	2.8531851353e+02	
1.4180006306e+02	2.5230085882e+02	
1.4190011383e+02	1.8844858446e+02	
1.4200037140e+02	1.4974832013e+02	
1.4210020832e+02	1.5079405658e+02	
1.4220010805e+02	1.4156187397e+02	
1.4230027380e+02	1.4295729413e+02	
1.4240008425e+02	1.4297516165e+02	
1.4250005394e+02	1.6238054986e+02	
1.4260030741e+02	1.3511777602e+02	
1.4270003995e+02	1.4868274663e+02	
1.4280009335e+02	1.3326087747e+02	
1.4290022816e+02	1.0359996094e+02	
1.4300034802e+02	9.0258087011e+01	
1.4310016104e+02	7.1221870293e+01	
1.4320026604e+02	8.8699999188e+01	
1.4330003712e+02	1.0762291349e+02	
1.4340032690e+02	1.4156051757e+02	
1.4350004996e+02	2.1952131965e+02	
1.4360007835e+02	2.1948376002e+02	
1.4370032794e+02	1.7912591688e+02	
1.4380014325e+02	1.5249113061e+02	
1.4390032102e+02	1.4472445409e+02	
1.4400006561e+02	9.9653748227e+01	
1.4410035330e+02	1.0214017358e+02	
1.4420010294e+02	9.7351860493e+01	
1.4430019122e+02	9.2152863250e+01	
1.4440005091e+02	8.6871995543e+01	
1.4450012982e+02	9.3634509108e+01	
1.4460002500e+02	9.3821044243e+01	
1.4470008155e+02	9.0450052157e+01	
1.4480029488e+02	8.7611536292e+01	
1.4490038670e+02	7.6410677678e+01	
1.4500011041e+02	8.1076414686e+01	
1.4510019462e+02	8.3731813104e+01	
1.4520033731e+02	9.3703361588e+01	
1.4530006050e+02	1.0208579285e+02	
1.4540036736e+02	1.0048592633e+02	
1.4550031895e+02	9.1670804893e+01	
1.4560013980e+02	8.0364395048e+01	
1.4570016017e+02	8.9689973585e+01	
1.4580034193e+02	7.4643758029e+01	
1.4590022839e+02	8.1914533478e+01	
1.4600025402e+02	9.2241874305e+01	
1.4610015238e+02	7.0476553848e+01	
1.4620039614e+02	6.0150223319e+01	
1.4630007680e+02	7.2278786384e+01	
1.4640009797e+02	1.3158192242e+02	
1.4650004195e+02	1.2910524768e+02	
1.4660014843e+02	7.3742206000e+01	
1.4670027511e+02	6.0086162472e+01	
1.4680027006e+02	6.0782086174e+01	
1.4690005445e+02	6.7199512310e+01	
1.4700019488e+02	7.0484888964e+01	
1.4710025498e+02	6.9727765006e+01	
1.4720005177e+02	8.6355653788e+01	
1.4730032909e+02	8.9418963737e+01	
1.4740035385e+02	1.0502094599e+02	
1.4750024564e+02	1.3699286006e+02	
1.4760005782e+02	7.6586435113e+01	
1.4770028477e+02	8.1576804478e+01	
1.4780005447e+02	9.3555007387e+01	
1.4790012657e+02	8.6133618911e+01	
1.4800037557e+02	7.6028192843e+01	
1.4810004428e+02	7.7958960168e+01	
1.4820032475e+02	9.6556828176e+01	
1.4830011175e+02	7.9808036978e+01	
1.4840003481e+02	7.2738094786e+01	
1.4850029271e+02	7.2381055413e+01	
1.4860024914e+02	7.4376586967e+01	
1.4870035746e+02	8.2814098954e+01	
1.4880015812e+02	1.0057125534e+02	
1.4890006980e+02	1.0213555223e+02	
1.4900023059e+02	1.0788950561e+02	
1.4910036389e+02	1.0398934859e+02	
1.4920022645e+02	1.1789266838e+02	
1.4930018505e+02	1.8998767971e+02	
1.4940033127e+02	2.0530246024e+02	
1.4950037611e+02	2.1835639813e+02	
1.4960031979e+02	3.3173433005e+02	
1.4970013439e+02	3.0284268866e+02	
1.4980002066e+02	1.2575178233e+02	
1.4990025062e+02	1.0118978800e+02	
1.5000020887e+02	1.2039486108e+02	
1.5010021253e+02	1.9306941268e+02	
1.5020015555e+02	2.6555196851e+02	
1.5030029235e+02	2.4888384917e+02	
1.5040019010e+02	1.3881701588e+02	
1.5050004662e+02	1.3462690960e+02	
1.5060005591e+02	1.3911617656e+02	
1.5070010258e+02	1.1056029528e+02	
1.5080002285e+02	1.1640446609e+02	
1.5090039087e+02	1.2149203235e+02	
1.5100017500e+02	1.4889951747e+02	
1.5110021151e+02	1.6001906650e+02	
1.5120003477e+02	1.5908986458e+02	
1.5130026825e+02	1.5081716150e+02	
1.5140035735e+02	1.3567047696e+02	
1.5150032541e+02	1.2576253837e+02	
1.5160034627e+02	1.0548130194e+02	
1.5170034243e+02	1.3847971505e+02	
1.5180032317e+02	1.2964618222e+02	
1.5190000104e+02	1.4039212393e+02	
1.5200002584e+02	1.2590778224e+02	
1.5210022955e+02	1.0382336074e+02	
1.5220002136e+02	1.2412556758e+02	
1.5230026141e+02	1.1254061347e+02	
1.5240030121e+02	1.1068075895e+02	
1.5250000572e+02	1.2223579764e+02	
1.5260017960e+02	1.2865897426e+02	
1.5270009188e+02	1.2154372048e+02	
1.5280004107e+02	8.8075770678e+01	
1.5290017406e+02	6.8105259762e+01	
1.5300029364e+02	7.4097488870e+01	
1.5310009990e+02	5.6026335660e+01	
1.5320008296e+02	6.0686458720e+01	
1.5330029278e+02	6.0982262275e+01	
1.5340036945e+02	7.5641231489e+01	
1.5350020921e+02	7.2002698667e+01	
1.5360011812e+02	1.1674946644e+02	
1.5370010226e+02	1.2518774195e+02	
1.5380028784e+02	1.3774937742e+02	
1.5390013947e+02	1.2398589905e+02	
1.5400008362e+02	9.3658569318e+01	
1.5410028204e+02	8.6308833767e+01	
1.5420030035e+02	8.7392386300e+01	
1.5430030890e+02	7.7552572001e+01	
1.5440008174e+02	6.8895526693e+01	
1.5450044211e+02	7.0180280935e+01	
1.5460027418e+02	8.0815421510e+01	
1.5470034353e+02	8.8654726300e+01	
1.5480021125e+02	9.1748867362e+01	
1.5490012301e+02	1.0162531409e+02	
1.5500032718e+02	1.1554756067e+02	
1.5510035766e+02	1.8616463650e+02	
1.5520010126e+02	1.5528582081e+02	
1.5530016961e+02	1.3182733168e+02	
1.5540027251e+02	1.4677458017e+02	
1.5550021527e+02	1.7151547285e+02	
1.5560028991e+02	1.3640061509e+02	
1.5570013888e+02	1.8407824504e+02	
1.5580032125e+02	1.7396632426e+02	
1.5590040278e+02	1.1376154132e+02	
1.5600013879e+02	1.3271548891e+02	
1.5610020357e+02	1.5903026455e+02	
1.5620004773e+02	1.9338558236e+02	
1.5630001510e+02	1.7744250194e+02	
1.5640007628e+02	1.3342312574e+02	
1.5650031255e+02	1.0447853154e+02	
1.5660018355e+02	1.3481504448e+02	
1.5670020367e+02	1.0735221389e+02	
1.5680028222e+02	1.1260832382e+02	
1.5690027784e+02	1.2743665383e+02	
1.5700034681e+02	1.0821552143e+02	
1.5710011835e+02	1.2226808815e+02	
1.5720044430e+02	1.2169149591e+02	
1.5730033179e+02	8.0006581397e+01	
1.5740021306e+02	8.6139884557e+01	
1.5750000330e+02	8.7500757309e+01	
1.5760031707e+02	8.5634721842e+01	
1.5770032240e+02	7.3310032600e+01	
1.5780013137e+02	6.9796755162e+01	
1.5790009932e+02	8.8396117960e+01	
1.5800039075e+02	9.7737860445e+01	
1.5810015467e+02	2.3720525734e+02	
1.5820033832e+02	2.8308370634e+02	
1.5830009763e+02	2.9340396350e+02	
1.5840039053e+02	3.0118345021e+02	
1.5850029713e+02	3.0187738137e+02	
1.5860014485e+02	1.6770498701e+02	
1.5870018248e+02	1.4610274442e+02	
1.5880003847e+02	1.3960548482e+02	
1.5890000846e+02	1.3397610003e+02	
1.5900026119e+02	1.7853434910e+02	
1.5910003499e+02	2.2589194304e+02	
1.5920029897e+02	2.4499972425e+02	
1.5930023804e+02	2.5950731698e+02	
1.5940044669e+02	1.9280793457e+02	
1.5950014463e+02	1.7673400747e+02	
1.5960010217e+02	1.5730374691e+02	
1.5970006690e+02	1.0878722805e+02	
1.5980036781e+02	1.0605071680e+02	
1.5990032468e+02	1.0873523793e+02	
1.6000007412e+02	1.1065082247e+02	
1.6010019948e+02	1.2122783903e+02	
1.6020007078e+02	1.0028293968e+02	
1.6030020863e+02	1.3283122417e+02	
1.6040000334e+02	1.2366416891e+02	
1.6050030277e+02	7.8272967599e+01	
1.6060021823e+02	1.0260008831e+02	
1.6070036926e+02	1.2428813122e+02	
1.6080021652e+02	1.4337770516e+02	
1.6090026542e+02	1.3225526476e+02	
1.6100030433e+02	1.5512074882e+02	
1.6110003375e+02	2.5647779274e+02	
1.6120003430e+02	2.7069202115e+02	
1.6130015034e+02	2.0151088231e+02	
1.6140012697e+02	1.5716749076e+02	
1.6150001759e+02	1.3523401674e+02	
1.6160008737e+02	2.2372924235e+02	
1.6170031927e+02	2.2814698906e+02	
1.6180034138e+02	2.4744327084e+02	
1.6190029723e+02	2.4171881376e+02	
1.6200027346e+02	1.7184159701e+02	
1.6210018295e+02	2.0449040535e+02	
1.6220025050e+02	1.6219403368e+02	
1.6230024039e+02	1.3390875213e+02	
1.6240013684e+02	1.9546199169e+02	
1.6250035673e+02	2.1724129707e+02	
1.6260035357e+02	1.6546796238e+02	
1.6270016376e+02	1.7182918076e+02	
1.6280006377e+02	1.6929815320e+02	
1.6290038282e+02	1.6785207887e+02	
1.6300013176e+02	1.2099972767e+02	
1.6310025353e+02	1.2405925846e+02	
1.6320029867e+02	1.3909723756e+02	
1.6330023727e+02	1.2541281402e+02	
1.6340027993e+02	1.4851078969e+02	
1.6350019716e+02	1.5398055344e+02	
1.6360012832e+02	1.5400421714e+02	
1.6370030564e+02	1.4827915979e+02	
1.6380025780e+02	1.4475403017e+02	
1.6390045808e+02	1.4575464729e+02	
1.6400012418e+02	1.3904903993e+02	
1.6410032185e+02	1.2538203512e+02	
1.6420012953e+02	1.0942219347e+02	
1.6430021197e+02	1.4754429858e+02	
1.6440030524e+02	1.7923517304e+02	
1.6450014138e+02	1.1633606132e+02	
1.6460014155e+02	1.2336778561e+02	
1.6470027036e+02	3.1841188815e+02	
1.6480025787e+02	3.6403287064e+02	
1.6490000047e+02	2.6654619054e+02	
1.6500034508e+02	2.1150283739e+02	
1.6510003397e+02	2.3162999344e+02	
1.6520041269e+02	4.7553701326e+02	
1.6530034611e+02	2.4969186485e+02	
1.6540014823e+02	1.3357574787e+02	
1.6550038741e+02	7.4441058938e+01	
1.6560008234e+02	6.4852965706e+01	
1.6570040881e+02	6.4564245032e+01	
1.6580043011e+02	6.3121584095e+01	
1.6590005617e+02	7.1314672374e+01	
1.6600043226e+02	8.2785176952e+01	
1.6610037508e+02	9.8314150859e+01	
1.6620036069e+02	8.7969065263e+01	
1.6630026302e+02	9.1010290937e+01	
1.6640004611e+02	1.0238813931e+02	
1.6650041038e+02	1.1095263493e+02	
1.6660015193e+02	1.2013900123e+02	
1.6670015134e+02	1.4485671105e+02	
1.6680035923e+02	1.3245037177e+02	
1.6690000279e+02	1.1402312451e+02	
1.6700014403e+02	1.5293572723e+02	
1.6710028703e+02	1.6442000529e+02	
1.6720017565e+02	1.4506474614e+02	
1.6730030115e+02	1.2908941656e+02	
1.6740009715e+02	1.1110217994e+02	
1.6750039402e+02	1.0229672545e+02	
1.6760012209e+02	9.1986080868e+01	
1.6770009985e+02	1.0549028038e+02	
1.6780018922e+02	9.6838477671e+01	
1.6790000123e+02	9.1464265942e+01	
1.6800011102e+02	1.0661805178e+02	
1.6810020556e+02	1.2914393948e+02	
1.6820017344e+02	1.5246576108e+02	
1.6830004740e+02	1.4916799169e+02	
1.6840012993e+02	2.1060087563e+02	
1.6850022335e+02	2.3126664762e+02	
1.6860018431e+02	1.2045559226e+02	
1.6870016131e+02	2.0301394716e+02	
1.6880012000e+02	1.5433244245e+02	
1.6890008071e+02	1.1470411116e+02	
1.6900007159e+02	9.7418271111e+01	
1.6910037633e+02	9.5355286421e+01	
1.6920017673e+02	1.5556709164e+02	
1.6930023830e+02	1.1110974712e+02	
1.6940039619e+02	9.6273517152e+01	
1.6950039682e+02	8.2454081717e+01	
1.6960009575e+02	6.7459755588e+01	
1.6970029696e+02	7.1185116374e+01	
1.6980014865e+02	7.2557587258e+01	
1.6990015756e+02	8.5762282666e+01	
1.7000006641e+02	8.2563495524e+01	
1.7010033440e+02	9.3673424941e+01	
1.7020023789e+02	1.0237411146e+02	
1.7030027032e+02	1.2259896514e+02	
1.7040026849e+02	1.4760718513e+02	
1.7050022943e+02	1.6593080556e+02	
1.7060014065e+02	1.9657144006e+02	
1.7070005734e+02	2.2937142932e+02	
1.7080025353e+02	2.5257463993e+02	
1.7090037949e+02	2.3150803215e+02	
1.7100028291e+02	1.5537889066e+02	
1.7110026612e+02	1.7869587947e+02	
1.7120013351e+02	2.1987192131e+02	
1.7130033445e+02	1.6173756811e+02	
1.7140026192e+02	1.5332336657e+02	
1.7150021819e+02	1.7764914175e+02	
1.7160006123e+02	1.6500986328e+02	
1.7170036164e+02	2.2503020849e+02	
1.7180006481e+02	1.9807585256e+02	
1.7190030469e+02	3.4680624137e+02	
1.7200044384e+02	2.5377652851e+02	
1.7210036855e+02	2.2323883350e+02	
1.7220006573e+02	2.4202708054e+02	
1.7230005254e+02	2.5748841176e+02	
1.7240011425e+02	2.4823671132e+02	
1.7250018851e+02	1.9197027506e+02	
1.7260027362e+02	1.3341803094e+02	
1.7270013883e+02	1.0647415451e+02	
1.7280032274e+02	1.3308471572e+02	
1.7290018388e+02	1.5789499315e+02	
1.7300013291e+02	1.6695271956e+02	
1.7310016530e+02	1.5888020728e+02	
1.7320017599e+02	9.5187607877e+01	
1.7330011782e+02	8.4530023735e+01	
1.7340009210e+02	9.9983928869e+01	
1.7350038423e+02	9.8427551912e+01	
1.7360018687e+02	8.8166968639e+01	
1.7370004690e+02	7.5946603556e+01	
1.7380004358e+02	7.8773216537e+01	
1.7390013675e+02	1.4476096344e+02	
1.7400022169e+02	1.9575698672e+02	
1.7410000692e+02	3.0950457136e+02	
1.7420019026e+02	2.1347731941e+02	
1.7430023620e+02	2.3184487416e+02	
1.7440030367e+02	3.4920298877e+02	
1.7450039388e+02	2.9995789184e+02	
1.7460013776e+02	2.7660523985e+02	
1.7470032874e+02	2.4894968593e+02	
1.7480027314e+02	1.9245285884e+02	
1.7490039526e+02	1.5377755412e+02	
1.7500005411e+02	1.5672776274e+02	
1.7510001544e+02	1.6076223875e+02	
1.7520034098e+02	1.5559319843e+02	
1.7530026309e+02	1.6149059399e+02	
1.7540018538e+02	1.7962687220e+02	
1.7550039792e+02	1.7493652605e+02	
1.7560017116e+02	1.6963069140e+02	
1.7570026854e+02	1.6468173418e+02	
1.7580044747e+02	1.7398592207e+02	
1.7590041889e+02	1.8198336846e+02	
1.7600027646e+02	1.7611477252e+02	
1.7610008081e+02	1.6311491292e+02	
1.7620034755e+02	1.3576481300e+02	
1.7630013951e+02	1.3644578466e+02	
1.7640036352e+02	1.4136831307e+02	
1.7650031026e+02	1.4666456040e+02	
1.7660004727e+02	1.4958021889e+02	
1.7670025169e+02	1.4873779552e+02	
1.7680022448e+02	1.4084854689e+02	
1.7690029302e+02	1.2894921071e+02	
1.7700017473e+02	9.1683858372e+01	
1.7710022752e+02	8.5050764896e+01	
1.7720033873e+02	9.9055062939e+01	
1.7730007561e+02	9.9204642318e+01	
1.7740030796e+02	1.1607064771e+02	
1.7750000766e+02	1.3194693464e+02	
1.7760001651e+02	1.2360635895e+02	
1.7770012556e+02	9.3305962399e+01	
1.7780005410e+02	1.3818274537e+02	
1.7790016814e+02	1.2678457173e+02	
1.7800028832e+02	1.1385182500e+02	
1.7810032881e+02	1.0546521183e+02	
1.7820010756e+02	1.2489657141e+02	
1.7830007386e+02	1.3068636421e+02	
1.7840006491e+02	1.1669924907e+02	
1.7850002574e+02	9.1202356860e+01	
1.7860004504e+02	7.7528949095e+01	
1.7870002598e+02	6.5567980040e+01	
1.7880011305e+02	7.2518746428e+01	
1.7890014661e+02	7.9527319591e+01	
1.7900023189e+02	1.0581368682e+02	
1.7910027304e+02	1.1945806578e+02	
1.7920003295e+02	1.1140441029e+02	
1.7930016245e+02	9.1565250029e+01	
1.7940024621e+02	9.0376204069e+01	
1.7950028702e+02	8.1083595605e+01	
1.7960019957e+02	9.0185681303e+01	
1.7970023065e+02	9.7862175765e+01	
1.7980033085e+02	1.0194277093e+02	
1.7990009793e+02	1.0895853106e+02	
1.8000028839e+02	1.0323377414e+02	
1.8010012584e+02	1.0454761130e+02	
1.8020024675e+02	1.2851566485e+02	
1.8030014807e+02	1.8775241052e+02	
1.8040024757e+02	1.3226468186e+02	
1.8050019988e+02	1.8309120158e+02	
1.8060032074e+02	2.0497692467e+02	
1.8070028092e+02	1.0784854761e+02	
1.8080021399e+02	1.0706226511e+02	
1.8090016076e+02	1.2434768331e+02	
1.8100002294e+02	1.1013876939e+02	
1.8110029360e+02	1.7829771863e+02	
1.8120029100e+02	1.6482338230e+02	
1.8130001518e+02	1.5387003960e+02	
1.8140031743e+02	1.4573383836e+02	
1.8150015687e+02	1.2127940782e+02	
1.8160016188e+02	1.4783161760e+02	
1.8170022166e+02	1.5444613885e+02	
1.8180020698e+02	1.3962177180e+02	
1.8190014683e+02	9.1789719130e+01	
1.8200043180e+02	7.8435008952e+01	
1.8210004706e+02	7.8198258046e+01	
1.8220033839e+02	6.5916418003e+01	
1.8230006242e+02	8.6160738178e+01	
1.8240020196e+02	9.3539801556e+01	
1.8250013618e+02	8.2593463455e+01	
1.8260002124e+02	1.1153442858e+02	
1.8270018898e+02	1.1331354236e+02	
1.8280033804e+02	8.6862631466e+01	
1.8290031138e+02	9.0603608180e+01	
1.8300037724e+02	8.8238621919e+01	
1.8310014129e+02	7.9866370612e+01	
1.8320028405e+02	8.1201990960e+01	
1.8330027796e+02	9.0598381652e+01	
1.8340010622e+02	1.1104057319e+02	
1.8350026535e+02	1.2343507258e+02	
1.8360028933e+02	2.2510881114e+02	
1.8370034258e+02	1.6808792728e+02	
1.8380034920e+02	1.2044738386e+02	
1.8390038163e+02	9.1701976579e+01	
1.8400001186e+02	9.5818304966e+01	
1.8410018695e+02	7.6326567923e+01	
1.8420007994e+02	9.8563242263e+01	
1.8430012646e+02	9.6899158014e+01	
1.8440019643e+02	8.7739098946e+01	
1.8450040053e+02	7.9833486856e+01	
1.8460021060e+02	7.8924685743e+01	
1.8470005520e+02	8.7186964371e+01	
1.8480029008e+02	1.2410894846e+02	
1.8490014800e+02	9.6110468232e+01	
1.8500035152e+02	9.4440694001e+01	
1.8510004673e+02	8.9036406726e+01	
1.8520024149e+02	9.1420100003e+01	
1.8530008590e+02	8.1823859991e+01	
1.8540033298e+02	7.4607984547e+01	
1.8550027308e+02	8.1095407529e+01	
1.8560042127e+02	1.1457346976e+02	
1.8570005866e+02	1.4325780513e+02	
1.8580014642e+02	1.4440967245e+02	
1.8590011682e+02	9.9544845204e+01	
1.8600002825e+02	6.8708163555e+01	
1.8610018648e+02	8.2106161945e+01	
1.8620031990e+02	1.1012950209e+02	
1.8630002003e+02	9.6048150120e+01	
1.8640022796e+02	1.8605356352e+02	
1.8650015737e+02	1.5683189417e+02	
1.8660021639e+02	1.1874597957e+02	
1.8670001933e+02	1.8327422231e+02	
1.8680015712e+02	1.9078021885e+02	
1.8690030137e+02	1.6609210345e+02	
1.8700017561e+02	1.4180821192e+02	
1.8710027136e+02	9.3463024786e+01	
1.8720012080e+02	7.5542017144e+01	
1.8730000202e+02	8.8891391149e+01	
1.8740003456e+02	9.4637295991e+01	
1.8750006107e+02	8.6284758029e+01	
1.8760003372e+02	7.9718614525e+01	
1.8770024324e+02	7.4709761165e+01	
1.8780012697e+02	7.3115828238e+01	
1.8790019996e+02	7.7639220964e+01	
1.8800035590e+02	6.2559891547e+01	
1.8810007640e+02	6.3709417489e+01	
1.8820022403e+02	6.3566233349e+01	
1.8830023265e+02	8.3542024588e+01	
1.8840002055e+02	1.0070755350e+02	
1.8850011866e+02	1.0391384710e+02	
1.8860033995e+02	1.0618747545e+02	
1.8870024336e+02	1.0659832191e+02	
1.8880003819e+02	6.3724251568e+01	
1.8890032164e+02	4.4563970940e+01	
1.8900019670e+02	5.3682492994e+01	
1.8910024247e+02	4.4505997482e+01	
1.8920039050e+02	4.5536302541e+01	
1.8930020769e+02	7.4423010255e+01	
1.8940030087e+02	8.1091589726e+01	
1.8950037581e+02	7.3570148602e+01	
1.8960016491e+02	1.1107660746e+02	
1.8970014158e+02	1.0625654217e+02	
1.8980009319e+02	9.3272039646e+01	
1.8990030928e+02	9.8139467808e+01	
1.9000022559e+02	1.3035587844e+02	
1.9010019173e+02	1.0591830645e+02	
1.9020032758e+02	1.5664814982e+02	
1.9030032392e+02	1.7438246252e+02	
1.9040020656e+02	1.9315103827e+02	
1.9050024215e+02	1.9492161559e+02	
1.9060010351e+02	1.5325486919e+02	
1.9070018366e+02	1.1499911731e+02	
1.9080028205e+02	1.5778151446e+02	
1.9090027228e+02	1.7769487299e+02	
1.9100040318e+02	1.8194588248e+02	
1.9110013998e+02	1.7344445746e+02	
1.9120039433e+02	1.1698612150e+02	
1.9130022967e+02	9.6991522511e+01	
1.9140036145e+02	1.1842626130e+02	
1.9150004375e+02	8.7778852879e+01	
1.9160019552e+02	7.9785198014e+01	
1.9170001755e+02	1.1036091203e+02	
1.9180003157e+02	1.4244198080e+02	
1.9190028592e+02	1.6542553888e+02	
1.9200016890e+02	1.4302381347e+02	
1.9210019813e+02	1.3280064179e+02	
1.9220041394e+02	1.0866938528e+02	
1.9230021788e+02	1.0242783039e+02	
1.9240004316e+02	9.9434289056e+01	
1.9250027999e+02	1.0160901804e+02	
1.9260007481e+02	1.1610847954e+02	
1.9270012449e+02	1.6249243459e+02	
1.9280026494e+02	1.7617409542e+02	
1.9290004391e+02	1.7305946549e+02	
1.9300021123e+02	1.6304669803e+02	
1.9310026253e+02	1.6366513948e+02	
1.9320017049e+02	1.7075122458e+02	
1.9330010994e+02	1.6742542735e+02	
1.9340012799e+02	1.6072862234e+02	
1.9350003346e+02	1.8465489493e+02	
1.9360033966e+02	1.6717143327e+02	
1.9370009072e+02	1.6375106524e+02	
1.9380026465e+02	1.5609326423e+02	
1.9390015752e+02	1.5409288189e+02	
1.9400019374e+02	1.5660086952e+02	
1.9410019611e+02	1.5523619771e+02	
1.9420029106e+02	1.5433874715e+02	
1.9430005862e+02	1.5044958146e+02	
1.9440018264e+02	2.0220582946e+02	
1.9450000154e+02	2.6784473422e+02	
1.9460019838e+02	2.6882027146e+02	
1.9470008664e+02	2.6329182460e+02	
1.9480042016e+02	2.5616081476e+02	
1.9490019967e+02	2.1905817065e+02	
1.9500014326e+02	1.1614201775e+02	
1.9510003487e+02	1.0144829300e+02	
1.9520011346e+02	8.4120791378e+01	
1.9530017464e+02	7.2812043002e+01	
1.9540000824e+02	6.2353076574e+01	
1.9550002391e+02	5.7839418553e+01	
1.9560024581e+02	5.8637467038e+01	
1.9570015216e+02	6.9278908667e+01	
1.9580007119e+02	7.0789954549e+01	
1.9590037688e+02	7.4507345631e+01	
1.9600004040e+02	1.1489549417e+02	
1.9610026988e+02	1.8439703564e+02	
1.9620007273e+02	1.9055707944e+02	
1.9630027793e+02	3.0123705338e+02	
1.9640025351e+02	3.2411197526e+02	
1.9650024415e+02	2.2960908244e+02	
1.9660015093e+02	2.0377135275e+02	
1.9670027799e+02	1.9415315708e+02	
1.9680028603e+02	1.5731159812e+02	
1.9690012584e+02	1.5880235785e+02	
1.9700029391e+02	1.7431920913e+02	
1.9710035088e+02	1.8378374892e+02	
1.9720006417e+02	1.9170716759e+02	
1.9730035167e+02	1.7168394681e+02	
1.9740013378e+02	1.5906391457e+02	
1.9750004308e+02	1.2219016842e+02	
1.9760017040e+02	1.3303070404e+02	
1.9770021100e+02	1.3788322145e+02	
1.9780004414e+02	1.3648271503e+02	
1.9790010759e+02	1.2541235868e+02	
1.9800036711e+02	1.5119736001e+02	
1.9810007372e+02	1.4367591745e+02	
1.9820022001e+02	1.2100645092e+02	
1.9830009021e+02	1.4088862196e+02	
1.9840007739e+02	1.3876581886e+02	
1.9850010543e+02	1.3554889765e+02	
1.9860028629e+02	1.4472441609e+02	
1.9870031165e+02	1.9437032736e+02	
1.9880032678e+02	1.8305097726e+02	
1.9890029464e+02	1.6774929208e+02	
1.9900008824e+02	1.6229318478e+02	
1.9910018466e+02	1.8657684719e+02	
1.9920008867e+02	2.0464626618e+02	
1.9930035221e+02	1.9588515998e+02	
1.9940014616e+02	1.9208268222e+02	
1.9950033505e+02	1.7089975966e+02	
1.9960028673e+02	1.3799414314e+02	
1.9970033234e+02	1.4307623474e+02	
1.9980005994e+02	1.3698833952e+02	
1.9990003740e+02	1.2209257215e+02	
2.0000006451e+02	1.4408887976e+02	
2.0010027318e+02	1.2638004888e+02	
2.0020037250e+02	1.5912098027e+02	
2.0030022450e+02	2.3163486476e+02	
2.0040027163e+02	2.6916681417e+02	
2.0050024068e+02	2.6708915528e+02	
2.0060028557e+02	2.4682915812e+02	
2.0070026553e+02	1.4611585585e+02	
2.0080040456e+02	1.1610436857e+02	
2.0090031860e+02	1.0323299684e+02	
2.0100036032e+02	1.1436921336e+02	
2.0110007346e+02	1.3915811227e+02	
2.0120034701e+02	1.8890886868e+02	
2.0130010723e+02	2.5700038977e+02	
2.0140021330e+02	2.0963097604e+02	
2.0150014035e+02	1.7125980196e+02	
2.0160017682e+02	1.3437845996e+02	
2.0170034922e+02	1.1977573802e+02	
2.0180007311e+02	1.4976032559e+02	
2.0190017137e+02	1.4488240762e+02	
2.0200014721e+02	1.2857943365e+02	
2.0210023130e+02	1.1604895061e+02	
2.0220021828e+02	1.0538388754e+02	
2.0230007714e+02	1.1107020718e+02	
2.0240030292e+02	1.2950365797e+02	
2.0250009785e+02	1.4091127199e+02	
2.0260024673e+02	1.3498005314e+02	
2.0270020925e+02	1.3269225745e+02	
2.0280006194e+02	1.1918441265e+02	
2.0290018564e+02	1.4895157486e+02	
2.0300000772e+02	1.0757158649e+02	
2.0310027044e+02	1.4778329405e+02	
2.0320017473e+02	1.0024056904e+02	
2.0330036848e+02	1.8808015002e+02	
2.0340019484e+02	2.3272508631e+02	
2.0350020661e+02	2.0711304047e+02	
2.0360035385e+02	2.1518868743e+02	
2.0370020618e+02	1.6126386459e+02	
2.0380013375e+02	1.2326450162e+02	
2.0390000976e+02	1.3895126225e+02	
2.0400013590e+02	1.3745381643e+02	
2.0410030116e+02	1.3798089648e+02	
2.0420000197e+02	1.6113266904e+02	
2.0430008054e+02	1.6506799392e+02	
2.0440006858e+02	1.6183965056e+02	
2.0450009134e+02	1.5636111791e+02	
2.0460006140e+02	1.4474675076e+02	
2.0470008159e+02	1.3255059119e+02	
2.0480017833e+02	1.2312728942e+02	
2.0490024101e+02	1.2049689049e+02	
2.0500025676e+02	1.2222038632e+02	
2.0510008502e+02	1.1499332150e+02	
2.0520010725e+02	1.0274129714e+02	
2.0530011137e+02	1.7017328341e+02	
2.0540021019e+02	1.6166989185e+02	
2.0550014284e+02	1.0399408205e+02	
2.0560023270e+02	1.2563923548e+02	
2.0570026473e+02	1.4191795187e+02	
2.0580006502e+02	1.4688787961e+02	
2.0590016221e+02	1.3822290981e+02	
2.0600028340e+02	1.3801367416e+02	
2.0610005601e+02	1.3370339017e+02	
2.0620002410e+02	1.0321232059e+02	
2.0630009904e+02	1.2485793800e+02	
2.0640017701e+02	1.2206298774e+02	
2.0650021437e+02	1.0807072599e+02	
2.0660009011e+02	9.8096023921e+01	
2.0670034962e+02	9.7846473983e+01	
2.0680034205e+02	1.6948741758e+02	
2.0690015235e+02	2.2248090148e+02	
2.0700003919e+02	1.7960233188e+02	
2.0710034903e+02	1.4369937052e+02	
2.0720007878e+02	1.1535246067e+02	
2.0730035526e+02	9.3910961341e+01	
2.0740020147e+02	7.7700962811e+01	
2.0750035820e+02	6.5377593970e+01	
2.0760011351e+02	6.1986911230e+01	
2.0770039447e+02	5.8334893501e+01	
2.0780015159e+02	6.5010170414e+01	
2.0790042297e+02	7.2145808891e+01	
2.0800041892e+02	6.7020469394e+01	
2.0810012012e+02	8.1964034818e+01	
2.0820021124e+02	1.5443510642e+02	
2.0830016609e+02	1.5428983044e+02	
2.0840034320e+02	9.8187658891e+01	
2.0850002493e+02	9.1457063351e+01	
2.0860039040e+02	9.9568487943e+01	
2.0870017930e+02	1.3985237651e+02	
2.0880011844e+02	1.3934779173e+02	
2.0890003212e+02	1.6059748230e+02	
2.0900006728e+02	1.6077495794e+02	
2.0910000328e+02	7.8290403725e+01	
2.0920037365e+02	8.2537275051e+01	
2.0930003785e+02	7.4562030525e+01	
2.0940016910e+02	6.5283923916e+01	
2.0950005942e+02	6.2833308939e+01	
2.0960024129e+02	6.2865054061e+01	
2.0970019501e+02	7.8607408324e+01	
2.0980036732e+02	8.1211082137e+01	
2.0990003726e+02	1.2587088874e+02	
2.1000021582e+02	1.3493514677e+02	
2.1010039693e+02	1.1996928887e+02	
2.1020007261e+02	1.3675019186e+02	
2.1030018146e+02	1.5727585546e+02	
2.1040029505e+02	1.8377595854e+02	
2.1050010624e+02	1.8853048763e+02	
2.1060033060e+02	2.1178670613e+02	
2.1070004886e+02	1.0979089213e+02	
2.1080042556e+02	9.2364375634e+01	
2.1090018236e+02	9.0001995438e+01	
2.1100015108e+02	8.9048918199e+01	
2.1110034918e+02	7.1866878908e+01	
2.1120024901e+02	7.7237855088e+01	
2.1130026999e+02	9.5393499407e+01	
2.1140033180e+02	8.9742409767e+01	
2.1150023915e+02	8.5346319012e+01	
2.1160003138e+02	1.2295502651e+02	
2.1170039789e+02	6.9009376169e+01	
2.1180039429e+02	9.9453467167e+01	
2.1190021473e+02	9.7745866134e+01	
2.1200013604e+02	1.2220478931e+02	
2.1210015682e+02	1.1907476060e+02	
2.1220037461e+02	1.6477870430e+02	
2.1230001402e+02	1.9046204040e+02	
2.1240011113e+02	1.8567968388e+02	
2.1250039520e+02	1.7769391253e+02	
2.1260038669e+02	1.6000408424e+02	
2.1270032036e+02	1.2419380645e+02	
2.1280026054e+02	1.1050919758e+02	
2.1290035999e+02	1.5654402159e+02	
2.1300025502e+02	2.3241966166e+02	
2.1310037680e+02	1.9193986693e+02	
2.1320002524e+02	1.7079054269e+02	
2.1330036264e+02	1.8134771401e+02	
2.1340017246e+02	1.7687431067e+02	
2.1350003798e+02	1.6441721794e+02	
2.1360003637e+02	1.5042452233e+02	
2.1370033731e+02	1.3261750756e+02	
2.1380011542e+02	1.0785071251e+02	
2.1390026076e+02	8.3623757344e+01	
2.1400019639e+02	8.1174903592e+01	
2.1410029946e+02	8.2047727824e+01	
2.1420000227e+02	8.6931205022e+01	
2.1430028162e+02	1.0962036338e+02	
2.1440029609e+02	1.7276107164e+02	
2.1450016180e+02	1.3765936687e+02	
2.1460025690e+02	1.2129594206e+02	
2.1470021992e+02	1.0065621756e+02	
2.1480006235e+02	1.1234603270e+02	
2.1490006912e+02	1.1472086109e+02	
2.1500037088e+02	1.1464868447e+02	
2.1510035036e+02	1.1674129055e+02	
2.1520018233e+02	1.2098061963e+02	
2.1530020427e+02	1.2259709744e+02	
2.1540031893e+02	1.2716089863e+02	
2.1550014754e+02	1.2274493268e+02	
2.1560009501e+02	1.1530281536e+02	
2.1570022063e+02	1.7845854061e+02	
2.1580004339e+02	1.5909942466e+02	
2.1590020378e+02	1.8411885595e+02	
2.1600038623e+02	1.4672613302e+02	
2.1610011066e+02	1.2025538736e+02	
2.1620028351e+02	1.2446478988e+02	
2.1630038939e+02	1.0710428771e+02	
2.1640040239e+02	1.2101634189e+02	
2.1650030941e+02	1.1606719517e+02	
2.1660030680e+02	1.0736470470e+02	
2.1670021184e+02	1.2838413177e+02	
2.1680000256e+02	1.3515782800e+02	
2.1690025177e+02	1.3535042210e+02	
2.1700019372e+02	1.2377513110e+02	
2.1710000175e+02	8.7075248213e+01	
2.1720018677e+02	6.9264087200e+01	
2.1730028953e+02	7.3929059649e+01	
2.1740019082e+02	7.6825170593e+01	
2.1750011712e+02	7.6651237077e+01	
2.1760000582e+02	7.0284896740e+01	
2.1770003286e+02	8.0664895730e+01	
2.1780012300e+02	1.0011910320e+02	
2.1790008974e+02	1.2011993408e+02	
2.1800013714e+02	1.1955707186e+02	
2.1810018691e+02	1.2743961142e+02	
2.1820004737e+02	1.4007382753e+02	
2.1830019915e+02	1.5019659813e+02	
2.1840003263e+02	1.7173810030e+02	
2.1850036546e+02	2.3263414733e+02	
2.1860025081e+02	2.0408302565e+02	
2.1870039756e+02	1.6376951099e+02	
2.1880039547e+02	1.4911586389e+02	
2.1890006018e+02	1.7277947734e+02	
2.1900029685e+02	2.3828111339e+02	
2.1910041632e+02	3.7372591065e+02	
2.1920045191e+02	2.5302122935e+02	
2.1930043972e+02	2.5110707474e+02	
2.1940018890e+02	3.3725697946e+02	
2.1950034394e+02	2.8243914232e+02	
2.1960010880e+02	2.7500654696e+02	
2.1970027107e+02	3.1887755753e+02	
2.1980033316e+02	3.0327853856e+02	
2.1990031865e+02	2.4503830391e+02	
2.2000001390e+02	1.1506428071e+02	
2.2010020126e+02	9.2592151054e+01	
2.2020045382e+02	8.1351615025e+01	
2.2030015172e+02	6.4523402364e+01	
2.2040008658e+02	5.7635248563e+01	
2.2050036493e+02	5.1585928613e+01	
2.2060019343e+02	5.8698517858e+01	
2.2070036847e+02	7.0684605981e+01	
2.2080028262e+02	7.5003015479e+01	
2.2090036950e+02	8.2888440939e+01	
2.2100011037e+02	9.2078140306e+01	
2.2110020354e+02	1.0256844636e+02	
2.2120019242e+02	1.0979675465e+02	
2.2130019108e+02	1.0812740186e+02	
2.2140000683e+02	1.0627672004e+02	
2.2150027730e+02	8.5672610019e+01	
2.2160021472e+02	2.4266731369e+02	
2.2170035959e+02	1.7504359937e+02	
2.2180034442e+02	1.6029525056e+02	
2.2190009870e+02	1.3436958261e+02	
2.2200020301e+02	1.4982680005e+02	
2.2210026099e+02	1.3541772788e+02	
2.2220015368e+02	1.2282181067e+02	
2.2230013034e+02	1.0739109659e+02	
2.2240011876e+02	1.2033736156e+02	
2.2250016163e+02	1.4235034850e+02	
2.2260031398e+02	1.5515157653e+02	
2.2270016055e+02	1.4561072812e+02	
2.2280026894e+02	1.2228852728e+02	
2.2290008083e+02	1.2495569238e+02	
2.2300031047e+02	1.6290714181e+02	
2.2310044361e+02	1.3193012277e+02	
2.2320006447e+02	1.2238236401e+02	
2.2330033287e+02	1.2595669714e+02	
2.2340016190e+02	1.2067519761e+02	
2.2350002637e+02	1.1238857799e+02	
2.2360031423e+02	1.0078049144e+02	
2.2370004153e+02	8.4917184706e+01	
2.2380016752e+02	9.3265047733e+01	
2.2390005673e+02	1.4242139172e+02	
2.2400037843e+02	1.9826659470e+02	
2.2410010030e+02	2.1362793060e+02	
2.2420006563e+02	1.8138883548e+02	
2.2430018627e+02	1.5859688004e+02	
2.2440031504e+02	2.1674172896e+02	
2.2450011196e+02	1.7977322879e+02	
2.2460035103e+02	3.3076475478e+02	
2.2470008442e+02	3.0966035342e+02	
2.2480028716e+02	2.5852555959e+02	
2.2490036806e+02	3.4128014942e+02	
2.2500012546e+02	3.2354467865e+02	
2.2510013141e+02	1.9877542242e+02	
2.2520002429e+02	1.6378937873e+02	
2.2530009907e+02	1.4263637657e+02	
2.2540007899e+02	1.7965523562e+02	
2.2550026666e+02	1.7851046889e+02	
2.2560009835e+02	1.7397800699e+02	
2.2570007871e+02	1.5699752209e+02	
2.2580034856e+02	1.5770482913e+02	
2.2590035027e+02	1.1902080713e+02	
2.2600004237e+02	9.9087648102e+01	
2.2610031716e+02	9.1467136678e+01	
2.2620013968e+02	1.0785955693e+02	
2.2630003167e+02	1.1661509007e+02	
2.2640018784e+02	1.1677988752e+02	
2.2650012651e+02	1.2455063043e+02	
2.2660006417e+02	1.2317377725e+02	
2.2670034286e+02	1.0643597102e+02	
2.2680037426e+02	9.3361827696e+01	
2.2690015861e+02	1.0485067918e+02	
2.2700030224e+02	1.0473451805e+02	
2.2710012787e+02	9.8079091095e+01	
2.2720000086e+02	8.2364411402e+01	
2.2730026561e+02	6.6782927373e+01	
2.2740003573e+02	5.4371374308e+01	
2.2750021104e+02	8.1822462988e+01	
2.2760025052e+02	1.0327260230e+02	
2.2770003590e+02	8.9832684750e+01	
2.2780018384e+02	7.6486115865e+01	
2.2790028803e+02	9.5542555909e+01	
2.2800021596e+02	9.4845164861e+01	
2.2810014087e+02	9.7124562131e+01	
2.2820018052e+02	1.0524041309e+02	
2.2830008737e+02	1.1877003133e+02	
2.2840040304e+02	1.2178113063e+02	
2.2850001620e+02	8.9649262655e+01	
2.2860017276e+02	8.4818897959e+01	
2.2870045789e+02	8.2706953342e+01	
2.2880034953e+02	8.2127789178e+01	
2.2890035890e+02	8.1195081972e+01	
2.2900035708e+02	1.1853029356e+02	
2.2910003797e+02	1.4187700545e+02	
2.2920031960e+02	9.6722917674e+01	
2.2930024907e+02	1.1672091379e+02	
2.2940020647e+02	1.3288682793e+02	
2.2950022775e+02	1.3523930578e+02	
2.2960009548e+02	1.2031632360e+02	
2.2970004629e+02	1.0731240320e+02	
2.2980004103e+02	8.2138974356e+01	
2.2990021682e+02	8.2425689518e+01	
2.3000026030e+02	1.0292316559e+02	
2.3010035014e+02	9.1984861898e+01	
2.3020003633e+02	1.0247822584e+02	
2.3030016547e+02	1.0768698778e+02	
2.3040035438e+02	1.4868916613e+02	
2.3050010672e+02	1.6304918460e+02	
2.3060022924e+02	1.5024568284e+02	
2.3070011111e+02	9.1277518211e+01	
2.3080006404e+02	8.1577487080e+01	
2.3090008927e+02	1.1737428937e+02	
2.3100034094e+02	1.1707819865e+02	
2.3110017151e+02	1.1716518964e+02	
2.3120006325e+02	1.1347240315e+02	
2.3130014668e+02	1.1847840617e+02	
2.3140029986e+02	1.1139041091e+02	
2.3150028835e+02	1.0921168359e+02	
2.3160024822e+02	1.2374391632e+02	
2.3170010786e+02	1.1451062822e+02	
2.3180018761e+02	1.2318769286e+02	
2.3190013519e+02	1.1663741187e+02	
2.3200023241e+02	1.0272439544e+02	
2.3210028914e+02	9.0590960160e+01	
2.3220034903e+02	1.2200208188e+02	
2.3230012871e+02	9.2704323257e+01	
2.3240009025e+02	7.8924552126e+01	
2.3250003775e+02	1.1540694328e+02	
2.3260023138e+02	1.1548515033e+02	
2.3270015013e+02	1.0554894377e+02	
2.3280029792e+02	9.7104395915e+01	
2.3290021279e+02	1.2262837544e+02	
2.3300036969e+02	1.4116427452e+02	
2.3310000581e+02	1.4325769280e+02	
2.3320017724e+02	1.4224796195e+02	
2.3330028156e+02	1.4280186947e+02	
2.3210028914e+02	9.0590960160e+01	
2.3220034903e+02	1.2200208188e+02	
2.3230012871e+02	9.2704323257e+01	
2.3240009025e+02	7.8924552126e+01	
2.3250003775e+02	1.1540694328e+02	
2.3260023138e+02	1.1548515033e+02	
2.3270015013e+02	1.0554894377e+02	
2.3280029792e+02	9.7104395915e+01	
2.3290021279e+02	1.2262837544e+02	
2.3300036969e+02	1.4116427452e+02	
2.3310000581e+02	1.4325769280e+02	
2.3320017724e+02	1.4224796195e+02	
2.3330028156e+02	1.4280186947e+02	
2.3340029968e+02	1.4277517897e+02	
2.3350016032e+02	1.4281050123e+02	
2.3360015028e+02	1.3218096160e+02	
2.3370014100e+02	1.0379689094e+02	
2.3380019787e+02	8.5986427733e+01	
2.3390003694e+02	8.2247869195e+01	
2.3400035100e+02	8.5094761960e+01	
2.3410007672e+02	1.1134434294e+02	
2.3420003906e+02	1.8826658930e+02	
2.3430020133e+02	2.5995509885e+02	
2.3440019931e+02	2.4310443199e+02	
2.3450024521e+02	2.1248035526e+02	
2.3460000134e+02	2.6048128452e+02	
2.3470036231e+02	2.2392875884e+02	
2.3480026704e+02	1.6994519759e+02	
2.3490005489e+02	1.4780527322e+02	
2.3500001455e+02	1.3490752797e+02	
2.3510016423e+02	1.1888189861e+02	
2.3520030415e+02	1.0935261759e+02	
2.3530044066e+02	9.1040599015e+01	
2.3540030771e+02	8.2135893303e+01	
2.3550001841e+02	8.3777622355e+01	
2.3560023511e+02	9.9259042058e+01	
2.3570002568e+02	9.4121193415e+01	
2.3580009359e+02	9.4189802476e+01	
2.3590015941e+02	1.1058435647e+02	
2.3600033664e+02	9.3233008630e+01	
2.3610021283e+02	7.8916289515e+01	
2.3620007191e+02	6.7116450426e+01	
2.3630034110e+02	8.1947513799e+01	
2.3640026210e+02	9.8862630725e+01	
2.3650000798e+02	1.2871956215e+02	
2.3660018576e+02	1.3450254453e+02	
2.3670003269e+02	1.4715477652e+02	
2.3680024425e+02	1.3563121321e+02	
2.3690035562e+02	1.5556350824e+02	
2.3700006730e+02	1.2668140832e+02	
2.3710010818e+02	1.2856427669e+02	
2.3720023374e+02	1.3089261860e+02	
2.3730012887e+02	1.2289057400e+02	
2.3740009783e+02	1.0877421104e+02	
2.3750023833e+02	1.3266215457e+02	
2.3760036368e+02	1.6144632915e+02	
2.3770002858e+02	2.3272573774e+02	
2.3780020039e+02	2.2472691939e+02	
2.3790009199e+02	1.4000997899e+02	
2.3800020149e+02	1.2124627993e+02	
2.3810003542e+02	1.0661211376e+02	
2.3820028223e+02	9.9882724346e+01	
2.3830025098e+02	1.2569145990e+02	
2.3840008454e+02	1.1544788869e+02	
2.3850038910e+02	1.0005243716e+02	
2.3860040191e+02	1.0655576879e+02	
2.3870018970e+02	1.1155915311e+02	
2.3880001663e+02	8.9915968877e+01	
2.3890023250e+02	8.2187097126e+01	
2.3900019767e+02	7.3567447498e+01	
2.3910005091e+02	6.2346687561e+01	
2.3920035450e+02	6.3625768384e+01	
2.3930037876e+02	7.1284494582e+01	
2.3940004485e+02	7.5572213507e+01	
2.3950001240e+02	1.0673638847e+02	
2.3960013050e+02	9.3307619107e+01	
2.3970005489e+02	1.0453359612e+02	
2.3980007620e+02	1.2775484218e+02	
2.3990016798e+02	8.7890780395e+01	
2.4000008133e+02	8.5967522056e+01	
2.4010027198e+02	9.9231576218e+01	
2.4020029197e+02	8.7442206676e+01	
2.4030015071e+02	1.1506163224e+02	
2.4040032205e+02	1.4455255330e+02	
2.4050011801e+02	1.4944306410e+02	
2.4060024394e+02	1.2817179827e+02	
2.4070027066e+02	1.5134675956e+02	
2.4080027107e+02	1.6444637861e+02	
2.4090032394e+02	1.7157033449e+02	
2.4100007575e+02	1.7654584855e+02	
2.4110007498e+02	1.7906000409e+02	
2.4120020168e+02	1.7756013661e+02	
2.4130002745e+02	1.6758908431e+02	
2.4140024242e+02	1.0836674884e+02	
2.4150026810e+02	1.0720813636e+02	
2.4160022342e+02	1.3738889623e+02	
2.4170007321e+02	1.8726141104e+02	
2.4180011863e+02	1.5698401736e+02	
2.4190014826e+02	1.2069033499e+02	
2.4200040870e+02	9.3560712885e+01	
2.4210017118e+02	7.2605195090e+01	
2.4220030197e+02	7.9514046719e+01	
2.4230023113e+02	9.9511077690e+01	
2.4240034149e+02	7.9799817265e+01	
2.4250037540e+02	8.7802929360e+01	
2.4260000675e+02	1.4741787537e+02	
2.4270032380e+02	1.4103501999e+02	
2.4280032679e+02	1.5826460972e+02	
2.4290033122e+02	1.4134640369e+02	
2.4300006344e+02	2.1216306701e+02	
2.4310002235e+02	1.8382218908e+02	
2.4320004039e+02	2.0938607095e+02	
2.4330033134e+02	1.8831830491e+02	
2.4340014689e+02	2.2029100466e+02	
2.4350004681e+02	2.2289764711e+02	
2.4360003056e+02	2.1696796362e+02	
2.4370025705e+02	1.2704098504e+02	
2.4380029154e+02	1.2329139141e+02	
2.4390020182e+02	1.4471592605e+02	
2.4400015176e+02	1.4842547482e+02	
2.4410034614e+02	1.2199546443e+02	
2.4420009999e+02	1.1892817593e+02	
2.4430035636e+02	1.2764553697e+02	
2.4440001080e+02	1.0826071553e+02	
2.4450035564e+02	9.8228786939e+01	
2.4460041921e+02	8.7931479931e+01	
2.4470022697e+02	8.6053013863e+01	
2.4480013817e+02	9.7655159470e+01	
2.4490045087e+02	1.2594285301e+02	
2.4500007566e+02	1.4343032987e+02	
2.4510020500e+02	1.2771529140e+02	
2.4520037992e+02	1.0955488167e+02	
2.4530000800e+02	9.1358572118e+01	
2.4540038421e+02	8.8755096503e+01	
2.4550023051e+02	8.8971628024e+01	
2.4560002801e+02	9.1996270719e+01	
2.4570031061e+02	8.2315139848e+01	
2.4580002142e+02	7.7730498737e+01	
2.4590021453e+02	8.0761648967e+01	
2.4600022136e+02	8.7334025037e+01	
2.4610009815e+02	8.5494420733e+01	
2.4620006211e+02	8.2128184400e+01	
2.4630021868e+02	7.8322626279e+01	
2.4640026313e+02	7.4325355888e+01	
2.4650005038e+02	6.8336288736e+01	
2.4660010520e+02	9.6385900256e+01	
2.4670017575e+02	6.8208816332e+01	
2.4680005542e+02	8.7304241734e+01	
2.4690013410e+02	1.1189978953e+02	
2.4700032875e+02	8.2679295249e+01	
2.4710031624e+02	6.9706193597e+01	
2.4720034275e+02	6.1548467276e+01	
2.4730034495e+02	7.1130750021e+01	
2.4740008332e+02	1.1889251159e+02	
2.4750011758e+02	9.1509754336e+01	
2.4760016169e+02	7.4281300629e+01	
2.4770004826e+02	7.4118938464e+01	
2.4780015358e+02	7.0707881998e+01	
2.4790026383e+02	7.7475089055e+01	
2.4800039663e+02	7.9438300222e+01	
2.4810028069e+02	7.6561508045e+01	
2.4820029199e+02	7.1804692948e+01	
2.4830024312e+02	7.0996132531e+01	
2.4840014231e+02	9.1977240489e+01	
2.4850010944e+02	1.0358385875e+02	
2.4860012334e+02	9.4875525199e+01	
2.4870007304e+02	9.8940028538e+01	
2.4880010821e+02	9.5371144322e+01	
2.4890030354e+02	1.0109941481e+02	
2.4900005849e+02	8.5440094727e+01	
2.4910000414e+02	8.0011234350e+01	
2.4920002761e+02	7.5369578101e+01	
2.4930007812e+02	9.0395177118e+01	
2.4940021231e+02	9.4608192525e+01	
2.4950030265e+02	1.0326183812e+02	
2.4960012610e+02	1.0950005336e+02	
2.4970031811e+02	1.0133399907e+02	
2.4980021331e+02	9.0871052694e+01	
2.4990033446e+02	9.8506299328e+01	
2.5000015699e+02	9.5663120056e+01	
2.5010029665e+02	9.3066500139e+01	
2.5020011384e+02	1.0105061431e+02	
2.5030033357e+02	9.2874336439e+01	
2.5040036368e+02	8.2797049928e+01	
2.5050006447e+02	8.1670114148e+01	
2.5060010138e+02	6.9872741721e+01	
2.5070022787e+02	7.6869763522e+01	
2.5080029514e+02	9.2952069765e+01	
2.5090018535e+02	7.7047152070e+01	
2.5100034672e+02	7.9515363435e+01	
2.5110033948e+02	9.2039581785e+01	
2.5120028179e+02	9.7647944375e+01	
2.5130018412e+02	9.5763673582e+01	
2.5140007753e+02	1.0393839790e+02	
2.5150040175e+02	1.0782834065e+02	
2.5160033569e+02	1.0641163204e+02	
2.5170003463e+02	1.0365742081e+02	
2.5180012286e+02	1.0037696228e+02	
2.5190000544e+02	9.3894489118e+01	
2.5200026867e+02	8.5482130569e+01	
2.5210027012e+02	7.9920531993e+01	
2.5220022139e+02	7.6344247218e+01	
2.5230026906e+02	7.7347915257e+01	
2.5240014139e+02	7.9311550563e+01	
2.5250023831e+02	8.4961520813e+01	
2.5260039753e+02	8.8212015356e+01	
2.5270025350e+02	7.1464538558e+01	
2.5280031232e+02	6.0677551472e+01	
2.5290026741e+02	6.7393285198e+01	
2.5300018914e+02	6.1660334706e+01	
2.5310029719e+02	6.1758750269e+01	
2.5320015027e+02	5.7950911275e+01	
2.5330006918e+02	4.9605086643e+01	
2.5340019683e+02	5.3063068448e+01	
2.5350016490e+02	7.3692923360e+01	
2.5360023308e+02	8.7169659086e+01	
2.5370040243e+02	1.1825513113e+02	
2.5380029672e+02	1.3897691531e+02	
2.5390035665e+02	1.4633097124e+02	
2.5400028864e+02	1.8145293490e+02	
2.5410017691e+02	1.8870043333e+02	
2.5420036203e+02	1.8666370669e+02	
2.5430034742e+02	1.4543722885e+02	
2.5440027690e+02	1.2132097868e+02	
2.5450035882e+02	1.1780037317e+02	
2.5460018854e+02	1.1938041971e+02	
2.5470012896e+02	8.4783020977e+01	
2.5480032751e+02	7.2412149174e+01	
2.5490015896e+02	7.8124956833e+01	
2.5500012840e+02	9.3083609291e+01	
2.5510016403e+02	1.1876097177e+02	
2.5520011233e+02	1.2648346463e+02	
2.5530012948e+02	8.7682471783e+01	
2.5540025112e+02	6.9089148868e+01	
2.5550006695e+02	6.7065371726e+01	
2.5560007287e+02	6.8582105231e+01	
2.5570024992e+02	1.5422299955e+02	
2.5580012723e+02	1.8905326326e+02	
2.5590002161e+02	1.9378513349e+02	
2.5600017202e+02	1.8268065274e+02	
2.5610036670e+02	1.8053289856e+02	
2.5620021002e+02	1.6262841564e+02	
2.5630029077e+02	1.4679032129e+02	
2.5640025922e+02	1.7376818139e+02	
2.5650012926e+02	1.4307541551e+02	
2.5660016611e+02	1.3478189270e+02	
2.5670002285e+02	1.1469526964e+02	
2.5680010416e+02	1.0390722402e+02	
2.5690018898e+02	1.3747406370e+02	
2.5700025332e+02	1.4000009480e+02	
2.5710025666e+02	9.7791687383e+01	
2.5720014846e+02	7.8762820672e+01	
2.5730026482e+02	7.0634638041e+01	
2.5740010865e+02	6.4322966956e+01	
2.5750024546e+02	7.8748197995e+01	
2.5760032424e+02	7.6866877507e+01	
2.5770029374e+02	1.0659082812e+02	
2.5780037471e+02	7.7447569144e+01	
2.5790038216e+02	6.8171981601e+01	
2.5800038717e+02	7.1845199042e+01	
2.5810005084e+02	7.3893464312e+01	
2.5820023231e+02	7.5577470431e+01	
2.5830007517e+02	7.8877880409e+01	
2.5840020250e+02	7.6037913634e+01	
2.5850036608e+02	7.2433902596e+01	
2.5860018842e+02	6.8114764342e+01	
2.5870011121e+02	8.6641077415e+01	
2.5880020766e+02	1.2923686172e+02	
2.5890025340e+02	6.2041821744e+01	
2.5900033179e+02	6.3180383746e+01	
2.5910011309e+02	7.6228539868e+01	
2.5920019060e+02	1.0812019275e+02	
2.5930015116e+02	1.0144024450e+02	
2.5940020001e+02	8.7632868699e+01	
2.5950038937e+02	8.1430570183e+01	
2.5960008784e+02	8.8153124851e+01	
2.5970009356e+02	9.4898364371e+01	
2.5980021384e+02	8.6040298146e+01	
2.5990006373e+02	7.5055813453e+01	
2.6000004194e+02	7.0337789901e+01	
2.6010036883e+02	7.3647431704e+01	
2.6020000793e+02	6.7099052993e+01	
2.6030007446e+02	7.1877286424e+01	
2.6040009347e+02	6.1679573979e+01	
2.6050016640e+02	6.5717790229e+01	
2.6060020503e+02	5.8685535857e+01	
2.6070006454e+02	5.6751732627e+01	
2.6080031881e+02	9.8697956758e+01	
2.6090001625e+02	6.4786423891e+01	
2.6100029136e+02	7.0014921696e+01	
2.6110009243e+02	1.1719710886e+02	
2.6120035088e+02	1.0317256441e+02	
2.6130033167e+02	1.0981794702e+02	
2.6140023160e+02	1.1390159481e+02	
2.6150028418e+02	1.1290014227e+02	
2.6160014516e+02	1.0660579233e+02	
2.6170028693e+02	8.3902240455e+01	
2.6180015113e+02	8.6236932561e+01	
2.6190004903e+02	1.2073850961e+02	
2.6200018580e+02	1.0889060942e+02	
2.6210000170e+02	1.0146399016e+02	
2.6220028934e+02	8.9971846779e+01	
2.6230015191e+02	1.2400010189e+02	
2.6240010950e+02	1.1178394961e+02	
2.6250009579e+02	1.1099473157e+02	
2.6260025928e+02	1.4200634934e+02	
2.6270003411e+02	1.3542571804e+02	
2.6280034551e+02	1.4286797346e+02	
2.6290012860e+02	1.1956830538e+02	
2.6300012838e+02	1.3455000209e+02	
2.6310035943e+02	1.3896497546e+02	
2.6320023768e+02	1.4837296427e+02	
2.6330038056e+02	1.6076353665e+02	
2.6340026749e+02	2.1298166521e+02	
2.6350027447e+02	2.3315457131e+02	
2.6360005905e+02	2.1711307679e+02	
2.6370033715e+02	1.9572960932e+02	
2.6380036519e+02	2.0025254351e+02	
2.6390008142e+02	2.3754260981e+02	
2.6400035672e+02	2.5007517748e+02	
2.6410016078e+02	2.4495163337e+02	
2.6420006917e+02	2.0428904441e+02	
2.6430026588e+02	1.6427261821e+02	
2.6440006861e+02	1.2484609969e+02	
2.6450020344e+02	1.1029506217e+02	
2.6460001155e+02	1.0732081119e+02	
2.6470036795e+02	1.2844860286e+02	
2.6480026581e+02	1.1023787418e+02	
2.6490032160e+02	8.4504237674e+01	
2.6500023501e+02	6.6066157148e+01	
2.6510010818e+02	6.8968642829e+01	
2.6520001172e+02	6.7767977661e+01	
2.6530002781e+02	8.0093492800e+01	
2.6540012000e+02	7.3507950263e+01	
2.6550003146e+02	9.8356585914e+01	
2.6560022427e+02	1.1335304853e+02	
2.6570022509e+02	1.2055438787e+02	
2.6580007699e+02	1.2504058178e+02	
2.6590024469e+02	1.2811964795e+02	
2.6600016298e+02	1.0884026754e+02	
2.6610015141e+02	9.2391506185e+01	
2.6620030599e+02	1.3542347084e+02	
2.6630007861e+02	1.4146497872e+02	
2.6640009752e+02	1.3190583018e+02	
2.6650014270e+02	1.2408525843e+02	
2.6660007764e+02	1.1191307997e+02	
2.6670020491e+02	1.0220245148e+02	
2.6680039102e+02	1.3490092750e+02	
2.6690041662e+02	1.9623385806e+02	
2.6700040510e+02	2.2415494562e+02	
2.6710009254e+02	1.7534698942e+02	
2.6720009833e+02	1.2750300301e+02	
2.6730030639e+02	1.1156636237e+02	
2.6740018103e+02	1.0228754480e+02	
2.6750025926e+02	1.0073764570e+02	
2.6760012743e+02	1.1249223507e+02	
2.6770018480e+02	1.1816664053e+02	
2.6780026949e+02	1.4563345286e+02	
2.6790013535e+02	2.2839891521e+02	
2.6800031480e+02	2.1627068855e+02	
2.6810026253e+02	1.7087804389e+02	
2.6820007543e+02	1.5767860860e+02	
2.6830016296e+02	1.5532407832e+02	
2.6840005865e+02	1.4454948127e+02	
2.6850013401e+02	1.5768197910e+02	
2.6860005853e+02	1.5305672177e+02	
2.6870017135e+02	1.5893644321e+02	
2.6880017636e+02	1.4833145768e+02	
2.6890011488e+02	1.4137110142e+02	
2.6900027274e+02	1.3386971749e+02	
2.6910003025e+02	1.4131188808e+02	
2.6920034010e+02	1.5663567347e+02	
2.6930030755e+02	1.4440268726e+02	
2.6940035646e+02	1.3528675099e+02	
2.6950000482e+02	1.0692766839e+02	
2.6960018917e+02	1.1411529353e+02	
2.6970001447e+02	1.5287320668e+02	
2.6980023236e+02	1.8627641490e+02	
2.6990035575e+02	1.8823024214e+02	
2.7000002345e+02	1.8845814845e+02	
2.7010039236e+02	1.4266779816e+02	
2.7020031689e+02	8.3122205968e+01	
2.7030032909e+02	8.0469883172e+01	
2.7040012358e+02	7.9037211105e+01	
2.7050000476e+02	8.7450823573e+01	
2.7060002456e+02	9.4524348092e+01	
2.7070008812e+02	8.1500612915e+01	
2.7080023170e+02	8.9077150311e+01	
2.7090004983e+02	8.9666138824e+01	
2.7100030198e+02	1.4652985684e+02	
2.7110005500e+02	1.8431450487e+02	
2.7120010372e+02	1.2794903576e+02	
2.7130009432e+02	1.0759749029e+02	
2.7140009548e+02	1.1522636114e+02	
2.7150004756e+02	8.9318237703e+01	
2.7160023606e+02	7.9362579642e+01	
2.7170018370e+02	8.1039606273e+01	
2.7180007983e+02	7.4573476441e+01	
2.7190014351e+02	7.1603937915e+01	
2.7200009835e+02	6.5997225761e+01	
2.7210033376e+02	7.6617917123e+01	
2.7220001502e+02	7.7629829752e+01	
2.7230017930e+02	6.6537637675e+01	
2.7240023468e+02	6.2995091816e+01	
2.7250025471e+02	7.6877558601e+01	
2.7260032115e+02	9.3792291244e+01	
2.7270012382e+02	1.1940692336e+02	
2.7280030150e+02	1.5353370552e+02	
2.7290004773e+02	1.9961577931e+02	
2.7300018906e+02	1.8844655835e+02	
2.7310009942e+02	1.6629926470e+02	
2.7320020150e+02	1.3075350304e+02	
2.7330010400e+02	1.1920659624e+02	
2.7340026252e+02	1.0351664348e+02	
2.7350029423e+02	8.3440350678e+01	
2.7360008195e+02	1.0721966053e+02	
2.7370016156e+02	1.2812930513e+02	
2.7380022357e+02	1.0091446467e+02	
2.7390022705e+02	9.1221204539e+01	
2.7400014423e+02	8.4295696841e+01	
2.7410025218e+02	1.0881511109e+02	
2.7420016620e+02	1.0815606373e+02	
2.7430013633e+02	1.1878736411e+02	
2.7440024161e+02	1.2513337554e+02	
2.7450038982e+02	1.2476654667e+02	
2.7460008307e+02	1.1947957898e+02	
2.7470007749e+02	1.1149486568e+02	
2.7480035038e+02	1.0922151219e+02	
2.7490009006e+02	9.4770655741e+01	
2.7500006703e+02	1.0711434166e+02	
2.7510014498e+02	1.2056099577e+02	
2.7520016945e+02	1.5581585989e+02	
2.7530036592e+02	1.4232190344e+02	
2.7540033438e+02	1.1358365030e+02	
2.7550001198e+02	1.4257064155e+02	
2.7560015872e+02	1.5342597370e+02	
2.7570018948e+02	1.3146449876e+02	
2.7580009627e+02	7.4626482429e+01	
2.7590015635e+02	8.0301180450e+01	
2.7600005891e+02	1.4367376964e+02	
2.7610037333e+02	1.2409506297e+02	
2.7620039254e+02	1.4947709537e+02	
2.7630021629e+02	1.6998645665e+02	
2.7640039648e+02	1.6624221359e+02	
2.7650015870e+02	1.6744171176e+02	
2.7660003300e+02	1.6729355462e+02	
2.7670014266e+02	1.6297909511e+02	
2.7680022140e+02	1.3608938788e+02	
2.7690037455e+02	9.1629300922e+01	
2.7700004460e+02	9.8759541976e+01	
2.7710016852e+02	6.9205118030e+01	
2.7720012482e+02	6.3070987058e+01	
2.7730018454e+02	6.2954723256e+01	
2.7740022192e+02	5.0053845029e+01	
2.7750009840e+02	4.9652677123e+01	
2.7760001254e+02	6.3101915063e+01	
2.7770013685e+02	7.7248669970e+01	
2.7780027790e+02	1.0738172899e+02	
2.7790033241e+02	1.2398458296e+02	
2.7800017576e+02	1.2510955840e+02	
2.7810002453e+02	1.5662689744e+02	
2.7820007335e+02	9.7300617632e+01	
2.7830020112e+02	1.3817054614e+02	
2.7840033874e+02	1.7447345803e+02	
2.7850004246e+02	2.4076089494e+02	
2.7860019774e+02	1.8795570323e+02	
2.7870021163e+02	1.8828758671e+02	
2.7880010480e+02	1.4585786627e+02	
2.7890019707e+02	1.1874905831e+02	
2.7900024184e+02	1.3178472540e+02	
2.7910007522e+02	1.5918925540e+02	
2.7920022341e+02	1.1135759769e+02	
2.7930007702e+02	9.4829097218e+01	
2.7940041635e+02	1.0976316063e+02	
2.7950013513e+02	1.1433740926e+02	
2.7960038560e+02	1.0704335801e+02	
2.7970006769e+02	1.0386319455e+02	
2.7980025332e+02	1.2263205973e+02	
2.7990029082e+02	1.7717921011e+02	
2.8000012456e+02	1.5008585773e+02	
2.8010008127e+02	1.2910830055e+02	
2.8020031983e+02	1.3185246652e+02	
2.8030025284e+02	1.6902947859e+02	
2.8040006448e+02	1.5946512323e+02	
2.8050029431e+02	1.1408626895e+02	
2.8060033526e+02	1.0215264173e+02	
2.8070026536e+02	9.2834544618e+01	
2.8080013466e+02	8.5976347372e+01	
2.8090014817e+02	1.1666151516e+02	
2.8100021894e+02	1.1154287342e+02	
2.8110019284e+02	1.3368121660e+02	
2.8120033437e+02	1.2080667706e+02	
2.8130033159e+02	1.1551767650e+02	
2.8140019284e+02	1.4407457468e+02	
2.8150018246e+02	1.4144718789e+02	
2.8160025900e+02	1.2308672249e+02	
2.8170030662e+02	1.5236220795e+02	
2.8180024434e+02	1.6948626402e+02	
2.8190036583e+02	2.1096796127e+02	
2.8200018692e+02	1.6546536118e+02	
2.8210030968e+02	1.2914011871e+02	
2.8220010993e+02	9.5695654112e+01	
2.8230000158e+02	1.6965277312e+02	
2.8240031728e+02	1.0349225368e+02	
2.8250029594e+02	8.8503138871e+01	
2.8260027020e+02	1.1189004205e+02	
2.8270019548e+02	1.1642408851e+02	
2.8280037874e+02	9.0475917267e+01	
2.8290012932e+02	8.4705405653e+01	
2.8300022330e+02	7.7125016439e+01	
2.8310002151e+02	8.8822909273e+01	
2.8320027895e+02	1.0064859075e+02	
2.8330032464e+02	1.2700144376e+02	
2.8340036116e+02	1.4588541910e+02	
2.8350009655e+02	1.3854955912e+02	
2.8360024135e+02	1.1620162609e+02	
2.8370002578e+02	1.0518041985e+02	
2.8380040573e+02	1.2351148804e+02	
2.8390035587e+02	1.3073352923e+02	
2.8400024226e+02	1.7974508431e+02	
2.8410014476e+02	1.4841751111e+02	
2.8420008448e+02	1.5750151546e+02	
2.8430036405e+02	9.0419852393e+01	
2.8440030354e+02	1.1819985059e+02	
2.8450004613e+02	1.4600697775e+02	
2.8460001173e+02	1.5006993327e+02	
2.8470020824e+02	1.9954124428e+02	
2.8480030539e+02	2.7276713764e+02	
2.8490032109e+02	1.6825673778e+02	
2.8500028996e+02	1.5182723743e+02	
2.8510028318e+02	1.2109044397e+02	
2.8520021216e+02	1.2185484094e+02	
2.8530014994e+02	1.3640489976e+02	
2.8540016810e+02	1.4086837517e+02	
2.8550042683e+02	1.6817368123e+02	
2.8560010202e+02	1.2365880828e+02	
2.8570030557e+02	1.0339758739e+02	
2.8580003567e+02	1.0080316023e+02	
2.8590033317e+02	9.5783046691e+01	
2.8600020558e+02	1.0967821615e+02	
2.8610043384e+02	1.1883823604e+02	
2.8620029575e+02	9.2015722785e+01	
2.8630034454e+02	9.6377397933e+01	
2.8640004169e+02	9.7368845662e+01	
2.8650003888e+02	9.0721822291e+01	
2.8660024765e+02	1.2213420454e+02	
2.8670004618e+02	1.1824063675e+02	
2.8680001043e+02	1.1586291540e+02	
2.8690031727e+02	2.0580912411e+02	
2.8700001671e+02	2.0333566392e+02	
2.8710023938e+02	2.0354727110e+02	
2.8720013102e+02	2.0070821358e+02	
2.8730024876e+02	3.0720222527e+02	
2.8740005553e+02	2.6108573103e+02	
2.8750008707e+02	1.8443841864e+02	
2.8760020408e+02	1.6248976916e+02	
2.8770036338e+02	1.7945384296e+02	
2.8780019451e+02	2.0692944463e+02	
2.8790005277e+02	1.5901566029e+02	
2.8800034462e+02	1.6225164164e+02	
2.8810007671e+02	1.9935122952e+02	
2.8820006229e+02	1.6426098427e+02	
2.8830008204e+02	1.6446942320e+02	
2.8840016737e+02	1.6368776573e+02	
2.8850014331e+02	1.4166622775e+02	
2.8860024641e+02	1.2505522734e+02	
2.8870037436e+02	1.0573231929e+02	
2.8880024626e+02	9.7699650518e+01	
2.8890018125e+02	1.0005808284e+02	
2.8900004060e+02	1.2119457535e+02	
2.8910003323e+02	1.1965796835e+02	
2.8920018782e+02	1.0742522772e+02	
2.8930028442e+02	1.0263086774e+02	
2.8940014491e+02	8.2348671964e+01	
2.8950015811e+02	7.2268493765e+01	
2.8960035612e+02	9.2030256314e+01	
2.8970009496e+02	9.7002229657e+01	
2.8980029215e+02	9.7257244953e+01	
2.8990009916e+02	8.7341113861e+01	
2.9000030308e+02	1.2889131065e+02	
2.9010024215e+02	1.2264053619e+02	
2.9020031686e+02	7.7150038023e+01	
2.9030021942e+02	1.3125643545e+02	
2.9040027673e+02	9.1480459255e+01	
2.9050028820e+02	1.1649712082e+02	
2.9060022168e+02	6.5664258132e+01	
2.9070030285e+02	1.4446584243e+02	
2.9080022766e+02	1.8246880553e+02	
2.9090016306e+02	2.0214796108e+02	
2.9100013024e+02	1.2285570076e+02	
2.9110024682e+02	1.3334191849e+02	
2.9120015238e+02	2.1920264677e+02	
2.9130009493e+02	1.9544150032e+02	
2.9140031433e+02	2.3434394508e+02	
2.9150014192e+02	2.4796658455e+02	
2.9160039518e+02	2.0889786304e+02	
2.9170028447e+02	1.4448149897e+02	
2.9180018007e+02	1.2085173772e+02	
2.9190040502e+02	1.1131251580e+02	
2.9200016014e+02	9.3007225702e+01	
2.9210013954e+02	8.1664314920e+01	
2.9220004395e+02	8.6754457800e+01	
2.9230001719e+02	9.4316137215e+01	
2.9240004828e+02	1.1599864393e+02	
2.9250001326e+02	8.5304676325e+01	
2.9260042006e+02	8.2674836846e+01	
2.9270017071e+02	8.6415875275e+01	
2.9280015313e+02	7.5028953377e+01	
2.9290023186e+02	8.1681701973e+01	
2.9300023403e+02	7.5311464003e+01	
2.9310007022e+02	8.6069331245e+01	
2.9320022225e+02	9.2280180066e+01	
2.9330024096e+02	1.3428302540e+02	
2.9340006800e+02	1.4782290866e+02	
2.9350015541e+02	1.4762232356e+02	
2.9360009918e+02	1.4244077826e+02	
2.9370033573e+02	1.3166190384e+02	
2.9380026246e+02	1.2374810746e+02	
2.9390002431e+02	1.1907327139e+02	
2.9400018478e+02	9.5128479588e+01	
2.9410010984e+02	1.0285379307e+02	
2.9420011869e+02	8.4720511483e+01	
2.9430028720e+02	8.1172082489e+01	
2.9440011002e+02	1.0836270107e+02	
2.9450027075e+02	1.3809827030e+02	
2.9460005026e+02	1.3769467049e+02	
2.9470022464e+02	8.0040869097e+01	
2.9480012733e+02	5.9387246046e+01	
2.9490003094e+02	6.8694751497e+01	
2.9500037374e+02	5.6516206681e+01	
2.9510040171e+02	7.9735736342e+01	
2.9520040014e+02	1.0046192412e+02	
2.9530030550e+02	1.2757787674e+02	
2.9540000123e+02	1.1805493997e+02	
2.9550026447e+02	8.1239083270e+01	
2.9560011454e+02	7.9619119437e+01	
2.9570019054e+02	8.2136378685e+01	
2.9580012642e+02	8.4421316326e+01	
2.9590018969e+02	8.0008883773e+01	
2.9600035938e+02	9.8020233823e+01	
2.9610029565e+02	9.9488307294e+01	
2.9620032433e+02	8.7522434278e+01	
2.9630023975e+02	8.4462608631e+01	
2.9640006016e+02	9.9386567822e+01	
2.9650040153e+02	1.1670620136e+02	
2.9660029535e+02	1.0927060793e+02	
2.9670008772e+02	9.1266861096e+01	
2.9680003129e+02	7.0931177663e+01	
2.9690012388e+02	7.0774882494e+01	
2.9700003670e+02	7.8700314315e+01	
2.9710032552e+02	1.4356899633e+02	
2.9720025068e+02	8.6172184375e+01	
2.9730022728e+02	9.4204618902e+01	
2.9740017857e+02	9.6007828342e+01	
2.9750018108e+02	1.4362010065e+02	
2.9760022121e+02	1.5736602323e+02	
2.9770017075e+02	1.3337623622e+02	
2.9780037962e+02	1.2785389942e+02	
2.9790013378e+02	1.7891349677e+02	
2.9800034322e+02	1.2667337608e+02	
2.9810039961e+02	1.3114783701e+02	
2.9820029451e+02	7.9158035948e+01	
2.9830012870e+02	8.3621337207e+01	
2.9840038846e+02	8.2777769738e+01	
2.9850013799e+02	7.3401788896e+01	
2.9860023359e+02	7.8556489968e+01	
2.9870004900e+02	1.1466270819e+02	
2.9880032230e+02	1.1775373518e+02	
2.9890016232e+02	1.1142553230e+02	
2.9900024213e+02	1.1651997111e+02	
2.9910007412e+02	1.2709730540e+02	
2.9920027920e+02	1.1615315334e+02	
2.9930016576e+02	1.2196752520e+02	
2.9940035985e+02	1.1745089354e+02	
2.9950027713e+02	1.2917796362e+02	
2.9960020630e+02	1.3471988009e+02	
2.9970003158e+02	1.3315582631e+02	
2.9980019437e+02	1.2674213624e+02	
2.9990031991e+02	1.8153395920e+02	
3.0000017449e+02	1.4897396953e+02	
3.0010004009e+02	1.4284764179e+02	
3.0020037267e+02	1.1287636099e+02	
3.0030014595e+02	1.1356168313e+02	
3.0040015531e+02	1.0335572787e+02	
3.0050038731e+02	1.4241636265e+02	
3.0060034864e+02	1.2261726356e+02	
3.0070016880e+02	1.0161100156e+02	
3.0080014727e+02	1.0278227313e+02	
3.0090009621e+02	9.2347877797e+01	
3.0100020822e+02	1.1391801466e+02	
3.0110026252e+02	1.1673234758e+02	
3.0120034686e+02	1.1454396683e+02	
3.0130002385e+02	1.0896271690e+02	
3.0140022322e+02	6.8773072424e+01	
3.0150030154e+02	7.1200132658e+01	
3.0160040578e+02	4.8988972762e+01	
3.0170037440e+02	5.1032713204e+01	
3.0180021877e+02	6.9235360229e+01	
3.0190004029e+02	7.3443975403e+01	
3.0200022418e+02	9.8232298442e+01	
3.0210034033e+02	9.1488576438e+01	
3.0220014628e+02	7.9127494097e+01	
3.0230008268e+02	8.7910191999e+01	
3.0240022328e+02	9.7758282479e+01	
3.0250018566e+02	9.5197657978e+01	
3.0260016080e+02	9.3923157638e+01	
3.0270008742e+02	1.0336310446e+02	
3.0280007718e+02	1.2114128386e+02	
3.0290033733e+02	1.1932904872e+02	
3.0300032025e+02	1.0641255261e+02	
3.0310016233e+02	8.4207510932e+01	
3.0320036773e+02	8.2863294075e+01	
3.0330004739e+02	8.7931945878e+01	
3.0340003237e+02	9.7690653143e+01	
3.0350025781e+02	1.1512067140e+02	
3.0360034695e+02	1.4290540248e+02	
3.0370030736e+02	1.1122461430e+02	
3.0380033923e+02	1.0855710173e+02	
3.0390033592e+02	8.3956218383e+01	
3.0400028165e+02	1.2332384227e+02	
3.0410008431e+02	9.4683715878e+01	
3.0420031552e+02	1.1021075527e+02	
3.0430022231e+02	1.0923676882e+02	
3.0440036960e+02	1.0218059337e+02	
3.0450023406e+02	9.3367564366e+01	
3.0460010675e+02	9.3207053950e+01	
3.0470018743e+02	9.8969068066e+01	
3.0480033573e+02	1.2134777561e+02	
3.0490013426e+02	9.5068717309e+01	
3.0500008249e+02	1.0427845485e+02	
3.0510016197e+02	9.9233232497e+01	
3.0520011283e+02	9.0225217165e+01	
3.0530021957e+02	8.7736844834e+01	
3.0540032594e+02	8.4395763545e+01	
3.0550011377e+02	9.0353346168e+01	
3.0560033844e+02	1.7868920069e+02	
3.0570009231e+02	2.2184084423e+02	
3.0580024519e+02	1.7244522717e+02	
3.0590025979e+02	1.1620112757e+02	
3.0600025865e+02	8.7643306368e+01	
3.0610001100e+02	1.0355479208e+02	
3.0620002520e+02	9.4385733054e+01	
3.0630002082e+02	1.0937011310e+02	
3.0640035291e+02	1.1139530588e+02	
3.0650005929e+02	1.0060925189e+02	
3.0660037861e+02	1.0180893485e+02	
3.0670005578e+02	1.0758836676e+02	
3.0680025616e+02	8.1346162583e+01	
3.0690036299e+02	8.7544850526e+01	
3.0700024215e+02	8.6482807313e+01	
3.0710015241e+02	1.1571383170e+02	
3.0720037690e+02	1.0466549009e+02	
3.0730035323e+02	1.0439832671e+02	
3.0740010857e+02	6.7457822246e+01	
3.0750001432e+02	5.9170234332e+01	
3.0760035154e+02	6.8042145575e+01	
3.0770043459e+02	7.5519961763e+01	
3.0780030425e+02	7.6283962885e+01	
3.0790041201e+02	8.3229021631e+01	
3.0800016785e+02	8.4807965861e+01	
3.0810009707e+02	7.4559175449e+01	
3.0820012180e+02	7.3015567053e+01	
3.0830017808e+02	5.4410164116e+01	
3.0840033929e+02	4.8847393917e+01	
3.0850000084e+02	5.3012535881e+01	
3.0860027358e+02	6.9926932248e+01	
3.0870007159e+02	5.7490222074e+01	
3.0880020317e+02	4.4134898449e+01	
3.0890022377e+02	5.5903570540e+01	
3.0900003806e+02	5.5643565899e+01	
3.0910001542e+02	5.4264034389e+01	
3.0920033697e+02	6.4422899036e+01	
3.0930003436e+02	6.7394698459e+01	
3.0940023268e+02	6.3066687526e+01	
3.0950020305e+02	7.0659639067e+01	
3.0960030879e+02	7.9942971674e+01	
3.0970033498e+02	9.4078387268e+01	
3.0980001568e+02	6.3953043013e+01	
3.0990036119e+02	7.8774627631e+01	
3.1000001853e+02	5.7652950862e+01	
3.1010035077e+02	5.4082635328e+01	
3.1020018682e+02	7.9715334704e+01	
3.1030030293e+02	7.7522702833e+01	
3.1040036407e+02	7.5614036644e+01	
3.1050036876e+02	8.4536493111e+01	
3.1060036914e+02	9.0701235314e+01	
3.1070039125e+02	9.7187169836e+01	
3.1080032453e+02	1.0278560162e+02	
3.1090013402e+02	1.0648509199e+02	
3.1100036509e+02	1.5743282858e+02	
3.1110006087e+02	1.3129547211e+02	
3.1120015617e+02	6.5627021737e+01	
3.1130023781e+02	6.2932865839e+01	
3.1140012136e+02	8.3133968817e+01	
3.1150042259e+02	6.5747720247e+01	
3.1160039516e+02	9.5989738793e+01	
3.1170035715e+02	8.9098442939e+01	
3.1180002552e+02	6.0983857851e+01	
3.1190007008e+02	4.8193790009e+01	
3.1200017371e+02	6.1605307871e+01	
3.1210025712e+02	6.5808899962e+01	
3.1220009675e+02	6.5756108131e+01	
3.1230033793e+02	1.0435853685e+02	
3.1240038228e+02	1.0586693752e+02	
3.1250015004e+02	1.0148415717e+02	
3.1260024442e+02	1.0595655409e+02	
3.1270008162e+02	1.0397419615e+02	
3.1280020963e+02	9.6400814428e+01	
3.1290035423e+02	8.6496717028e+01	
3.1300028843e+02	1.0774549662e+02	
3.1310026695e+02	1.2381019196e+02	
3.1320012609e+02	1.4381793568e+02	
3.1330022547e+02	1.5490076992e+02	
3.1340037214e+02	1.4971432305e+02	
3.1350031281e+02	1.1217356508e+02	
3.1360026092e+02	1.2124182161e+02	
3.1370039902e+02	1.8511243961e+02	
3.1380007528e+02	1.7536675628e+02	
3.1390035671e+02	1.7172571135e+02	
3.1400028375e+02	1.5176362543e+02	
3.1410030047e+02	1.2806119293e+02	
3.1420019921e+02	1.1147661006e+02	
3.1430026591e+02	7.9806716232e+01	
3.1440032696e+02	5.6088946163e+01	
3.1450003782e+02	5.4175235765e+01	
3.1460035598e+02	6.3384643900e+01	
3.1470008684e+02	7.8814546662e+01	
3.1480044240e+02	7.5735163380e+01	
3.1490031349e+02	7.7814160460e+01	
3.1500021994e+02	8.3804364468e+01	
3.1510025614e+02	1.1248842236e+02	
3.1520037823e+02	1.0697779941e+02	
3.1530004756e+02	1.3306580268e+02	
3.1540018251e+02	2.0162577174e+02	
3.1550016090e+02	2.8124604910e+02	
3.1560033905e+02	2.0386192927e+02	
3.1570006099e+02	1.4013558646e+02	
3.1580018897e+02	1.1293203625e+02	
3.1590002056e+02	1.1841336116e+02	
3.1600010892e+02	1.1027460727e+02	
3.1610030883e+02	9.8952551229e+01	
3.1620012408e+02	8.6478533578e+01	
3.1630007452e+02	7.5348513558e+01	
3.1640036229e+02	7.9303885960e+01	
3.1650004409e+02	1.4713259122e+02	
3.1660024809e+02	1.2504037833e+02	
3.1670011179e+02	1.2357512697e+02	
3.1680010883e+02	1.0882737503e+02	
3.1690012358e+02	1.8544386691e+02	
3.1700036817e+02	1.9857481504e+02	
3.1710029333e+02	1.2232564710e+02	
3.1720036630e+02	1.0716418979e+02	
3.1730021767e+02	1.0153092175e+02	
3.1740006009e+02	1.4091935849e+02	
3.1750032754e+02	1.7010672437e+02	
3.1760016089e+02	1.8424378223e+02	
3.1770029896e+02	1.5841392008e+02	
3.1780006903e+02	1.0590666461e+02	
3.1790043088e+02	6.7870154598e+01	
3.1800034808e+02	6.4960478875e+01	
3.1810011811e+02	7.7514364246e+01	
3.1820036435e+02	7.8892730212e+01	
3.1830012696e+02	9.5798576844e+01	
3.1840020762e+02	1.3715447230e+02	
3.1850023523e+02	1.4500501806e+02	
3.1860022506e+02	1.2947856946e+02	
3.1870028548e+02	1.3004721695e+02	
3.1880031172e+02	1.4470183023e+02	
3.1890034585e+02	1.2442237784e+02	
3.1900016787e+02	1.1187878727e+02	
3.1910019235e+02	1.4572041383e+02	
3.1920001129e+02	2.2134985073e+02	
3.1930034923e+02	1.4633434474e+02	
3.1940014373e+02	1.2120581726e+02	
3.1950024092e+02	1.3007925854e+02	
3.1960026033e+02	1.5131144787e+02	
3.1970031638e+02	1.8462697727e+02	
3.1980043081e+02	2.2273420481e+02	
3.1990034624e+02	1.9208786952e+02	
3.2000019607e+02	1.6739315377e+02	
3.2010009716e+02	1.3435737274e+02	
3.2020039382e+02	9.6354813761e+01	
3.2030015979e+02	9.7535882658e+01	
3.2040025812e+02	1.0407207536e+02	
3.2050013778e+02	1.0365268870e+02	
3.2060024979e+02	1.0306639623e+02	
3.2070007722e+02	9.6753168052e+01	
3.2080045204e+02	9.3450950515e+01	
3.2090034243e+02	9.8231590252e+01	
3.2100038044e+02	1.0111244045e+02	
3.2110010675e+02	1.2523707150e+02	
3.2120033510e+02	1.5362451038e+02	
3.2130024159e+02	1.4776613454e+02	
3.2140008181e+02	1.0444160553e+02	
3.2150011845e+02	1.0197971880e+02	
3.2160028437e+02	8.8135238301e+01	
3.2170003572e+02	9.3369265018e+01	
3.2180008256e+02	9.8694352951e+01	
3.2190000480e+02	7.8071610120e+01	
3.2200015765e+02	8.1640870269e+01	
3.2210026634e+02	9.3995836421e+01	
3.2220023352e+02	1.1548249087e+02	
3.2230025221e+02	9.8967109779e+01	
3.2240027116e+02	7.1023167579e+01	
3.2250017062e+02	9.3139943551e+01	
3.2260017546e+02	8.6789807647e+01	
3.2270010791e+02	8.8657601844e+01	
3.2280012456e+02	8.8526724800e+01	
3.2290000746e+02	9.3928373683e+01	
3.2300013866e+02	1.0232499967e+02	
3.2310030335e+02	1.2237093859e+02	
3.2320032590e+02	1.3600308269e+02	
3.2330035508e+02	1.4497079189e+02	
3.2340027176e+02	1.3015231028e+02	
3.2350017367e+02	1.2725668474e+02	
3.2360028012e+02	1.1703685749e+02	
3.2370019265e+02	1.1617631551e+02	
3.2380014183e+02	1.0947840547e+02	
3.2390026192e+02	1.0508924865e+02	
3.2400006139e+02	1.1576494637e+02	
3.2410011707e+02	9.5044180204e+01	
3.2420026791e+02	8.2840918612e+01	
3.2430015533e+02	9.0512713680e+01	
3.2440012628e+02	9.4004709607e+01	
3.2450002392e+02	7.6165094358e+01	
3.2460015562e+02	6.7926559772e+01	
3.2470042371e+02	8.4237504342e+01	
3.2480004398e+02	8.7114378399e+01	
3.2490001590e+02	9.6225379324e+01	
3.2500020648e+02	1.2733896956e+02	
3.2510023156e+02	1.6163788823e+02	
3.2520032919e+02	1.3288883802e+02	
3.2530030466e+02	1.6498256175e+02	
3.2540034091e+02	1.7654791126e+02	
3.2550014327e+02	1.8470510058e+02	
3.2560005140e+02	1.7843813598e+02	
3.2570019705e+02	1.8730101700e+02	
3.2580030434e+02	1.9762218606e+02	
3.2590018207e+02	1.9402952454e+02	
3.2600010695e+02	1.8106053398e+02	
3.2610036768e+02	1.0942373144e+02	
3.2620000810e+02	1.1911552153e+02	
3.2630020071e+02	9.0895267736e+01	
3.2640003474e+02	7.8520833323e+01	
3.2650035127e+02	8.0584280366e+01	
3.2660024978e+02	1.0054091638e+02	
3.2670035560e+02	1.1038550747e+02	
3.2680006451e+02	1.0444971803e+02	
3.2690036195e+02	1.0943197938e+02	
3.2700026903e+02	9.9656466045e+01	
3.2710017036e+02	1.0701917544e+02	
3.2720000519e+02	1.2143213409e+02	
3.2730006283e+02	1.2011363003e+02	
3.2740024436e+02	1.1657041331e+02	
3.2750008228e+02	1.1564829174e+02	
3.2760014146e+02	6.0251642079e+01	
3.2770022858e+02	7.7275416465e+01	
3.2780035869e+02	8.3538668067e+01	
3.2790035304e+02	7.0100602334e+01	
3.2800006281e+02	6.8249574381e+01	
3.2810009822e+02	7.4212907799e+01	
3.2820039053e+02	5.8646877865e+01	
3.2830013761e+02	6.8879269404e+01	
3.2840017316e+02	6.8773222793e+01	
3.2850005263e+02	7.0127342467e+01	
3.2860013091e+02	7.8573985724e+01	
3.2870035177e+02	9.7191312737e+01	
3.2880019531e+02	1.5548052220e+02	
3.2890029583e+02	1.1383324268e+02	
3.2900008992e+02	9.2673609991e+01	
3.2910006873e+02	5.5236722326e+01	
3.2920019544e+02	4.7708807500e+01	
3.2930035765e+02	6.1404640988e+01	
3.2940030156e+02	7.0617524617e+01	
3.2950035116e+02	8.1406564713e+01	
3.2960009852e+02	9.2571208514e+01	
3.2970040177e+02	6.0471557910e+01	
3.2980001119e+02	5.9305753732e+01	
3.2990018857e+02	6.2182862105e+01	
3.3000012662e+02	9.0432061841e+01	
3.3010028569e+02	1.1229714432e+02	
3.3020006530e+02	9.4213150006e+01	
3.3030037129e+02	9.4363756784e+01	
3.3040013960e+02	6.0322592937e+01	
3.3050017486e+02	6.9544733976e+01	
3.3060015946e+02	7.2757598529e+01	
3.3070014045e+02	6.2599428696e+01	
3.3080039022e+02	6.3199621759e+01	
3.3090039908e+02	7.7976282510e+01	
3.3100017492e+02	7.1030553129e+01	
3.3110009824e+02	9.4023140341e+01	
3.3120027234e+02	1.0067846521e+02	
3.3130023439e+02	1.2856090685e+02	
3.3140039630e+02	1.3935885292e+02	
3.3150008694e+02	1.4768524001e+02	
3.3160034167e+02	1.2105710930e+02	
3.3170004392e+02	1.0542828121e+02	
3.3180029970e+02	1.4438598180e+02	
3.3190004431e+02	1.1551909461e+02	
3.3200009521e+02	1.0636936871e+02	
3.3210022459e+02	1.5604561473e+02	
3.3220027507e+02	1.4152441840e+02	
3.3230026328e+02	1.6600709901e+02	
3.3240041888e+02	1.8398102898e+02	
3.3250022607e+02	1.6169426416e+02	
3.3260002303e+02	1.1323285301e+02	
3.3270007250e+02	1.4045837169e+02	
3.3280039170e+02	1.5235374800e+02	
3.3290029328e+02	1.4249631171e+02	
3.3300034078e+02	8.9491899870e+01	
3.3310009242e+02	1.0641620789e+02	
3.3320034028e+02	1.4100318792e+02	
3.3330006398e+02	1.4128984426e+02	
3.3340001826e+02	1.2965713738e+02	
3.3350027170e+02	1.4925505490e+02	
3.3360028620e+02	1.4843068293e+02	
3.3370023680e+02	1.0622331334e+02	
3.3380029772e+02	1.1438470189e+02	
3.3390028324e+02	1.3710560683e+02	
3.3400017087e+02	1.1723914997e+02	
3.3410006722e+02	1.0685658928e+02	
3.3420025894e+02	1.0484144096e+02	
3.3430014834e+02	1.0523799877e+02	
3.3440011127e+02	1.1783750814e+02	
3.3450012796e+02	1.1506049780e+02	
3.3460004078e+02	1.2286146051e+02	
3.3470023614e+02	1.5023617214e+02	
3.3480034112e+02	1.7067671741e+02	
3.3490032416e+02	2.5721090174e+02	
3.3500035440e+02	2.2673316778e+02	
3.3510033383e+02	1.9478727667e+02	
3.3520018319e+02	1.7719481259e+02	
3.3530005081e+02	1.2158896257e+02	
3.3540029589e+02	1.4558421002e+02	
3.3550012159e+02	1.4326524486e+02	
3.3560013433e+02	1.2454075291e+02	
3.3570020284e+02	1.2220890181e+02	
3.3580029791e+02	1.1264132342e+02	
3.3590028465e+02	8.2646910357e+01	
3.3600011079e+02	7.8999547446e+01	
3.3610034003e+02	7.5858806581e+01	
3.3620020170e+02	8.8037611241e+01	
3.3630031318e+02	1.2025042470e+02	
3.3640010778e+02	1.9155948491e+02	
3.3650010263e+02	2.0613973884e+02	
3.3660020434e+02	1.8999613540e+02	
3.3670006426e+02	1.2499239833e+02	
3.3680022119e+02	9.0010831675e+01	
3.3690003824e+02	1.2333190220e+02	
3.3700030717e+02	1.0269603270e+02	
3.3710010126e+02	1.3102285694e+02	
3.3720038285e+02	1.3447176452e+02	
3.3730003670e+02	1.3861101801e+02	
3.3740014955e+02	1.5994773609e+02	
3.3750008906e+02	1.7471424310e+02	
3.3760004807e+02	1.8061636492e+02	
3.3770002013e+02	1.8169037000e+02	
3.3780027761e+02	1.8507237046e+02	
3.3790037232e+02	2.0972450051e+02	
3.3800012322e+02	1.9074524222e+02	
3.3810036125e+02	2.7281529732e+02	
3.3820002324e+02	1.9354922332e+02	
3.3830033631e+02	1.8469660610e+02	
3.3840006525e+02	1.9666163787e+02	
3.3850001226e+02	2.2020932505e+02	
3.3860034604e+02	2.1238171077e+02	
3.3870025177e+02	1.7177423389e+02	
3.3880039598e+02	1.3353610496e+02	
3.3890026092e+02	1.2119414027e+02	
3.3900033275e+02	1.2680761176e+02	
3.3910011059e+02	1.1403889926e+02	
3.3920043029e+02	1.1404037384e+02	
3.3930023014e+02	1.2083558826e+02	
3.3940006117e+02	1.3487813940e+02	
3.3950024900e+02	1.3288761728e+02	
3.3960013057e+02	1.4035628683e+02	
3.3970021661e+02	1.2877262531e+02	
3.3980027881e+02	1.0099563936e+02	
3.3990039926e+02	1.3030109326e+02	
3.4000029903e+02	2.1645185620e+02	
3.4010038943e+02	2.1907985004e+02	
3.4020016340e+02	1.9973553179e+02	
3.4030000432e+02	1.2031449399e+02	
3.4040003398e+02	1.8160199838e+02	
3.4050018309e+02	1.6604758512e+02	
3.4060017919e+02	1.4971778970e+02	
3.4070013775e+02	1.6036016749e+02	
3.4080029025e+02	1.4664135744e+02	
3.4090031840e+02	1.2968185241e+02	
3.4100004038e+02	1.1466749222e+02	
3.4110004243e+02	1.1861062935e+02	
3.4120012250e+02	9.7816955463e+01	
3.4130018098e+02	9.0207450946e+01	
3.4140005243e+02	7.8771537821e+01	
3.4150010852e+02	9.8931007734e+01	
3.4160007320e+02	1.2763894708e+02	
3.4170002564e+02	1.2341382242e+02	
3.4180001235e+02	7.8743298176e+01	
3.4190007944e+02	7.9331191632e+01	
3.4200018605e+02	8.3108443762e+01	
3.4210006661e+02	8.5534844713e+01	
3.4220042042e+02	9.0171397622e+01	
3.4230033998e+02	1.0322596683e+02	
3.4240007668e+02	1.2537972599e+02	
3.4250020662e+02	1.1801010526e+02	
3.4260004408e+02	8.3272170943e+01	
3.4270026513e+02	6.5213448626e+01	
3.4280022563e+02	5.6895733262e+01	
3.4290025516e+02	5.4460078282e+01	
3.4300017832e+02	5.2041650820e+01	
3.4310019231e+02	5.0314533135e+01	
3.4320005816e+02	5.8656270374e+01	
3.4330015208e+02	5.3911814535e+01	
3.4340032889e+02	5.1129603549e+01	
3.4350038384e+02	6.0886511838e+01	
3.4360036688e+02	6.3802748393e+01	
3.4370017781e+02	5.8967928311e+01	
3.4380030871e+02	5.7861841171e+01	
3.4390003111e+02	6.5831040568e+01	
3.4400038630e+02	5.5063780983e+01	
3.4410012831e+02	1.0438070481e+02	
3.4420018678e+02	1.5195634396e+02	
3.4430017202e+02	1.4898608507e+02	
3.4440040528e+02	1.1188072290e+02	
3.4450028354e+02	1.1204849650e+02	
3.4460007948e+02	1.1623005880e+02	
3.4470015823e+02	1.0966416962e+02	
3.4480028376e+02	1.1265831575e+02	
3.4490023878e+02	1.1387420756e+02	
3.4500036283e+02	1.1173178736e+02	
3.4510029993e+02	1.0646384114e+02	
3.4520006595e+02	9.7632029833e+01	
3.4530003961e+02	1.0780067978e+02	
3.4540005287e+02	1.1922736676e+02	
3.4550026416e+02	1.2189622754e+02	
3.4560032257e+02	1.0778581599e+02	
3.4570002799e+02	1.0904607789e+02	
3.4580029440e+02	1.2639958778e+02	
3.4590030089e+02	1.2962923456e+02	
3.4600039796e+02	1.2560351738e+02	
3.4610031427e+02	1.1933385836e+02	
3.4620028707e+02	1.1270840849e+02	
3.4630007233e+02	1.0560595309e+02	
3.4640018224e+02	9.7611592200e+01	
3.4650037646e+02	1.0718468943e+02	
3.4660011534e+02	1.2448402143e+02	
3.4670028056e+02	1.4033206685e+02	
3.4680000329e+02	1.1254926014e+02	
3.4690012232e+02	1.3017500700e+02	
3.4700001821e+02	2.0388656422e+02	
3.4710014681e+02	1.8092433967e+02	
3.4720023122e+02	1.2082265066e+02	
3.4730032987e+02	1.1085339826e+02	
3.4740019558e+02	8.3074943850e+01	
3.4750005050e+02	7.7828523514e+01	
3.4760014309e+02	1.2115551848e+02	
3.4770025522e+02	1.3422560941e+02	
3.4780034089e+02	1.4271333223e+02	
3.4790032976e+02	1.4343661967e+02	
3.4800017535e+02	1.0458786111e+02	
3.4810017048e+02	9.4188517052e+01	
3.4820016740e+02	5.7160333530e+01	
3.4830040289e+02	6.0128533803e+01	
3.4840016059e+02	6.3433428545e+01	
3.4850014497e+02	5.9376389439e+01	
3.4860021262e+02	5.6266266564e+01	
3.4870045014e+02	7.1085224672e+01	
3.4880020140e+02	9.0171035784e+01	
3.4890002490e+02	8.3644269339e+01	
3.4900029870e+02	7.0944293803e+01	
3.4910000612e+02	6.8225866207e+01	
3.4920003710e+02	6.5912024343e+01	
3.4930041475e+02	6.3592862440e+01	
3.4940014996e+02	6.0592877415e+01	
3.4950014558e+02	5.6819738951e+01	
3.4960022146e+02	5.4287703507e+01	
3.4970031133e+02	5.4757953877e+01	
3.4980002786e+02	5.7098927789e+01	
3.4990028168e+02	6.4544094700e+01	
3.5000025753e+02	7.6606732198e+01	
3.5010033087e+02	7.3704022190e+01	
3.5020016168e+02	7.5291649597e+01	
3.5030039973e+02	8.3261672757e+01	
3.5040006255e+02	1.0176292574e+02	
3.5050013870e+02	1.0920118505e+02	
3.5060003183e+02	1.2534916742e+02	
3.5070030460e+02	1.1829885345e+02	
3.5080000795e+02	1.0520190074e+02	
3.5090000757e+02	1.0883822694e+02	
3.5100021067e+02	1.0328768781e+02	
3.5110010114e+02	9.6039228820e+01	
3.5120038568e+02	9.0084365270e+01	
3.5130012161e+02	8.2623744034e+01	
3.5140016400e+02	8.4461169445e+01	
3.5150021501e+02	8.7988174530e+01	
3.5160005798e+02	8.0357884957e+01	
3.5170022027e+02	7.6528068973e+01	
3.5180041385e+02	7.8639069059e+01	
3.5190021547e+02	8.5368708777e+01	
3.5200024751e+02	1.0138269158e+02	
3.5210022123e+02	7.5181168148e+01	
3.5220018904e+02	7.9982464063e+01	
3.5230039929e+02	9.0714591425e+01	
3.5240024622e+02	9.7447820106e+01	
3.5250002150e+02	9.9574276351e+01	
3.5260017264e+02	9.9806622819e+01	
3.5270018710e+02	9.9251259491e+01	
3.5280002600e+02	9.8207577364e+01	
3.5290006076e+02	9.4453918195e+01	
3.5300032849e+02	8.4254951645e+01	
3.5310006239e+02	8.3503014591e+01	
3.5320030777e+02	7.3391336922e+01	
3.5330011210e+02	6.2803866844e+01	
3.5340036497e+02	6.3770146019e+01	
3.5350003109e+02	6.8267156216e+01	
3.5360030853e+02	8.4269646117e+01	
3.5370023242e+02	1.9708281605e+02	
3.5380002677e+02	2.8890645957e+02	
3.5390011498e+02	2.4843136193e+02	
3.5400035924e+02	1.7473440402e+02	
3.5410015147e+02	1.2103380238e+02	
3.5420013913e+02	1.1264965054e+02	
3.5430002185e+02	1.0648016111e+02	
3.5440004935e+02	1.0374772448e+02	
3.5450039698e+02	1.0296526654e+02	
3.5460021486e+02	1.1612032125e+02	
3.5470017869e+02	1.0727236939e+02	
3.5480037271e+02	1.0352162487e+02	
3.5490023820e+02	8.7108967960e+01	
3.5500009754e+02	6.5530245814e+01	
3.5510025075e+02	5.7386642146e+01	
3.5520024832e+02	6.4440395718e+01	
3.5530024750e+02	7.7026006921e+01	
3.5540009686e+02	9.7394458206e+01	
3.5550029883e+02	1.0030350851e+02	
3.5560011344e+02	8.8952586920e+01	
3.5570032805e+02	7.4222420798e+01	
3.5580029006e+02	5.9357090308e+01	
3.5590019529e+02	5.7730849250e+01	
3.5600008168e+02	7.5368649004e+01	
3.5610017788e+02	6.5418122974e+01	
3.5620007318e+02	6.1595246423e+01	
3.5630014751e+02	6.3190577489e+01	
3.5640016399e+02	6.9713824908e+01	
3.5650033870e+02	8.2997352026e+01	
3.5660000099e+02	7.4499623369e+01	
3.5670014882e+02	8.9364471759e+01	
3.5680009558e+02	1.0545328666e+02	
3.5690006213e+02	1.2311929597e+02	
3.5700023142e+02	1.4719853825e+02	
3.5710028839e+02	1.4855628170e+02	
3.5720003166e+02	1.5673607479e+02	
3.5730034222e+02	1.5396487502e+02	
3.5740026022e+02	1.4775497779e+02	
3.5750015604e+02	1.3352294000e+02	
3.5760000307e+02	1.2742552974e+02	
3.5770009012e+02	7.0990131004e+01	
3.5780008952e+02	1.0257919664e+02	
3.5790030462e+02	1.1647429328e+02	
3.5800022352e+02	1.4673028467e+02	
3.5810009225e+02	1.4765157934e+02	
3.5820011009e+02	1.2149821706e+02	
3.5830014929e+02	1.0496521562e+02	
3.5840003663e+02	9.1111606666e+01	
3.5850025191e+02	8.4826332434e+01	
3.5860005162e+02	7.7617890014e+01	
3.5870019341e+02	7.1007252121e+01	
3.5880023842e+02	7.0755222466e+01	
3.5890009928e+02	8.6151486441e+01	
3.5900025323e+02	9.8660277827e+01	
3.5910025741e+02	1.0911022749e+02	
3.5920031110e+02	1.0279065177e+02	
3.5930013952e+02	1.5272672821e+02	
3.5940015311e+02	1.6595740203e+02	
3.5950018250e+02	1.4903553196e+02	
3.5960009551e+02	1.2286659570e+02	
3.5970016773e+02	1.0051122641e+02	
3.5980021862e+02	8.4530747278e+01	
3.5990007767e+02	7.1686935381e+01	
3.6000016698e+02	5.2510085107e+01	
3.6010021827e+02	6.3188525474e+01	
3.6020006095e+02	7.4790819810e+01	
3.6030014300e+02	1.0062894674e+02	
3.6040001651e+02	1.0783461536e+02	
3.6050011510e+02	1.7453201183e+02	
3.6060003892e+02	1.2152587251e+02	
3.6070020295e+02	1.0833382769e+02	
3.6080029662e+02	9.5163934476e+01	
3.6090029781e+02	1.0665709752e+02	
3.6100032339e+02	9.1015469099e+01	
3.6110025107e+02	7.3364303155e+01	
3.6120041723e+02	7.9208738107e+01	
3.6130015240e+02	7.9463011567e+01	
3.6140017702e+02	8.3422049113e+01	
3.6150005715e+02	9.0947341287e+01	
3.6160020534e+02	1.0465708057e+02	
3.6170002138e+02	7.0687830054e+01	
3.6180015479e+02	6.1218996551e+01	
3.6190002026e+02	5.6701873307e+01	
3.6200036795e+02	5.0572197998e+01	
3.6210006773e+02	4.3555840252e+01	
3.6220033557e+02	5.9631331809e+01	
3.6230031617e+02	9.4277416582e+01	
3.6240020321e+02	6.8340281566e+01	
3.6250038402e+02	6.9094151484e+01	
3.6260013093e+02	7.3378474428e+01	
3.6270000043e+02	9.2651141449e+01	
3.6280035831e+02	1.2808124326e+02	
3.6290005950e+02	1.4362258326e+02	
3.6300008641e+02	1.5267872682e+02	
3.6310024504e+02	1.6999667077e+02	
3.6320036695e+02	1.3524361588e+02	
3.6330037246e+02	6.9065325125e+01	
3.6340039207e+02	6.6297612889e+01	
3.6350022508e+02	8.5870038620e+01	
3.6360038050e+02	1.1297419867e+02	
3.6370015156e+02	1.1688359194e+02	
3.6380021786e+02	1.2068426415e+02	
3.6390021404e+02	1.2644848951e+02	
3.6400029811e+02	7.8703031771e+01	
3.6410026827e+02	6.8220618860e+01	
3.6420036671e+02	1.4554999519e+02	
3.6430007491e+02	1.2687642883e+02	
3.6440035833e+02	1.1703639361e+02	
3.6450034120e+02	1.0088187285e+02	
3.6460024366e+02	1.3002571812e+02	
3.6470007744e+02	7.9510256063e+01	
3.6480031493e+02	6.1343117587e+01	
3.6490019766e+02	9.1350221601e+01	
3.6500027916e+02	9.4452562466e+01	
3.6510034343e+02	8.6567084583e+01	
3.6520009816e+02	7.6701843980e+01	
3.6530029547e+02	9.4298586733e+01	
3.6540022360e+02	1.1948676585e+02	
3.6550022260e+02	1.1847106664e+02	
3.6560001107e+02	6.2420758585e+01	
3.6570015242e+02	5.1621970426e+01	
3.6580030251e+02	5.1254840347e+01	
3.6590000588e+02	1.9598701657e+02	
3.6600005615e+02	1.3932225448e+02	
3.6610022432e+02	9.7516257235e+01	
3.6620000527e+02	9.8441242123e+01	
3.6630015696e+02	8.3014949016e+01	
3.6640016091e+02	7.5003484457e+01	
3.6650026001e+02	8.0095867025e+01	
3.6660008691e+02	8.1990503054e+01	
3.6670002545e+02	8.4181046588e+01	
3.6680025572e+02	1.3842576285e+02	
3.6690015004e+02	1.9307475804e+02	
3.6700022028e+02	1.7445997846e+02	
3.6710018735e+02	1.3128773580e+02	
3.6720007707e+02	1.3432270993e+02	
3.6730027919e+02	1.2844528687e+02	
3.6740016251e+02	1.2420701314e+02	
3.6750008985e+02	1.0283129536e+02	
3.6760029421e+02	8.4309729369e+01	
3.6770017647e+02	6.7769452451e+01	
3.6780042124e+02	6.0542340373e+01	
3.6790032069e+02	5.8394956929e+01	
3.6800040408e+02	5.1071804030e+01	
3.6810014945e+02	7.1877243164e+01	
3.6820027122e+02	8.0598265993e+01	
3.6830041106e+02	8.6139434731e+01	
3.6840024503e+02	8.3493154777e+01	
3.6850016277e+02	1.2372338039e+02	
3.6860024952e+02	1.2696499940e+02	
3.6870037011e+02	9.3287051567e+01	
3.6880024381e+02	1.6174096807e+02	
3.6890011958e+02	1.7427781226e+02	
3.6900018102e+02	1.7019159385e+02	
3.6910018509e+02	1.8365793169e+02	
3.6920012562e+02	1.7019476720e+02	
3.6930031735e+02	1.5009691560e+02	
3.6940032106e+02	1.2774074417e+02	
3.6950007392e+02	1.0888610229e+02	
3.6960034164e+02	1.3691998813e+02	
3.6970031395e+02	1.3976437808e+02	
3.6980011908e+02	1.2920257330e+02	
3.6990026369e+02	1.0709929016e+02	
3.7000001038e+02	1.0704322520e+02	
3.7010035254e+02	1.8989293608e+02	
3.7020011131e+02	6.9420166686e+01	
3.7030009097e+02	7.0373168716e+01	
3.7040028381e+02	1.0501626487e+02	
3.7050038072e+02	6.1384307272e+01	
3.7060006961e+02	4.6989938987e+01	
3.7070019741e+02	4.2794479193e+01	
3.7080032924e+02	4.8080302837e+01	
3.7090015070e+02	8.8101767733e+01	
3.7100023010e+02	1.3160093485e+02	
3.7110031337e+02	1.3063696866e+02	
3.7120028895e+02	1.0627680519e+02	
3.7130023378e+02	8.4405003652e+01	
3.7140014842e+02	7.7496435925e+01	
3.7150026923e+02	7.3480210817e+01	
3.7160013848e+02	7.0937003042e+01	
3.7170010878e+02	6.5343712676e+01	
3.7180022553e+02	5.7654340358e+01	
3.7190005159e+02	5.1695062828e+01	
3.7200005661e+02	1.3064994719e+02	
3.7210007239e+02	1.5336550859e+02	
3.7220029806e+02	1.4865840772e+02	
3.7230005303e+02	1.1482441387e+02	
3.7240018531e+02	1.0852724182e+02	
3.7250011403e+02	1.1087175788e+02	
3.7260022832e+02	1.7001231648e+02	
3.7270017340e+02	1.2967843799e+02	
3.7280019162e+02	1.2323708975e+02	
3.7290030990e+02	1.2214866152e+02	
3.7300038320e+02	1.2572596757e+02	
3.7310007362e+02	1.1664383549e+02	
3.7320025017e+02	1.0973113133e+02	
3.7330015101e+02	9.5426195752e+01	
3.7340001097e+02	7.9013629554e+01	
3.7350024305e+02	6.8749386293e+01	
3.7360006793e+02	7.2136045564e+01	
3.7370011888e+02	8.1269267204e+01	
3.7380028344e+02	7.5213125572e+01	
3.7390046098e+02	8.1755626627e+01	
3.7400022185e+02	8.7472753602e+01	
3.7410008828e+02	8.3229896753e+01	
3.7420038839e+02	7.7819351379e+01	
3.7430013670e+02	7.0608290716e+01	
3.7440018962e+02	7.1802154919e+01	
3.7450045573e+02	7.6067827177e+01	
3.7460034757e+02	7.6857219832e+01	
3.7470041310e+02	7.9606425755e+01	
3.7480027877e+02	7.9749621562e+01	
3.7490039888e+02	7.6205631037e+01	
3.7500038453e+02	8.2188449134e+01	
3.7510016479e+02	7.9883694630e+01	
3.7520029253e+02	8.1557645780e+01	
3.7530007347e+02	8.6167896498e+01	
3.7540014627e+02	8.2435835779e+01	
3.7550001259e+02	1.0636949780e+02	
3.7560033764e+02	1.3583738727e+02	
3.7570033206e+02	1.2287944460e+02	
3.7580016061e+02	1.6991770120e+02	
3.7590019581e+02	1.5552139874e+02	
3.7600022886e+02	1.3170724646e+02	
3.7610010840e+02	1.2297860702e+02	
3.7620018961e+02	1.4286048378e+02	
3.7630031351e+02	9.6641334291e+01	
3.7640037366e+02	1.4223811763e+02	
3.7650042777e+02	1.3370688648e+02	
3.7660008046e+02	1.2282522405e+02	
3.7670019621e+02	1.0763701239e+02	
3.7680030284e+02	8.3563893938e+01	
3.7690011023e+02	8.4411718775e+01	
3.7700013802e+02	8.9169888078e+01	
3.7710028805e+02	7.2583124439e+01	
3.7720023219e+02	6.4153719737e+01	
3.7730042987e+02	6.1074149849e+01	
3.7740005343e+02	1.0423528080e+02	
3.7750025320e+02	8.0989609167e+01	
3.7760024754e+02	6.4318672848e+01	
3.7770039518e+02	4.7935866280e+01	
3.7780018772e+02	3.9860220936e+01	
3.7790024668e+02	3.9193478627e+01	
3.7800030114e+02	6.7619180753e+01	
3.7810004677e+02	5.3404445901e+01	
3.7820016932e+02	6.5234868597e+01	
3.7830016862e+02	8.1349226978e+01	
3.7840034780e+02	1.8182995847e+02	
3.7850034677e+02	1.5065176442e+02	
3.7860040352e+02	1.4061479023e+02	
