0.0000000000e+00	2.0000000000e-01	
1.0034487476e-01	2.2789369221e-01	
2.0022280314e-01	2.4598210455e-01	
3.0032810914e-01	2.5990121083e-01	
4.0037783233e-01	2.7895443742e-01	
5.0005666152e-01	2.9003621660e-01	
6.0025424396e-01	2.9436172871e-01	
7.0020291268e-01	2.9520324764e-01	
8.0035390069e-01	3.0419392630e-01	
9.0024089458e-01	3.0899117361e-01	
1.0002568826e+00	3.0936536603e-01	
1.1003023466e+00	3.1471638928e-01	
1.2001842324e+00	3.2602609128e-01	
1.3002015002e+00	3.3729221465e-01	
1.4006622993e+00	3.4917965120e-01	
1.5004472894e+00	3.6547208158e-01	
1.6003494439e+00	3.8248212062e-01	
1.7002499942e+00	3.9638460066e-01	
1.8001211040e+00	4.0671057799e-01	
1.9001003836e+00	4.1322606904e-01	
2.0003727473e+00	4.1513075848e-01	
2.1001055481e+00	4.1187401629e-01	
2.2001674212e+00	4.0326402319e-01	
2.3003813075e+00	3.8955270058e-01	
2.4002006477e+00	3.8151925656e-01	
2.5000704499e+00	3.8727301229e-01	
2.6004077138e+00	3.9048528716e-01	
2.7003995780e+00	3.8940097944e-01	
2.8001329062e+00	3.8302211809e-01	
2.9000970087e+00	3.7140199201e-01	
3.0003772659e+00	3.6758335476e-01	
3.1003148978e+00	3.6936639516e-01	
3.2000301623e+00	3.6910748166e-01	
3.3000295598e+00	3.6589918414e-01	
3.4000433193e+00	3.6425744087e-01	
3.5001855197e+00	3.6556168792e-01	
3.6001634766e+00	3.6473270204e-01	
3.7000505968e+00	3.6209331933e-01	
3.8003336208e+00	3.5818181437e-01	
3.9001973477e+00	3.6118970127e-01	
4.0000581454e+00	3.6427118464e-01	
4.1003565000e+00	3.6699140542e-01	
4.2000340054e+00	3.6932020479e-01	
4.3004670033e+00	3.7141046557e-01	
4.4003907111e+00	3.7338189518e-01	
4.5006272204e+00	3.7537917879e-01	
4.6000983863e+00	3.7746277378e-01	
4.7002770999e+00	3.7924824524e-01	
4.8002669107e+00	3.8074441480e-01	
4.9003862023e+00	3.8191476888e-01	
5.0005196458e+00	3.8266778523e-01	
5.1002781884e+00	3.8291673244e-01	
5.2004897605e+00	3.8246279176e-01	
5.3003483960e+00	3.8097080533e-01	
5.4002326472e+00	3.7793446020e-01	
5.5000451434e+00	3.7265837684e-01	
5.6001697553e+00	3.6843034216e-01	
5.7001438084e+00	3.6577272880e-01	
5.8000048753e+00	3.6188538171e-01	
5.9002077388e+00	3.5655153658e-01	
6.0000306370e+00	3.4959223767e-01	
6.1003653775e+00	3.4904917831e-01	
6.2001459149e+00	3.5125386392e-01	
6.3002704762e+00	3.5273607013e-01	
6.4000886673e+00	3.5338506846e-01	
6.5000985039e+00	3.5324224999e-01	
6.6000268760e+00	3.5568550647e-01	
6.7003721593e+00	3.6426387920e-01	
6.8000284771e+00	3.7239874191e-01	
6.9002838989e+00	3.7971151208e-01	
7.0003728267e+00	3.8928148485e-01	
7.1003021317e+00	3.9858725081e-01	
7.2000190611e+00	4.0732169341e-01	
7.3004147162e+00	4.1551841992e-01	
7.4004153550e+00	4.2317562972e-01	
7.5003163319e+00	4.3232120814e-01	
7.6004034817e+00	4.4289274729e-01	
7.7003104980e+00	4.5312630242e-01	
7.8001838788e+00	4.6271382220e-01	
7.9005129944e+00	4.7243771814e-01	
8.0002068337e+00	4.7685022831e-01	
8.1005515050e+00	4.7584175085e-01	
8.2003979151e+00	4.7163254133e-01	
8.3000423735e+00	4.6497469479e-01	
8.4002913520e+00	4.5662052281e-01	
8.5003813332e+00	4.4843867763e-01	
8.6001939014e+00	4.4593119776e-01	
8.7001304971e+00	4.4157456594e-01	
8.8001696291e+00	4.3544665639e-01	
8.9003097056e+00	4.2799870179e-01	
9.0001916897e+00	4.1996660973e-01	
9.1002881515e+00	4.1281700377e-01	
9.2003027684e+00	4.6755718234e-01	
9.3003553722e+00	6.0144375819e-01	
9.4001689953e+00	7.8930579212e-01	
9.5002360773e+00	1.1801572131e+00	
9.6002835579e+00	1.7103294620e+00	
9.7000356717e+00	2.3141806983e+00	
9.8003755754e+00	3.4827875896e+00	
9.9001982213e+00	4.4864834746e+00	
1.0000000613e+01	4.5166817736e+00	
1.0100299599e+01	5.2044209274e+00	
1.0200254753e+01	6.1060918681e+00	
1.0300283288e+01	6.8742215410e+00	
1.0400379084e+01	7.4913620633e+00	
1.0500439945e+01	7.8610239981e+00	
1.0600268188e+01	8.0151175508e+00	
1.0700122843e+01	8.0975649210e+00	
1.0800310951e+01	8.1128018009e+00	
1.0900477905e+01	8.0546611421e+00	
1.1000178958e+01	7.9377345204e+00	
1.1100580022e+01	7.7752778795e+00	
1.1200458122e+01	7.5671007107e+00	
1.1300388390e+01	7.3072305277e+00	
1.1400014681e+01	7.0062053630e+00	
1.1500119854e+01	6.6777385644e+00	
1.1600391484e+01	6.2586370351e+00	
1.1700165478e+01	5.6534913931e+00	
1.1800273603e+01	4.8013505766e+00	
1.1900146744e+01	4.0806216671e+00	
1.2000256561e+01	4.2109268130e+00	
1.2100257231e+01	3.2986043009e+00	
1.2200339261e+01	3.7081210580e+00	
1.2300102164e+01	5.3600158939e+00	
1.2400184246e+01	6.8300548433e+00	
1.2500341227e+01	8.0506146947e+00	
1.2600130458e+01	1.0295246780e+01	
1.2700108546e+01	1.1391487627e+01	
1.2800287755e+01	1.3623072224e+01	
1.2900076562e+01	1.6133005640e+01	
1.3000253247e+01	1.7843953415e+01	
1.3100246926e+01	1.8600939801e+01	
1.3200418334e+01	1.9107176074e+01	
1.3300083571e+01	1.9468692008e+01	
1.3400001300e+01	1.9747432919e+01	
1.3500180533e+01	1.9774723818e+01	
1.3600285504e+01	1.9175086730e+01	
1.3700093162e+01	2.0371846694e+01	
1.3800347086e+01	2.0932309663e+01	
1.3900210230e+01	2.0591970841e+01	
1.4000233243e+01	1.9982392614e+01	
1.4100118630e+01	1.9006234996e+01	
1.4200158376e+01	2.0899054176e+01	
1.4300053984e+01	1.6201922874e+01	
1.4400332413e+01	1.3255316126e+01	
1.4500329464e+01	1.3566856219e+01	
1.4600138345e+01	1.1902691767e+01	
1.4700474433e+01	1.5262054974e+01	
1.4800055334e+01	1.4116549186e+01	
1.4900025000e+01	1.4902515061e+01	
1.5000035364e+01	1.5791450169e+01	
1.5100052782e+01	1.3827032689e+01	
1.5200001979e+01	1.2040162368e+01	
1.5300104097e+01	1.6145500641e+01	
1.5400272554e+01	2.4422041755e+01	
1.5500227862e+01	3.5567020792e+01	
1.5600216154e+01	3.5994199610e+01	
1.5700187863e+01	3.7029520931e+01	
1.5800261402e+01	3.9717711554e+01	
1.5900142651e+01	4.2324843976e+01	
1.6000321164e+01	4.5750141709e+01	
1.6100335549e+01	4.8548164693e+01	
1.6200256248e+01	4.8809497320e+01	
1.6300103410e+01	4.9020719507e+01	
1.6400315594e+01	4.4409544018e+01	
1.6500022629e+01	5.2329148514e+01	
1.6600083865e+01	5.4824018561e+01	
1.6700427728e+01	5.6725501120e+01	
1.6800111680e+01	4.8078890013e+01	
1.6900361093e+01	3.0791416837e+01	
1.7000120115e+01	3.0754298619e+01	
1.7100496349e+01	3.4715245932e+01	
1.7200453442e+01	3.3756313686e+01	
1.7300276617e+01	3.8560017670e+01	
1.7400455081e+01	3.7597849620e+01	
1.7500321727e+01	4.1341456650e+01	
1.7600433470e+01	4.9043082896e+01	
1.7700035948e+01	5.4954633434e+01	
1.7800329995e+01	5.7136165788e+01	
1.7900324336e+01	5.3554405604e+01	
1.8000205780e+01	4.1649762364e+01	
1.8100256719e+01	3.9964952973e+01	
1.8200355374e+01	5.6996981877e+01	
1.8300277864e+01	4.5018021422e+01	
1.8400163197e+01	1.3789427970e+02	
1.8500070313e+01	1.0924747453e+02	
1.8600072591e+01	1.2657728608e+02	
1.8700298624e+01	9.4348454097e+01	
1.8800142336e+01	9.8508428576e+01	
1.8900309100e+01	8.7106193042e+01	
1.9000084299e+01	8.0557975104e+01	
1.9100131162e+01	6.9404595885e+01	
1.9200152607e+01	5.5960614052e+01	
1.9300201591e+01	7.1089343040e+01	
1.9400342638e+01	8.6924523790e+01	
1.9500023429e+01	9.7865748680e+01	
1.9600170885e+01	7.8627708488e+01	
1.9700036400e+01	8.5988688577e+01	
1.9800220649e+01	1.2030376537e+02	
1.9900399844e+01	1.9719243304e+02	
2.0000384303e+01	1.1073548821e+02	
2.0100164853e+01	7.2601202719e+01	
2.0200200530e+01	6.1619347471e+01	
2.0300155076e+01	5.1420909367e+01	
2.0400217576e+01	5.6121317126e+01	
2.0500429338e+01	6.3633438777e+01	
2.0600355878e+01	6.4310139375e+01	
2.0700412478e+01	8.2165188478e+01	
2.0800288147e+01	1.1743683029e+02	
2.0900098039e+01	1.6124912218e+02	
2.1000202014e+01	7.9692947361e+01	
2.1100142537e+01	6.6030625412e+01	
2.1200128972e+01	9.0949967604e+01	
2.1300340896e+01	1.3881763335e+02	
2.1400249704e+01	1.4522733243e+02	
2.1500264630e+01	1.4088773664e+02	
2.1600185220e+01	1.4081387373e+02	
2.1700074692e+01	2.7141947611e+02	
2.1800268113e+01	1.5291874691e+02	
2.1900198933e+01	1.6881099303e+02	
2.2000216095e+01	1.1259963691e+02	
2.2100342183e+01	1.0507792686e+02	
2.2200077567e+01	1.1981852293e+02	
2.2300198803e+01	1.0310803147e+02	
2.2400139345e+01	7.9847243444e+01	
2.2500256101e+01	9.9293871324e+01	
2.2600151532e+01	9.3428918584e+01	
2.2700157826e+01	9.1025027581e+01	
2.2800127702e+01	9.0194479360e+01	
2.2900140747e+01	8.4149166080e+01	
2.3000160514e+01	7.5260108776e+01	
2.3100272488e+01	8.0244755021e+01	
2.3200335196e+01	8.1437140613e+01	
2.3300221810e+01	1.2539186122e+02	
2.3400086106e+01	7.6832877565e+01	
2.3500245814e+01	9.5861674380e+01	
2.3600247482e+01	1.0427689496e+02	
2.3700248956e+01	8.9443303446e+01	
2.3800294299e+01	8.9464781543e+01	
2.3900006783e+01	5.5130770686e+01	
2.4000025054e+01	4.0115601519e+01	
2.4100097611e+01	1.0276417158e+02	
2.4200087806e+01	2.5704983600e+02	
2.4300207177e+01	1.9109735659e+02	
2.4400180832e+01	1.0329340879e+02	
2.4500015976e+01	9.5974516354e+01	
2.4600066457e+01	1.3770887608e+02	
2.4700198562e+01	5.1854986018e+02	
2.4800330029e+01	4.0885372863e+02	
2.4900330611e+01	3.8023486044e+02	
2.5000295535e+01	3.1141715598e+02	
2.5100193908e+01	2.4124291023e+02	
2.5200315110e+01	1.2904403120e+02	
2.5300271770e+01	1.0936594138e+02	
2.5400188385e+01	1.0023300907e+02	
2.5500277182e+01	9.6714803459e+01	
2.5600340140e+01	1.1571575628e+02	
2.5700105633e+01	8.4952607413e+01	
2.5800011872e+01	1.0046331797e+02	
2.5900232717e+01	1.2725554339e+02	
2.6000029911e+01	1.4809954444e+02	
2.6100277960e+01	1.3372395746e+02	
2.6200158782e+01	1.1816500798e+02	
2.6300139725e+01	1.2291592377e+02	
2.6400296763e+01	1.5926830321e+02	
2.6500190395e+01	1.4139134114e+02	
2.6600124548e+01	1.1948066068e+02	
2.6700056709e+01	1.0092458626e+02	
2.6800045129e+01	8.6692630817e+01	
2.6900312117e+01	7.5890774398e+01	
2.7000239975e+01	1.0378356566e+02	
2.7100114199e+01	8.3070377029e+01	
2.7200342465e+01	8.8418953178e+01	
2.7300245985e+01	7.1836750322e+01	
2.7400149295e+01	7.4297124656e+01	
2.7500049085e+01	9.7686514258e+01	
2.7600083171e+01	1.1118840581e+02	
2.7700253900e+01	1.9298762106e+02	
2.7800313903e+01	1.4872897863e+02	
2.7900131437e+01	1.1774653641e+02	
2.8000342463e+01	1.2777330380e+02	
2.8100098498e+01	1.7387330020e+02	
2.8200067126e+01	2.9084346863e+02	
2.8300126322e+01	5.3144697761e+02	
2.8400264663e+01	2.8388198349e+02	
2.8500246629e+01	2.9409175001e+02	
2.8600189668e+01	3.9252104827e+02	
2.8700217897e+01	3.4503313650e+02	
2.8800015631e+01	3.1466761022e+02	
2.8900157909e+01	2.8146307204e+02	
2.9000360338e+01	3.2313355914e+02	
2.9100391351e+01	4.0284378938e+02	
2.9200167272e+01	2.4603331482e+02	
2.9300350775e+01	1.6258952161e+02	
2.9400146754e+01	1.3288104526e+02	
2.9500157236e+01	1.0943974934e+02	
2.9600230052e+01	1.2129055544e+02	
2.9700109696e+01	1.3086063475e+02	
2.9800035791e+01	1.3279760511e+02	
2.9900276065e+01	1.1201320121e+02	
3.0000080508e+01	1.7690394422e+02	
3.0100271777e+01	1.7985734245e+02	
3.0200263726e+01	1.1999530368e+02	
3.0300072244e+01	1.6241784813e+02	
3.0400133142e+01	1.6375019981e+02	
3.0500238243e+01	1.3386355504e+02	
3.0600021451e+01	1.2153832061e+02	
3.0700284908e+01	9.3938670278e+01	
3.0800345992e+01	2.4299594600e+02	
3.0900097674e+01	3.3009262980e+02	
3.1000354742e+01	2.6246952360e+02	
3.1100194265e+01	3.3322312171e+02	
3.1200187364e+01	4.8870011133e+02	
3.1300155353e+01	3.3505964606e+02	
3.1400077706e+01	2.8311982407e+02	
3.1500017125e+01	2.7784826257e+02	
3.1600168835e+01	2.6009434571e+02	
3.1700188432e+01	1.6608012414e+02	
3.1800136393e+01	1.4160145763e+02	
3.1900204755e+01	1.3579859712e+02	
3.2000081230e+01	1.5699036433e+02	
3.2100076890e+01	9.3071911691e+01	
3.2200031200e+01	1.1901836406e+02	
3.2300083460e+01	1.4205602506e+02	
3.2400339838e+01	1.6093753477e+02	
3.2500124201e+01	1.5352462122e+02	
3.2600303179e+01	1.9260860209e+02	
3.2700361699e+01	2.0346983665e+02	
3.2800148132e+01	1.6433876194e+02	
3.2900035808e+01	1.7256983730e+02	
3.3000089058e+01	1.2929104540e+02	
3.3100308464e+01	1.6055384091e+02	
3.3200334947e+01	1.5366265345e+02	
3.3300359814e+01	1.2722456161e+02	
3.3400190416e+01	1.2230820749e+02	
3.3500236505e+01	1.2971758796e+02	
3.3600338719e+01	1.3993930686e+02	
3.3700304943e+01	1.5523472374e+02	
3.3800001296e+01	1.3247931373e+02	
3.3900266048e+01	1.1240056340e+02	
3.4000288435e+01	1.2329888888e+02	
3.4100220829e+01	1.5190363271e+02	
3.4200287852e+01	1.4109341335e+02	
3.4300146479e+01	2.0002241019e+02	
3.4400222112e+01	1.9662572678e+02	
3.4500263171e+01	1.6128286600e+02	
3.4600339221e+01	1.9928038391e+02	
3.4700213280e+01	2.4847632934e+02	
3.4800281731e+01	3.7848703300e+02	
3.4900259864e+01	4.0540957108e+02	
3.5000324674e+01	4.2285125511e+02	
3.5100287969e+01	2.2052500609e+02	
3.5200405819e+01	1.5122753703e+02	
3.5300259279e+01	1.7791625483e+02	
3.5400454009e+01	1.3380255560e+02	
3.5500093574e+01	2.3746850745e+02	
3.5600100056e+01	2.5335588450e+02	
3.5700163233e+01	2.3369303662e+02	
3.5800291895e+01	2.4737438965e+02	
3.5900015795e+01	1.8873046349e+02	
3.6000061635e+01	1.4845967149e+02	
3.6100384072e+01	1.1862407352e+02	
3.6200425105e+01	1.1729036650e+02	
3.6300193988e+01	9.9922320698e+01	
3.6400423298e+01	1.3565793083e+02	
3.6500165328e+01	1.3577152130e+02	
3.6600338048e+01	1.6450394809e+02	
3.6700034999e+01	1.7462969596e+02	
3.6800145955e+01	1.9796322086e+02	
3.6900164792e+01	1.7761895042e+02	
3.7000395029e+01	1.1235700008e+02	
3.7100216216e+01	1.4857354137e+02	
3.7200164017e+01	1.3194753262e+02	
3.7300398638e+01	9.4008057633e+01	
3.7400217267e+01	8.6702754295e+01	
3.7500246213e+01	8.3608734319e+01	
3.7600083837e+01	7.9452407323e+01	
3.7700283324e+01	7.9966458586e+01	
3.7800098586e+01	7.2356175588e+01	
3.7900149212e+01	8.6461424893e+01	
3.8000406246e+01	8.8084940751e+01	
3.8100393716e+01	9.6226526934e+01	
3.8200084722e+01	8.9949121832e+01	
3.8300403777e+01	1.1901659698e+02	
3.8400406472e+01	1.0255522910e+02	
3.8500406434e+01	8.5341592272e+01	
3.8600249470e+01	9.3848272327e+01	
3.8700110864e+01	9.9238648901e+01	
3.8800050124e+01	6.8526518236e+01	
3.8900215282e+01	7.1379369906e+01	
3.9000085017e+01	7.3602157787e+01	
3.9100125667e+01	8.6045231666e+01	
3.9200283595e+01	9.1994525409e+01	
3.9300221620e+01	1.2409358574e+02	
3.9400238812e+01	1.2424947022e+02	
3.9500239194e+01	1.0105316126e+02	
3.9600449752e+01	8.8441498451e+01	
3.9700217328e+01	9.8134496074e+01	
3.9800455277e+01	1.2524618661e+02	
3.9900139455e+01	1.5239259688e+02	
4.0000055816e+01	1.5025609477e+02	
4.0100110542e+01	1.7085244723e+02	
4.0200272922e+01	1.4497999343e+02	
4.0300342770e+01	1.3293790531e+02	
4.0400408500e+01	1.6774089410e+02	
4.0500373379e+01	1.1296620145e+02	
4.0600181283e+01	9.6679986128e+01	
4.0700090216e+01	9.7863599431e+01	
4.0800188040e+01	1.1322690136e+02	
4.0900392350e+01	1.1527876943e+02	
4.1000361490e+01	1.1562105231e+02	
4.1100344000e+01	1.2056938041e+02	
4.1200246565e+01	1.1528136963e+02	
4.1300419905e+01	1.1364728323e+02	
4.1400148729e+01	9.3434601077e+01	
4.1500188250e+01	7.9432644985e+01	
4.1600143577e+01	1.4314054592e+02	
4.1700033663e+01	9.4088953246e+01	
4.1800236856e+01	8.6451839961e+01	
4.1900367058e+01	1.1590788784e+02	
4.2000014188e+01	1.1111409207e+02	
4.2100403510e+01	1.5369478308e+02	
4.2200380683e+01	1.3087537341e+02	
4.2300182996e+01	1.1990495164e+02	
4.2400373346e+01	1.1873003452e+02	
4.2500312743e+01	1.0066602182e+02	
4.2600341535e+01	9.4095265202e+01	
4.2700360975e+01	7.3691675720e+01	
4.2800317855e+01	9.0677474922e+01	
4.2900080130e+01	7.4207748229e+01	
4.3000336392e+01	1.2446927844e+02	
4.3100475000e+01	1.2004630506e+02	
4.3200347931e+01	1.0954141720e+02	
4.3300418106e+01	1.2815203224e+02	
4.3400304614e+01	9.3067978585e+01	
4.3500152191e+01	9.6295438110e+01	
4.3600020597e+01	8.4913544416e+01	
4.3700270049e+01	1.1109625775e+02	
4.3800012896e+01	1.7522726837e+02	
4.3900390779e+01	1.4664373464e+02	
4.4000393735e+01	1.0242348564e+02	
4.4100032943e+01	9.0130744980e+01	
4.4200028061e+01	1.1707446722e+02	
4.4300237819e+01	1.0455399158e+02	
4.4400123173e+01	2.7549036161e+02	
4.4500281443e+01	1.7864792156e+02	
4.4600285002e+01	2.1601541496e+02	
4.4700456463e+01	1.7664306261e+02	
4.4800237645e+01	1.4376442412e+02	
4.4900066503e+01	1.3436995901e+02	
4.5000275243e+01	1.3465703038e+02	
4.5100261628e+01	1.3471558512e+02	
4.5200134570e+01	1.0897432945e+02	
4.5300369625e+01	1.6644606275e+02	
4.5400384650e+01	2.1720616565e+02	
4.5500070894e+01	2.1789971848e+02	
4.5600498549e+01	2.1103144309e+02	
4.5700511554e+01	2.0299276538e+02	
4.5800225467e+01	1.9497247871e+02	
4.5900260215e+01	1.8648050144e+02	
4.6000251666e+01	2.0357505305e+02	
4.6100494025e+01	2.1781216379e+02	
4.6200349254e+01	1.9025630754e+02	
4.6300123697e+01	1.2812980820e+02	
4.6400123984e+01	1.1324272692e+02	
4.6500228636e+01	1.4953587885e+02	
4.6600094811e+01	1.1205775032e+02	
4.6700503208e+01	1.2418716891e+02	
4.6800167466e+01	1.2828397646e+02	
4.6900461068e+01	1.0114443540e+02	
4.7000302107e+01	1.1052087317e+02	
4.7100070342e+01	1.0596038391e+02	
4.7200422711e+01	9.4046282537e+01	
4.7300132553e+01	1.2481557589e+02	
4.7400049654e+01	8.9869099823e+01	
4.7500287880e+01	9.2297495556e+01	
4.7600113511e+01	1.2781080623e+02	
4.7700265978e+01	1.0540940681e+02	
4.7800391240e+01	9.4332301563e+01	
4.7900032680e+01	1.2246327444e+02	
4.8000074441e+01	1.2650045636e+02	
4.8100204505e+01	1.1892085730e+02	
4.8200105714e+01	1.0422164075e+02	
4.8300054311e+01	1.0424098693e+02	
4.8400035863e+01	8.2323401115e+01	
4.8500412257e+01	9.4282232788e+01	
4.8600310755e+01	1.1122798971e+02	
4.8700038532e+01	1.1302998389e+02	
4.8800073631e+01	1.0476703221e+02	
4.8900335471e+01	9.6443140153e+01	
4.9000071584e+01	9.2240336712e+01	
4.9100482966e+01	1.0656630915e+02	
4.9200215825e+01	8.3564240490e+01	
4.9300221210e+01	8.2579141081e+01	
4.9400204650e+01	8.0580377388e+01	
4.9500148595e+01	7.4542075726e+01	
4.9600304070e+01	6.6208445411e+01	
4.9700295506e+01	5.3430996857e+01	
4.9800153776e+01	5.5178926456e+01	
4.9900109247e+01	6.4203122619e+01	
5.0000353706e+01	6.6071208115e+01	
5.0100197943e+01	7.5572170910e+01	
5.0200170939e+01	9.2854298455e+01	
5.0300540484e+01	1.0145135961e+02	
5.0400392730e+01	7.3342356173e+01	
5.0500012667e+01	8.2730360602e+01	
5.0600232836e+01	1.1348458069e+02	
5.0700397568e+01	1.2520381131e+02	
5.0800191054e+01	1.0512986063e+02	
5.0900120317e+01	9.9555782110e+01	
5.1000077260e+01	1.0413086934e+02	
5.1100264713e+01	9.7108890623e+01	
5.1200423115e+01	9.9875720047e+01	
5.1300521469e+01	1.0783371713e+02	
5.1400185438e+01	1.0502793001e+02	
5.1500053934e+01	1.0441124423e+02	
5.1600371252e+01	9.4274780068e+01	
5.1700373244e+01	1.1087376809e+02	
5.1800519247e+01	1.1224780742e+02	
5.1900392199e+01	1.3013670881e+02	
5.2000055094e+01	1.0333479067e+02	
5.2100166687e+01	8.0643912363e+01	
5.2200161060e+01	6.5798366368e+01	
5.2300529192e+01	6.8157772609e+01	
5.2400524479e+01	8.2968384134e+01	
5.2500528311e+01	9.6133220895e+01	
5.2600017019e+01	1.0398102528e+02	
5.2700208843e+01	1.0573892782e+02	
5.2800564722e+01	7.5065345435e+01	
5.2900288066e+01	9.6516898782e+01	
5.3000100439e+01	1.0932490518e+02	
5.3100552077e+01	8.8821414266e+01	
5.3200178372e+01	7.0762930395e+01	
5.3300410622e+01	8.6833410986e+01	
5.3400429331e+01	9.3190159809e+01	
5.3500496563e+01	8.7171868833e+01	
5.3600357655e+01	7.5209176008e+01	
5.3700309960e+01	6.5450828076e+01	
5.3800303496e+01	7.0352556267e+01	
5.3900169219e+01	8.0056218366e+01	
5.4000493900e+01	8.4558377422e+01	
5.4100042792e+01	8.6593053275e+01	
5.4200321103e+01	8.7933256598e+01	
5.4300402006e+01	8.9422118204e+01	
5.4400362001e+01	9.0670853838e+01	
5.4500525566e+01	9.0932763234e+01	
5.4600494309e+01	9.0228337132e+01	
5.4700528287e+01	8.9177516839e+01	
5.4800254373e+01	7.1062115717e+01	
5.4900101756e+01	5.3347736819e+01	
5.5000162424e+01	6.6180173972e+01	
5.5100192238e+01	5.9013631363e+01	
5.5200225477e+01	6.0124024349e+01	
5.5300149152e+01	7.3613437763e+01	
5.5400232355e+01	6.0348406007e+01	
5.5500199298e+01	6.4643607961e+01	
5.5600320926e+01	7.3408306643e+01	
5.5700497233e+01	8.0303636967e+01	
5.5800407223e+01	7.2106246534e+01	
5.5900423885e+01	7.3707801050e+01	
5.6000150546e+01	6.7984213682e+01	
5.6100083278e+01	5.7658268275e+01	
5.6200141434e+01	9.2282849877e+01	
5.6300418824e+01	1.0114125574e+02	
5.6400132596e+01	8.5714851493e+01	
5.6500431836e+01	5.7711028305e+01	
5.6600460902e+01	4.2848773635e+01	
5.6700294590e+01	4.3932391840e+01	
5.6800014257e+01	6.2056028022e+01	
5.6900177963e+01	5.8969621007e+01	
5.7000375539e+01	5.4454198858e+01	
5.7100418477e+01	4.6852202835e+01	
5.7200071418e+01	4.2630559894e+01	
5.7300101555e+01	4.5600756800e+01	
5.7400432852e+01	5.8196098050e+01	
5.7500495195e+01	7.3102614023e+01	
5.7600343831e+01	1.0058598068e+02	
5.7700078889e+01	1.1177163920e+02	
5.7800250114e+01	1.3233230285e+02	
5.7900042866e+01	1.2669318766e+02	
5.8000476903e+01	1.3159756783e+02	
5.8100511289e+01	1.4154746929e+02	
5.8200487507e+01	1.4919284626e+02	
5.8300061124e+01	1.4433234690e+02	
5.8400196994e+01	1.2644577689e+02	
5.8500404803e+01	1.4799862930e+02	
5.8600319850e+01	7.2193297813e+01	
5.8700009337e+01	6.7492390634e+01	
5.8800227910e+01	7.0394500636e+01	
5.8900203868e+01	8.0246014282e+01	
5.9000290513e+01	1.0390465077e+02	
5.9100130971e+01	7.5530297112e+01	
5.9200074139e+01	7.3970386951e+01	
5.9300379033e+01	7.1654083885e+01	
5.9400221532e+01	6.2424077244e+01	
5.9500030082e+01	5.4624240219e+01	
5.9600014325e+01	7.8847379588e+01	
5.9700581893e+01	7.6110978638e+01	
5.9800283195e+01	5.6066876303e+01	
5.9900329536e+01	4.6759395703e+01	
6.0000345971e+01	4.4923406656e+01	
6.0100138775e+01	4.9672350458e+01	
6.0200532265e+01	4.4048511705e+01	
6.0300530847e+01	4.2076550839e+01	
6.0400258245e+01	5.3787918731e+01	
6.0500306797e+01	7.5440043473e+01	
6.0600352491e+01	7.7455522564e+01	
6.0700169031e+01	9.0000194636e+01	
6.0800360780e+01	8.6860242366e+01	
6.0900389293e+01	9.3095636756e+01	
6.1000243840e+01	8.6712984675e+01	
6.1100346124e+01	7.8835757076e+01	
6.1200015112e+01	8.4526328300e+01	
6.1300224114e+01	8.6500938800e+01	
6.1400264494e+01	8.5419825558e+01	
6.1500308940e+01	8.5729938689e+01	
6.1600176952e+01	8.6453484783e+01	
6.1700482147e+01	8.6458842101e+01	
6.1800202605e+01	7.4278846595e+01	
6.1900469934e+01	6.8072530298e+01	
6.2000314400e+01	5.9851974938e+01	
6.2100555213e+01	5.5201753693e+01	
6.2200419911e+01	4.8806180069e+01	
6.2300232051e+01	6.0502430943e+01	
6.2400511480e+01	6.2179093578e+01	
6.2500476654e+01	5.9048980475e+01	
6.2600242506e+01	5.5849497625e+01	
6.2700557863e+01	7.5519023701e+01	
6.2800298769e+01	5.9256437261e+01	
6.2900443493e+01	4.7348698947e+01	
6.3000498720e+01	4.5753414680e+01	
6.3100225397e+01	4.0695080391e+01	
6.3200374784e+01	3.9632392735e+01	
6.3300505656e+01	3.7525798672e+01	
6.3400041104e+01	3.3014447966e+01	
6.3500313091e+01	3.9174869787e+01	
6.3600268453e+01	4.0294780710e+01	
6.3700252667e+01	5.8630140687e+01	
6.3800159313e+01	6.0734248971e+01	
6.3900184892e+01	6.9422813105e+01	
6.4000306846e+01	6.7434491871e+01	
6.4100207037e+01	7.0272119701e+01	
6.4200480793e+01	6.9365641332e+01	
6.4300216578e+01	5.8925621331e+01	
6.4400303035e+01	5.4252695332e+01	
6.4500409493e+01	5.5113360588e+01	
6.4600394464e+01	5.8051678763e+01	
6.4700318203e+01	6.2404796570e+01	
6.4800436326e+01	6.6571143712e+01	
6.4900265936e+01	6.5593421971e+01	
6.5000369871e+01	6.4204091941e+01	
6.5100197468e+01	6.1103218138e+01	
6.5200145699e+01	5.8552325214e+01	
6.5300028462e+01	6.6172189738e+01	
6.5400400445e+01	7.2793459569e+01	
6.5500001533e+01	9.5720200009e+01	
6.5600444619e+01	1.2921330323e+02	
6.5700325198e+01	1.5053737191e+02	
6.5800512895e+01	1.0111666577e+02	
6.5900130469e+01	9.9665022285e+01	
6.6000098276e+01	8.3189504128e+01	
6.6100257372e+01	6.3991481452e+01	
6.6200078120e+01	6.4117460396e+01	
6.6300091602e+01	6.3317175394e+01	
6.6400230588e+01	9.4532520574e+01	
6.6500378318e+01	6.3184828947e+01	
6.6600066367e+01	7.0775436403e+01	
6.6700214302e+01	7.2573339776e+01	
6.6800082707e+01	6.2554367850e+01	
6.6900471757e+01	7.0258723831e+01	
6.7000350484e+01	7.0441251916e+01	
6.7100117503e+01	6.5646632729e+01	
6.7200071976e+01	6.1495045121e+01	
6.7300092686e+01	5.5170219757e+01	
6.7400019335e+01	4.6962641608e+01	
6.7500244564e+01	5.0899091932e+01	
6.7600267264e+01	4.9139130961e+01	
6.7700386669e+01	5.4464103981e+01	
6.7800256190e+01	5.9276158526e+01	
6.7900149034e+01	7.3082038337e+01	
6.8000241486e+01	8.0530525258e+01	
6.8100071498e+01	7.6641975525e+01	
6.8200378637e+01	1.0306818006e+02	
6.8300010810e+01	1.0605605204e+02	
6.8400176317e+01	7.7578831120e+01	
6.8500190886e+01	7.0249762039e+01	
6.8600122123e+01	8.5779670018e+01	
6.8700126016e+01	6.2587512289e+01	
6.8800007165e+01	7.0115290784e+01	
6.8900169161e+01	7.3953779589e+01	
6.9000281934e+01	7.4026899409e+01	
6.9100031161e+01	6.9267411770e+01	
6.9200011274e+01	6.4681978811e+01	
6.9300131477e+01	5.9649889791e+01	
6.9400061367e+01	5.4546401495e+01	
6.9500017633e+01	6.7184316949e+01	
6.9600349694e+01	7.0616184009e+01	
6.9700101041e+01	7.0759243698e+01	
6.9800429313e+01	7.0101729506e+01	
6.9900444637e+01	6.6271650852e+01	
7.0000314190e+01	6.0802696890e+01	
7.0100274418e+01	5.7996436790e+01	
7.0200277120e+01	5.2500990344e+01	
7.0300248473e+01	6.1709659951e+01	
7.0400096740e+01	5.6918437574e+01	
7.0500333951e+01	5.6407042858e+01	
7.0600311852e+01	8.6179963303e+01	
7.0700067674e+01	9.2951377868e+01	
7.0800507845e+01	8.3325559137e+01	
7.0900328646e+01	9.1637484760e+01	
7.1000113524e+01	9.8073439955e+01	
7.1100103685e+01	1.0093381539e+02	
7.1200245424e+01	9.7365522540e+01	
7.1300281281e+01	9.1718759461e+01	
7.1400264260e+01	9.7889070465e+01	
7.1500162590e+01	1.0764453258e+02	
7.1600040130e+01	1.0737276182e+02	
7.1700516119e+01	1.2456862116e+02	
7.1800088477e+01	1.0480348540e+02	
7.1900108772e+01	7.4320025342e+01	
7.2000187334e+01	6.2955750309e+01	
7.2100249679e+01	6.1101204967e+01	
7.2200445028e+01	5.5425030630e+01	
7.2300411526e+01	5.7637937904e+01	
7.2400459676e+01	5.5021063370e+01	
7.2500447902e+01	5.1605393179e+01	
7.2600535493e+01	5.0006133467e+01	
7.2700480248e+01	5.1916722429e+01	
7.2800248843e+01	5.0463359611e+01	
7.2900398797e+01	5.2011558000e+01	
7.3000535737e+01	6.3788122929e+01	
7.3100084492e+01	8.6679064056e+01	
7.3200067285e+01	1.0126027290e+02	
7.3300493459e+01	1.4212323098e+02	
7.3400503023e+01	1.7260610411e+02	
7.3500337041e+01	1.5660919271e+02	
7.3600484253e+01	1.5839924708e+02	
7.3700350114e+01	1.3410698703e+02	
7.3800104061e+01	1.3280864528e+02	
7.3900448733e+01	1.3718495968e+02	
7.4000137647e+01	1.3889009995e+02	
7.4100465368e+01	1.4012558759e+02	
7.4200287797e+01	1.5031889311e+02	
7.4300491842e+01	1.3995557106e+02	
7.4400087893e+01	1.1342157771e+02	
7.4500393485e+01	8.9047407620e+01	
7.4600122660e+01	1.1364998984e+02	
7.4700256611e+01	1.0732433669e+02	
7.4800237107e+01	1.2883298099e+02	
7.4900153997e+01	9.9821168632e+01	
7.5000127570e+01	1.0167724095e+02	
7.5100586895e+01	1.0637818353e+02	
7.5200017830e+01	1.0524121460e+02	
7.5300063746e+01	1.0439766552e+02	
7.5400098559e+01	9.3145112808e+01	
7.5500383676e+01	9.2346936459e+01	
7.5600548861e+01	9.2239125552e+01	
7.5700001148e+01	9.4718999792e+01	
7.5800432149e+01	1.0393910368e+02	
7.5900426955e+01	1.1320869428e+02	
7.6000357172e+01	1.0403369583e+02	
7.6100400522e+01	1.0014063316e+02	
7.6200068314e+01	1.5491257482e+02	
7.6300202976e+01	1.3332851129e+02	
7.6400173632e+01	1.0590600770e+02	
7.6500281736e+01	7.8938510531e+01	
7.6600518815e+01	6.7976824018e+01	
7.6700133923e+01	6.7968784349e+01	
7.6800053977e+01	6.3198616420e+01	
7.6900297124e+01	5.4497333752e+01	
7.7000147707e+01	7.1312043692e+01	
7.7100182993e+01	8.1363114298e+01	
7.7200460980e+01	7.1744890074e+01	
7.7300044907e+01	6.1710402132e+01	
7.7400123818e+01	5.2265914312e+01	
7.7500079305e+01	6.4863683709e+01	
7.7600277446e+01	8.2441966998e+01	
7.7700277132e+01	9.6819091423e+01	
7.7800041261e+01	9.5944609319e+01	
7.7900279535e+01	7.4632953265e+01	
7.8000437267e+01	5.8769215877e+01	
7.8100180079e+01	6.1568605571e+01	
7.8200407243e+01	6.1316488960e+01	
7.8300295268e+01	5.5602297769e+01	
7.8400443573e+01	4.9545796218e+01	
7.8500500967e+01	4.8232450982e+01	
7.8600151042e+01	4.5188820557e+01	
7.8700428310e+01	4.9125838220e+01	
7.8800459440e+01	5.3622643072e+01	
7.8900196062e+01	5.7880322420e+01	
7.9000468133e+01	5.8959330720e+01	
7.9100325691e+01	6.7701393446e+01	
7.9200515520e+01	6.2609700839e+01	
7.9300082924e+01	5.5556695090e+01	
7.9400472119e+01	5.6877791811e+01	
7.9500007042e+01	5.4780279511e+01	
7.9600264054e+01	7.5438558620e+01	
7.9700034632e+01	8.3296307560e+01	
7.9800089975e+01	1.0721819730e+02	
7.9900201444e+01	9.1520256255e+01	
8.0000250614e+01	8.4495800180e+01	
8.0100481351e+01	1.4840710838e+02	
8.0200302268e+01	1.4497707157e+02	
8.0300442956e+01	1.5745750667e+02	
8.0400021482e+01	1.9164839523e+02	
8.0500129053e+01	2.2841047348e+02	
8.0600042189e+01	1.1774487024e+02	
8.0700321642e+01	8.9306277458e+01	
8.0800442281e+01	9.9076171669e+01	
8.0900402526e+01	1.0320130265e+02	
8.1000544134e+01	8.7977846601e+01	
8.1100387807e+01	1.1727200919e+02	
8.1200388261e+01	7.5689137553e+01	
8.1300404879e+01	6.2799584313e+01	
8.1400202846e+01	7.1628718733e+01	
8.1500318277e+01	8.7218237035e+01	
8.1600272389e+01	9.7773762662e+01	
8.1700470612e+01	1.0121998423e+02	
8.1800414238e+01	8.1063534281e+01	
8.1900484618e+01	6.3259820670e+01	
8.2000544035e+01	6.7340781839e+01	
8.2100005109e+01	6.2508922916e+01	
8.2200512874e+01	5.5853445261e+01	
8.2300335178e+01	4.9694521386e+01	
8.2400334740e+01	4.3777354816e+01	
8.2500545165e+01	4.4533823306e+01	
8.2600472836e+01	6.4747412118e+01	
8.2700387662e+01	7.0263104383e+01	
8.2800081041e+01	8.7949005319e+01	
8.2900395761e+01	8.1644223513e+01	
8.3000059845e+01	8.7045523426e+01	
8.3100323056e+01	8.7672516804e+01	
8.3200216476e+01	8.3678287585e+01	
8.3300013447e+01	7.7298552311e+01	
8.3400327866e+01	7.8881613984e+01	
8.3500402923e+01	7.8648861140e+01	
8.3600021481e+01	6.9670642837e+01	
8.3700392719e+01	6.4272994604e+01	
8.3800501471e+01	5.8575290913e+01	
8.3900565548e+01	6.5281657690e+01	
8.4000458104e+01	8.9182758744e+01	
8.4100340306e+01	7.6860989931e+01	
8.4200221269e+01	8.5936690865e+01	
8.4300507542e+01	6.9029256710e+01	
8.4400016501e+01	4.3488532419e+01	
8.4500369567e+01	4.0843372407e+01	
8.4600136254e+01	4.7809010790e+01	
8.4700033772e+01	5.8735715857e+01	
8.4800110303e+01	4.6516480742e+01	
8.4900025726e+01	4.9461941765e+01	
8.5000350173e+01	4.6785260265e+01	
8.5100006430e+01	4.9232645256e+01	
8.5200339564e+01	4.3810094448e+01	
8.5300030495e+01	5.1045359938e+01	
8.5400338344e+01	5.1500447370e+01	
8.5500079609e+01	5.2788357482e+01	
8.5600490278e+01	5.7386731643e+01	
8.5700132948e+01	6.3475346091e+01	
8.5800087938e+01	6.6607920946e+01	
8.5900417535e+01	6.8903639942e+01	
8.6000194380e+01	6.8513843220e+01	
8.6100168042e+01	6.8851716932e+01	
8.6200187327e+01	7.2659082612e+01	
8.6300005673e+01	8.1936518584e+01	
8.6400163559e+01	8.3016408083e+01	
8.6500073364e+01	7.3215500331e+01	
8.6600028626e+01	6.3705488520e+01	
8.6700142970e+01	7.9228798914e+01	
8.6800119628e+01	9.0400770597e+01	
8.6900168050e+01	9.5286237712e+01	
8.7000216401e+01	1.1028883490e+02	
8.7100134979e+01	1.6609399102e+02	
8.7200169785e+01	1.7884318137e+02	
8.7300061529e+01	1.3160558935e+02	
8.7400547340e+01	9.4805825333e+01	
8.7500009588e+01	9.3335152806e+01	
8.7600247727e+01	7.3712974913e+01	
8.7700314092e+01	1.1603795311e+02	
8.7800001865e+01	1.2288684798e+02	
8.7900110840e+01	1.1449324689e+02	
8.8000228262e+01	1.0535702761e+02	
8.8100080813e+01	1.0326177677e+02	
8.8200209552e+01	9.9336641420e+01	
8.8300118086e+01	9.3945709185e+01	
8.8400312148e+01	9.3062774258e+01	
8.8500250057e+01	8.9321806967e+01	
8.8600245319e+01	8.4128411964e+01	
8.8700083046e+01	8.0048230411e+01	
8.8800343951e+01	7.5172753285e+01	
8.8900117033e+01	7.0031533944e+01	
8.9000007151e+01	6.4864254023e+01	
8.9100338841e+01	5.9819974817e+01	
8.9200346191e+01	6.4501355140e+01	
8.9300138203e+01	6.5355711419e+01	
8.9400337516e+01	4.8430379476e+01	
8.9500088560e+01	7.2518844278e+01	
8.9600324586e+01	5.3262518819e+01	
8.9700440952e+01	5.3994101939e+01	
8.9800155852e+01	5.7556937803e+01	
8.9900426522e+01	5.8616961765e+01	
9.0000444334e+01	5.1116696982e+01	
9.0100279014e+01	6.6419054903e+01	
9.0200494852e+01	7.3940379093e+01	
9.0300056851e+01	6.1007264073e+01	
9.0400472680e+01	6.0269158006e+01	
9.0500211564e+01	5.3873594577e+01	
9.0600098729e+01	6.3995901286e+01	
9.0700407075e+01	7.9789401087e+01	
9.0800348882e+01	8.0898425769e+01	
9.0900148708e+01	5.6325506730e+01	
9.1000227717e+01	5.7902595509e+01	
9.1100060716e+01	6.3297685910e+01	
9.1200483473e+01	8.2943246301e+01	
9.1300081193e+01	1.0703243591e+02	
9.1400067619e+01	1.2935429658e+02	
9.1500466874e+01	1.0101727000e+02	
9.1600176830e+01	1.0542881814e+02	
9.1700258219e+01	9.9425796698e+01	
9.1800326529e+01	8.7547397377e+01	
9.1900005050e+01	7.3849107019e+01	
9.2000228211e+01	6.9710429675e+01	
9.2100356096e+01	8.9148919841e+01	
9.2200474014e+01	9.5566389790e+01	
9.2300486949e+01	8.4388990509e+01	
9.2400270099e+01	7.9622005639e+01	
9.2500213259e+01	7.8670113170e+01	
9.2600128930e+01	7.3969031234e+01	
9.2700200927e+01	9.7995332255e+01	
9.2800471755e+01	1.0424004896e+02	
9.2900086603e+01	1.3410005798e+02	
9.3000452565e+01	1.4786382237e+02	
9.3100440836e+01	1.3167976727e+02	
9.3200162219e+01	1.2654542237e+02	
9.3300451197e+01	1.4282785854e+02	
9.3400075229e+01	1.3290334253e+02	
9.3500177274e+01	1.7789615199e+02	
9.3600220704e+01	1.6818704426e+02	
9.3700512679e+01	1.7710077908e+02	
9.3800175111e+01	9.7366856898e+01	
9.3900340610e+01	1.0303390973e+02	
9.4000195689e+01	9.7688259311e+01	
9.4100567946e+01	8.1033761224e+01	
9.4200177073e+01	8.0006695281e+01	
9.4300223388e+01	5.6627986769e+01	
9.4400101309e+01	5.2921415191e+01	
9.4500121696e+01	5.8442751930e+01	
9.4600073326e+01	6.3223789702e+01	
9.4700416111e+01	6.5391376424e+01	
9.4800291499e+01	6.3552646723e+01	
9.4900069451e+01	5.8760952180e+01	
9.5000460704e+01	5.6083691332e+01	
9.5100171792e+01	6.2430864957e+01	
9.5200114725e+01	6.2251350109e+01	
9.5300026842e+01	6.6665129329e+01	
9.5400275100e+01	7.1147587670e+01	
9.5500351833e+01	7.4156267795e+01	
9.5600479809e+01	7.2703832687e+01	
9.5700051231e+01	7.0050760027e+01	
9.5800244783e+01	6.3403384311e+01	
9.5900035774e+01	5.7910088735e+01	
9.6000114771e+01	5.4241187285e+01	
9.6100239994e+01	5.1191257023e+01	
9.6200344796e+01	5.4610753555e+01	
9.6300457350e+01	5.7679468119e+01	
9.6400237141e+01	6.5361934321e+01	
9.6500101411e+01	7.8362410265e+01	
9.6600492490e+01	6.5869426322e+01	
9.6700225205e+01	5.3998777411e+01	
9.6800484361e+01	5.6479631930e+01	
9.6900291492e+01	5.2672568804e+01	
9.7000289728e+01	5.2390720897e+01	
9.7100137852e+01	5.8507223173e+01	
9.7200344943e+01	6.7382065823e+01	
9.7300287491e+01	6.7128729515e+01	
9.7400350159e+01	7.9912137097e+01	
9.7500365581e+01	9.1877566492e+01	
9.7600470241e+01	7.8857797072e+01	
9.7700318443e+01	6.5686728505e+01	
9.7800188794e+01	5.5303144714e+01	
9.7900159743e+01	6.9637177098e+01	
9.8000391492e+01	7.7146872567e+01	
9.8100073444e+01	7.6031774306e+01	
9.8200138184e+01	7.2524064878e+01	
9.8300359840e+01	9.1181766873e+01	
9.8400232263e+01	8.5442824917e+01	
9.8500199563e+01	6.5150518931e+01	
9.8600066609e+01	8.4578735804e+01	
9.8700099167e+01	9.1082274177e+01	
9.8800242674e+01	1.0344034993e+02	
9.8900070794e+01	1.1037395700e+02	
9.9000384722e+01	1.2765832646e+02	
9.9100447518e+01	1.2857106745e+02	
9.9200032618e+01	1.4541589125e+02	
9.9300368186e+01	1.2718826685e+02	
9.9400432483e+01	1.2300254329e+02	
9.9500322921e+01	1.1627563093e+02	
9.9600008521e+01	1.1207246965e+02	
9.9700056834e+01	1.1646743851e+02	
9.9800508143e+01	1.1559854262e+02	
9.9900317037e+01	1.1033417271e+02	
1.0000009553e+02	1.3356112876e+02	
1.0010021141e+02	1.0758011911e+02	
1.0020030441e+02	1.1126877696e+02	
1.0030020958e+02	1.2048148917e+02	
1.0040009332e+02	1.2112380118e+02	
1.0050019465e+02	1.1669668111e+02	
1.0060022059e+02	1.0845571423e+02	
1.0070031607e+02	1.0145980906e+02	
1.0080017193e+02	8.8955488986e+01	
1.0090018832e+02	8.0731124173e+01	
1.0100014308e+02	7.6398209252e+01	
1.0110032899e+02	7.9909163658e+01	
1.0120017645e+02	8.2236191172e+01	
1.0130030368e+02	9.1512909263e+01	
1.0140001513e+02	9.6218662099e+01	
1.0150003322e+02	9.6519924217e+01	
1.0160021086e+02	9.3491910762e+01	
1.0170049528e+02	8.7828946050e+01	
1.0180036203e+02	8.0386043209e+01	
1.0190003515e+02	8.9255389703e+01	
1.0200041086e+02	7.5710953222e+01	
1.0210044480e+02	9.7263104683e+01	
1.0220049382e+02	9.3361605356e+01	
1.0230030610e+02	9.1558466719e+01	
1.0240044054e+02	8.0707852746e+01	
1.0250015590e+02	6.9049838897e+01	
1.0260027923e+02	7.0344718319e+01	
1.0270008357e+02	8.3039323558e+01	
1.0280023092e+02	9.1798320490e+01	
1.0290025044e+02	9.3237738553e+01	
1.0300015847e+02	1.0755373219e+02	
1.0310020901e+02	1.1113009161e+02	
1.0320011551e+02	8.3089999014e+01	
1.0330011077e+02	6.7699252213e+01	
1.0340035163e+02	7.9928244660e+01	
1.0350020547e+02	9.0702636783e+01	
1.0360033790e+02	9.1757117291e+01	
1.0370016269e+02	7.8310492738e+01	
1.0380026534e+02	6.4094269439e+01	
1.0390052593e+02	5.5046329399e+01	
1.0400024658e+02	5.5257186298e+01	
1.0410004308e+02	5.6649917289e+01	
1.0420046638e+02	5.3231193883e+01	
1.0430019265e+02	4.5966352380e+01	
1.0440002165e+02	4.7468727648e+01	
1.0450027078e+02	6.3383478475e+01	
1.0460010764e+02	9.1173162196e+01	
1.0470042133e+02	5.6032381504e+01	
1.0480025262e+02	4.4234998989e+01	
1.0490010128e+02	5.8670231472e+01	
1.0500022129e+02	7.7098367296e+01	
1.0510048179e+02	8.7290966373e+01	
1.0520031304e+02	7.0349318869e+01	
1.0530032835e+02	6.4847264691e+01	
1.0540016458e+02	5.6562946309e+01	
1.0550028857e+02	5.7292682628e+01	
1.0560020348e+02	7.9719609796e+01	
1.0570005854e+02	1.1035991115e+02	
1.0580025102e+02	1.2362270274e+02	
1.0590022827e+02	1.2783881640e+02	
1.0600039699e+02	1.2813116380e+02	
1.0610015865e+02	1.2913426873e+02	
1.0620011088e+02	1.1241644302e+02	
1.0630035567e+02	1.1602271200e+02	
1.0640050340e+02	1.1605052913e+02	
1.0650027903e+02	1.3610786692e+02	
1.0660051150e+02	1.7662354560e+02	
1.0670047924e+02	1.3079698394e+02	
1.0680029074e+02	1.8822541044e+02	
1.0690037989e+02	2.0781723631e+02	
1.0700041308e+02	2.0839225756e+02	
1.0710048567e+02	2.2722097675e+02	
1.0720031669e+02	2.3383908110e+02	
1.0730044526e+02	2.0933095248e+02	
1.0740021531e+02	1.7484261049e+02	
1.0750042362e+02	2.5199151654e+02	
1.0760005862e+02	2.8689150328e+02	
1.0770036133e+02	2.6088673647e+02	
1.0780024683e+02	2.4260580471e+02	
1.0790000337e+02	1.9847797562e+02	
1.0800026148e+02	1.8233781010e+02	
1.0810044044e+02	1.4718647329e+02	
1.0820000055e+02	1.1567091127e+02	
1.0830026601e+02	9.7746472010e+01	
1.0840043794e+02	9.2325307067e+01	
1.0850019324e+02	8.4298231764e+01	
1.0860027398e+02	7.2903046512e+01	
1.0870009019e+02	5.9742064631e+01	
1.0880044393e+02	6.4054333521e+01	
1.0890014890e+02	6.6550827457e+01	
1.0900010176e+02	6.7107991090e+01	
1.0910000403e+02	5.6339925545e+01	
1.0920001569e+02	5.5729815419e+01	
1.0930022471e+02	6.1502833860e+01	
1.0940044979e+02	6.5152215030e+01	
1.0950010459e+02	6.7971936491e+01	
1.0960009935e+02	5.6806766440e+01	
1.0970039714e+02	8.8493859335e+01	
1.0980036229e+02	7.6897546106e+01	
1.0990011214e+02	4.7961102093e+01	
1.1000050431e+02	4.0302958102e+01	
1.1010003104e+02	4.5684520429e+01	
1.1020021422e+02	5.8820786926e+01	
1.1030000450e+02	6.1337466294e+01	
1.1040036741e+02	6.1818451360e+01	
1.1050025737e+02	7.4897181936e+01	
1.1060023711e+02	1.1265895495e+02	
1.1070010994e+02	8.7080461849e+01	
1.1080044540e+02	7.6552875398e+01	
1.1090008148e+02	6.8956890900e+01	
1.1100048639e+02	6.4455750946e+01	
1.1110027028e+02	6.2162068838e+01	
1.1120031466e+02	6.0541402899e+01	
1.1130027921e+02	6.0184253625e+01	
1.1140041144e+02	8.1342899539e+01	
1.1150030267e+02	1.0355715348e+02	
1.1160030223e+02	8.7475057596e+01	
1.1170001231e+02	7.0770995226e+01	
1.1180041954e+02	8.3820968640e+01	
1.1190035317e+02	9.4385191069e+01	
1.1200014697e+02	1.2480020323e+02	
1.1210027669e+02	1.7001678201e+02	
1.1220031345e+02	2.2022191352e+02	
1.1230049968e+02	1.8922995938e+02	
1.1240022300e+02	1.2401492423e+02	
1.1250006753e+02	1.0355581583e+02	
1.1260047477e+02	1.3254400263e+02	
1.1270023419e+02	9.9378886127e+01	
1.1280030790e+02	9.3245508426e+01	
1.1290038107e+02	8.6437437505e+01	
1.1300031592e+02	9.3562547558e+01	
1.1310030227e+02	1.0415124963e+02	
1.1320052176e+02	1.0533266582e+02	
1.1330039531e+02	9.3237923467e+01	
1.1340038612e+02	8.7237076365e+01	
1.1350035165e+02	7.7081509092e+01	
1.1360020824e+02	7.6683458180e+01	
1.1370031489e+02	7.8523215824e+01	
1.1380023676e+02	8.2070427653e+01	
1.1390018595e+02	8.1830679389e+01	
1.1400043826e+02	7.9710148140e+01	
1.1410020537e+02	7.6188439617e+01	
1.1420027430e+02	7.1993282302e+01	
1.1430002213e+02	6.7204596878e+01	
1.1440004510e+02	7.1138187314e+01	
1.1450043285e+02	8.1027172473e+01	
1.1460003351e+02	8.6390208705e+01	
1.1470038479e+02	8.9917758031e+01	
1.1480017324e+02	9.6026589196e+01	
1.1490009517e+02	1.0822202029e+02	
1.1500019337e+02	1.2804278694e+02	
1.1510039003e+02	1.5150943725e+02	
1.1520051090e+02	1.4211092411e+02	
1.1530046208e+02	1.0861219714e+02	
1.1540005100e+02	7.1938592923e+01	
1.1550017156e+02	6.8138029787e+01	
1.1560022358e+02	5.0341837721e+01	
1.1570033364e+02	5.0212108882e+01	
1.1580054973e+02	4.9296180480e+01	
1.1590025524e+02	4.7236410603e+01	
1.1600001077e+02	4.5161502082e+01	
1.1610042525e+02	5.4084893328e+01	
1.1620046103e+02	5.9692019093e+01	
1.1630032896e+02	5.0191418840e+01	
1.1640050509e+02	4.7842323077e+01	
1.1650003076e+02	5.4606949911e+01	
1.1660034161e+02	5.8185990847e+01	
1.1670053511e+02	6.8074552288e+01	
1.1680026941e+02	7.5146771246e+01	
1.1690042268e+02	7.2073768532e+01	
1.1700008684e+02	8.4384791162e+01	
1.1710030656e+02	8.8565578646e+01	
1.1720009278e+02	8.3926426039e+01	
1.1730008198e+02	7.3379544742e+01	
1.1740045609e+02	7.9216107235e+01	
1.1750052962e+02	9.6676732176e+01	
1.1760018411e+02	1.2098876830e+02	
1.1770020836e+02	1.4343662837e+02	
1.1780007175e+02	1.6707065589e+02	
1.1790048391e+02	1.6779627321e+02	
1.1800002945e+02	1.3273897783e+02	
1.1810024090e+02	1.3138029054e+02	
1.1820008708e+02	1.3316316042e+02	
1.1830049817e+02	1.0290847490e+02	
1.1840034858e+02	1.4193122896e+02	
1.1850000646e+02	1.8257619577e+02	
1.1860029055e+02	1.2387224641e+02	
1.1870017492e+02	1.1711716953e+02	
1.1880005495e+02	9.1736605351e+01	
1.1890008921e+02	1.4294134035e+02	
1.1900029046e+02	1.2666591672e+02	
1.1910005599e+02	1.1747871943e+02	
1.1920005023e+02	9.1493235894e+01	
1.1930033412e+02	6.4020205889e+01	
1.1940026336e+02	5.8127796280e+01	
1.1950011968e+02	9.0391418838e+01	
1.1960045932e+02	7.2891913548e+01	
1.1970038877e+02	8.0860937586e+01	
1.1980052986e+02	6.7839956740e+01	
1.1990032816e+02	8.8776536145e+01	
1.2000033915e+02	9.3782279299e+01	
1.2010035662e+02	9.8628978041e+01	
1.2020026789e+02	1.0419380770e+02	
1.2030040094e+02	1.0968842460e+02	
1.2040047171e+02	1.1284083515e+02	
1.2050008733e+02	1.0535365359e+02	
1.2060018039e+02	1.5398905584e+02	
1.2070045746e+02	1.4971862911e+02	
1.2080022810e+02	9.3555967141e+01	
1.2090035322e+02	7.6750829979e+01	
1.2100019949e+02	5.6292604044e+01	
1.2110026525e+02	4.9961231401e+01	
1.2120015341e+02	6.2484887302e+01	
1.2130036390e+02	6.7445099278e+01	
1.2140043729e+02	5.6634671527e+01	
1.2150010483e+02	5.0900162839e+01	
1.2160038515e+02	5.7826839093e+01	
1.2170023855e+02	6.5831011877e+01	
1.2180026112e+02	6.6044083734e+01	
1.2190037071e+02	4.8004703720e+01	
1.2200000121e+02	4.5042277778e+01	
1.2210040979e+02	4.3666142845e+01	
1.2220033430e+02	3.9555962178e+01	
1.2230051713e+02	3.9158629713e+01	
1.2240033801e+02	3.8175565910e+01	
1.2250056410e+02	3.8254085831e+01	
1.2260015865e+02	4.1653381902e+01	
1.2270046133e+02	5.1842397015e+01	
1.2280013810e+02	9.7224681259e+01	
1.2290049147e+02	1.3962425753e+02	
1.2300026702e+02	1.5168944846e+02	
1.2310014859e+02	1.4410667686e+02	
1.2320001094e+02	1.4835083359e+02	
1.2330043945e+02	1.2482037777e+02	
1.2340040474e+02	1.4411851591e+02	
1.2350011472e+02	1.4812737250e+02	
1.2360008121e+02	1.5650464661e+02	
1.2370020979e+02	1.7608032370e+02	
1.2380006449e+02	1.4756811358e+02	
1.2390003926e+02	1.0239298769e+02	
1.2400019025e+02	1.3501156949e+02	
1.2410046644e+02	1.5978106819e+02	
1.2420038449e+02	1.4771393191e+02	
1.2430020014e+02	1.7374884815e+02	
1.2440029419e+02	1.9283426415e+02	
1.2450016863e+02	1.4099948628e+02	
1.2460011085e+02	1.5148891113e+02	
1.2470031638e+02	1.5290475751e+02	
1.2480029577e+02	1.7075866359e+02	
1.2490021836e+02	1.5246251184e+02	
1.2500049716e+02	1.3008226379e+02	
1.2510011329e+02	1.0294383186e+02	
1.2520011475e+02	8.6222170848e+01	
1.2530044531e+02	7.7099801560e+01	
1.2540027711e+02	8.6254807183e+01	
1.2550019412e+02	6.2663903104e+01	
1.2560042987e+02	6.5674477102e+01	
1.2570054271e+02	1.1855565780e+02	
1.2580026612e+02	6.5828537084e+01	
1.2590013072e+02	6.2714757719e+01	
1.2600021508e+02	6.0391987385e+01	
1.2610046861e+02	8.3702675510e+01	
1.2620025329e+02	1.0831454305e+02	
1.2630000700e+02	1.1398394736e+02	
1.2640049017e+02	1.0886478284e+02	
1.2650052806e+02	1.0006890077e+02	
1.2660023535e+02	1.0151999470e+02	
1.2670045121e+02	1.1439695206e+02	
1.2680036476e+02	1.2129144096e+02	
1.2690001073e+02	1.0798551164e+02	
1.2700004940e+02	6.2065820775e+01	
1.2710001175e+02	5.8244758199e+01	
1.2720040806e+02	5.5859837767e+01	
1.2730000333e+02	5.2738058495e+01	
1.2740036959e+02	5.5362334914e+01	
1.2750000280e+02	5.2585136645e+01	
1.2760025171e+02	5.3203854716e+01	
1.2770028041e+02	6.0199934076e+01	
1.2780048194e+02	6.3111507963e+01	
1.2790016542e+02	5.6418734474e+01	
1.2800024011e+02	6.0431860048e+01	
1.2810002195e+02	5.2168266146e+01	
1.2820045793e+02	5.2068916229e+01	
1.2830046786e+02	5.7538844153e+01	
1.2840000780e+02	5.2441644550e+01	
1.2850021176e+02	7.8561822679e+01	
1.2860035361e+02	1.0597332905e+02	
1.2870010493e+02	1.0763313424e+02	
1.2880003018e+02	1.0539514714e+02	
1.2890032051e+02	9.0631633508e+01	
1.2900053477e+02	1.0603149320e+02	
1.2910026441e+02	1.2037532676e+02	
1.2920045518e+02	1.3403082174e+02	
1.2930030748e+02	1.3829593658e+02	
1.2940037798e+02	1.3779474063e+02	
1.2950034018e+02	1.3170766243e+02	
1.2960021310e+02	1.0926632092e+02	
1.2970007241e+02	9.6718997157e+01	
1.2980026550e+02	9.6199043691e+01	
1.2990000427e+02	1.0012356327e+02	
1.3000031445e+02	9.8872092784e+01	
1.3010052861e+02	8.9824518957e+01	
1.3020029753e+02	9.7136189779e+01	
1.3030004562e+02	8.4535866060e+01	
1.3040041116e+02	1.1247141878e+02	
1.3050044818e+02	1.2403503269e+02	
1.3060028812e+02	1.2510440662e+02	
1.3070042342e+02	1.9587150160e+02	
1.3080005107e+02	1.3192776359e+02	
1.3090053171e+02	7.9543096116e+01	
1.3100001500e+02	7.7568141531e+01	
1.3110036606e+02	7.8977919215e+01	
1.3120053491e+02	7.1914009547e+01	
1.3130048081e+02	6.6687317122e+01	
1.3140023049e+02	6.0681674319e+01	
1.3150049761e+02	7.4098692643e+01	
1.3160031434e+02	6.7290018431e+01	
1.3170043100e+02	8.4320591285e+01	
1.3180049655e+02	1.0370879394e+02	
1.3190000065e+02	7.7825832937e+01	
1.3200001507e+02	8.8650823894e+01	
1.3210024255e+02	8.0554216436e+01	
1.3220003165e+02	9.2800697342e+01	
1.3230004563e+02	8.4752188244e+01	
1.3240002449e+02	7.7118851189e+01	
1.3250012509e+02	7.3612449921e+01	
1.3260023615e+02	9.0837619077e+01	
1.3270017907e+02	1.1044999159e+02	
1.3280044938e+02	1.2632755038e+02	
1.3290008663e+02	1.4545532872e+02	
1.3300040592e+02	1.3280579916e+02	
1.3310007738e+02	1.3036478411e+02	
1.3320035809e+02	1.2126362987e+02	
1.3330046215e+02	1.0259064297e+02	
1.3340008011e+02	9.3944127335e+01	
1.3350027477e+02	1.0329249831e+02	
1.3360003800e+02	1.4574897590e+02	
1.3370017123e+02	1.6428136112e+02	
1.3380033857e+02	1.8227612643e+02	
1.3390006065e+02	2.2491223780e+02	
1.3400027756e+02	1.6612686466e+02	
1.3410027013e+02	1.7208517020e+02	
1.3420012462e+02	1.2836600852e+02	
1.3430016975e+02	1.0625181354e+02	
1.3440006853e+02	1.0727053827e+02	
1.3450020738e+02	8.6479614359e+01	
1.3460017076e+02	8.1301021864e+01	
1.3470036779e+02	7.3912206255e+01	
1.3480001105e+02	6.3837060353e+01	
1.3490002528e+02	6.1126231468e+01	
1.3500035697e+02	6.1665063634e+01	
1.3510038300e+02	6.8940629990e+01	
1.3520048492e+02	7.5036351239e+01	
1.3530024093e+02	7.8412363941e+01	
1.3540039670e+02	7.9757587851e+01	
1.3550045882e+02	8.9860982006e+01	
1.3560010648e+02	9.5488037176e+01	
1.3570014947e+02	7.9590302399e+01	
1.3580018223e+02	9.2483236426e+01	
1.3590002257e+02	7.3293652751e+01	
1.3600033629e+02	7.6081629623e+01	
1.3610001248e+02	7.6137188898e+01	
1.3620033154e+02	8.6570726449e+01	
1.3630001143e+02	8.4518524149e+01	
1.3640019731e+02	7.1325805565e+01	
1.3650024677e+02	8.3659705395e+01	
1.3660024562e+02	8.8353370491e+01	
1.3670002496e+02	9.9788616714e+01	
1.3680006297e+02	1.3320487170e+02	
1.3690032683e+02	1.3953566505e+02	
1.3700037896e+02	1.2384461453e+02	
1.3710002462e+02	7.7873372383e+01	
1.3720002072e+02	7.9184991083e+01	
1.3730006997e+02	8.0428234630e+01	
1.3740054770e+02	8.1745067399e+01	
1.3750047573e+02	8.3755711863e+01	
1.3760048483e+02	9.2904981678e+01	
1.3770037975e+02	7.4869802593e+01	
1.3780039414e+02	6.5550977726e+01	
1.3790025675e+02	5.8453495819e+01	
1.3800026942e+02	6.2501025158e+01	
1.3810039456e+02	7.0700520941e+01	
1.3820054251e+02	7.6786762318e+01	
1.3830052181e+02	7.7801611604e+01	
1.3840001805e+02	7.1405909755e+01	
1.3850032530e+02	8.9765446231e+01	
1.3860052531e+02	8.7825804887e+01	
1.3870032818e+02	8.0652045552e+01	
1.3880028015e+02	6.7778167410e+01	
1.3890023215e+02	5.9485377691e+01	
1.3900026003e+02	5.0734484831e+01	
1.3910021295e+02	5.7640217713e+01	
1.3920037604e+02	6.6832258332e+01	
1.3930015738e+02	8.5692542111e+01	
1.3940023357e+02	8.6187323084e+01	
1.3950014861e+02	8.7654584859e+01	
1.3960037736e+02	8.8870019325e+01	
1.3970028679e+02	8.3557993609e+01	
1.3980047516e+02	8.0403908150e+01	
1.3990026830e+02	7.0129735682e+01	
1.4000029787e+02	8.4564159833e+01	
1.4010008899e+02	8.6122867994e+01	
1.4020023389e+02	1.0213447722e+02	
1.4030009682e+02	7.6830642312e+01	
1.4040037791e+02	5.6618320861e+01	
1.4050007534e+02	5.4564394472e+01	
1.4060004801e+02	5.9621341320e+01	
1.4070039758e+02	8.0761831875e+01	
1.4080056512e+02	8.2195388093e+01	
1.4090015684e+02	1.1172551717e+02	
1.4100038450e+02	1.5864346111e+02	
1.4110000771e+02	1.5502368134e+02	
1.4120057945e+02	1.1333600077e+02	
1.4130053214e+02	8.2845848088e+01	
1.4140020860e+02	7.6903811875e+01	
1.4150006792e+02	7.6590836289e+01	
1.4160041687e+02	6.0490592785e+01	
1.4170039232e+02	4.9786411958e+01	
1.4180022216e+02	4.1425842614e+01	
1.4190039853e+02	3.9729710687e+01	
1.4200028703e+02	3.7524673005e+01	
1.4210010782e+02	3.3715530141e+01	
1.4220034590e+02	4.0995500700e+01	
1.4230043945e+02	4.5786668387e+01	
1.4240040139e+02	5.2771650049e+01	
1.4250027333e+02	5.2317321102e+01	
1.4260011746e+02	6.4615507736e+01	
1.4270042996e+02	9.7954914945e+01	
1.4280015095e+02	9.2963073300e+01	
1.4290005370e+02	1.3891586758e+02	
1.4300024256e+02	1.7713171943e+02	
1.4310047984e+02	1.5426349729e+02	
1.4320016156e+02	1.4049197300e+02	
1.4330014255e+02	1.3919510869e+02	
1.4340018088e+02	1.1710279689e+02	
1.4350002712e+02	1.1533719302e+02	
1.4360025342e+02	1.0887724517e+02	
1.4370018243e+02	1.0051788192e+02	
1.4380039174e+02	1.0017128322e+02	
1.4390050059e+02	1.1242335749e+02	
1.4400022163e+02	1.1459830855e+02	
1.4410020056e+02	1.3098192602e+02	
1.4420039579e+02	1.1001113863e+02	
1.4430043973e+02	7.3497410300e+01	
1.4440035929e+02	7.2018421232e+01	
1.4450053768e+02	6.7960326276e+01	
1.4460018954e+02	6.7648847324e+01	
1.4470032231e+02	6.6304346034e+01	
1.4480041288e+02	7.6590070503e+01	
1.4490044671e+02	7.7841311899e+01	
1.4500000981e+02	7.5294978867e+01	
1.4510019292e+02	6.9818417304e+01	
1.4520023825e+02	6.5595032862e+01	
1.4530029675e+02	5.9283676504e+01	
1.4540007313e+02	6.3023328286e+01	
1.4550010550e+02	6.9661739726e+01	
1.4560043004e+02	7.1893064737e+01	
1.4570040096e+02	7.0796111481e+01	
1.4580005725e+02	7.7561124714e+01	
1.4590028679e+02	7.3910982376e+01	
1.4600035965e+02	6.8863475934e+01	
1.4610016110e+02	6.4750186396e+01	
1.4620044413e+02	7.3613060526e+01	
1.4630029599e+02	6.6566236113e+01	
1.4640011821e+02	1.0476518244e+02	
1.4650010441e+02	1.2253693140e+02	
1.4660011229e+02	1.0321163090e+02	
1.4670023965e+02	1.1767449177e+02	
1.4680010838e+02	1.1674126820e+02	
1.4690043707e+02	1.2065195552e+02	
1.4700000927e+02	1.1600487341e+02	
1.4710006354e+02	1.6372320721e+02	
1.4720044563e+02	1.2434677649e+02	
1.4730000142e+02	1.0843659959e+02	
1.4740048792e+02	8.7690025236e+01	
1.4750019774e+02	9.6966104920e+01	
1.4760018702e+02	1.0084379850e+02	
1.4770036883e+02	1.1196973863e+02	
1.4780030698e+02	1.1702234784e+02	
1.4790021406e+02	9.2592510149e+01	
1.4800014942e+02	8.3935666746e+01	
1.4810007451e+02	8.5887040251e+01	
1.4820011492e+02	8.2990323131e+01	
1.4830048527e+02	7.6628243106e+01	
1.4840017211e+02	1.3493535724e+02	
1.4850008618e+02	1.0114558863e+02	
1.4860030510e+02	6.2974541539e+01	
1.4870032786e+02	5.7833503386e+01	
1.4880028802e+02	5.3511959868e+01	
1.4890041833e+02	5.4912472832e+01	
1.4900034468e+02	5.8422430440e+01	
1.4910027270e+02	6.9928242040e+01	
1.4920017826e+02	7.2836045539e+01	
1.4930011602e+02	7.3242535003e+01	
1.4940046546e+02	7.2949939640e+01	
1.4950014310e+02	1.0389090202e+02	
1.4960027084e+02	1.0152134386e+02	
1.4970003215e+02	1.5102231731e+02	
1.4980053763e+02	1.1524035589e+02	
1.4990026344e+02	1.2695134111e+02	
1.5000018690e+02	1.5858654933e+02	
1.5010018165e+02	1.0508573237e+02	
1.5020009875e+02	8.9585379698e+01	
1.5030013204e+02	8.9511738020e+01	
1.5040046176e+02	8.8552539228e+01	
1.5050019455e+02	1.0728647598e+02	
1.5060027810e+02	1.0080804155e+02	
1.5070035867e+02	9.0409609880e+01	
1.5080038206e+02	8.0412370234e+01	
1.5090011718e+02	6.9325811198e+01	
1.5100050284e+02	6.0804967506e+01	
1.5110028037e+02	5.3730092609e+01	
1.5120033120e+02	4.8205863795e+01	
1.5130020647e+02	5.6413018646e+01	
1.5140005093e+02	6.0416507970e+01	
1.5150037653e+02	5.1317087370e+01	
1.5160009896e+02	6.3941234177e+01	
1.5170014165e+02	7.7003066063e+01	
1.5180007971e+02	7.3319854048e+01	
1.5190044360e+02	6.7359329981e+01	
1.5200032777e+02	1.0987863337e+02	
1.5210035069e+02	1.1696099381e+02	
1.5220000713e+02	1.1341148443e+02	
1.5230015140e+02	9.0849942603e+01	
1.5240038181e+02	1.0343933693e+02	
1.5250018083e+02	7.5589566580e+01	
1.5260043910e+02	6.7857918954e+01	
1.5270037374e+02	7.6362507525e+01	
1.5280021529e+02	9.4924143055e+01	
1.5290004887e+02	8.9262219335e+01	
1.5300041711e+02	8.8284149377e+01	
1.5310013557e+02	7.4661846404e+01	
1.5320042974e+02	7.1247929809e+01	
1.5330037263e+02	7.0795896158e+01	
1.5340030883e+02	7.2537305758e+01	
1.5350023189e+02	6.5797043975e+01	
1.5360053490e+02	7.8475077228e+01	
1.5370029676e+02	7.3140482316e+01	
1.5380008024e+02	6.7043988045e+01	
1.5390056441e+02	7.4283170025e+01	
1.5400038673e+02	6.1848293544e+01	
1.5410045631e+02	6.2045991325e+01	
1.5420031934e+02	6.1599636478e+01	
1.5430012331e+02	5.8069801442e+01	
1.5440024431e+02	5.3572695590e+01	
1.5450017030e+02	5.5394161827e+01	
1.5460001562e+02	5.4594925239e+01	
1.5470047730e+02	6.1232337660e+01	
1.5480010304e+02	5.7460777414e+01	
1.5490006499e+02	5.2476299917e+01	
1.5500003562e+02	5.5174751204e+01	
1.5510042337e+02	7.5175989006e+01	
1.5520041049e+02	8.5082154933e+01	
1.5530025893e+02	8.7487164619e+01	
1.5540013578e+02	8.4167548076e+01	
1.5550015406e+02	8.5560535428e+01	
1.5560029186e+02	8.2729676498e+01	
1.5570033569e+02	1.0071133955e+02	
1.5580005966e+02	1.0732264998e+02	
1.5590028141e+02	9.3473034727e+01	
1.5600032115e+02	8.5791735217e+01	
1.5610005006e+02	8.2202289747e+01	
1.5620010582e+02	8.1982841299e+01	
1.5630014887e+02	7.9810204630e+01	
1.5640043974e+02	8.0486543721e+01	
1.5650029340e+02	7.6068752315e+01	
1.5660009757e+02	6.9361755535e+01	
1.5670030543e+02	6.9461775972e+01	
1.5680028423e+02	6.8966812972e+01	
1.5690034023e+02	6.5078422968e+01	
1.5700027802e+02	6.6403744310e+01	
1.5710004899e+02	9.9410213965e+01	
1.5720019310e+02	1.0153580815e+02	
1.5730003367e+02	1.2214745479e+02	
1.5740018541e+02	1.2574245308e+02	
1.5750004450e+02	1.2225563029e+02	
1.5760041187e+02	1.1584006173e+02	
1.5770032081e+02	7.3972263542e+01	
1.5780028144e+02	1.1063342469e+02	
1.5790005706e+02	1.2789666353e+02	
1.5800045294e+02	1.4763898730e+02	
1.5810024767e+02	1.3211470966e+02	
1.5820018309e+02	1.2950082799e+02	
1.5830028069e+02	1.4629965185e+02	
1.5840020506e+02	1.6189858167e+02	
1.5850048585e+02	1.4912764457e+02	
1.5860043104e+02	9.0665270603e+01	
1.5870008757e+02	1.0499528362e+02	
1.5880034246e+02	1.5063624440e+02	
1.5890016924e+02	1.7652457698e+02	
1.5900027560e+02	1.9845346691e+02	
1.5910039854e+02	2.1110147208e+02	
1.5920036508e+02	2.2358955461e+02	
1.5930023943e+02	2.3293512475e+02	
1.5940026864e+02	1.9574860456e+02	
1.5950021521e+02	1.1234184738e+02	
1.5960034506e+02	7.5999182620e+01	
1.5970030350e+02	9.0165780763e+01	
1.5980050449e+02	9.6666042214e+01	
1.5990043956e+02	7.6564196140e+01	
1.6000031937e+02	7.1333621400e+01	
1.6010053901e+02	6.5055505322e+01	
1.6020042810e+02	6.9848983317e+01	
1.6030030629e+02	6.8710903293e+01	
1.6040034705e+02	8.9684818907e+01	
1.6050001985e+02	7.1597031379e+01	
1.6060002476e+02	6.5629800403e+01	
1.6070018450e+02	6.1202318022e+01	
1.6080045207e+02	6.1852485032e+01	
1.6090014115e+02	6.5096952460e+01	
1.6100035001e+02	7.0731103349e+01	
1.6110051559e+02	6.8670737600e+01	
1.6120033210e+02	6.6048220193e+01	
1.6130045434e+02	7.3060939958e+01	
1.6140027307e+02	8.3793574135e+01	
1.6150017503e+02	6.4208528777e+01	
1.6160024155e+02	7.1497186577e+01	
1.6170048402e+02	7.6506438524e+01	
1.6180006945e+02	7.7873008828e+01	
1.6190040650e+02	1.6104538401e+02	
1.6200037620e+02	1.3169938723e+02	
1.6210025027e+02	1.3057220931e+02	
1.6220010070e+02	1.2598325719e+02	
1.6230004449e+02	1.0471450229e+02	
1.6240038268e+02	1.2222493079e+02	
1.6250035700e+02	2.1017594288e+02	
1.6260025149e+02	2.0157049860e+02	
1.6270003217e+02	2.2970679473e+02	
1.6280044476e+02	1.4262388437e+02	
1.6290039423e+02	1.1818005753e+02	
1.6300004184e+02	1.0121802410e+02	
1.6310049571e+02	1.0113881831e+02	
1.6320008063e+02	8.7813034249e+01	
1.6330012262e+02	8.8029293987e+01	
1.6340007824e+02	8.1627195629e+01	
1.6350034431e+02	7.6013349781e+01	
1.6360032179e+02	7.7245441440e+01	
1.6370041590e+02	8.7295837250e+01	
1.6380020134e+02	8.7864830380e+01	
1.6390016440e+02	9.3257729800e+01	
1.6400034344e+02	1.0143896672e+02	
1.6410009524e+02	1.1327531940e+02	
1.6420015910e+02	7.2994020284e+01	
1.6430004363e+02	9.0626088672e+01	
1.6440024942e+02	9.4071166138e+01	
1.6450042376e+02	9.1684624932e+01	
1.6460034909e+02	8.9267307741e+01	
1.6470010438e+02	8.4400663779e+01	
1.6480045607e+02	8.6689173786e+01	
1.6490051962e+02	8.1364062686e+01	
1.6500026367e+02	9.6484461899e+01	
1.6510052755e+02	1.2931328413e+02	
1.6520005726e+02	1.0099676951e+02	
1.6530021828e+02	9.4125610558e+01	
1.6540048509e+02	8.1847273816e+01	
1.6550023580e+02	7.7055856630e+01	
1.6560006212e+02	8.9944902165e+01	
1.6570013067e+02	1.1547678454e+02	
1.6580021928e+02	1.1522280263e+02	
1.6590011284e+02	1.3336548955e+02	
1.6600044605e+02	1.4151886378e+02	
1.6610024538e+02	9.0924445093e+01	
1.6620013643e+02	8.7430485815e+01	
1.6630028560e+02	8.8703367850e+01	
1.6640054239e+02	9.6746146167e+01	
1.6650049282e+02	9.1476615806e+01	
1.6660001961e+02	7.3639205863e+01	
1.6670023342e+02	7.5537393971e+01	
1.6680008776e+02	8.8258844360e+01	
1.6690020229e+02	6.5591689362e+01	
1.6700001201e+02	5.8765484729e+01	
1.6710049578e+02	6.8569679027e+01	
1.6720053510e+02	6.2269887026e+01	
1.6730009632e+02	6.3411053861e+01	
1.6740022374e+02	6.0042055657e+01	
1.6750031668e+02	5.3738915911e+01	
1.6760026786e+02	5.9949509251e+01	
1.6770033852e+02	5.8884866757e+01	
1.6780007353e+02	4.5793812515e+01	
1.6790034914e+02	5.0733578311e+01	
1.6800019846e+02	5.1622648803e+01	
1.6810048290e+02	6.2732164008e+01	
1.6820051430e+02	7.2693709846e+01	
1.6830026311e+02	1.1044210808e+02	
1.6840046980e+02	7.4932994003e+01	
1.6850054527e+02	7.4929510078e+01	
1.6860039698e+02	7.1102508655e+01	
1.6870028736e+02	7.2730413433e+01	
1.6880042753e+02	7.7811945964e+01	
1.6890039084e+02	7.9291726209e+01	
1.6900013258e+02	8.5168095858e+01	
1.6910060076e+02	7.8043297258e+01	
1.6920054645e+02	7.6283447898e+01	
1.6930035516e+02	6.5436536783e+01	
1.6940049448e+02	6.1981619139e+01	
1.6950036314e+02	6.7933446736e+01	
1.6960017335e+02	7.9773159441e+01	
1.6970022886e+02	8.1887709388e+01	
1.6980010751e+02	9.2909473432e+01	
1.6990025722e+02	1.0790359100e+02	
1.7000006693e+02	1.0711447305e+02	
1.7010009883e+02	9.3505950300e+01	
1.7020035503e+02	9.0059250237e+01	
1.7030021260e+02	7.6397377708e+01	
1.7040030739e+02	7.3389103931e+01	
1.7050048994e+02	7.3268156266e+01	
1.7060011909e+02	8.0533822553e+01	
1.7070014156e+02	7.6512205601e+01	
1.7080028785e+02	7.7031447809e+01	
1.7090027739e+02	8.3634415643e+01	
1.7100032472e+02	9.2027075478e+01	
1.7110037348e+02	9.3750633798e+01	
1.7120027298e+02	9.3166293306e+01	
1.7130008832e+02	9.4197582467e+01	
1.7140022046e+02	9.6908694596e+01	
1.7150011282e+02	1.1313006154e+02	
1.7160050920e+02	1.1742882181e+02	
1.7170052423e+02	1.2256512670e+02	
1.7180016705e+02	1.4265535615e+02	
1.7190026632e+02	1.4639575118e+02	
1.7200052138e+02	1.7827169834e+02	
1.7210014258e+02	1.7818828745e+02	
1.7220052567e+02	1.4409278203e+02	
1.7230048302e+02	9.8098334588e+01	
1.7240056773e+02	7.4137609699e+01	
1.7250015093e+02	5.7833307049e+01	
1.7260024031e+02	5.3432735327e+01	
1.7270007521e+02	5.1228784170e+01	
1.7280022232e+02	4.9816962560e+01	
1.7290043942e+02	4.9941155829e+01	
1.7300021850e+02	5.0034324623e+01	
1.7310044893e+02	4.5699270184e+01	
1.7320009950e+02	5.9326865316e+01	
1.7330043475e+02	6.9758886943e+01	
1.7340000699e+02	7.7544932549e+01	
1.7350035188e+02	8.4282910686e+01	
1.7360028612e+02	7.3640099517e+01	
1.7370007084e+02	6.7424352614e+01	
1.7380014696e+02	5.4556662024e+01	
1.7390003196e+02	5.3417671118e+01	
1.7400049166e+02	6.7550903314e+01	
1.7410027989e+02	8.2934649102e+01	
1.7420050622e+02	8.9402021810e+01	
1.7430035759e+02	9.6644932432e+01	
1.7440029329e+02	1.1453496465e+02	
1.7450014646e+02	1.2997473987e+02	
1.7460000016e+02	1.7155940795e+02	
1.7470010333e+02	1.7800847632e+02	
1.7480018912e+02	1.7094926922e+02	
1.7490035942e+02	1.3712749845e+02	
1.7500010585e+02	1.0586691892e+02	
1.7510050668e+02	1.3002063166e+02	
1.7520010324e+02	1.2218915704e+02	
1.7530052780e+02	1.1560461696e+02	
1.7540027871e+02	1.4641731103e+02	
1.7550053886e+02	1.6678745131e+02	
1.7560038948e+02	1.8714982894e+02	
1.7570048807e+02	1.7370338211e+02	
1.7580020378e+02	1.5235795597e+02	
1.7590047163e+02	1.1896940089e+02	
1.7600013691e+02	9.9995305461e+01	
1.7610011250e+02	8.6498953728e+01	
1.7620031276e+02	8.9921871664e+01	
1.7630032286e+02	7.7178847178e+01	
1.7640011942e+02	1.1066310176e+02	
1.7650028279e+02	1.4332985486e+02	
1.7660019015e+02	1.3477935645e+02	
1.7670001545e+02	1.1789694669e+02	
1.7680021211e+02	1.0829942568e+02	
1.7690047931e+02	9.7382768461e+01	
1.7700026507e+02	8.6272753959e+01	
1.7710032119e+02	7.5914507550e+01	
1.7720022840e+02	8.5745469715e+01	
1.7730007921e+02	8.1915078307e+01	
1.7740018677e+02	7.1365669849e+01	
1.7750019155e+02	7.9801472683e+01	
1.7760030679e+02	8.8797174641e+01	
1.7770016154e+02	9.3854350503e+01	
1.7780001070e+02	1.0019400811e+02	
1.7790036438e+02	1.0709191710e+02	
1.7800044857e+02	9.8982606524e+01	
1.7810043411e+02	9.4616986015e+01	
1.7820040637e+02	9.2540593272e+01	
1.7830021951e+02	8.8369098659e+01	
1.7840002559e+02	8.3652902060e+01	
1.7850041582e+02	7.2539172547e+01	
1.7860008832e+02	7.3612770276e+01	
1.7870001458e+02	6.4648925063e+01	
1.7880028952e+02	5.9889347485e+01	
1.7890015705e+02	5.9188136467e+01	
1.7900018249e+02	5.8223517499e+01	
1.7910001992e+02	6.3870820135e+01	
1.7920040406e+02	1.0346501028e+02	
1.7930045858e+02	1.2048163034e+02	
1.7940041465e+02	1.3952336553e+02	
1.7950011091e+02	1.5154909648e+02	
1.7960051371e+02	1.9482075294e+02	
1.7970019967e+02	1.0564480579e+02	
1.7980006983e+02	9.1770095870e+01	
1.7990037093e+02	8.2301546975e+01	
1.8000009554e+02	6.6618113481e+01	
1.8010004422e+02	5.6874030442e+01	
1.8020033576e+02	6.3818351633e+01	
1.8030038122e+02	6.2541915320e+01	
1.8040027769e+02	5.8060679289e+01	
1.8050039041e+02	6.4845344092e+01	
1.8060020677e+02	7.4213030427e+01	
1.8070016390e+02	7.4157526973e+01	
1.8080019601e+02	1.0199853270e+02	
1.8090024916e+02	1.1353786836e+02	
1.8100043453e+02	1.1903210008e+02	
1.8110047955e+02	1.6065273791e+02	
1.8120014499e+02	1.6951061140e+02	
1.8130000299e+02	1.4694765091e+02	
1.8140038770e+02	1.1460523367e+02	
1.8150038489e+02	8.9324660312e+01	
1.8160008062e+02	8.3074975550e+01	
1.8170028682e+02	7.9404374978e+01	
1.8180024138e+02	7.3083127437e+01	
1.8190029092e+02	8.7087134153e+01	
1.8200024434e+02	8.0883430103e+01	
1.8210044074e+02	5.7929131719e+01	
1.8220039036e+02	4.0009812512e+01	
1.8230025258e+02	3.8170077950e+01	
1.8240052839e+02	3.8354452599e+01	
1.8250021325e+02	5.3728851815e+01	
1.8260017834e+02	7.2562318367e+01	
1.8270001043e+02	7.6634786516e+01	
1.8280016213e+02	6.7693371001e+01	
1.8290021786e+02	4.7100852814e+01	
1.8300039368e+02	4.2465792592e+01	
1.8310011993e+02	3.8683857601e+01	
1.8320018936e+02	4.0339722708e+01	
1.8330032999e+02	6.2257390118e+01	
1.8340013287e+02	5.8237116010e+01	
1.8350031643e+02	7.8655948016e+01	
1.8360022701e+02	1.4825876056e+02	
1.8370035493e+02	1.3303515613e+02	
1.8380014193e+02	1.1531085726e+02	
1.8390049458e+02	1.0411800908e+02	
1.8400030308e+02	1.0890547735e+02	
1.8410029959e+02	9.8677813252e+01	
1.8420010411e+02	8.1026360350e+01	
1.8430035466e+02	5.8776937054e+01	
1.8440052531e+02	9.0611861033e+01	
1.8450001491e+02	9.2369942692e+01	
1.8460043923e+02	9.7046262178e+01	
1.8470058173e+02	1.1616606688e+02	
1.8480000145e+02	1.2148595634e+02	
1.8490040991e+02	1.1366926570e+02	
1.8500043013e+02	7.3847879767e+01	
1.8510037947e+02	6.8919748936e+01	
1.8520018627e+02	8.0165510286e+01	
1.8530012682e+02	1.1150618439e+02	
1.8540019510e+02	1.2604049310e+02	
1.8550016071e+02	1.3990200030e+02	
1.8560006687e+02	1.5032646857e+02	
1.8570013185e+02	1.1770094083e+02	
1.8580020030e+02	8.5092019764e+01	
1.8590047700e+02	1.0816394261e+02	
1.8600003209e+02	1.1213892396e+02	
1.8610034067e+02	1.1550937042e+02	
1.8620035342e+02	1.5342467033e+02	
1.8630015688e+02	1.7744056406e+02	
1.8640024409e+02	1.6089235528e+02	
1.8650013283e+02	1.8114490346e+02	
1.8660025257e+02	1.9485400869e+02	
1.8670039131e+02	1.7860004534e+02	
1.8680014762e+02	1.4591389666e+02	
1.8690018102e+02	1.3040211625e+02	
1.8700030153e+02	1.2866181221e+02	
1.8710016283e+02	1.1578971592e+02	
1.8720049855e+02	9.0066001573e+01	
1.8730050680e+02	8.0942726010e+01	
1.8740009742e+02	8.2863365414e+01	
1.8750022895e+02	1.1455061012e+02	
1.8760054340e+02	1.1568842145e+02	
1.8770014083e+02	9.1435582245e+01	
1.8780034458e+02	8.7908881989e+01	
1.8790041592e+02	6.5659208637e+01	
1.8800049412e+02	5.9563727782e+01	
1.8810016691e+02	5.7675586730e+01	
1.8820047537e+02	4.9597667520e+01	
1.8830000185e+02	4.2960224971e+01	
1.8840030202e+02	6.1250925210e+01	
1.8850027741e+02	7.0727649705e+01	
1.8860035123e+02	7.3357015537e+01	
1.8870053232e+02	5.8819719535e+01	
1.8880005940e+02	5.3677004317e+01	
1.8890034624e+02	5.1464880175e+01	
1.8900046278e+02	4.8973726343e+01	
1.8910006162e+02	4.6902396024e+01	
1.8920041423e+02	4.4831190487e+01	
1.8930029585e+02	4.6438111774e+01	
1.8940036107e+02	5.4241808632e+01	
1.8950011441e+02	5.4871664322e+01	
1.8960028688e+02	8.1081526281e+01	
1.8970051712e+02	9.2860395487e+01	
1.8980019035e+02	9.0668008684e+01	
1.8990045310e+02	8.7728228050e+01	
1.9000030338e+02	8.6204084588e+01	
1.9010032193e+02	7.8350056102e+01	
1.9020008740e+02	7.2147942863e+01	
1.9030043626e+02	6.7953411866e+01	
1.9040017961e+02	8.5947017838e+01	
1.9050000479e+02	1.2287497536e+02	
1.9060046184e+02	1.6668446905e+02	
1.9070014864e+02	1.6205509130e+02	
1.9080024454e+02	1.2586316075e+02	
1.9090031246e+02	1.5577641847e+02	
1.9100030986e+02	1.1106437624e+02	
1.9110012760e+02	8.5738200142e+01	
1.9120029095e+02	6.4444488909e+01	
1.9130024571e+02	6.2440534149e+01	
1.9140035151e+02	5.7652380685e+01	
1.9150007260e+02	6.1896743157e+01	
1.9160000291e+02	6.7173285237e+01	
1.9170024564e+02	6.8936329248e+01	
1.9180035239e+02	7.4868640132e+01	
1.9190041493e+02	9.1430648563e+01	
1.9200024908e+02	8.6332369922e+01	
1.9210022376e+02	1.0677256442e+02	
1.9220029234e+02	9.6421165008e+01	
1.9230039945e+02	9.5151805048e+01	
1.9240047520e+02	1.2982506229e+02	
1.9250034347e+02	1.3102926749e+02	
1.9260022494e+02	1.2334359232e+02	
1.9270015167e+02	1.1225727678e+02	
1.9280036591e+02	1.1355715627e+02	
1.9290023777e+02	1.3563781692e+02	
1.9300035060e+02	1.2044622315e+02	
1.9310003192e+02	1.0791821340e+02	
1.9320035730e+02	9.3860694852e+01	
1.9330013921e+02	7.8554749964e+01	
1.9340030687e+02	8.1742334969e+01	
1.9350016862e+02	8.1176206191e+01	
1.9360035699e+02	7.2379073629e+01	
1.9370041710e+02	7.4641800231e+01	
1.9380036184e+02	7.2686133772e+01	
1.9390042296e+02	7.3778940001e+01	
1.9400001029e+02	7.3650534867e+01	
1.9410042375e+02	6.8227132067e+01	
1.9420051141e+02	5.7411726815e+01	
1.9430045392e+02	5.4805425853e+01	
1.9440037888e+02	5.5763119925e+01	
1.9450013789e+02	4.7950532857e+01	
1.9460041918e+02	4.7635200979e+01	
1.9470036599e+02	4.0173001863e+01	
1.9480053620e+02	3.8272126724e+01	
1.9490013885e+02	4.6509625763e+01	
1.9500018454e+02	5.7770717785e+01	
1.9510048928e+02	5.7317368169e+01	
1.9520022608e+02	5.2077438382e+01	
1.9530000570e+02	4.1547870904e+01	
1.9540006691e+02	4.6148434864e+01	
1.9550052021e+02	4.5564111658e+01	
1.9560012528e+02	4.2550400474e+01	
1.9570026442e+02	4.0580124047e+01	
1.9580014490e+02	4.1245246164e+01	
1.9590030000e+02	4.4918028248e+01	
1.9600039319e+02	4.0347333879e+01	
1.9610043399e+02	3.9960499346e+01	
1.9620028482e+02	4.2181094091e+01	
1.9630024498e+02	4.3295180878e+01	
1.9640025819e+02	5.3027331247e+01	
1.9650000362e+02	5.7506005146e+01	
1.9660029377e+02	5.9787624068e+01	
1.9670042256e+02	5.4395243331e+01	
1.9680042385e+02	5.4976285641e+01	
1.9690043342e+02	5.1609349242e+01	
1.9700021639e+02	7.9614762087e+01	
1.9710004326e+02	7.7127735540e+01	
1.9720000666e+02	5.7100962400e+01	
1.9730032123e+02	5.5619049940e+01	
1.9740026816e+02	6.0791929275e+01	
1.9750018622e+02	4.7005407852e+01	
1.9760012293e+02	5.6659210161e+01	
1.9770009754e+02	5.1023794238e+01	
1.9780047182e+02	4.5031303717e+01	
1.9790002693e+02	5.8603922442e+01	
1.9800042425e+02	6.4411708442e+01	
1.9810025789e+02	6.6764385445e+01	
1.9820009361e+02	5.4423336289e+01	
1.9830039883e+02	5.8113605724e+01	
1.9840031190e+02	6.2504244124e+01	
1.9850035742e+02	6.9564179112e+01	
1.9860001891e+02	7.3472179704e+01	
1.9870049755e+02	9.7468786423e+01	
1.9880045678e+02	8.4398317727e+01	
1.9890035743e+02	8.5310524187e+01	
1.9900019491e+02	1.6326582316e+02	
1.9910039452e+02	1.0948259808e+02	
1.9920020982e+02	8.0883869871e+01	
1.9930042015e+02	7.8158336215e+01	
1.9940005578e+02	8.6880621665e+01	
1.9950048783e+02	8.2419421260e+01	
1.9960011335e+02	7.8159237263e+01	
1.9970019253e+02	7.9121799676e+01	
1.9980033602e+02	1.1225384109e+02	
1.9990049096e+02	1.3978605558e+02	
2.0000030193e+02	1.4154151523e+02	
2.0010003513e+02	1.3922726046e+02	
2.0020050965e+02	1.3229060264e+02	
2.0030002989e+02	1.0964241914e+02	
2.0040007137e+02	1.0003560375e+02	
2.0050038746e+02	1.1716037772e+02	
2.0060011662e+02	6.8503689627e+01	
2.0070052367e+02	5.4370795293e+01	
2.0080004965e+02	5.7148196369e+01	
2.0090051518e+02	5.5593957849e+01	
2.0100048600e+02	7.0850254077e+01	
2.0110021544e+02	5.6985514738e+01	
2.0120031665e+02	7.6280330183e+01	
2.0130037972e+02	7.0843499458e+01	
2.0140022856e+02	5.5340670919e+01	
2.0150027249e+02	6.0323767441e+01	
2.0160051174e+02	5.4818323983e+01	
2.0170048660e+02	6.6352576636e+01	
2.0180038426e+02	9.0840136611e+01	
2.0190050290e+02	5.6165806207e+01	
2.0200038862e+02	5.5189638571e+01	
2.0210019064e+02	3.7776713012e+01	
2.0220035140e+02	4.9359452777e+01	
2.0230022378e+02	5.7750271363e+01	
2.0240000803e+02	7.6251410446e+01	
2.0250017560e+02	1.3886546188e+02	
2.0260026344e+02	1.0209098750e+02	
2.0270007443e+02	9.6418623141e+01	
2.0280014963e+02	8.3196735393e+01	
2.0290014343e+02	7.5560902070e+01	
2.0300029589e+02	6.4557332835e+01	
2.0310018407e+02	7.2926946750e+01	
2.0320041210e+02	7.4569224762e+01	
2.0330011238e+02	7.1450827394e+01	
2.0340020632e+02	9.1519866923e+01	
2.0350053036e+02	9.8623015021e+01	
2.0360004328e+02	8.9820118619e+01	
2.0370039732e+02	6.9572751339e+01	
2.0380012571e+02	6.2036076970e+01	
2.0390043022e+02	7.8339039796e+01	
2.0400034308e+02	5.7220662973e+01	
2.0410029981e+02	6.9508292541e+01	
2.0420017302e+02	7.2214630381e+01	
2.0430039646e+02	7.4210426885e+01	
2.0440019088e+02	7.6698633592e+01	
2.0450055147e+02	8.8279560583e+01	
2.0460009353e+02	1.1153861623e+02	
2.0470009494e+02	1.1162243258e+02	
2.0480000483e+02	1.0346292416e+02	
2.0490038489e+02	1.1694272994e+02	
2.0500049619e+02	1.3449303681e+02	
2.0510016104e+02	1.4318798177e+02	
2.0520035046e+02	1.4917860363e+02	
2.0530007374e+02	1.3973296832e+02	
2.0540042360e+02	1.3626688754e+02	
2.0550044339e+02	1.3705672031e+02	
2.0560034005e+02	1.3736489268e+02	
2.0570025949e+02	1.2151525167e+02	
2.0580014130e+02	1.2875228301e+02	
2.0590044414e+02	1.4957256217e+02	
2.0600018503e+02	1.3854280760e+02	
2.0610047436e+02	1.2541745404e+02	
2.0620023555e+02	1.1869338941e+02	
2.0630008092e+02	1.0952388415e+02	
2.0640009907e+02	8.7834927437e+01	
2.0650045067e+02	1.0096836128e+02	
2.0660016796e+02	1.1009492110e+02	
2.0670026309e+02	1.0723521798e+02	
2.0680000207e+02	6.7765428283e+01	
2.0690049556e+02	6.7163297786e+01	
2.0700020427e+02	6.6342901274e+01	
2.0710029927e+02	6.7858186493e+01	
2.0720044810e+02	6.4343113515e+01	
2.0730040445e+02	6.4181669683e+01	
2.0740024098e+02	6.4706433340e+01	
2.0750012823e+02	6.5718626473e+01	
2.0760040189e+02	7.3148613899e+01	
2.0770048526e+02	7.5173399461e+01	
2.0780025595e+02	9.5634906036e+01	
2.0790046039e+02	1.1103865388e+02	
2.0800008662e+02	1.0679034086e+02	
2.0810032339e+02	9.7639448595e+01	
2.0820038486e+02	1.1882085162e+02	
2.0830008898e+02	1.3042086033e+02	
2.0840015564e+02	1.5841333662e+02	
2.0850000741e+02	1.5725228754e+02	
2.0860048187e+02	1.4630841767e+02	
2.0870050607e+02	8.9148206831e+01	
2.0880016525e+02	6.0830295147e+01	
2.0890044861e+02	5.7015257587e+01	
2.0900042593e+02	5.8954051351e+01	
2.0910026280e+02	5.6512480616e+01	
2.0920046894e+02	6.3644608188e+01	
2.0930005283e+02	7.8941540354e+01	
2.0940049220e+02	7.9479764419e+01	
2.0950002042e+02	7.0644752365e+01	
2.0960049477e+02	7.9191019422e+01	
2.0970038781e+02	7.8627792606e+01	
2.0980051362e+02	7.3149289044e+01	
2.0990039013e+02	7.3125078921e+01	
2.1000042103e+02	9.9011612799e+01	
2.1010044391e+02	7.8234040141e+01	
2.1020048092e+02	7.4010405156e+01	
2.1030023118e+02	7.7158535208e+01	
2.1040025155e+02	8.0271566397e+01	
2.1050038384e+02	7.6559630488e+01	
2.1060008214e+02	7.3956176563e+01	
2.1070038560e+02	7.4068710457e+01	
2.1080029513e+02	7.5525021301e+01	
2.1090008950e+02	7.6526468812e+01	
2.1100011024e+02	7.7168659216e+01	
2.1110029010e+02	7.7368816472e+01	
2.1120010276e+02	7.8703009255e+01	
2.1130030069e+02	8.1713233122e+01	
2.1140027220e+02	8.4471408091e+01	
2.1150008320e+02	9.4182181918e+01	
2.1160047463e+02	9.6276077734e+01	
2.1170020012e+02	8.7379121441e+01	
2.1180002797e+02	8.4518447943e+01	
2.1190022219e+02	1.0225766892e+02	
2.1200026504e+02	1.0013196792e+02	
2.1210042030e+02	9.1020115307e+01	
2.1220005059e+02	8.5988214936e+01	
2.1230018995e+02	9.6851416279e+01	
2.1240046296e+02	9.6921847968e+01	
2.1250038631e+02	6.3778741653e+01	
2.1260022346e+02	6.0143902787e+01	
2.1270054126e+02	5.0496623139e+01	
2.1280034868e+02	6.1495332962e+01	
2.1290020464e+02	8.6920649804e+01	
2.1300042140e+02	6.7926579860e+01	
2.1310031950e+02	5.0725103931e+01	
2.1320055710e+02	5.1940918016e+01	
2.1330000845e+02	5.3862258221e+01	
2.1340049978e+02	5.3570657504e+01	
2.1350048863e+02	6.6573678482e+01	
2.1360014004e+02	7.8453850957e+01	
2.1370030617e+02	8.9488124856e+01	
2.1380018893e+02	6.9338589172e+01	
2.1390046891e+02	6.0757740836e+01	
2.1400003765e+02	5.3967345980e+01	
2.1410046139e+02	5.3095314498e+01	
2.1420047893e+02	5.0219504491e+01	
2.1430034139e+02	4.6751804690e+01	
2.1440029452e+02	5.2839715348e+01	
2.1450010346e+02	6.5278225090e+01	
2.1460020572e+02	8.0685066998e+01	
2.1470017908e+02	1.2370765643e+02	
2.1480024365e+02	1.7759444240e+02	
2.1490029298e+02	1.2208745886e+02	
2.1500000973e+02	7.6576105052e+01	
2.1510029370e+02	1.3787291174e+02	
2.1520048476e+02	1.6491172254e+02	
2.1530054659e+02	1.6803176860e+02	
2.1540053943e+02	1.0859830896e+02	
2.1550042408e+02	8.1817707306e+01	
2.1560020745e+02	6.4473011402e+01	
2.1570050452e+02	6.9968595391e+01	
2.1580024399e+02	7.4870118480e+01	
2.1590013300e+02	5.9057738531e+01	
2.1600040181e+02	5.5121956811e+01	
2.1610040694e+02	5.4528507891e+01	
2.1620042607e+02	5.9192579769e+01	
2.1630052316e+02	7.6756474159e+01	
2.1640011651e+02	8.3181443825e+01	
2.1650007134e+02	1.5077245757e+02	
2.1660017926e+02	2.1031093534e+02	
2.1670028315e+02	2.0079067016e+02	
2.1680005745e+02	2.6439930582e+02	
2.1690005542e+02	3.4436551539e+02	
2.1700035854e+02	3.5269569430e+02	
2.1710007922e+02	3.2487996178e+02	
2.1720019421e+02	3.2522885024e+02	
2.1730009879e+02	2.3032978656e+02	
2.1740009458e+02	1.7335348164e+02	
2.1750021900e+02	1.2090148815e+02	
2.1760043350e+02	2.2524894062e+02	
2.1770001706e+02	1.8982279482e+02	
2.1780000495e+02	2.5501574213e+02	
2.1790021263e+02	1.5118521607e+02	
2.1800002118e+02	1.0482760488e+02	
2.1810023078e+02	1.0107153300e+02	
2.1820041667e+02	1.0078916254e+02	
2.1830021484e+02	1.2758041006e+02	
2.1840012105e+02	1.9317544031e+02	
2.1850035468e+02	2.2694548504e+02	
2.1860005173e+02	2.3197236306e+02	
2.1870000031e+02	1.7643409589e+02	
2.1880050863e+02	9.6951555888e+01	
2.1890034482e+02	7.8140668223e+01	
2.1900012590e+02	7.4770845305e+01	
2.1910017676e+02	1.1116809778e+02	
2.1920015169e+02	9.1482800487e+01	
2.1930031428e+02	8.0939289585e+01	
2.1940018706e+02	1.0335400716e+02	
2.1950036210e+02	8.1278769648e+01	
2.1960033043e+02	8.0010878365e+01	
2.1970029828e+02	8.1568759404e+01	
2.1980044847e+02	8.8955336513e+01	
2.1990021560e+02	8.7889925968e+01	
2.2000014018e+02	1.2194908794e+02	
2.2010003494e+02	1.1011304339e+02	
2.2020042103e+02	9.6951480532e+01	
2.2030037654e+02	8.4452171317e+01	
2.2040002786e+02	9.4390304378e+01	
2.2050040363e+02	9.7401416180e+01	
2.2060007441e+02	9.4937287065e+01	
2.2070026406e+02	9.0434807571e+01	
2.2080041739e+02	8.7507380509e+01	
2.2090012397e+02	1.0232146735e+02	
2.2100041507e+02	1.0867564854e+02	
2.2110051344e+02	8.9561224212e+01	
2.2120008913e+02	9.2021709022e+01	
2.2130050559e+02	1.0130235363e+02	
2.2140024812e+02	1.0708844190e+02	
2.2150043896e+02	1.1763210649e+02	
2.2160023689e+02	1.0073877855e+02	
2.2170022779e+02	1.1179677017e+02	
2.2180017949e+02	1.1978147293e+02	
2.2190048460e+02	1.3079924120e+02	
2.2200052120e+02	1.3198832182e+02	
2.2210039208e+02	1.3156230658e+02	
2.2220010714e+02	1.0763319900e+02	
2.2230026758e+02	1.1832374740e+02	
2.2240040794e+02	9.7325166783e+01	
2.2250028646e+02	9.2982439203e+01	
2.2260047308e+02	1.1528881418e+02	
2.2270010920e+02	9.8139474414e+01	
2.2280030919e+02	1.0109070175e+02	
2.2290019773e+02	9.4588752760e+01	
2.2300032027e+02	7.1300343437e+01	
2.2310041692e+02	7.5425252312e+01	
2.2320016472e+02	7.2071970314e+01	
2.2330039220e+02	7.2376263620e+01	
2.2340052462e+02	6.6336220908e+01	
2.2350020192e+02	7.4056096207e+01	
2.2360004802e+02	7.2759703256e+01	
2.2370004180e+02	6.8942843222e+01	
2.2380003384e+02	9.2833385237e+01	
2.2390014798e+02	9.4458880871e+01	
2.2400002471e+02	1.3716927234e+02	
2.2410014996e+02	1.3480958427e+02	
2.2420051501e+02	8.5224630294e+01	
2.2430025984e+02	6.7994350909e+01	
2.2440050616e+02	2.6202807480e+02	
2.2450018188e+02	2.3235068483e+02	
2.2460036246e+02	2.1048028802e+02	
2.2470027249e+02	1.8366665362e+02	
2.2480040606e+02	1.6342321768e+02	
2.2490033011e+02	1.6929370036e+02	
2.2500034804e+02	1.6863222182e+02	
2.2510022752e+02	1.3460127109e+02	
2.2520048361e+02	1.3307170466e+02	
2.2530046245e+02	1.2886275216e+02	
2.2540033825e+02	1.0483940023e+02	
2.2550046770e+02	9.0988591330e+01	
2.2560049136e+02	7.6101681756e+01	
2.2570039851e+02	7.5177066045e+01	
2.2580023991e+02	1.0755404674e+02	
2.2590024288e+02	1.0538262908e+02	
2.2600035811e+02	1.3263029460e+02	
2.2610042996e+02	6.3000132686e+01	
2.2620013092e+02	5.1189107564e+01	
2.2630004232e+02	5.0047278256e+01	
2.2640030995e+02	4.8230157812e+01	
2.2650053487e+02	4.4793411306e+01	
2.2660034669e+02	4.5243770499e+01	
2.2670019993e+02	4.2173733703e+01	
2.2680029429e+02	4.2365016833e+01	
2.2690032682e+02	3.9559987582e+01	
2.2700023738e+02	4.5940574062e+01	
2.2710030041e+02	4.6399731573e+01	
2.2720040889e+02	5.2003180519e+01	
2.2730018507e+02	5.3724747537e+01	
2.2740001909e+02	5.1186264079e+01	
2.2750040553e+02	5.8630256845e+01	
2.2760037835e+02	7.2049241810e+01	
2.2770006448e+02	8.5206080809e+01	
2.2780013221e+02	7.9444753834e+01	
2.2790014853e+02	6.9474537994e+01	
2.2800040473e+02	6.8675223002e+01	
2.2810031541e+02	7.7630780834e+01	
2.2820051347e+02	6.8853903602e+01	
2.2830029342e+02	7.5337355443e+01	
2.2840039009e+02	1.0307919318e+02	
2.2850042791e+02	1.2244554896e+02	
2.2860053115e+02	1.1305093106e+02	
2.2870016196e+02	1.4057420740e+02	
2.2880019171e+02	1.5748240861e+02	
2.2890012845e+02	2.1012428721e+02	
2.2900031709e+02	1.5852413468e+02	
2.2910011668e+02	1.0684748217e+02	
2.2920044014e+02	1.2753317685e+02	
2.2930032671e+02	1.2299223318e+02	
2.2940052145e+02	1.1246961391e+02	
2.2950030806e+02	9.3474539365e+01	
2.2960051538e+02	7.1016331852e+01	
2.2970051667e+02	6.3793467979e+01	
2.2980000216e+02	6.2373324681e+01	
2.2990013641e+02	5.5392511256e+01	
2.3000006167e+02	5.3241518937e+01	
2.3010012615e+02	4.7450681408e+01	
2.3020006679e+02	4.8299613917e+01	
2.3030001995e+02	7.7085707979e+01	
2.3040015331e+02	8.3493598694e+01	
2.3050036126e+02	8.4243044438e+01	
2.3060006167e+02	8.2217148989e+01	
2.3070028866e+02	8.0444009849e+01	
2.3080024274e+02	7.7835811010e+01	
2.3090040733e+02	8.3039999745e+01	
2.3100033491e+02	8.2878325167e+01	
2.3110022100e+02	7.0224320738e+01	
2.3120009592e+02	5.3034048529e+01	
2.3130018174e+02	5.3790353347e+01	
2.3140021207e+02	6.3364375471e+01	
2.3150042667e+02	7.0691922690e+01	
2.3160036452e+02	8.7054343946e+01	
2.3170012347e+02	9.0404491262e+01	
2.3180002464e+02	9.1003528376e+01	
2.3190027232e+02	7.9964175277e+01	
2.3200022506e+02	8.0123188382e+01	
2.3210042611e+02	6.2668892569e+01	
2.3220022841e+02	7.9625464191e+01	
2.3230040062e+02	9.4848428460e+01	
2.3240032651e+02	1.0282367849e+02	
2.3250043051e+02	1.1038824436e+02	
2.3260004419e+02	9.8679598831e+01	
2.3270037884e+02	9.9906626791e+01	
2.3280001235e+02	1.2592330239e+02	
2.3290002527e+02	1.3710846726e+02	
2.3300002086e+02	1.0620457109e+02	
2.3310012477e+02	1.1018613996e+02	
2.3320000790e+02	1.1283227544e+02	
2.3330042540e+02	1.1211375027e+02	
2.3340018706e+02	1.0195618243e+02	
2.3350036274e+02	8.8078402260e+01	
2.3360029491e+02	7.9024386828e+01	
2.3370046619e+02	9.0294187894e+01	
2.3380037927e+02	1.1911214189e+02	
2.3390033049e+02	1.2311282977e+02	
2.3400017948e+02	1.2746219749e+02	
2.3410004149e+02	1.0599417423e+02	
2.3420043737e+02	1.1755387651e+02	
2.3430042590e+02	1.0233684036e+02	
2.3440006507e+02	1.1207156123e+02	
2.3450005787e+02	9.4066853302e+01	
2.3460027718e+02	6.3363265783e+01	
2.3470019208e+02	5.8588783575e+01	
2.3480056284e+02	6.0238301540e+01	
2.3490027682e+02	5.9599429981e+01	
2.3500024646e+02	6.9624817712e+01	
2.3510012406e+02	6.9540389804e+01	
2.3520054933e+02	5.4512144936e+01	
2.3530057701e+02	5.4306269531e+01	
2.3540050516e+02	4.3358422344e+01	
2.3550033865e+02	7.5475168926e+01	
2.3560027040e+02	8.4792826741e+01	
2.3570016824e+02	9.5021821429e+01	
2.3580009930e+02	8.9890677953e+01	
2.3590006128e+02	8.1571807525e+01	
2.3600012570e+02	9.6098596633e+01	
2.3610022191e+02	1.2626090329e+02	
2.3620034457e+02	1.5361299299e+02	
2.3630040330e+02	1.6173334724e+02	
2.3640043353e+02	1.1120197189e+02	
2.3650030235e+02	9.6129656827e+01	
2.3660028412e+02	8.4729654503e+01	
2.3670024148e+02	9.4561906899e+01	
2.3680017326e+02	9.4647753528e+01	
2.3690021711e+02	9.8858350843e+01	
2.3700039892e+02	9.6031142495e+01	
2.3710000127e+02	8.3374561874e+01	
2.3720001896e+02	9.2783835371e+01	
2.3730028354e+02	1.1473664416e+02	
2.3740004315e+02	1.2826873544e+02	
2.3750004966e+02	6.6464488055e+01	
2.3760038724e+02	6.1587803663e+01	
2.3770034339e+02	6.0873629609e+01	
2.3780015304e+02	7.3580652463e+01	
2.3790033812e+02	7.1330596694e+01	
2.3800009532e+02	5.8368630519e+01	
2.3810004034e+02	6.7777085990e+01	
2.3820012597e+02	8.4828171804e+01	
2.3830008908e+02	7.3270702171e+01	
2.3840015022e+02	6.8603065375e+01	
2.3850041595e+02	5.7943522472e+01	
2.3860035278e+02	4.6716881718e+01	
2.3870053005e+02	4.3730093278e+01	
2.3880042130e+02	3.6400221907e+01	
2.3890045462e+02	6.9761016212e+01	
2.3900048070e+02	7.7483818767e+01	
2.3910020869e+02	8.3136688509e+01	
2.3920052860e+02	6.2826935093e+01	
2.3930043427e+02	5.3258027654e+01	
2.3940026722e+02	6.4891399873e+01	
2.3950053446e+02	7.5355484184e+01	
2.3960049861e+02	8.1259262688e+01	
2.3970043047e+02	1.0112354810e+02	
2.3980021859e+02	1.2765134705e+02	
2.3990050118e+02	1.6670709640e+02	
2.4000021851e+02	1.6683191298e+02	
2.4010004006e+02	1.2437307739e+02	
2.4020013061e+02	1.1155184715e+02	
2.4030007879e+02	1.0114065749e+02	
2.4040037791e+02	8.7975150329e+01	
2.4050010461e+02	8.2745743236e+01	
2.4060015762e+02	6.2145032591e+01	
2.4070035643e+02	5.8261244314e+01	
2.4080026230e+02	5.7843571360e+01	
2.4090023738e+02	5.6643558054e+01	
2.4100032127e+02	6.2312361891e+01	
2.4110014829e+02	5.6521642440e+01	
2.4120047901e+02	5.7318384014e+01	
2.4130017801e+02	6.4753103777e+01	
2.4140013700e+02	6.6341388589e+01	
2.4150033675e+02	7.6615168263e+01	
2.4160051661e+02	8.1317548377e+01	
2.4170000001e+02	6.5534294688e+01	
2.4180031936e+02	6.7112819341e+01	
2.4190037674e+02	5.8153407405e+01	
2.4200014963e+02	8.4209578660e+01	
2.4210026781e+02	8.2866341299e+01	
2.4220032698e+02	6.7363025345e+01	
2.4230006041e+02	7.6615335197e+01	
2.4240026542e+02	6.4464882629e+01	
2.4250021334e+02	5.8879364206e+01	
2.4260048043e+02	5.5469524942e+01	
2.4270031500e+02	5.1271310993e+01	
2.4280009406e+02	4.5835845284e+01	
2.4290030978e+02	4.0893657089e+01	
2.4300015126e+02	4.3783477652e+01	
2.4310030256e+02	6.2574232467e+01	
2.4320008694e+02	7.2511947370e+01	
2.4330009098e+02	7.7021583679e+01	
2.4340015283e+02	7.8707208651e+01	
2.4350018708e+02	5.9703565109e+01	
2.4360045607e+02	5.8947394234e+01	
2.4370035894e+02	5.3066968436e+01	
2.4380025352e+02	4.9866125246e+01	
2.4390032277e+02	4.6343652960e+01	
2.4400034894e+02	4.8294415580e+01	
2.4410021312e+02	5.0386912341e+01	
2.4420026072e+02	5.2223905013e+01	
2.4430046780e+02	4.5971837236e+01	
2.4440032133e+02	4.9319867482e+01	
2.4450053777e+02	9.0859178449e+01	
2.4460018164e+02	8.9555255134e+01	
2.4470026347e+02	5.9161318492e+01	
2.4480046237e+02	3.9616918882e+01	
2.4490050918e+02	3.6479705459e+01	
2.4500011560e+02	4.5756886808e+01	
2.4510007566e+02	4.8995686069e+01	
2.4520017052e+02	5.1481562537e+01	
2.4530041701e+02	5.3722642252e+01	
2.4540048125e+02	5.4816883784e+01	
2.4550047375e+02	6.7037027828e+01	
2.4560044939e+02	5.4972804687e+01	
2.4570013047e+02	4.6680569461e+01	
2.4580041092e+02	4.7378269468e+01	
2.4590014046e+02	4.5856827233e+01	
2.4600047656e+02	4.4736523095e+01	
2.4610046452e+02	4.4600342021e+01	
2.4620020057e+02	4.6370925758e+01	
2.4630048027e+02	4.7029406039e+01	
2.4640042555e+02	4.4611898451e+01	
2.4650019549e+02	4.8191713791e+01	
2.4660019513e+02	5.8647006094e+01	
2.4670017332e+02	6.2045189346e+01	
2.4680041090e+02	6.1421545833e+01	
2.4690024694e+02	6.9972261101e+01	
2.4700019618e+02	7.7105223908e+01	
2.4710037915e+02	7.6816299933e+01	
2.4720004422e+02	7.6047047810e+01	
2.4730000284e+02	5.8355303559e+01	
2.4740017585e+02	6.4758120097e+01	
2.4750048534e+02	7.5940433349e+01	
2.4760025773e+02	8.8950560465e+01	
2.4770011169e+02	6.1650413461e+01	
2.4780039625e+02	1.2143847282e+02	
2.4790020840e+02	1.7500125661e+02	
2.4800034201e+02	1.5466700277e+02	
2.4810032385e+02	1.5505747383e+02	
2.4820045669e+02	1.3483716751e+02	
2.4830003525e+02	1.0137169668e+02	
2.4840020465e+02	7.9142981587e+01	
2.4850001075e+02	6.2832074134e+01	
2.4860034293e+02	5.1991978273e+01	
2.4870003686e+02	5.0291021519e+01	
2.4880002280e+02	5.7220165608e+01	
2.4890022084e+02	5.6253148458e+01	
2.4900049651e+02	7.1066382417e+01	
2.4910033579e+02	1.0685510667e+02	
2.4920029615e+02	1.2011853404e+02	
2.4930004074e+02	1.2708932750e+02	
2.4940044286e+02	1.3870299360e+02	
2.4950001172e+02	1.3832046787e+02	
2.4960036500e+02	1.2468463116e+02	
2.4970050503e+02	1.0791302837e+02	
2.4980021942e+02	8.9224230820e+01	
2.4990036228e+02	7.7184300412e+01	
2.5000017584e+02	6.8210333194e+01	
2.5010035019e+02	6.0775371900e+01	
2.5020001926e+02	5.7285297821e+01	
2.5030002794e+02	4.8310290696e+01	
2.5040006579e+02	5.3142707375e+01	
2.5050006887e+02	4.4073508198e+01	
2.5060050626e+02	4.4993272799e+01	
2.5070001662e+02	5.0299594402e+01	
2.5080028860e+02	5.3416640562e+01	
2.5090009014e+02	4.0105507519e+01	
2.5100022655e+02	4.7798316443e+01	
2.5110008951e+02	6.4048163469e+01	
2.5120048799e+02	7.5558276150e+01	
2.5130047644e+02	8.4821953550e+01	
2.5140028796e+02	9.2673369789e+01	
2.5150025207e+02	9.9997846338e+01	
2.5160014751e+02	1.0215082214e+02	
2.5170001672e+02	8.8258828905e+01	
2.5180042026e+02	6.7675440756e+01	
2.5190009838e+02	6.2144402374e+01	
2.5200036558e+02	6.5491270603e+01	
2.5210046948e+02	5.9824730442e+01	
2.5220021148e+02	4.7454653132e+01	
2.5230035322e+02	5.8789794805e+01	
2.5240049362e+02	4.9803481065e+01	
2.5250011198e+02	4.7195093809e+01	
2.5260025352e+02	5.2429435794e+01	
2.5270009112e+02	6.8187233356e+01	
2.5280048221e+02	7.2668194769e+01	
2.5290031599e+02	6.8192643899e+01	
2.5300007876e+02	6.8443338943e+01	
2.5310050970e+02	7.6713842432e+01	
2.5320030161e+02	7.5456078708e+01	
2.5330015386e+02	6.4613479329e+01	
2.5340015423e+02	6.5832530415e+01	
2.5350010446e+02	7.5342131186e+01	
2.5360047961e+02	6.8134328196e+01	
2.5370014867e+02	6.9489493852e+01	
2.5380009058e+02	6.5652023458e+01	
2.5390038118e+02	6.2134954661e+01	
2.5400021107e+02	6.4995273174e+01	
2.5410000475e+02	6.0612386757e+01	
2.5420048806e+02	5.2353568411e+01	
2.5430010698e+02	5.2665224987e+01	
2.5440048283e+02	6.2432083959e+01	
2.5450027641e+02	6.2746548558e+01	
2.5460035632e+02	6.9364968519e+01	
2.5470030403e+02	6.8248993228e+01	
2.5480051248e+02	6.8220858808e+01	
2.5490031941e+02	7.2817946810e+01	
2.5500039564e+02	7.0537345639e+01	
2.5510041324e+02	5.1025807653e+01	
2.5520016854e+02	4.7848674287e+01	
2.5530033591e+02	5.5849678219e+01	
2.5540013616e+02	5.6005206123e+01	
2.5550035900e+02	5.1397793618e+01	
2.5560035858e+02	6.7332888702e+01	
2.5570013585e+02	7.1984230547e+01	
2.5580043841e+02	1.0342773117e+02	
2.5590021077e+02	8.8903927384e+01	
2.5600010561e+02	7.0818332597e+01	
2.5610001389e+02	6.5619759324e+01	
2.5620027208e+02	6.2046712118e+01	
2.5630046375e+02	6.4995370746e+01	
2.5640022220e+02	6.1197737527e+01	
2.5650030965e+02	7.7431187064e+01	
2.5660038441e+02	6.6550951160e+01	
2.5670035946e+02	5.9510417215e+01	
2.5680015095e+02	5.6084120539e+01	
2.5690005764e+02	8.7741769456e+01	
2.5700031254e+02	8.1513124563e+01	
2.5710028821e+02	7.0829534589e+01	
2.5720025432e+02	7.0280785418e+01	
2.5730020787e+02	6.4731780674e+01	
2.5740051136e+02	7.2878396062e+01	
2.5750014730e+02	6.2371809525e+01	
2.5760014956e+02	6.8398187338e+01	
2.5770022271e+02	9.4824589174e+01	
2.5780050747e+02	9.2941404432e+01	
2.5790032661e+02	7.3979052610e+01	
2.5800012978e+02	8.6065364881e+01	
2.5810017584e+02	7.8214552741e+01	
2.5820025090e+02	7.3038674043e+01	
2.5830047854e+02	8.5429267386e+01	
2.5840010926e+02	7.1532215299e+01	
2.5850041808e+02	6.5395944648e+01	
2.5860041007e+02	5.9734154570e+01	
2.5870030760e+02	6.3264409681e+01	
2.5880004271e+02	5.7313049614e+01	
2.5890046305e+02	4.8553160994e+01	
2.5900040163e+02	4.7480863544e+01	
2.5910004085e+02	4.7006256300e+01	
2.5920037769e+02	4.7202327552e+01	
2.5930018557e+02	5.6217080797e+01	
2.5940015610e+02	5.3773001364e+01	
2.5950014558e+02	5.4837379279e+01	
2.5960052145e+02	6.4883420633e+01	
2.5970021069e+02	6.2446468708e+01	
2.5980025692e+02	6.0580497443e+01	
2.5990044619e+02	7.1276778528e+01	
2.6000018236e+02	6.5137160214e+01	
2.6010039882e+02	5.8407465124e+01	
2.6020035537e+02	6.1435134547e+01	
2.6030041328e+02	5.8717150916e+01	
2.6040047890e+02	4.8046645888e+01	
2.6050006723e+02	4.6701238906e+01	
2.6060006185e+02	4.7729952846e+01	
2.6070047869e+02	4.9178380882e+01	
2.6080023019e+02	4.9599490183e+01	
2.6090037316e+02	7.6464326534e+01	
2.6100005451e+02	8.1981153155e+01	
2.6110023756e+02	7.1362125191e+01	
2.6120038157e+02	7.2004333711e+01	
2.6130049239e+02	7.9536516001e+01	
2.6140007709e+02	6.0405084631e+01	
2.6150024659e+02	8.3327820102e+01	
2.6160022580e+02	8.0870076221e+01	
2.6170005008e+02	8.1543532593e+01	
2.6180034036e+02	8.5389808673e+01	
2.6190019616e+02	9.3057844475e+01	
2.6200030907e+02	8.3556398903e+01	
2.6210023148e+02	6.3908336679e+01	
2.6220028766e+02	7.2382183370e+01	
2.6230020292e+02	6.6971415384e+01	
2.6240006915e+02	7.0226913103e+01	
2.6250018249e+02	6.4871164539e+01	
2.6260038668e+02	7.4037776851e+01	
2.6270002410e+02	7.9074484049e+01	
2.6280038828e+02	8.1964359924e+01	
2.6290024961e+02	8.4740972075e+01	
2.6300001845e+02	8.8567086521e+01	
2.6310004149e+02	8.0983665828e+01	
2.6320002547e+02	5.8163710585e+01	
2.6330041097e+02	5.6411417495e+01	
2.6340037764e+02	6.7001617109e+01	
2.6350027477e+02	9.1663898253e+01	
2.6360038399e+02	6.8703482019e+01	
2.6370038144e+02	6.3421229038e+01	
2.6380039775e+02	5.7857067718e+01	
2.6390011852e+02	6.2101356992e+01	
2.6400000657e+02	5.9939439297e+01	
2.6410043141e+02	5.5135174483e+01	
2.6420003356e+02	6.3006643710e+01	
2.6430054323e+02	5.4730268226e+01	
2.6440028435e+02	5.3929484835e+01	
2.6450033484e+02	5.9084945257e+01	
2.6460004266e+02	4.4959724169e+01	
2.6470038701e+02	4.8820276257e+01	
2.6480008812e+02	4.8897516663e+01	
2.6490046798e+02	4.6516675962e+01	
2.6500003385e+02	4.7874378605e+01	
2.6510050353e+02	4.9446905966e+01	
2.6520045461e+02	4.5756628804e+01	
2.6530050199e+02	3.8677067308e+01	
2.6540023888e+02	3.8763715385e+01	
2.6550039883e+02	4.2522617884e+01	
2.6560019136e+02	4.3834639596e+01	
2.6570025185e+02	4.8481424628e+01	
2.6580012483e+02	5.4012701151e+01	
2.6590039057e+02	5.5692086684e+01	
2.6600028186e+02	5.4089521889e+01	
2.6610050535e+02	7.2744258603e+01	
2.6620012827e+02	8.7272058103e+01	
2.6630011377e+02	9.0713947661e+01	
2.6640022894e+02	1.0045591512e+02	
2.6650000094e+02	1.1833371157e+02	
2.6660041244e+02	1.1995782628e+02	
2.6670043339e+02	1.1093450122e+02	
2.6680007229e+02	1.0773783374e+02	
2.6690036049e+02	9.6606191729e+01	
2.6700019830e+02	8.1150710687e+01	
2.6710041746e+02	7.7080988904e+01	
2.6720046108e+02	7.6136522779e+01	
2.6730051518e+02	7.1002262693e+01	
2.6740025998e+02	6.8689570731e+01	
2.6750006905e+02	7.4465948396e+01	
2.6760013798e+02	6.3221380276e+01	
2.6770021892e+02	5.6027381900e+01	
2.6780007645e+02	4.7308697099e+01	
2.6790013553e+02	3.7900644433e+01	
2.6800041199e+02	4.8697773241e+01	
2.6810018748e+02	5.6746647081e+01	
2.6820039052e+02	1.0265189189e+02	
2.6830013119e+02	9.2150523768e+01	
2.6840044883e+02	4.9938078751e+01	
2.6850035626e+02	4.9454601876e+01	
2.6860042432e+02	5.2356171912e+01	
2.6870048514e+02	5.6796548844e+01	
2.6880003188e+02	6.4710743415e+01	
2.6890047909e+02	7.1310002076e+01	
2.6900038649e+02	8.3329679116e+01	
2.6910007097e+02	6.3108829421e+01	
2.6920041068e+02	5.6359430458e+01	
2.6930045838e+02	6.6803180477e+01	
2.6940020941e+02	6.9691835433e+01	
2.6950053212e+02	8.8140223422e+01	
2.6960023362e+02	1.2472462538e+02	
2.6970010825e+02	1.0149407195e+02	
2.6980044392e+02	6.8441215620e+01	
2.6990031636e+02	5.9135120774e+01	
2.7000043489e+02	5.0029765134e+01	
2.7010045070e+02	4.9473209609e+01	
2.7020039906e+02	4.6667092225e+01	
2.7030037046e+02	4.0270885295e+01	
2.7040014117e+02	3.9485422918e+01	
2.7050041283e+02	3.1363604943e+01	
2.7060037877e+02	3.1850430099e+01	
2.7070047370e+02	3.4675139036e+01	
2.7080038267e+02	3.5581020810e+01	
2.7090050531e+02	4.3775942697e+01	
2.7100048278e+02	3.8412895435e+01	
2.7110008468e+02	3.7307490470e+01	
2.7120031417e+02	3.3917129530e+01	
2.7130009672e+02	3.7569876186e+01	
2.7140018587e+02	5.2951169343e+01	
2.7150017818e+02	5.9415558413e+01	
2.7160022495e+02	5.7123823863e+01	
2.7170045673e+02	6.7109176434e+01	
2.7180033780e+02	7.7025195327e+01	
2.7190024761e+02	6.8624024765e+01	
2.7200031195e+02	7.0806847336e+01	
2.7210035885e+02	6.2119046373e+01	
2.7220019340e+02	6.4685322338e+01	
2.7230017389e+02	8.0554757386e+01	
2.7240050428e+02	7.7122826430e+01	
2.7250048675e+02	7.4945003743e+01	
2.7260029271e+02	5.3322566933e+01	
2.7270034973e+02	5.3076242730e+01	
2.7280028510e+02	4.9996629258e+01	
2.7290036112e+02	5.7904220563e+01	
2.7300025475e+02	5.6308081581e+01	
2.7310004309e+02	6.1335969834e+01	
2.7320005833e+02	1.2206869891e+02	
2.7330031287e+02	1.2986666815e+02	
2.7340035527e+02	1.3300282995e+02	
2.7350009749e+02	1.3449715395e+02	
2.7360003707e+02	1.3480709072e+02	
2.7370019501e+02	1.3447592316e+02	
2.7380005036e+02	1.3483488200e+02	
2.7390009773e+02	1.3358069057e+02	
2.7400041029e+02	1.2949899437e+02	
2.7410034832e+02	1.2719331626e+02	
2.7420017102e+02	1.2132894775e+02	
2.7430024507e+02	1.1491506244e+02	
2.7440020879e+02	1.0933672538e+02	
2.7450011546e+02	1.0608229576e+02	
2.7460019368e+02	1.0570359639e+02	
2.7470010575e+02	1.0743872363e+02	
2.7480038209e+02	8.4592197446e+01	
2.7490028847e+02	7.5411163928e+01	
2.7500031681e+02	7.5193666228e+01	
2.7510004281e+02	7.3276859060e+01	
2.7520033574e+02	5.2960517426e+01	
2.7530001160e+02	6.0490963486e+01	
2.7540012560e+02	6.4936415615e+01	
2.7550014775e+02	6.0886346921e+01	
2.7560006394e+02	6.3381433930e+01	
2.7570013456e+02	6.7544414875e+01	
2.7580029694e+02	6.4596218918e+01	
2.7590007699e+02	5.3921067505e+01	
2.7600045363e+02	4.4982330347e+01	
2.7610016083e+02	4.4905367130e+01	
2.7620009882e+02	4.3640437867e+01	
2.7630004497e+02	4.5701014914e+01	
2.7640055920e+02	5.7015232545e+01	
2.7650009761e+02	7.7573989043e+01	
2.7660031537e+02	7.8773867787e+01	
2.7670006399e+02	1.1079006872e+02	
2.7680053015e+02	6.9497104893e+01	
2.7690053800e+02	9.7966389624e+01	
2.7700014739e+02	9.8260882916e+01	
2.7710038973e+02	8.7265796881e+01	
2.7720025678e+02	7.9451672146e+01	
2.7730031922e+02	7.4344740589e+01	
2.7740021719e+02	7.1634493350e+01	
2.7750048258e+02	7.0008506923e+01	
2.7760028348e+02	7.0245051493e+01	
2.7770054414e+02	7.6878122063e+01	
2.7780023257e+02	7.5961039840e+01	
2.7790045802e+02	7.1646496137e+01	
2.7800018094e+02	6.9365361071e+01	
2.7810036667e+02	6.9353138668e+01	
2.7820029350e+02	7.4318776135e+01	
2.7830021553e+02	6.5683756053e+01	
2.7840030421e+02	5.7791037625e+01	
2.7850013979e+02	5.5587500055e+01	
2.7860010942e+02	5.6525955666e+01	
2.7870050074e+02	5.7148984763e+01	
2.7880030190e+02	5.7680395328e+01	
2.7890038835e+02	5.7767280999e+01	
2.7900000085e+02	5.8471751469e+01	
2.7910034821e+02	5.6178715177e+01	
2.7920049958e+02	5.3371208559e+01	
2.7930055331e+02	5.3475947506e+01	
2.7940008702e+02	6.5944030290e+01	
2.7950033668e+02	6.0648274487e+01	
2.7960034389e+02	5.9794265114e+01	
2.7970018517e+02	5.1327675195e+01	
2.7980053437e+02	5.5099482919e+01	
2.7990049900e+02	5.5367409210e+01	
2.8000037874e+02	6.1825931113e+01	
2.8010016108e+02	7.0292583082e+01	
2.8020015110e+02	7.1336328353e+01	
2.8030026806e+02	6.9852880746e+01	
2.8040025618e+02	6.9539198663e+01	
2.8050006932e+02	7.2724132198e+01	
2.8060044047e+02	7.2093710013e+01	
2.8070016851e+02	6.8526537920e+01	
2.8080041734e+02	7.0602903964e+01	
2.8090027117e+02	6.8017857684e+01	
2.8100031289e+02	8.1940447441e+01	
2.8110014282e+02	1.1643542015e+02	
2.8120001689e+02	2.0263093597e+02	
2.8130034328e+02	2.2290756904e+02	
2.8140018704e+02	1.8037995051e+02	
2.8150026349e+02	1.3078237834e+02	
2.8160000192e+02	9.7799985505e+01	
2.8170043875e+02	8.1425988740e+01	
2.8180030505e+02	6.7316448721e+01	
2.8190052512e+02	6.5176872504e+01	
2.8200049273e+02	6.8235142744e+01	
2.8210054932e+02	6.6630120707e+01	
2.8220009284e+02	6.2979852969e+01	
2.8230024905e+02	6.5538312375e+01	
2.8240023769e+02	7.1855653448e+01	
2.8250005428e+02	7.0511518590e+01	
2.8260033075e+02	7.3577324343e+01	
2.8270002407e+02	6.7173009706e+01	
2.8280003343e+02	6.1296819730e+01	
2.8290024191e+02	7.0654309250e+01	
2.8300036514e+02	6.2385743618e+01	
2.8310001427e+02	4.6573153971e+01	
2.8320030633e+02	5.0898579185e+01	
2.8330022892e+02	4.3245003521e+01	
2.8340021122e+02	4.4140071121e+01	
2.8350021036e+02	5.1322059822e+01	
2.8360015429e+02	5.8920494187e+01	
2.8370043299e+02	5.6101394246e+01	
2.8380006107e+02	5.7374968202e+01	
2.8390023745e+02	5.5974808520e+01	
2.8400042320e+02	5.3735663710e+01	
2.8410011541e+02	7.4749152773e+01	
2.8420015897e+02	8.0955938728e+01	
2.8430035312e+02	6.2688829249e+01	
2.8440014591e+02	5.8863136280e+01	
2.8450028021e+02	5.9889775471e+01	
2.8460021708e+02	6.0535348717e+01	
2.8470046105e+02	6.0513451415e+01	
2.8480006083e+02	8.3177078405e+01	
2.8490013629e+02	7.6443128958e+01	
2.8500049968e+02	1.0637567874e+02	
2.8510016884e+02	1.1717691499e+02	
2.8520001066e+02	1.1628890814e+02	
2.8530012914e+02	1.1338643359e+02	
2.8540027728e+02	1.0977537615e+02	
2.8550015592e+02	1.0139683431e+02	
2.8560017288e+02	8.7245784071e+01	
2.8570020997e+02	7.8898343119e+01	
2.8580012383e+02	7.2001611565e+01	
2.8590023406e+02	6.6531244295e+01	
2.8600032107e+02	5.8899950997e+01	
2.8610012609e+02	5.7463223493e+01	
2.8620000656e+02	4.9705253939e+01	
2.8630048368e+02	5.2046805940e+01	
2.8640004726e+02	6.1572027659e+01	
2.8650046448e+02	6.0487157570e+01	
2.8660019129e+02	5.6223315632e+01	
2.8670028717e+02	4.0640194058e+01	
2.8680023309e+02	3.9673135034e+01	
2.8690030809e+02	3.7878675808e+01	
2.8700019441e+02	5.4305193299e+01	
2.8710041366e+02	6.0310390687e+01	
2.8720001184e+02	6.6200194691e+01	
2.8730022420e+02	7.3713089415e+01	
2.8740027359e+02	7.3169101092e+01	
2.8750015251e+02	6.4771301710e+01	
2.8760044883e+02	6.3191074100e+01	
2.8770044670e+02	6.2097208832e+01	
2.8780046777e+02	6.4918322348e+01	
2.8790007399e+02	5.9130576458e+01	
2.8800043110e+02	5.7039154149e+01	
2.8810005420e+02	5.1961849666e+01	
2.8820015289e+02	4.5346546837e+01	
2.8830031374e+02	3.9326130306e+01	
2.8840032056e+02	3.3730449667e+01	
2.8850034159e+02	3.5396098377e+01	
2.8860015212e+02	3.7207824058e+01	
2.8870034772e+02	4.5377538809e+01	
2.8880030125e+02	4.0555609114e+01	
2.8890018422e+02	3.6413137642e+01	
2.8900033030e+02	4.0047511070e+01	
2.8910001063e+02	4.0125278735e+01	
2.8920028106e+02	4.1216752633e+01	
2.8930004457e+02	4.2951699799e+01	
2.8940006540e+02	4.2925988532e+01	
2.8950044479e+02	5.0032425331e+01	
2.8960034938e+02	4.8670589836e+01	
2.8970048748e+02	4.4142796102e+01	
2.8980033578e+02	5.2746027980e+01	
2.8990046942e+02	5.7747987137e+01	
2.9000047643e+02	5.6289555310e+01	
2.9010049885e+02	5.6203411360e+01	
2.9020011088e+02	5.7077464876e+01	
2.9030031356e+02	5.2520599148e+01	
2.9040003906e+02	4.4780474561e+01	
2.9050019127e+02	4.9168502746e+01	
2.9060050706e+02	5.2816376245e+01	
2.9070002033e+02	4.8225072117e+01	
2.9080014017e+02	5.1674034875e+01	
2.9090046900e+02	5.4035782271e+01	
2.9100036780e+02	5.4317100425e+01	
2.9110013761e+02	4.7153915604e+01	
2.9120030199e+02	5.1026911433e+01	
2.9130048995e+02	5.2409133580e+01	
2.9140025281e+02	5.2083821602e+01	
2.9150022862e+02	6.9225044756e+01	
2.9160050494e+02	4.9823885361e+01	
2.9170050055e+02	5.3582479254e+01	
2.9180025481e+02	4.8652655926e+01	
2.9190016051e+02	4.4603729689e+01	
2.9200034459e+02	4.1631910439e+01	
2.9210039383e+02	4.4931688578e+01	
2.9220054513e+02	4.8067646324e+01	
2.9230039939e+02	4.9544689869e+01	
2.9240016965e+02	5.0029872768e+01	
2.9250011960e+02	4.9881048756e+01	
2.9260030692e+02	5.0667321763e+01	
2.9270034749e+02	5.0682642050e+01	
2.9280010012e+02	4.9223707577e+01	
2.9290020180e+02	5.6828907936e+01	
2.9300031241e+02	5.3025209180e+01	
2.9310020888e+02	6.7993006681e+01	
2.9320013507e+02	1.0159370532e+02	
2.9330033156e+02	1.2672107121e+02	
2.9340030754e+02	1.0948505399e+02	
2.9350016375e+02	8.8209643465e+01	
2.9360037552e+02	7.0328848138e+01	
2.9370014431e+02	5.7533454945e+01	
2.9380022366e+02	6.0642241623e+01	
2.9390038666e+02	5.8100817530e+01	
2.9400049200e+02	5.0620976263e+01	
2.9410039322e+02	5.1806706499e+01	
2.9420041967e+02	4.8813848652e+01	
2.9430016275e+02	5.2036276527e+01	
2.9440049057e+02	3.9088028516e+01	
2.9450055546e+02	4.3044183810e+01	
2.9460042226e+02	3.7162607586e+01	
2.9470002754e+02	3.6554772820e+01	
2.9480023893e+02	3.9018355425e+01	
2.9490030623e+02	3.6690534657e+01	
2.9500045250e+02	3.5308908711e+01	
2.9510019851e+02	3.3385055355e+01	
2.9520001817e+02	3.1214484466e+01	
2.9530016049e+02	3.8907084582e+01	
2.9540034731e+02	3.6236714717e+01	
2.9550042548e+02	4.4177977571e+01	
2.9560020602e+02	3.3281319767e+01	
2.9570013060e+02	3.5525377626e+01	
2.9580008656e+02	3.7276902736e+01	
2.9590018713e+02	4.3275825235e+01	
2.9600029348e+02	4.4989004992e+01	
2.9610038988e+02	4.7048301083e+01	
2.9620048224e+02	4.5428888287e+01	
2.9630012061e+02	5.0748903493e+01	
2.9640007294e+02	5.0857141947e+01	
2.9650000653e+02	4.4713778960e+01	
2.9660047009e+02	4.3673309511e+01	
2.9670046976e+02	8.0322604711e+01	
2.9680019297e+02	1.0015979770e+02	
2.9690033581e+02	4.8022975961e+01	
2.9700051799e+02	5.2881355141e+01	
2.9710046920e+02	5.7105618956e+01	
2.9720015907e+02	7.6453789823e+01	
2.9730006977e+02	6.6807025458e+01	
2.9740001659e+02	6.2856957740e+01	
2.9750023004e+02	6.6299506544e+01	
2.9760014063e+02	6.6952251167e+01	
2.9770054672e+02	6.8269565098e+01	
2.9780024259e+02	6.4920773258e+01	
2.9610038988e+02	4.7048301083e+01	
2.9620048224e+02	4.5428888287e+01	
2.9630012061e+02	5.0748903493e+01	
2.9640007294e+02	5.0857141947e+01	
2.9650000653e+02	4.4713778960e+01	
2.9660047009e+02	4.3673309511e+01	
2.9670046976e+02	8.0322604711e+01	
2.9680019297e+02	1.0015979770e+02	
2.9690033581e+02	4.8022975961e+01	
2.9700051799e+02	5.2881355141e+01	
2.9710046920e+02	5.7105618956e+01	
2.9720015907e+02	7.6453789823e+01	
2.9730006977e+02	6.6807025458e+01	
2.9740001659e+02	6.2856957740e+01	
2.9750023004e+02	6.6299506544e+01	
2.9760014063e+02	6.6952251167e+01	
2.9770054672e+02	6.8269565098e+01	
2.9780024259e+02	6.4920773258e+01	
2.9790043528e+02	5.2440762342e+01	
2.9800054063e+02	5.3516903155e+01	
2.9810013505e+02	5.0591209266e+01	
2.9820016831e+02	4.1453381627e+01	
2.9830043174e+02	4.0072620499e+01	
2.9840028819e+02	4.3791016791e+01	
2.9850030142e+02	4.3240824966e+01	
2.9860004163e+02	4.5319131229e+01	
2.9870015890e+02	4.2957504533e+01	
2.9880017384e+02	4.9076492471e+01	
2.9890040392e+02	5.6986941090e+01	
2.9900037738e+02	6.0638629698e+01	
2.9910027085e+02	5.5535824499e+01	
2.9920006984e+02	6.0714916357e+01	
2.9930024335e+02	6.8222815812e+01	
2.9940011916e+02	7.4415519637e+01	
2.9950051749e+02	7.7679050855e+01	
2.9960037496e+02	7.8876058054e+01	
2.9970016850e+02	7.6005415873e+01	
2.9980019864e+02	7.5099932497e+01	
2.9990049008e+02	7.8553133394e+01	
3.0000043189e+02	8.0065380580e+01	
3.0010042037e+02	7.8253932679e+01	
3.0020019690e+02	8.0189585699e+01	
3.0030019992e+02	8.0468170798e+01	
3.0040028550e+02	7.1063062520e+01	
3.0050022187e+02	5.7334545904e+01	
3.0060034423e+02	5.6289160598e+01	
3.0070020073e+02	6.2338078164e+01	
3.0080030023e+02	6.3377231913e+01	
3.0090037837e+02	6.5711278226e+01	
3.0100030939e+02	7.5847058661e+01	
3.0110017962e+02	8.4201281649e+01	
3.0120047714e+02	9.6035317678e+01	
3.0130038150e+02	7.9131097862e+01	
3.0140005361e+02	6.9584567068e+01	
3.0150001320e+02	6.5461291976e+01	
3.0160020505e+02	7.4511997841e+01	
3.0170000071e+02	8.4609461827e+01	
3.0180020828e+02	9.8118227610e+01	
3.0190015641e+02	1.0514480764e+02	
3.0200020403e+02	1.0325543815e+02	
3.0210010745e+02	9.2323351265e+01	
3.0220039158e+02	7.8704192571e+01	
3.0230017686e+02	6.8258351346e+01	
3.0240051755e+02	8.7493378875e+01	
3.0250022685e+02	7.2648086962e+01	
3.0260037074e+02	6.7048984886e+01	
3.0270013220e+02	7.3867376083e+01	
3.0280049362e+02	7.3969565624e+01	
3.0290022991e+02	7.2801664034e+01	
3.0300018374e+02	7.1129471064e+01	
3.0310013245e+02	7.0672554441e+01	
3.0320046887e+02	6.9707834094e+01	
3.0330031439e+02	7.5570826984e+01	
3.0340037017e+02	7.1246257051e+01	
3.0350047954e+02	6.3151204533e+01	
3.0360001628e+02	6.3229206590e+01	
3.0370006325e+02	6.6997083223e+01	
3.0380005193e+02	7.3224853041e+01	
3.0390032640e+02	7.0668108784e+01	
3.0400024727e+02	9.1481130536e+01	
3.0410050810e+02	7.2443512627e+01	
3.0420025599e+02	5.7749589845e+01	
3.0430050388e+02	4.8848439203e+01	
3.0440039725e+02	6.7412894050e+01	
3.0450051810e+02	4.8561983066e+01	
3.0460033939e+02	4.8951220639e+01	
3.0470023340e+02	4.8396279278e+01	
3.0480005394e+02	5.3196072466e+01	
3.0490021776e+02	6.2749428168e+01	
3.0500009784e+02	7.1587474671e+01	
3.0510024719e+02	7.5612342293e+01	
3.0520042000e+02	7.4691114881e+01	
3.0530029968e+02	6.9328400996e+01	
3.0540040955e+02	6.0849890853e+01	
3.0550020864e+02	5.6914830348e+01	
3.0560024146e+02	5.9977426927e+01	
3.0570006507e+02	8.3021931631e+01	
3.0580035193e+02	8.3263286649e+01	
3.0590027584e+02	7.6934169156e+01	
3.0600033649e+02	6.8197675368e+01	
3.0610004392e+02	5.5847044973e+01	
3.0620024202e+02	4.8306439770e+01	
3.0630002864e+02	4.5199806522e+01	
3.0640029810e+02	4.0228341142e+01	
3.0650027871e+02	4.2225423906e+01	
3.0660038997e+02	4.3575438399e+01	
3.0670022388e+02	4.1656411937e+01	
3.0680012211e+02	5.3015537868e+01	
3.0690041274e+02	5.2950766991e+01	
3.0700033314e+02	4.8471394061e+01	
3.0710042151e+02	3.7813502659e+01	
3.0720028746e+02	3.4890678215e+01	
3.0730000691e+02	3.7279113678e+01	
3.0740041777e+02	3.9975002328e+01	
3.0750013324e+02	3.8498329435e+01	
3.0760014829e+02	5.4611586003e+01	
3.0770032894e+02	5.5843801476e+01	
3.0780039225e+02	4.8037036331e+01	
3.0790034225e+02	4.5554656402e+01	
3.0800019119e+02	4.7802515604e+01	
3.0810003312e+02	5.5182777367e+01	
3.0820030318e+02	5.6687946414e+01	
3.0830016161e+02	6.9465014443e+01	
3.0840028539e+02	6.0492791625e+01	
3.0850002151e+02	6.6349625978e+01	
3.0860012656e+02	6.3777695123e+01	
3.0870036073e+02	5.2863601411e+01	
3.0880006835e+02	5.1443222827e+01	
3.0890008032e+02	4.3300090030e+01	
3.0900018708e+02	4.2018584752e+01	
3.0910010971e+02	4.5202500218e+01	
3.0920039379e+02	4.5693105225e+01	
3.0930007618e+02	5.0788603395e+01	
3.0940012131e+02	6.0587724470e+01	
3.0950018127e+02	6.9675010453e+01	
3.0960048976e+02	7.7950550351e+01	
3.0970018789e+02	7.8452580234e+01	
3.0980022113e+02	7.1532789755e+01	
3.0990025276e+02	6.3089876374e+01	
3.1000016813e+02	6.1040818650e+01	
3.1010039762e+02	5.6708071103e+01	
3.1020005034e+02	5.4612016931e+01	
3.1030033303e+02	5.5141003690e+01	
3.1040000661e+02	5.7866715232e+01	
3.1050033953e+02	6.4107839866e+01	
3.1060029156e+02	6.5358972105e+01	
3.1070020974e+02	7.6289646013e+01	
3.1080007490e+02	1.0249133461e+02	
3.1090046157e+02	1.2998983490e+02	
3.1100029579e+02	1.5810835171e+02	
3.1110031251e+02	1.4854907233e+02	
3.1120015952e+02	1.5583868342e+02	
3.1130035963e+02	9.8669115682e+01	
3.1140018172e+02	7.6876854470e+01	
3.1150050788e+02	5.8033887427e+01	
3.1160025269e+02	4.7358068192e+01	
3.1170019658e+02	4.3353545599e+01	
3.1180025183e+02	4.6196320861e+01	
3.1190006380e+02	4.5022954460e+01	
3.1200033099e+02	4.8045478117e+01	
3.1210025395e+02	4.6237224659e+01	
3.1220048413e+02	4.7913944550e+01	
3.1230032774e+02	5.3515295732e+01	
3.1240029950e+02	4.9415729732e+01	
3.1250030231e+02	5.8196326826e+01	
3.1260016658e+02	5.3103897162e+01	
3.1270018086e+02	5.7274897338e+01	
3.1280003803e+02	6.3601052645e+01	
3.1290014458e+02	7.5441039382e+01	
3.1300038525e+02	7.5471961550e+01	
3.1310042720e+02	7.9008554154e+01	
3.1320055488e+02	6.8504224179e+01	
3.1330026312e+02	6.2503369907e+01	
3.1340041149e+02	5.5578008865e+01	
3.1350037396e+02	5.7890412228e+01	
3.1360005067e+02	6.4159870908e+01	
3.1370038000e+02	7.3438872772e+01	
3.1380032243e+02	7.1014599625e+01	
3.1390029342e+02	6.9045346856e+01	
3.1400042779e+02	6.6093387706e+01	
3.1410018638e+02	6.3688432604e+01	
3.1420024291e+02	6.3257922830e+01	
3.1430030750e+02	6.4468902050e+01	
3.1440024037e+02	6.6750219185e+01	
3.1450012192e+02	6.9421909099e+01	
3.1460031090e+02	7.1528434428e+01	
3.1470025607e+02	6.8962821519e+01	
3.1480047648e+02	6.1616080792e+01	
3.1490020289e+02	5.2052815170e+01	
3.1500003147e+02	4.3660110022e+01	
3.1510006172e+02	4.7424986349e+01	
3.1520026168e+02	4.8198149584e+01	
3.1530001793e+02	5.4178953168e+01	
3.1540021868e+02	5.2786519149e+01	
3.1550027516e+02	5.9588762723e+01	
3.1560052153e+02	5.4604535605e+01	
3.1570023996e+02	6.2757756953e+01	
3.1580027330e+02	6.8609209658e+01	
3.1590048961e+02	6.7427223873e+01	
3.1600028387e+02	6.2998610359e+01	
3.1610024639e+02	5.7686307670e+01	
3.1620000235e+02	5.4306684935e+01	
3.1630041229e+02	5.3550978764e+01	
3.1640043267e+02	5.2549516484e+01	
3.1650009411e+02	4.9630962561e+01	
3.1660038970e+02	5.5200638266e+01	
3.1670011626e+02	5.9648730068e+01	
3.1680016510e+02	5.4410116779e+01	
3.1690011169e+02	4.4711472537e+01	
3.1700006655e+02	4.8670976281e+01	
3.1710039928e+02	5.0930807504e+01	
3.1720029256e+02	5.2394254915e+01	
3.1730045226e+02	4.8725686000e+01	
3.1740018853e+02	3.8570350088e+01	
3.1750012133e+02	4.5700695643e+01	
3.1760039111e+02	4.9589340316e+01	
3.1770038621e+02	5.3327436119e+01	
3.1780012607e+02	5.3809242985e+01	
3.1790023114e+02	5.2736785565e+01	
3.1800031897e+02	5.6965947246e+01	
3.1810036853e+02	5.4741334761e+01	
3.1820017227e+02	5.7650847762e+01	
3.1830032488e+02	6.3033588409e+01	
3.1840013131e+02	6.3080100651e+01	
3.1850011932e+02	6.4054667880e+01	
3.1860005835e+02	5.4309741751e+01	
3.1870018495e+02	5.9094932521e+01	
3.1880000326e+02	6.0971975068e+01	
3.1890044760e+02	6.0835213519e+01	
3.1900002634e+02	5.8548013130e+01	
3.1910004548e+02	5.4498717059e+01	
3.1920047731e+02	5.6449637684e+01	
3.1930017464e+02	5.7131923141e+01	
3.1940013339e+02	5.6460759686e+01	
3.1950004606e+02	5.2311655402e+01	
3.1960038775e+02	6.1653889389e+01	
3.1970037256e+02	7.0028617257e+01	
3.1980020972e+02	7.2144531642e+01	
3.1990037515e+02	6.9785909869e+01	
3.2000029224e+02	4.3855475345e+01	
3.2010004208e+02	4.8088797414e+01	
3.2020008041e+02	4.8973544407e+01	
3.2030011139e+02	4.8435489566e+01	
3.2040013563e+02	4.7405077916e+01	
3.2050019431e+02	5.5538188537e+01	
3.2060030732e+02	5.5594492538e+01	
3.2070039869e+02	7.6542425495e+01	
3.2080051543e+02	7.4492309925e+01	
3.2090010369e+02	8.3535795065e+01	
3.2100044498e+02	9.1603905453e+01	
3.2110035754e+02	9.2759708244e+01	
3.2120043686e+02	1.0155959251e+02	
3.2130037304e+02	1.1443826575e+02	
3.2140019488e+02	1.2838051257e+02	
3.2150049710e+02	1.4123859573e+02	
3.2160012586e+02	1.4420425183e+02	
3.2170016142e+02	1.4599412442e+02	
3.2180002380e+02	1.4633160404e+02	
3.2190012680e+02	1.4538302509e+02	
3.2200036841e+02	1.4249243411e+02	
3.2210005201e+02	1.2298236136e+02	
3.2220013603e+02	7.7838412540e+01	
3.2230044319e+02	7.3659414659e+01	
3.2240012762e+02	7.0174348431e+01	
3.2250015251e+02	7.5754056867e+01	
3.2260009807e+02	7.0366735484e+01	
3.2270016248e+02	6.8836901814e+01	
3.2280003803e+02	6.8558650170e+01	
3.2290050664e+02	6.8629207975e+01	
3.2300042892e+02	6.8301445975e+01	
3.2310010798e+02	6.6864834360e+01	
3.2320030336e+02	6.2901386469e+01	
3.2330044187e+02	5.6775375899e+01	
3.2340025121e+02	5.2087092293e+01	
3.2350019534e+02	4.6117109949e+01	
3.2360049222e+02	4.0675447237e+01	
3.2370016475e+02	4.1188790150e+01	
3.2380008606e+02	4.1294115826e+01	
3.2390016492e+02	3.9082635573e+01	
3.2400032441e+02	4.2807309560e+01	
3.2410047305e+02	5.0434051081e+01	
3.2420034283e+02	5.9198559537e+01	
3.2430023487e+02	5.8008977396e+01	
3.2440014565e+02	5.6345803783e+01	
3.2450021189e+02	5.4179798214e+01	
3.2460005830e+02	5.1796306883e+01	
3.2470005757e+02	4.9635988474e+01	
3.2480016635e+02	5.2766963856e+01	
3.2490021805e+02	5.7690466643e+01	
3.2500044814e+02	5.5293149220e+01	
3.2510031158e+02	5.1219382955e+01	
3.2520041300e+02	4.5418257345e+01	
3.2530027318e+02	4.1631595497e+01	
3.2540040143e+02	4.2441221081e+01	
3.2550033921e+02	4.6859536168e+01	
3.2560020477e+02	3.9731790508e+01	
3.2570018773e+02	3.6309164151e+01	
3.2580038139e+02	3.5124874771e+01	
3.2590032126e+02	3.2587750601e+01	
3.2600031318e+02	3.9660049661e+01	
3.2610017978e+02	4.2795935732e+01	
3.2620048562e+02	4.7305414400e+01	
3.2630028408e+02	4.4222448467e+01	
3.2640034674e+02	4.7311278118e+01	
3.2650044540e+02	5.1015455932e+01	
3.2660027861e+02	4.9089098932e+01	
3.2670019423e+02	4.9875789576e+01	
3.2680008527e+02	5.1766426066e+01	
3.2690029823e+02	5.2665878417e+01	
3.2700045750e+02	7.0239443449e+01	
3.2710034042e+02	7.9114508828e+01	
3.2720000709e+02	7.7433624544e+01	
3.2730020033e+02	5.7346350573e+01	
3.2740005264e+02	5.7678824267e+01	
3.2750003438e+02	5.7976866913e+01	
3.2760012450e+02	5.8205279399e+01	
3.2770038612e+02	5.8319435161e+01	
3.2780044501e+02	7.5787980512e+01	
3.2790022681e+02	8.6454286161e+01	
3.2800044639e+02	8.8924080601e+01	
3.2810014752e+02	9.0834621619e+01	
3.2820008642e+02	9.2542704971e+01	
3.2830031469e+02	9.3899614313e+01	
3.2840049364e+02	9.4817823947e+01	
3.2850036393e+02	9.5178517356e+01	
3.2860013523e+02	8.3393305919e+01	
3.2870011344e+02	7.4966592291e+01	
3.2880030474e+02	6.4598727611e+01	
3.2890008505e+02	5.2750538574e+01	
3.2900019698e+02	4.4018298442e+01	
3.2910023627e+02	4.2001319623e+01	
3.2920023096e+02	3.9904617103e+01	
3.2930019782e+02	4.0230759560e+01	
3.2940033621e+02	4.9837314559e+01	
3.2950007459e+02	5.2943651167e+01	
3.2960035512e+02	4.9374032401e+01	
3.2970029132e+02	5.1186213466e+01	
3.2980043426e+02	5.4828234820e+01	
3.2990024787e+02	5.5506407896e+01	
3.3000008982e+02	4.4797308198e+01	
3.3010020086e+02	4.6439813305e+01	
3.3020032906e+02	5.2760751666e+01	
3.3030039197e+02	6.0385796150e+01	
3.3040036336e+02	7.2326795350e+01	
3.3050036819e+02	7.9589772875e+01	
3.3060008349e+02	8.8799883350e+01	
3.3070029805e+02	8.6617217978e+01	
3.3080043561e+02	8.2286495300e+01	
3.3090041287e+02	7.8018177355e+01	
3.3100037557e+02	7.4463542830e+01	
3.3110026111e+02	7.1536999069e+01	
3.3120042136e+02	6.5079185134e+01	
3.3130032487e+02	4.8552935948e+01	
3.3140038990e+02	4.9173812114e+01	
3.3150006037e+02	6.1849133431e+01	
3.3160024422e+02	7.3308001692e+01	
3.3170042060e+02	9.0506424729e+01	
3.3180004063e+02	1.1618018920e+02	
3.3190013213e+02	1.2538430966e+02	
