0.0000000000e+00	2.0000000000e-01	
1.0034307845e-01	2.3320263184e-01	
2.0070659932e-01	2.6112887244e-01	
3.0052062634e-01	2.8612231570e-01	
4.0058065443e-01	3.1214136330e-01	
5.0025167822e-01	3.3552205114e-01	
6.0033530300e-01	3.5644860987e-01	
7.0018851883e-01	3.7490886668e-01	
8.0061409594e-01	3.9117104098e-01	
9.0022008091e-01	4.0334575065e-01	
1.0005322673e+00	4.1966071902e-01	
1.1001316060e+00	4.3499667345e-01	
1.2005545176e+00	4.4865104688e-01	
1.3003445017e+00	4.6059609907e-01	
1.4002837314e+00	4.7112459535e-01	
1.5004007418e+00	4.8038748655e-01	
1.6007075529e+00	4.8845497240e-01	
1.7001137881e+00	5.0582601645e-01	
1.8001115542e+00	5.2601162128e-01	
1.9006962547e+00	5.4566941515e-01	
2.0003736969e+00	5.6453830449e-01	
2.1006882415e+00	5.8294060098e-01	
2.2001892334e+00	6.0068334963e-01	
2.3004131267e+00	6.1803946101e-01	
2.4006696142e+00	6.3487372344e-01	
2.5002953464e+00	6.5107612178e-01	
2.6000911580e+00	6.6668598118e-01	
2.7001259554e+00	6.8112416519e-01	
2.8004737642e+00	6.9435789462e-01	
2.9004993942e+00	7.0638097595e-01	
3.0002911360e+00	7.1729972202e-01	
3.1006492925e+00	7.2728852260e-01	
3.2002389759e+00	7.3632748300e-01	
3.3005730938e+00	7.4466198896e-01	
3.4003153949e+00	7.5230948900e-01	
3.5002646515e+00	7.5955282035e-01	
3.6005056918e+00	7.6649981864e-01	
3.7004060374e+00	7.7320254321e-01	
3.8000410053e+00	7.7978879933e-01	
3.9002115378e+00	7.8645306042e-01	
4.0002637149e+00	7.9337424465e-01	
4.1002632653e+00	8.0078115963e-01	
4.2002673920e+00	8.0819848285e-01	
4.3003278614e+00	8.1529580258e-01	
4.4004895391e+00	8.2213450449e-01	
4.5000288329e+00	8.2872779817e-01	
4.6004965731e+00	8.3523179201e-01	
4.7003788067e+00	8.4157735297e-01	
4.8000332097e+00	8.4782009793e-01	
4.9003960927e+00	8.5398455427e-01	
5.0005866597e+00	8.5974130457e-01	
5.1006227807e+00	8.6425160386e-01	
5.2005333480e+00	8.6743705781e-01	
5.3003600618e+00	8.6923884813e-01	
5.4001502690e+00	8.6956914310e-01	
5.5006900874e+00	8.6883223305e-01	
5.6005717352e+00	8.6712419458e-01	
5.7005927647e+00	8.6439512895e-01	
5.8001014658e+00	8.6062115020e-01	
5.9006128913e+00	8.5570779953e-01	
6.0000520097e+00	8.4973397313e-01	
6.1006486269e+00	8.4255411672e-01	
6.2003464339e+00	8.3471296501e-01	
6.3006589140e+00	8.3231556996e-01	
6.4002515566e+00	8.3741532326e-01	
6.5006367843e+00	8.4249973692e-01	
6.6004799545e+00	8.4745994711e-01	
6.7005786541e+00	8.5236860980e-01	
6.8003019268e+00	8.5722106609e-01	
6.9004492665e+00	8.6207676794e-01	
7.0003786088e+00	8.6692186138e-01	
7.1001600477e+00	8.7177269599e-01	
7.2005944424e+00	8.7667824584e-01	
7.3002765094e+00	8.8156798707e-01	
7.4007386706e+00	8.8651613687e-01	
7.5005389851e+00	8.9145373790e-01	
7.6004601666e+00	8.9640846261e-01	
7.7005353989e+00	9.0138456640e-01	
7.8000160517e+00	9.0633336513e-01	
7.9003787488e+00	9.1124476917e-01	
8.0003119111e+00	9.1558674017e-01	
8.1000862743e+00	9.1926054996e-01	
8.2004806537e+00	9.2223392464e-01	
8.3007418329e+00	9.2438669108e-01	
8.4001524713e+00	9.2559059770e-01	
8.5002531253e+00	9.2592531078e-01	
8.6003453007e+00	9.2544105448e-01	
8.7004854938e+00	9.2403883933e-01	
8.8000118834e+00	9.2161617936e-01	
8.9004448978e+00	9.1802998107e-01	
9.0004057348e+00	9.1322747042e-01	
9.1006916743e+00	9.0755853480e-01	
9.2006699712e+00	9.0207104461e-01	
9.3004277621e+00	8.9682512880e-01	
9.4000517086e+00	8.9187508428e-01	
9.5003384361e+00	8.8724155585e-01	
9.6006659212e+00	8.8301748817e-01	
9.7004105210e+00	8.7928752997e-01	
9.8003717971e+00	8.7607523333e-01	
9.9006378690e+00	8.7343444507e-01	
1.0000575680e+01	8.7144543980e-01	
1.0100261118e+01	8.7015192647e-01	
1.0200493910e+01	8.6958899326e-01	
1.0300622023e+01	8.6979701098e-01	
1.0400708630e+01	8.7076226423e-01	
1.0500066763e+01	8.7112819682e-01	
1.0600229004e+01	8.7047793303e-01	
1.0700501156e+01	8.6931089719e-01	
1.0800156033e+01	8.6800659685e-01	
1.0900743402e+01	8.6666243758e-01	
1.1000750105e+01	8.6516709959e-01	
1.1100283588e+01	8.6354812587e-01	
1.1200454095e+01	8.6181753415e-01	
1.1300465216e+01	8.5966563285e-01	
1.1400334992e+01	8.5666979301e-01	
1.1500094421e+01	8.5232542361e-01	
1.1600526271e+01	8.4743603984e-01	
1.1700191317e+01	8.4241743819e-01	
1.1800619648e+01	8.3721609377e-01	
1.1900399876e+01	8.3193841402e-01	
1.2000329663e+01	8.2658976743e-01	
1.2100473571e+01	8.2122346639e-01	
1.2200189208e+01	8.1593345546e-01	
1.2300276114e+01	8.1073731413e-01	
1.2400102727e+01	8.0573270575e-01	
1.2500468545e+01	8.0093839857e-01	
1.2600039009e+01	7.9648142525e-01	
1.2700327043e+01	7.9237139409e-01	
1.2800711402e+01	7.8867839170e-01	
1.2900567837e+01	7.8545645293e-01	
1.3000695529e+01	7.8272726298e-01	
1.3100459355e+01	7.8055297984e-01	
1.3200657483e+01	7.7895286792e-01	
1.3300648955e+01	7.7795880628e-01	
1.3400505154e+01	7.7756915213e-01	
1.3500291460e+01	7.7780870448e-01	
1.3600067648e+01	7.7869083372e-01	
1.3700637505e+01	7.8022242550e-01	
1.3800556838e+01	7.8116075047e-01	
1.3900603510e+01	7.8130163810e-01	
1.4000042906e+01	7.8103972272e-01	
1.4100430626e+01	7.8061788261e-01	
1.4200054599e+01	7.7992305792e-01	
1.4300601039e+01	7.7905735612e-01	
1.4400222957e+01	7.7806610319e-01	
1.4500465661e+01	7.7676859600e-01	
1.4600582374e+01	7.7497988322e-01	
1.4700605006e+01	7.7246650898e-01	
1.4800579175e+01	7.6923110134e-01	
1.4900556404e+01	7.6580920026e-01	
1.5000592552e+01	7.6223949202e-01	
1.5100020109e+01	7.5857345836e-01	
1.5200358086e+01	7.5478622630e-01	
1.5300234997e+01	7.5096803691e-01	
1.5400450352e+01	7.4712495171e-01	
1.5500368331e+01	7.4329957577e-01	
1.5600075681e+01	7.3952201614e-01	
1.5700372188e+01	7.3582026102e-01	
1.5800635345e+01	7.3226752054e-01	
1.5900239846e+01	7.2893301561e-01	
1.6000695304e+01	7.2581719468e-01	
1.6100666167e+01	7.2300950794e-01	
1.6200235181e+01	7.2054556471e-01	
1.6300202337e+01	7.1844432658e-01	
1.6400654105e+01	7.1674363110e-01	
1.6500217869e+01	7.1549346414e-01	
1.6600415376e+01	7.1469789774e-01	
1.6700585503e+01	7.1438687604e-01	
1.6800042697e+01	7.1457353422e-01	
1.6900318854e+01	7.1527023586e-01	
1.7000714328e+01	7.1593595135e-01	
1.7100501635e+01	7.1535224754e-01	
1.7200461458e+01	7.1404977559e-01	
1.7300614944e+01	7.1242537330e-01	
1.7400027785e+01	7.1061993405e-01	
1.7500052804e+01	7.0856732144e-01	
1.7600685328e+01	7.0652063132e-01	
1.7700419542e+01	7.0449800553e-01	
1.7800053878e+01	7.0228259130e-01	
1.7900361869e+01	6.9963104178e-01	
1.8000640458e+01	6.9681584430e-01	
1.8100213763e+01	6.9390628830e-01	
1.8200602917e+01	6.9087723376e-01	
1.8300419034e+01	6.8777649698e-01	
1.8400461946e+01	6.8459162443e-01	
1.8500091500e+01	6.8133892252e-01	
1.8600106918e+01	6.7803288548e-01	
1.8700589863e+01	6.7471298101e-01	
1.8800199715e+01	6.7146526210e-01	
1.8900445273e+01	6.6828050146e-01	
1.9000706225e+01	6.6522022367e-01	
1.9100361536e+01	6.6234259161e-01	
1.9200211812e+01	6.5966046421e-01	
1.9300346090e+01	6.5720846005e-01	
1.9400133284e+01	6.5503518493e-01	
1.9500373843e+01	6.5315378243e-01	
1.9600426698e+01	6.5160337859e-01	
1.9700363130e+01	6.5040288115e-01	
1.9800247525e+01	6.4956858115e-01	
1.9900133832e+01	6.4911355406e-01	
2.0000073248e+01	6.4904697330e-01	
2.0100112869e+01	6.4937567809e-01	
2.0200293139e+01	6.5004254429e-01	
2.0300647328e+01	6.4994534545e-01	
2.0400423228e+01	6.4913933440e-01	
2.0500061499e+01	6.4790348427e-01	
2.0600476333e+01	6.4649288051e-01	
2.0700732658e+01	6.4490727736e-01	
2.0800084680e+01	6.4316821548e-01	
2.0900073865e+01	6.4140986430e-01	
2.1000720098e+01	6.3948353318e-01	
2.1100571965e+01	6.3725516439e-01	
2.1200426341e+01	6.3485595174e-01	
2.1300342277e+01	6.3231424883e-01	
2.1400384080e+01	6.2964589907e-01	
2.1500620747e+01	6.2686978771e-01	
2.1600410166e+01	6.2402895528e-01	
2.1700551587e+01	6.2112616679e-01	
2.1800403635e+01	6.1820633654e-01	
2.1900052103e+01	6.1529499441e-01	
2.2000298559e+01	6.1239710788e-01	
2.2100522048e+01	6.0956163268e-01	
2.2200102913e+01	6.0683717349e-01	
2.2300554702e+01	6.0421316785e-01	
2.2400541891e+01	6.0175575690e-01	
2.2500147188e+01	5.9948694551e-01	
2.2600170991e+01	5.9741580558e-01	
2.2700700116e+01	5.9556922511e-01	
2.2800356969e+01	5.9399447931e-01	
2.2900658118e+01	5.9268700842e-01	
2.3000200397e+01	5.9168230572e-01	
2.3100515018e+01	5.9097907273e-01	
2.3200166198e+01	5.9059778652e-01	
2.3300696775e+01	5.9053919557e-01	
2.3400631350e+01	5.9066855277e-01	
2.3500750648e+01	5.8989919849e-01	
2.3600272407e+01	5.8885881063e-01	
2.3700326556e+01	5.8770376247e-01	
2.3800217037e+01	5.8642786762e-01	
2.3900709944e+01	5.8500847042e-01	
2.4000301293e+01	5.8345957953e-01	
2.4100535804e+01	5.8175342952e-01	
2.4200697456e+01	5.7985918527e-01	
2.4300099906e+01	5.7773448199e-01	
2.4400273321e+01	5.7547712801e-01	
2.4500541680e+01	5.7316152832e-01	
2.4600252779e+01	5.7079964198e-01	
2.4700206255e+01	5.6838106382e-01	
2.4800469924e+01	5.6591975837e-01	
2.4900408421e+01	5.6344966386e-01	
2.5000112268e+01	5.6098783997e-01	
2.5100382459e+01	5.5853501952e-01	
2.5200597231e+01	5.5612409549e-01	
2.5300136566e+01	5.5376688460e-01	
2.5400513872e+01	5.5145717932e-01	
2.5500396156e+01	5.4925767242e-01	
2.5600581691e+01	5.4717970774e-01	
2.5700433498e+01	5.4526363829e-01	
2.5800028317e+01	5.4353090961e-01	
2.5900165768e+01	5.4199069740e-01	
2.6000195085e+01	5.4067432060e-01	
2.6100180459e+01	5.3959771649e-01	
2.6200179961e+01	5.3877417054e-01	
2.6300246792e+01	5.3821499344e-01	
2.6400427854e+01	5.3792840320e-01	
2.6500762701e+01	5.3791964774e-01	
2.6600512202e+01	5.3818839537e-01	
2.6700456083e+01	5.3825996294e-01	
2.6800065544e+01	5.3763303889e-01	
2.6900342029e+01	5.3688831133e-01	
2.7000457776e+01	5.3604765250e-01	
2.7100427856e+01	5.3510480898e-01	
2.7200270958e+01	5.3405463379e-01	
2.7300025633e+01	5.3289357326e-01	
2.7400475943e+01	5.3160976820e-01	
2.7500198788e+01	5.3014435708e-01	
2.7600720499e+01	5.2850094473e-01	
2.7700649094e+01	5.2677262936e-01	
2.7800067479e+01	5.2501383724e-01	
2.7900489618e+01	5.2322547780e-01	
2.8000551031e+01	5.2136239004e-01	
2.8100339277e+01	5.1943043153e-01	
2.8200655957e+01	5.1742958878e-01	
2.8300169295e+01	5.1540321988e-01	
2.8400390493e+01	5.1333860094e-01	
2.8500695889e+01	5.1126754918e-01	
2.8600462656e+01	5.0922365001e-01	
2.8700490186e+01	5.0721228240e-01	
2.8800147801e+01	5.0526784986e-01	
2.8900235292e+01	5.0339662311e-01	
2.9000112056e+01	5.0163237678e-01	
2.9100579251e+01	4.9998287424e-01	
2.9200247385e+01	4.9849025734e-01	
2.9300643408e+01	4.9714923402e-01	
2.9400345929e+01	4.9599382182e-01	
2.9500139539e+01	4.9502586426e-01	
2.9600066811e+01	4.9425518805e-01	
2.9700162766e+01	4.9368868657e-01	
2.9800454424e+01	4.9333031683e-01	
2.9900079800e+01	4.9286453139e-01	
3.0000755717e+01	4.9189687051e-01	
3.0100484172e+01	4.9086148541e-01	
3.0200060469e+01	4.8974702096e-01	
3.0300251151e+01	4.8853826317e-01	
3.0400330225e+01	4.8723839298e-01	
3.0500344203e+01	4.8584412221e-01	
3.0600346384e+01	4.8433983615e-01	
3.0700395544e+01	4.8265321112e-01	
3.0800552456e+01	4.8082191974e-01	
3.0900164566e+01	4.7890464039e-01	
3.1000026575e+01	4.7692032546e-01	
3.1100213641e+01	4.7489325535e-01	
3.1200094272e+01	4.7285777435e-01	
3.1300467585e+01	4.7081543472e-01	
3.1400709771e+01	4.6878357355e-01	
3.1500201005e+01	4.6678077406e-01	
3.1600452229e+01	4.6479276623e-01	
3.1700131285e+01	4.6284534953e-01	
3.1800038021e+01	4.6093309176e-01	
3.1900261426e+01	4.5907618163e-01	
3.2000168871e+01	4.5730529786e-01	
3.2100560898e+01	4.5562435264e-01	
3.2200064571e+01	4.5407223247e-01	
3.2300201032e+01	4.5264004994e-01	
3.2400309670e+01	4.5135208583e-01	
3.2500447919e+01	4.5021936424e-01	
3.2600668389e+01	4.4925118813e-01	
3.2700259355e+01	4.4846049962e-01	
3.2800002861e+01	4.4784587690e-01	
3.2900700849e+01	4.4740789053e-01	
3.3000050919e+01	4.4715425520e-01	
3.3100341559e+01	4.4657044404e-01	
3.3200460677e+01	4.4575547602e-01	
3.3300407766e+01	4.4489016958e-01	
3.3400210481e+01	4.4397052048e-01	
3.3500646938e+01	4.4298534599e-01	
3.3600254287e+01	4.4194628119e-01	
3.3700568597e+01	4.4083530436e-01	
3.3800168847e+01	4.3965705183e-01	
3.3900581713e+01	4.3833816845e-01	
3.4000415507e+01	4.3692976592e-01	
3.4100465301e+01	4.3581282616e-01	
3.4200088823e+01	4.3485376629e-01	
3.4300085508e+01	4.3387235694e-01	
3.4400537344e+01	4.3287260530e-01	
3.4500108297e+01	4.3187282952e-01	
3.4600310903e+01	4.3086228826e-01	
3.4700524693e+01	4.2985277915e-01	
3.4800129432e+01	4.2885774510e-01	
3.4900638367e+01	4.2786991891e-01	
3.5000714553e+01	4.2691074927e-01	
3.5100438597e+01	4.2598763994e-01	
3.5200610686e+01	4.2510175862e-01	
3.5300589102e+01	4.2426712811e-01	
3.5400444039e+01	4.2349064663e-01	
3.5500240671e+01	4.2277866447e-01	
3.5600038187e+01	4.2213680122e-01	
3.5700639216e+01	4.2156584196e-01	
3.5800602260e+01	4.2107796260e-01	
3.5900710975e+01	4.2067122613e-01	
3.6000229901e+01	4.2034671039e-01	
3.6100715400e+01	4.1977644863e-01	
3.6200390593e+01	4.1917967191e-01	
3.6300133138e+01	4.1856611750e-01	
3.6400468288e+01	4.1793177668e-01	
3.6500640689e+01	4.1728144874e-01	
3.6600674833e+01	4.1659823141e-01	
3.6700607266e+01	4.1586701374e-01	
3.6800484434e+01	4.1509302673e-01	
3.6900359561e+01	4.1428209991e-01	
3.7000289032e+01	4.1343989652e-01	
3.7100334290e+01	4.1257157778e-01	
3.7200565932e+01	4.1168168905e-01	
3.7300339337e+01	4.1078111966e-01	
3.7400454814e+01	4.0986802336e-01	
3.7500281470e+01	4.0895381840e-01	
3.7600618302e+01	4.0803739285e-01	
3.7700132324e+01	4.0713782381e-01	
3.7800335872e+01	4.0624889559e-01	
3.7900607266e+01	4.0538427935e-01	
3.8000324456e+01	4.0455749359e-01	
3.8100287185e+01	4.0377030221e-01	
3.8200584132e+01	4.0302313568e-01	
3.8300582245e+01	4.0229458711e-01	
3.8400357752e+01	4.0159095640e-01	
3.8500710732e+01	4.0091544649e-01	
3.8600254089e+01	4.0028627145e-01	
3.8700513776e+01	3.9970087479e-01	
3.8800070765e+01	3.9917108729e-01	
3.8900462362e+01	3.9869403987e-01	
3.9000233079e+01	3.9828188987e-01	
3.9100156692e+01	3.9793456942e-01	
3.9200257028e+01	3.9764694105e-01	
3.9300538486e+01	3.9741656185e-01	
3.9400660940e+01	3.9713218330e-01	
3.9500601483e+01	3.9670927539e-01	
3.9600380854e+01	3.9626704582e-01	
3.9700028026e+01	3.9580457260e-01	
3.9800321430e+01	3.9531711046e-01	
3.9900537059e+01	3.9480702559e-01	
4.0000724852e+01	3.9427318274e-01	
4.0100210310e+01	3.9371870055e-01	
4.0200512876e+01	3.9313379672e-01	
4.0300245372e+01	3.9250892956e-01	
4.0400208259e+01	3.9183973313e-01	
4.0500476648e+01	3.9113373938e-01	
4.0600417782e+01	3.9040119291e-01	
4.0700120344e+01	3.8964551350e-01	
4.0800383658e+01	3.8886338155e-01	
4.0900585475e+01	3.8806199876e-01	
4.1000105880e+01	3.8724876858e-01	
4.1100457666e+01	3.8641388059e-01	
4.1200306847e+01	3.8557146667e-01	
4.1300452532e+01	3.8471849456e-01	
4.1400262719e+01	3.8386441518e-01	
4.1500538041e+01	3.8300684653e-01	
4.1600635777e+01	3.8215596741e-01	
4.1700626037e+01	3.8131592343e-01	
4.1800573101e+01	3.8049103559e-01	
4.1900534710e+01	3.7968559234e-01	
4.2000563658e+01	3.7890360275e-01	
4.2100706082e+01	3.7814792685e-01	
4.2200233573e+01	3.7742713648e-01	
4.2300696727e+01	3.7673294648e-01	
4.2400584153e+01	3.7607815789e-01	
4.2500231067e+01	3.7540336729e-01	
4.2600573900e+01	3.7467166069e-01	
4.2700737339e+01	3.7393110881e-01	
4.2800746890e+01	3.7318161085e-01	
4.2900633128e+01	3.7242270795e-01	
4.3000428310e+01	3.7165416764e-01	
4.3100174889e+01	3.7087608732e-01	
4.3200657692e+01	3.7008323724e-01	
4.3300470428e+01	3.6928832849e-01	
4.3400413403e+01	3.6848721756e-01	
4.3500555398e+01	3.6768196283e-01	
4.3600256891e+01	3.6688084822e-01	
4.3700319161e+01	3.6608108899e-01	
4.3800110966e+01	3.6529181651e-01	
4.3900430589e+01	3.6451130612e-01	
4.4000655638e+01	3.6374950309e-01	
4.4100165864e+01	3.6301633758e-01	
4.4200472069e+01	3.6230656337e-01	
4.4300242047e+01	3.6163589060e-01	
4.4400275868e+01	3.6100528178e-01	
4.4500661816e+01	3.6042125617e-01	
4.4600042945e+01	3.5989797905e-01	
4.4700660239e+01	3.5943064944e-01	
4.4800417739e+01	3.5903569734e-01	
4.4900103345e+01	3.5871386251e-01	
4.5000514033e+01	3.5843896802e-01	
4.5100225047e+01	3.5820444705e-01	
4.5200020643e+01	3.5801218253e-01	
4.5300700726e+01	3.5786402454e-01	
4.5400014826e+01	3.5768890007e-01	
4.5500270945e+01	3.5743254759e-01	
4.5600653291e+01	3.5715282486e-01	
4.5700607212e+01	3.5684833706e-01	
4.5800388770e+01	3.5651600270e-01	
4.5900019675e+01	3.5615433362e-01	
4.6000280386e+01	3.5575998384e-01	
4.6100436326e+01	3.5533643463e-01	
4.6200524503e+01	3.5488508761e-01	
4.6300590799e+01	3.5440737942e-01	
4.6400692290e+01	3.5390453544e-01	
4.6500168468e+01	3.5338130836e-01	
4.6600539702e+01	3.5283049303e-01	
4.6700434040e+01	3.5226014562e-01	
4.6800651473e+01	3.5166645941e-01	
4.6900560266e+01	3.5105419858e-01	
4.7000249530e+01	3.5042490150e-01	
4.7100517487e+01	3.4977611682e-01	
4.7200029356e+01	3.4911978219e-01	
4.7300296318e+01	3.4844978001e-01	
4.7400699366e+01	3.4777450861e-01	
4.7500615549e+01	3.4710302199e-01	
4.7600127854e+01	3.4644006511e-01	
4.7700036068e+01	3.4578590416e-01	
4.7800425085e+01	3.4514584082e-01	
4.7900649720e+01	3.4452963353e-01	
4.8000044836e+01	3.4394642159e-01	
4.8100130963e+01	3.4339239727e-01	
4.8200236096e+01	3.4287546942e-01	
4.8300412780e+01	3.4239781600e-01	
4.8400707251e+01	3.4196315467e-01	
4.8500393950e+01	3.4157704541e-01	
4.8600253573e+01	3.4123673319e-01	
4.8700295752e+01	3.4084666591e-01	
4.8800630455e+01	3.4042066940e-01	
4.8900037419e+01	3.3999044184e-01	
4.9000048517e+01	3.3954729050e-01	
4.9100669846e+01	3.3908916807e-01	
4.9200416831e+01	3.3862162257e-01	
4.9300083364e+01	3.3814053790e-01	
4.9400447755e+01	3.3764210311e-01	
4.9500090194e+01	3.3713404489e-01	
4.9600539621e+01	3.3660970725e-01	
4.9700407590e+01	3.3607779362e-01	
4.9800491786e+01	3.3553591011e-01	
4.9900151225e+01	3.3498956404e-01	
5.0000182926e+01	3.3443666046e-01	
5.0100665576e+01	3.3387930813e-01	
5.0200263502e+01	3.3332785197e-01	
5.0300490804e+01	3.3277729577e-01	
5.0400016196e+01	3.3223858057e-01	
5.0500352559e+01	3.3170742476e-01	
5.0600166003e+01	3.3119534237e-01	
5.0700256638e+01	3.3070322824e-01	
5.0800713573e+01	3.3021910505e-01	
5.0900180930e+01	3.2973882501e-01	
5.1000174258e+01	3.2926121555e-01	
5.1100043508e+01	3.2879611841e-01	
5.1200584737e+01	3.2834667705e-01	
5.1300388889e+01	3.2792902325e-01	
5.1400240189e+01	3.2754422454e-01	
5.1500186456e+01	3.2719372667e-01	
5.1600267280e+01	3.2688179273e-01	
5.1700513275e+01	3.2661178384e-01	
5.1800169566e+01	3.2638543872e-01	
5.1900606024e+01	3.2619224926e-01	
5.2000420059e+01	3.2603628072e-01	
5.2100070101e+01	3.2579745839e-01	
5.2200329820e+01	3.2553022524e-01	
5.2300453836e+01	3.2525271717e-01	
5.2400477253e+01	3.2496418246e-01	
5.2500440611e+01	3.2466367395e-01	
5.2600398454e+01	3.2435011089e-01	
5.2700406510e+01	3.2402241019e-01	
5.2800527605e+01	3.2367951642e-01	
5.2900109918e+01	3.2332308334e-01	
5.3000667816e+01	3.2294710099e-01	
5.3100124721e+01	3.2255415678e-01	
5.3200709210e+01	3.2212949946e-01	
5.3300366191e+01	3.2168643245e-01	
5.3400611849e+01	3.2122033195e-01	
5.3500115998e+01	3.2073851003e-01	
5.3600391598e+01	3.2023592412e-01	
5.3700105347e+01	3.1971921908e-01	
5.3800057584e+01	3.1918457774e-01	
5.3900336944e+01	3.1863378782e-01	
5.4000311289e+01	3.1807354324e-01	
5.4100056307e+01	3.1750608182e-01	
5.4200375023e+01	3.1692952253e-01	
5.4300612981e+01	3.1635056502e-01	
5.4400086659e+01	3.1577624591e-01	
5.4500324992e+01	3.1520075074e-01	
5.4600645671e+01	3.1463098577e-01	
5.4700335237e+01	3.1407375076e-01	
5.4800175843e+01	3.1352718058e-01	
5.4900190239e+01	3.1299338626e-01	
5.5000385758e+01	3.1247444998e-01	
5.5100571531e+01	3.1195195816e-01	
5.5200592459e+01	3.1141969823e-01	
5.5300453470e+01	3.1088630375e-01	
5.5400172954e+01	3.1035192261e-01	
5.5500529156e+01	3.0981262850e-01	
5.5600066564e+01	3.0927668346e-01	
5.5700317683e+01	3.0873617127e-01	
5.5800592217e+01	3.0819538332e-01	
5.5900226412e+01	3.0765867316e-01	
5.6000017661e+01	3.0712279189e-01	
5.6100031639e+01	3.0658890028e-01	
5.6200342206e+01	3.0605861472e-01	
5.6300317327e+01	3.0553771577e-01	
5.6400045772e+01	3.0502847793e-01	
5.6500327341e+01	3.0453006894e-01	
5.6600540475e+01	3.0404926047e-01	
5.6700066035e+01	3.0359278644e-01	
5.6800415631e+01	3.0315816551e-01	
5.6900255421e+01	3.0275576460e-01	
5.7000385370e+01	3.0238668746e-01	
5.7100176113e+01	3.0205747784e-01	
5.7200429017e+01	3.0176979432e-01	
5.7300502003e+01	3.0152899582e-01	
5.7400466412e+01	3.0133833196e-01	
5.7500385086e+01	3.0120085794e-01	
5.7600306977e+01	3.0110610459e-01	
5.7700284897e+01	3.0103452345e-01	
5.7800364838e+01	3.0098615678e-01	
5.7900586471e+01	3.0087135844e-01	
5.8000212747e+01	3.0074182076e-01	
5.8100022185e+01	3.0059221891e-01	
5.8200452969e+01	3.0041849833e-01	
5.8300100756e+01	3.0022255193e-01	
5.8400358227e+01	3.0000176100e-01	
5.8500463090e+01	2.9975811746e-01	
5.8600439659e+01	2.9949226891e-01	
5.8700321404e+01	2.9920470875e-01	
5.8800156029e+01	2.9889572994e-01	
5.8900731193e+01	2.9856296592e-01	
5.9000633460e+01	2.9821130658e-01	
5.9100660830e+01	2.9783835189e-01	
5.9200157516e+01	2.9744697797e-01	
5.9300634850e+01	2.9703156430e-01	
5.9400022517e+01	2.9660134876e-01	
5.9500553388e+01	2.9614757165e-01	
5.9600172696e+01	2.9626290109e-01	
5.9700394195e+01	2.9663276223e-01	
5.9800599102e+01	2.9700262571e-01	
5.9900166361e+01	2.9736824739e-01	
6.0000608971e+01	2.9773317536e-01	
6.0100593011e+01	2.9809057770e-01	
6.0200201409e+01	2.9843895390e-01	
6.0300232979e+01	2.9877933716e-01	
6.0400047881e+01	2.9910784719e-01	
6.0500449068e+01	2.9942544245e-01	
6.0600047142e+01	2.9972638702e-01	
6.0700371508e+01	3.0001419214e-01	
6.0800741406e+01	3.0028582986e-01	
6.0900449830e+01	3.0053895522e-01	
6.1000280350e+01	3.0077544551e-01	
6.1100268554e+01	3.0099554341e-01	
6.1200433914e+01	3.0119997061e-01	
6.1300754079e+01	3.0138962994e-01	
6.1400751914e+01	3.0155880264e-01	
6.1500596006e+01	3.0170756055e-01	
6.1600302171e+01	3.0183386436e-01	
6.1700625845e+01	3.0193905385e-01	
6.1800091975e+01	3.0202216849e-01	
6.1900241030e+01	3.0208509996e-01	
6.2000373863e+01	3.0212777778e-01	
6.2100546109e+01	3.0215085956e-01	
6.2200088571e+01	3.0215512108e-01	
6.2300510875e+01	3.0214150055e-01	
6.2400440012e+01	3.0211122705e-01	
6.2500677159e+01	3.0206541072e-01	
6.2600590501e+01	3.0269779773e-01	
6.2700269017e+01	3.0345443328e-01	
6.2800513553e+01	3.0423792990e-01	
6.2900703514e+01	3.0504347123e-01	
6.3000220294e+01	3.0586527988e-01	
6.3100575146e+01	3.0671489273e-01	
6.3200434913e+01	3.0757972658e-01	
6.3300599661e+01	3.0846482392e-01	
6.3400439990e+01	3.0936243465e-01	
6.3500033542e+01	3.1027076388e-01	
6.3600180062e+01	3.1119471454e-01	
6.3700230530e+01	3.1212598066e-01	
6.3800245856e+01	3.1306293476e-01	
6.3900276174e+01	3.1400424930e-01	
6.4000372848e+01	3.1494914801e-01	
6.4100582499e+01	3.1589730009e-01	
6.4200179832e+01	3.1683559992e-01	
6.4300715248e+01	3.1777651467e-01	
6.4400675872e+01	3.1871432146e-01	
6.4500249894e+01	3.1964492780e-01	
6.4600488691e+01	3.2057854926e-01	
6.4700580929e+01	3.2150877825e-01	
6.4800534603e+01	3.2243774135e-01	
6.4900364418e+01	3.2336795555e-01	
6.5000108334e+01	3.2430222308e-01	
6.5100551543e+01	3.2525087198e-01	
6.5200270316e+01	3.2620369736e-01	
6.5300068483e+01	3.2717147374e-01	
6.5400000710e+01	3.2815813161e-01	
6.5500126818e+01	3.2916752662e-01	
6.5600522643e+01	3.3020324615e-01	
6.5700554692e+01	3.3126246006e-01	
6.5800312570e+01	3.3234295849e-01	
6.5900594021e+01	3.3345420928e-01	
6.6000068723e+01	3.3458033181e-01	
6.6100251738e+01	3.3573571936e-01	
6.6200524021e+01	3.3691303515e-01	
6.6300262876e+01	3.3810312649e-01	
6.6400267607e+01	3.3931336243e-01	
6.6500627869e+01	3.4054253315e-01	
6.6600709027e+01	3.4178022478e-01	
6.6700588368e+01	3.4302463885e-01	
6.6800338831e+01	3.4427425121e-01	
6.6900024474e+01	3.4552784603e-01	
6.7000449830e+01	3.4679375491e-01	
6.7100189347e+01	3.4805271450e-01	
6.7200022839e+01	3.4930769534e-01	
6.7300747886e+01	3.5056609653e-01	
6.7400116483e+01	3.5180302723e-01	
6.7500428894e+01	3.5304152863e-01	
6.7600026115e+01	3.5426199339e-01	
6.7700616914e+01	3.5548684708e-01	
6.7800288738e+01	3.5669491575e-01	
6.7900597089e+01	3.5790771591e-01	
6.8000028015e+01	3.5910998405e-01	
6.8100111268e+01	3.6032362981e-01	
6.8200133099e+01	3.6154364775e-01	
6.8300144763e+01	3.6277440224e-01	
6.8400202379e+01	3.6402034809e-01	
6.8500356731e+01	3.6528567308e-01	
6.8600671579e+01	3.6657455192e-01	
6.8700505720e+01	3.6788183376e-01	
6.8800661258e+01	3.6922050416e-01	
6.8900507472e+01	3.7058386770e-01	
6.9000132598e+01	3.7197375233e-01	
6.9100336620e+01	3.7340139635e-01	
6.9200499828e+01	3.7485708765e-01	
6.9300002939e+01	3.7632940385e-01	
6.9400356472e+01	3.7783767123e-01	
6.9500227281e+01	3.7935802766e-01	
6.9600415597e+01	3.8089791438e-01	
6.9700292766e+01	3.8244239283e-01	
6.9800659975e+01	3.8399798104e-01	
6.9900146268e+01	3.8553722309e-01	
7.0000274459e+01	3.8707746711e-01	
7.0100383897e+01	3.8860253959e-01	
7.0200528024e+01	3.9010783674e-01	
7.0300750454e+01	3.9158918420e-01	
7.0400336900e+01	3.9303212155e-01	
7.0500068831e+01	3.9444472058e-01	
7.0600748836e+01	3.9583502552e-01	
7.0700080993e+01	3.9716906326e-01	
7.0800296233e+01	3.9847602323e-01	
7.0900361519e+01	3.9974140753e-01	
7.1000288363e+01	4.0094709435e-01	
7.1100077798e+01	4.0207782777e-01	
7.1200495818e+01	4.0315523487e-01	
7.1300087459e+01	4.0416689185e-01	
7.1400392607e+01	4.0513501146e-01	
7.1500723223e+01	4.0605851853e-01	
7.1600405411e+01	4.0693835653e-01	
7.1700222799e+01	4.0778881908e-01	
7.1800244892e+01	4.0861758653e-01	
7.1900547843e+01	4.0943239552e-01	
7.2000501850e+01	4.1023520365e-01	
7.2100198602e+01	4.1103360674e-01	
7.2200433390e+01	4.1184051280e-01	
7.2300586287e+01	4.1265718295e-01	
7.2400040085e+01	4.1348420520e-01	
7.2500304168e+01	4.1433947961e-01	
7.2600047676e+01	4.1521663046e-01	
7.2700072375e+01	4.1612719376e-01	
7.2800468282e+01	4.1707664828e-01	
7.2900599342e+01	4.1806327542e-01	
7.3000542006e+01	4.1909178335e-01	
7.3100367098e+01	4.2016692114e-01	
7.3200139703e+01	4.2129340730e-01	
7.3300666397e+01	4.2248522037e-01	
7.3400520478e+01	4.2373005268e-01	
7.3500480833e+01	4.2504183990e-01	
7.3600584341e+01	4.2642588103e-01	
7.3700092068e+01	4.2787639716e-01	
7.3800553143e+01	4.2942161655e-01	
7.3900150151e+01	4.3103872865e-01	
7.4000566396e+01	4.3276047092e-01	
7.4100076612e+01	4.3456298337e-01	
7.4200233388e+01	4.3648224011e-01	
7.4300265865e+01	4.3850920148e-01	
7.4400200835e+01	4.4064614487e-01	
7.4500085583e+01	4.4289839943e-01	
7.4600700198e+01	4.4528469012e-01	
7.4700626876e+01	4.4776883110e-01	
7.4800661740e+01	4.5038014364e-01	
7.4900148825e+01	4.5310217465e-01	
7.5000605939e+01	4.5597747470e-01	
7.5100676380e+01	4.5896696695e-01	
7.5200448600e+01	4.6206894334e-01	
7.5300011484e+01	4.6528022370e-01	
7.5400166236e+01	4.6862003253e-01	
7.5500294329e+01	4.7205900350e-01	
7.5600488811e+01	4.7558847846e-01	
7.5700127422e+01	4.7917204683e-01	
7.5800011475e+01	4.8282250579e-01	
7.5900228820e+01	4.8652611195e-01	
7.6000150670e+01	4.9024111999e-01	
7.6100578668e+01	4.9397819561e-01	
7.6200139409e+01	4.9766721374e-01	
7.6300353055e+01	5.0134589576e-01	
7.6400558885e+01	5.0497198243e-01	
7.6500071047e+01	5.0849896062e-01	
7.6600423844e+01	5.1196994530e-01	
7.6700154857e+01	5.1532370194e-01	
7.6800037851e+01	5.1860713378e-01	
7.6900095947e+01	5.2179122886e-01	
7.7000334256e+01	5.2486365077e-01	
7.7100375011e+01	5.2781084624e-01	
7.7200273063e+01	5.3063534326e-01	
7.7300046870e+01	5.3334047442e-01	
7.7400452383e+01	5.3595021961e-01	
7.7500737748e+01	5.3845034965e-01	
7.7600206671e+01	5.4083267901e-01	
7.7700388043e+01	5.4314297727e-01	
7.7800596251e+01	5.4537446746e-01	
7.7900158590e+01	5.4752331465e-01	
7.8000584502e+01	5.4963256442e-01	
7.8100501408e+01	5.5168370396e-01	
7.8200712746e+01	5.5370402869e-01	
7.8300588293e+01	5.5569140127e-01	
7.8400212838e+01	5.5765804884e-01	
7.8500387994e+01	5.5962990200e-01	
7.8600496510e+01	5.6160489668e-01	
7.8700630831e+01	5.6359501401e-01	
7.8800174260e+01	5.6559803589e-01	
7.8900636630e+01	5.6765499580e-01	
7.9000683130e+01	5.6974567321e-01	
7.9100396321e+01	5.7188372110e-01	
7.9200573846e+01	5.7409573423e-01	
7.9300580451e+01	5.7636961855e-01	
7.9400485257e+01	5.7871115876e-01	
7.9500352548e+01	5.8110319469e-01	
7.9600243129e+01	5.8360283258e-01	
7.9700208278e+01	5.8621931483e-01	
7.9800297344e+01	5.8895829715e-01	
7.9900542480e+01	5.9183722866e-01	
8.0000191294e+01	5.9485010280e-01	
8.0100022287e+01	5.9803277760e-01	
8.0200338998e+01	6.0140963049e-01	
8.0300583233e+01	6.0497575926e-01	
8.0400694331e+01	6.0874035324e-01	
8.0500695809e+01	6.1271448971e-01	
8.0600583001e+01	6.1690700911e-01	
8.0700376573e+01	6.2132648636e-01	
8.0800119089e+01	6.2598100883e-01	
8.0900595128e+01	6.3091450075e-01	
8.1000395504e+01	6.3606058052e-01	
8.1100309073e+01	6.4145728820e-01	
8.1200405913e+01	6.4710631740e-01	
8.1300048382e+01	6.5296466608e-01	
8.1400037810e+01	6.5908953378e-01	
8.1500456328e+01	6.6601661341e-01	
8.1600678318e+01	6.7316734926e-01	
8.1700084896e+01	6.8046913717e-01	
8.1800190032e+01	6.8800121729e-01	
8.1900374140e+01	6.9568102861e-01	
8.2000016902e+01	7.0341919713e-01	
8.2100631710e+01	7.1128008714e-01	
8.2200164021e+01	7.1904541568e-01	
8.2300129589e+01	7.2677689767e-01	
8.2400614769e+01	7.3442131355e-01	
8.2500247392e+01	7.4181635334e-01	
8.2600550577e+01	7.4901851076e-01	
8.2700121225e+01	7.5587440353e-01	
8.2800494203e+01	7.6244125415e-01	
8.2900230983e+01	7.6857015713e-01	
8.3000096028e+01	7.7427155639e-01	
8.3100122010e+01	7.7953702964e-01	
8.3200335587e+01	7.8435581088e-01	
8.3300657115e+01	7.8873811116e-01	
8.3400534978e+01	7.9263874782e-01	
8.3500277735e+01	7.9581478223e-01	
8.3600636322e+01	7.9836661929e-01	
8.3700109024e+01	8.0048556630e-01	
8.3800229923e+01	8.0254435794e-01	
8.3900290546e+01	8.0414223694e-01	
8.4000336821e+01	8.0519907490e-01	
8.4100410508e+01	8.0587756092e-01	
8.4200570935e+01	8.0621326488e-01	
8.4300160313e+01	8.0624207226e-01	
8.4400695506e+01	8.0600003326e-01	
8.4500104101e+01	8.0553178226e-01	
8.4600622207e+01	8.0486880781e-01	
8.4700194149e+01	8.0406660346e-01	
8.4800333201e+01	8.0315717162e-01	
8.4900421117e+01	8.0218915462e-01	
8.5000547278e+01	8.0120577382e-01	
8.5100089594e+01	8.0059262663e-01	
8.5200567542e+01	8.0063634652e-01	
8.5300647740e+01	8.0084988796e-01	
8.5400413559e+01	8.0121995671e-01	
8.5500660982e+01	8.0162034715e-01	
8.5600022980e+01	8.0232307585e-01	
8.5700015170e+01	8.0335954626e-01	
8.5800722215e+01	8.0474769319e-01	
8.5900735560e+01	8.0651434280e-01	
8.6000088977e+01	8.0868134548e-01	
8.6100317353e+01	8.1131307911e-01	
8.6200703014e+01	8.1442755788e-01	
8.6300500166e+01	8.1802674393e-01	
8.6400486385e+01	8.2216139856e-01	
8.6500697009e+01	8.2685902953e-01	
8.6600013616e+01	8.3208135628e-01	
8.6700739636e+01	8.3797100764e-01	
8.6800582201e+01	8.4441221360e-01	
8.6900302289e+01	8.5146068049e-01	
8.7000680526e+01	8.5919070755e-01	
8.7100270149e+01	8.6748968487e-01	
8.7200598578e+01	8.7649385697e-01	
8.7300264034e+01	8.8608354492e-01	
8.7400058453e+01	8.9633105986e-01	
8.7500047120e+01	9.0724202854e-01	
8.7600307827e+01	9.1881773613e-01	
8.7700210114e+01	9.3096452732e-01	
8.7800556548e+01	9.4374943492e-01	
8.7900011120e+01	9.5695655264e-01	
8.8000085698e+01	9.7073059465e-01	
8.8100164440e+01	9.8492536891e-01	
8.8200340073e+01	9.9947619148e-01	
8.8300704557e+01	1.0143074096e+00	
8.8400638979e+01	1.0292263929e+00	
8.8500221816e+01	1.0441350050e+00	
8.8600256201e+01	1.0590384084e+00	
8.8700100584e+01	1.0737218854e+00	
8.8800552668e+01	1.0881807680e+00	
8.8900223902e+01	1.1020981582e+00	
8.9000645849e+01	1.1155737148e+00	
8.9100399576e+01	1.1283124527e+00	
8.9200266955e+01	1.1403275541e+00	
8.9300276896e+01	1.1515398298e+00	
8.9400451199e+01	1.1618676168e+00	
8.9500040682e+01	1.1710338476e+00	
8.9600387593e+01	1.1793759764e+00	
8.9700098926e+01	1.1866291397e+00	
8.9800445426e+01	1.1929353552e+00	
8.9900664280e+01	1.1982578302e+00	
9.0000003825e+01	1.2025925634e+00	
9.0100738704e+01	1.2060602810e+00	
9.0200660218e+01	1.2086131308e+00	
9.0300563825e+01	1.2103271067e+00	
9.0400505401e+01	1.2112549346e+00	
9.0500546319e+01	1.2114558593e+00	
9.0600026266e+01	1.2110010767e+00	
9.0700460969e+01	1.2099516034e+00	
9.0800499243e+01	1.2083974810e+00	
9.0900232890e+01	1.2065896900e+00	
9.1000455526e+01	1.2054235836e+00	
9.1100549022e+01	1.2041395246e+00	
9.1200605184e+01	1.2028570460e+00	
9.1300012255e+01	1.2020056038e+00	
9.1400281887e+01	1.2017180440e+00	
9.1500078003e+01	1.2021178327e+00	
9.1600202266e+01	1.2030975242e+00	
9.1700019444e+01	1.2037417628e+00	
9.1800333913e+01	1.2043911424e+00	
9.1900506372e+01	1.2057304930e+00	
9.2000604803e+01	1.2163037571e+00	
9.2100691437e+01	1.2448981139e+00	
9.2200085371e+01	1.2713424563e+00	
9.2300318630e+01	1.2956253742e+00	
9.2400688236e+01	1.3172184221e+00	
9.2500451475e+01	1.3355945856e+00	
9.2600389553e+01	1.3506789394e+00	
9.2700511319e+01	1.3623085777e+00	
9.2800568025e+01	1.3703949563e+00	
9.2900491003e+01	1.3749738249e+00	
9.3000297642e+01	1.3761734188e+00	
9.3100746767e+01	1.3741719010e+00	
9.3200314225e+01	1.3692462476e+00	
9.3300536643e+01	1.3616267141e+00	
9.3400718166e+01	1.3561465955e+00	
9.3500191691e+01	1.3777575701e+00	
9.3600468863e+01	1.4013530933e+00	
9.3700154210e+01	1.4266443554e+00	
9.3800053180e+01	1.4538279671e+00	
9.3900245009e+01	1.4829123594e+00	
9.4000097604e+01	1.5136475564e+00	
9.4100403809e+01	1.5461597281e+00	
9.4200541644e+01	1.5800696779e+00	
9.4300609221e+01	1.6151514254e+00	
9.4400698889e+01	1.6511112588e+00	
9.4500189144e+01	1.6873224979e+00	
9.4600594176e+01	1.7238810983e+00	
9.4700577183e+01	1.7598308175e+00	
9.4800220498e+01	1.7947424742e+00	
9.4900325832e+01	1.8284600520e+00	
9.5000254222e+01	1.8603781704e+00	
9.5100078621e+01	1.8902071817e+00	
9.5200599554e+01	1.9178995713e+00	
9.5300412452e+01	1.9427937372e+00	
9.5400300681e+01	1.9647248287e+00	
9.5500299417e+01	1.9854726749e+00	
9.5600438371e+01	2.0059486546e+00	
9.5700752222e+01	2.0247766320e+00	
9.5800477316e+01	2.0397731950e+00	
9.5900007513e+01	2.0523782150e+00	
9.6000331340e+01	2.0577867337e+00	
9.6100494008e+01	2.0592414299e+00	
9.6200512600e+01	2.0571197660e+00	
9.6300411930e+01	2.0518979992e+00	
9.6400232255e+01	2.0435770777e+00	
9.6500013894e+01	2.0323864997e+00	
9.6600515746e+01	2.0185488458e+00	
9.6700330075e+01	2.0026295470e+00	
9.6800262417e+01	1.9849121154e+00	
9.6900376651e+01	1.9657814686e+00	
9.7000024621e+01	1.9457699208e+00	
9.7100008456e+01	1.9251320251e+00	
9.7200417135e+01	1.9041337908e+00	
9.7300623428e+01	1.8831930256e+00	
9.7400006974e+01	1.8631247946e+00	
9.7500070226e+01	1.8506275304e+00	
9.7600198280e+01	1.8388799191e+00	
9.7700490796e+01	1.8635193593e+00	
9.7800329913e+01	1.9364310077e+00	
9.7900518471e+01	2.0112453552e+00	
9.8000424680e+01	2.0865289413e+00	
9.8100120102e+01	2.1612513461e+00	
9.8200399969e+01	2.2348345103e+00	
9.8300615512e+01	2.3055707018e+00	
9.8400088060e+01	2.3717871395e+00	
9.8500344523e+01	2.4331762112e+00	
9.8600700383e+01	2.4879794890e+00	
9.8700429448e+01	2.5395131762e+00	
9.8800314164e+01	2.5843225865e+00	
9.8900382171e+01	2.6206933404e+00	
9.9000575396e+01	2.6475474555e+00	
9.9100461139e+01	2.6649738952e+00	
9.9200218853e+01	2.6733301194e+00	
9.9300621407e+01	2.6729474477e+00	
9.9400133348e+01	2.6625692428e+00	
9.9500280719e+01	2.6423562081e+00	
9.9600347151e+01	2.6135802030e+00	
9.9700376011e+01	2.5786242503e+00	
9.9800432317e+01	2.5401797085e+00	
9.9900582687e+01	2.4993296428e+00	
1.0000016412e+02	2.4573704493e+00	
1.0010068223e+02	2.4145762841e+00	
1.0020006641e+02	2.3726208203e+00	
1.0030055230e+02	2.3312494412e+00	
1.0040009321e+02	2.3034274594e+00	
1.0050019768e+02	2.3601356040e+00	
1.0060024103e+02	2.4171344826e+00	
1.0070032127e+02	2.4739100106e+00	
1.0080053011e+02	2.5299361858e+00	
1.0090025148e+02	2.5843156850e+00	
1.0100028994e+02	2.6369651860e+00	
1.0110000939e+02	2.6870753663e+00	
1.0120020386e+02	2.7346063869e+00	
1.0130023212e+02	2.7788273345e+00	
1.0140015679e+02	2.8194954945e+00	
1.0150004265e+02	2.8563603641e+00	
1.0160069355e+02	2.9141979530e+00	
1.0170068304e+02	2.9855917834e+00	
1.0180004296e+02	3.0445441777e+00	
1.0190031955e+02	3.0875879997e+00	
1.0200000199e+02	3.1186996823e+00	
1.0210061813e+02	3.1356221935e+00	
1.0220000200e+02	3.1376974816e+00	
1.0230013650e+02	3.1254931402e+00	
1.0240014408e+02	3.0997847164e+00	
1.0250003732e+02	3.0618706811e+00	
1.0260055542e+02	3.0129540513e+00	
1.0270023787e+02	2.9555644195e+00	
1.0280061152e+02	2.8907690773e+00	
1.0290024474e+02	2.8544460732e+00	
1.0300066530e+02	2.8204052335e+00	
1.0310048575e+02	2.7846224950e+00	
1.0320049882e+02	2.8520354504e+00	
1.0330005362e+02	2.9705823009e+00	
1.0340067283e+02	3.1011961169e+00	
1.0350031011e+02	3.2410752559e+00	
1.0360047240e+02	3.3916403041e+00	
1.0370053027e+02	3.5512942269e+00	
1.0380058267e+02	3.7189620567e+00	
1.0390002256e+02	3.8918075175e+00	
1.0400036395e+02	4.0701649148e+00	
1.0410026263e+02	4.2488453099e+00	
1.0420051867e+02	4.4260354744e+00	
1.0430048909e+02	4.5971284753e+00	
1.0440024750e+02	4.7588253061e+00	
1.0450060144e+02	4.9091422687e+00	
1.0460016231e+02	5.0434614955e+00	
1.0470045456e+02	5.1553173532e+00	
1.0480006453e+02	5.2395469518e+00	
1.0490053087e+02	5.2890525728e+00	
1.0500038203e+02	5.3084052696e+00	
1.0510039491e+02	5.2998547688e+00	
1.0520059796e+02	5.2648264713e+00	
1.0530001547e+02	5.2065110142e+00	
1.0540051483e+02	5.1270640273e+00	
1.0550011536e+02	5.0317693560e+00	
1.0560035695e+02	4.9232257747e+00	
1.0570045528e+02	4.8061639243e+00	
1.0580043720e+02	4.6843204533e+00	
1.0590034947e+02	4.5609781218e+00	
1.0600024799e+02	4.4388981692e+00	
1.0610019559e+02	4.3202938640e+00	
1.0620025028e+02	4.2068821812e+00	
1.0630047050e+02	4.0999471781e+00	
1.0640021901e+02	4.0010593768e+00	
1.0650029523e+02	3.9100164966e+00	
1.0660005147e+02	3.8278302473e+00	
1.0670028206e+02	3.7542581205e+00	
1.0680037772e+02	3.6901443219e+00	
1.0690044064e+02	3.6353389425e+00	
1.0700055664e+02	3.6464837588e+00	
1.0710010163e+02	3.7241541687e+00	
1.0720058904e+02	3.7851223203e+00	
1.0730067746e+02	3.8261981001e+00	
1.0740044305e+02	3.8787438432e+00	
1.0750068896e+02	3.9345568700e+00	
1.0760004631e+02	3.9851357406e+00	
1.0770003305e+02	4.0319737869e+00	
1.0780073262e+02	4.0730951242e+00	
1.0790073661e+02	4.0980905466e+00	
1.0800007138e+02	4.1111671513e+00	
1.0810027017e+02	4.1270688615e+00	
1.0820063210e+02	4.1461775116e+00	
1.0830041953e+02	4.1443309897e+00	
1.0840030967e+02	4.1242461162e+00	
1.0850029015e+02	4.0866391627e+00	
1.0860025257e+02	4.0324270404e+00	
1.0870006271e+02	3.9801202187e+00	
1.0880049021e+02	4.0550603330e+00	
1.0890006526e+02	4.1355257309e+00	
1.0900032034e+02	4.2233705869e+00	
1.0910053702e+02	4.3186684066e+00	
1.0920004181e+02	4.4211623339e+00	
1.0930035501e+02	4.5327431869e+00	
1.0940006714e+02	4.6770882412e+00	
1.0950070373e+02	4.8659694392e+00	
1.0960019755e+02	5.0634761242e+00	
1.0970007275e+02	5.2716911749e+00	
1.0980040926e+02	5.4896555133e+00	
1.0990057426e+02	5.7142320647e+00	
1.1000064141e+02	5.9431604432e+00	
1.1010069858e+02	6.1736584170e+00	
1.1020013679e+02	6.4008266012e+00	
1.1030047711e+02	6.6242149682e+00	
1.1040039312e+02	6.8367549947e+00	
1.1050067910e+02	7.0361592547e+00	
1.1060069726e+02	7.2176340715e+00	
1.1070052674e+02	7.3762572225e+00	
1.1080024121e+02	7.5092938652e+00	
1.1090064115e+02	7.6201557040e+00	
1.1100031051e+02	7.7019635699e+00	
1.1110002257e+02	7.7466866653e+00	
1.1120057291e+02	7.7561022275e+00	
1.1130050433e+02	7.7361587854e+00	
1.1140059735e+02	7.6908921387e+00	
1.1150008053e+02	7.6232042052e+00	
1.1160004440e+02	7.5355110976e+00	
1.1170038602e+02	7.4311892651e+00	
1.1180057829e+02	7.3144671945e+00	
1.1190062269e+02	7.1891718813e+00	
1.1200053950e+02	7.0589414708e+00	
1.1210036588e+02	6.9270876300e+00	
1.1220013434e+02	6.7965412494e+00	
1.1230062918e+02	6.6688724072e+00	
1.1240044630e+02	6.5479079993e+00	
1.1250038998e+02	6.4341618159e+00	
1.1260051071e+02	6.3286895336e+00	
1.1270015094e+02	6.2328899158e+00	
1.1280011572e+02	6.1465973862e+00	
1.1290049795e+02	6.0702454959e+00	
1.1300067996e+02	6.0003128818e+00	
1.1310003549e+02	5.9392644220e+00	
1.1320007281e+02	5.8878552479e+00	
1.1330017652e+02	5.8473115926e+00	
1.1340043186e+02	5.8101666970e+00	
1.1350021406e+02	5.7891774630e+00	
1.1360032484e+02	5.9095188632e+00	
1.1370013959e+02	6.0101045377e+00	
1.1380044279e+02	6.0903491629e+00	
1.1390058947e+02	6.1498133499e+00	
1.1400064985e+02	6.1903472152e+00	
1.1410069577e+02	6.2129111177e+00	
1.1420004606e+02	6.2094719454e+00	
1.1430021333e+02	6.1832338201e+00	
1.1440049952e+02	6.1360435756e+00	
1.1450017717e+02	6.2268288871e+00	
1.1460002222e+02	6.3552293888e+00	
1.1470051905e+02	6.4981698142e+00	
1.1480023782e+02	6.6539535186e+00	
1.1490075280e+02	6.8286567400e+00	
1.1500034733e+02	7.0151050853e+00	
1.1510057205e+02	7.2156114995e+00	
1.1520070423e+02	7.4282718963e+00	
1.1530005025e+02	7.6506096619e+00	
1.1540011230e+02	7.8847945725e+00	
1.1550019763e+02	8.1276486535e+00	
1.1560036304e+02	8.3771943380e+00	
1.1570069835e+02	8.6308581585e+00	
1.1580053492e+02	8.8835404989e+00	
1.1590063976e+02	9.1333187031e+00	
1.1600040029e+02	9.3743165026e+00	
1.1610064038e+02	9.6040423235e+00	
1.1620002228e+02	9.8154795294e+00	
1.1630004571e+02	1.0008553966e+01	
1.1640009075e+02	1.0179539910e+01	
1.1650026813e+02	1.0317533319e+01	
1.1660066399e+02	1.0389928459e+01	
1.1670063151e+02	1.0407568287e+01	
1.1680024249e+02	1.0391037660e+01	
1.1690030518e+02	1.0345156754e+01	
1.1700018932e+02	1.0270817105e+01	
1.1710068740e+02	1.0152031885e+01	
1.1720039379e+02	1.0229576608e+01	
1.1730009714e+02	1.0321222586e+01	
1.1740059568e+02	1.0410897375e+01	
1.1750043687e+02	1.0472833764e+01	
1.1760040942e+02	1.0498766176e+01	
1.1770055411e+02	1.0490259671e+01	
1.1780071540e+02	1.0450563562e+01	
1.1790047162e+02	1.0383435314e+01	
1.1800052496e+02	1.0292107468e+01	
1.1810045379e+02	1.0180753724e+01	
1.1820023830e+02	1.0053328412e+01	
1.1830065407e+02	9.9070717190e+00	
1.1840024229e+02	9.7441150866e+00	
1.1850052919e+02	9.5663938990e+00	
1.1860008569e+02	9.3906252639e+00	
1.1870043597e+02	9.2181903850e+00	
1.1880019912e+02	9.0528501395e+00	
1.1890017636e+02	8.8943873344e+00	
1.1900040380e+02	8.7437402438e+00	
1.1910025838e+02	8.6025029621e+00	
1.1920056186e+02	8.4698730010e+00	
1.1930069689e+02	8.3465659104e+00	
1.1940070122e+02	8.2329931289e+00	
1.1950067464e+02	8.1290608610e+00	
1.1960001843e+02	8.0346079591e+00	
1.1970026996e+02	7.9472585147e+00	
1.1980009537e+02	7.8678037635e+00	
1.1990025845e+02	7.8030502982e+00	
1.2000011054e+02	7.7547623910e+00	
1.2010046314e+02	7.7514352621e+00	
1.2020067627e+02	8.0207702434e+00	
1.2030007559e+02	8.1555096688e+00	
1.2040016746e+02	8.0137603402e+00	
1.2050028361e+02	8.1413303569e+00	
1.2060048628e+02	8.2901974512e+00	
1.2070005945e+02	8.4600925447e+00	
1.2080053591e+02	8.6560713417e+00	
1.2090011539e+02	8.8743400916e+00	
1.2100012983e+02	9.1170487352e+00	
1.2110004103e+02	9.3834295208e+00	
1.2120027608e+02	9.6749848646e+00	
1.2130043359e+02	9.9827584745e+00	
1.2140046663e+02	1.0267954157e+01	
1.2150040283e+02	1.0530432216e+01	
1.2160025163e+02	1.0789690503e+01	
1.2170005975e+02	1.1041990709e+01	
1.2180060964e+02	1.1284289798e+01	
1.2190054594e+02	1.1508320559e+01	
1.2200069091e+02	1.1757999854e+01	
1.2210037521e+02	1.2642760072e+01	
1.2220039756e+02	1.3505691553e+01	
1.2230012255e+02	1.4288781689e+01	
1.2240033536e+02	1.4966568685e+01	
1.2250038314e+02	1.5555354929e+01	
1.2260036204e+02	1.6042547502e+01	
1.2270038262e+02	1.6419287947e+01	
1.2280055294e+02	1.6682858481e+01	
1.2290022717e+02	1.6875224733e+01	
1.2300018454e+02	1.7041553817e+01	
1.2310051143e+02	1.7538586126e+01	
1.2320057802e+02	1.7888940615e+01	
1.2330044971e+02	1.7783514082e+01	
1.2340019499e+02	1.7333032483e+01	
1.2350062996e+02	1.6788795834e+01	
1.2360037379e+02	1.6371082730e+01	
1.2370020477e+02	1.6243265266e+01	
1.2380013412e+02	1.6054329970e+01	
1.2390017809e+02	1.5777931443e+01	
1.2400014433e+02	1.5426490778e+01	
1.2410054119e+02	1.5004481685e+01	
1.2420047978e+02	1.4488086965e+01	
1.2430019595e+02	1.3868236750e+01	
1.2440068294e+02	1.3200499346e+01	
1.2450024869e+02	1.2550100769e+01	
1.2460043243e+02	1.1933788730e+01	
1.2470052067e+02	1.1917007955e+01	
1.2480056724e+02	1.1897653775e+01	
1.2490063085e+02	1.1875560298e+01	
1.2500005815e+02	1.1851080712e+01	
1.2510036279e+02	1.1824298544e+01	
1.2520013530e+02	1.1796270381e+01	
1.2530018855e+02	1.1764879872e+01	
1.2540059727e+02	1.1784489798e+01	
1.2550004149e+02	1.2567695767e+01	
1.2560005270e+02	1.3286744842e+01	
1.2570069610e+02	1.3715465018e+01	
1.2580058843e+02	1.3754052652e+01	
1.2590056461e+02	1.3920597469e+01	
1.2600003130e+02	1.4847759627e+01	
1.2610044622e+02	1.6802051142e+01	
1.2620048934e+02	1.8515785578e+01	
1.2630022376e+02	2.0001963506e+01	
1.2640044884e+02	2.1349308990e+01	
1.2650053181e+02	2.2405159758e+01	
1.2660051285e+02	2.2805050178e+01	
1.2670046286e+02	2.3447009109e+01	
1.2680043538e+02	2.3605897944e+01	
1.2690047328e+02	2.2987825504e+01	
1.2700061663e+02	2.1783877781e+01	
1.2710009143e+02	2.0094569658e+01	
1.2720005256e+02	1.8735519639e+01	
1.2730009377e+02	1.7372938060e+01	
1.2740072514e+02	1.6986934228e+01	
1.2750040589e+02	1.7126319753e+01	
1.2760019578e+02	1.6774651167e+01	
1.2770062341e+02	1.5906166363e+01	
1.2780022936e+02	1.4695773881e+01	
1.2790052417e+02	1.3312498408e+01	
1.2800008434e+02	1.2793152885e+01	
1.2810041808e+02	1.3612101275e+01	
1.2820018024e+02	1.4393595915e+01	
1.2830011868e+02	1.5203078882e+01	
1.2840032793e+02	1.5908386488e+01	
1.2850012938e+02	1.6370894524e+01	
1.2860032577e+02	1.7138647620e+01	
1.2870028722e+02	1.8647715577e+01	
1.2880010142e+02	1.8583578724e+01	
1.2890061995e+02	1.9198724625e+01	
1.2900051017e+02	1.9587766288e+01	
1.2910052986e+02	1.9741679071e+01	
1.2920006181e+02	1.9695981576e+01	
1.2930061333e+02	1.9420676141e+01	
1.2940011719e+02	1.9064719573e+01	
1.2950008948e+02	1.9361454078e+01	
1.2960059625e+02	1.9424736534e+01	
1.2970025524e+02	1.9056704313e+01	
1.2980061920e+02	1.8362939567e+01	
1.2990030198e+02	1.7402850955e+01	
1.3000005406e+02	1.7041153787e+01	
1.3010067391e+02	1.6053098261e+01	
1.3020049238e+02	1.4930331236e+01	
1.3030071069e+02	1.3774788878e+01	
1.3040047742e+02	1.4137716462e+01	
1.3050046947e+02	1.4497205879e+01	
1.3060021908e+02	1.4827868279e+01	
1.3070019813e+02	1.5116611677e+01	
1.3080007983e+02	1.5371868063e+01	
1.3090060687e+02	1.5587821487e+01	
1.3100033857e+02	1.8950437084e+01	
1.3110007450e+02	2.2055409906e+01	
1.3120060748e+02	2.3922057296e+01	
1.3130050185e+02	2.4822886214e+01	
1.3140045416e+02	2.8471536810e+01	
1.3150048902e+02	3.0773487118e+01	
1.3160001991e+02	3.1432620217e+01	
1.3170061523e+02	3.1115675745e+01	
1.3180029037e+02	2.9991801540e+01	
1.3190058391e+02	3.4118098994e+01	
1.3200018269e+02	3.7057608734e+01	
1.3210051934e+02	3.6744418824e+01	
1.3220026582e+02	3.5346331353e+01	
1.3230026679e+02	3.4491385229e+01	
1.3240051972e+02	3.5689529609e+01	
1.3250039656e+02	3.5294878801e+01	
1.3260070659e+02	3.3925936432e+01	
1.3270010027e+02	3.1301002764e+01	
1.3280005249e+02	3.0604775143e+01	
1.3290063137e+02	2.9262831320e+01	
1.3300044761e+02	2.6372958177e+01	
1.3310030206e+02	2.4771239131e+01	
1.3320021314e+02	2.2546223074e+01	
1.3330065969e+02	1.9347268923e+01	
1.3340000427e+02	1.7394963994e+01	
1.3350031541e+02	1.7361954541e+01	
1.3360071476e+02	1.8308211769e+01	
1.3370010163e+02	1.9410316949e+01	
1.3380072264e+02	2.0662797736e+01	
1.3390035694e+02	2.1901697535e+01	
1.3400042323e+02	2.2868771654e+01	
1.3410048347e+02	2.3317721587e+01	
1.3420049919e+02	2.4867189685e+01	
1.3430046809e+02	2.7022131547e+01	
1.3440043614e+02	2.7572514377e+01	
1.3450057440e+02	3.2706809859e+01	
1.3460023565e+02	3.5666070039e+01	
1.3470022777e+02	3.6066219377e+01	
1.3480052099e+02	3.5963769567e+01	
1.3490045101e+02	3.8828634629e+01	
1.3500012880e+02	4.0507242925e+01	
1.3510038982e+02	4.1244201178e+01	
1.3520059876e+02	3.9593547280e+01	
1.3530018618e+02	3.5831252337e+01	
1.3540066053e+02	3.3134925372e+01	
1.3550062154e+02	3.3344212354e+01	
1.3560010976e+02	3.3191914865e+01	
1.3570065247e+02	3.4166610130e+01	
1.3580020751e+02	3.5202027376e+01	
1.3590021288e+02	3.5864480431e+01	
1.3600004063e+02	3.6024000725e+01	
1.3610061981e+02	3.5512302895e+01	
1.3620061924e+02	3.4291402172e+01	
1.3630009124e+02	3.2961382499e+01	
1.3640019130e+02	3.4332357082e+01	
1.3650002643e+02	3.5132135338e+01	
1.3660016951e+02	3.5206808416e+01	
1.3670052843e+02	3.4582885292e+01	
1.3680062162e+02	3.3217507990e+01	
1.3690039128e+02	3.1138147118e+01	
1.3700058772e+02	3.2568430129e+01	
1.3710046124e+02	3.4692470129e+01	
1.3720038812e+02	3.6660348986e+01	
1.3730026616e+02	3.8491544414e+01	
1.3740020741e+02	4.0525909116e+01	
1.3750027834e+02	4.2439455745e+01	
1.3760045324e+02	4.4041648773e+01	
1.3770008890e+02	4.5115973280e+01	
1.3780062344e+02	4.5489444246e+01	
1.3790066548e+02	4.5172504179e+01	
1.3800036168e+02	4.4352711196e+01	
1.3810058626e+02	4.2867102132e+01	
1.3820068142e+02	4.0770788511e+01	
1.3830066023e+02	3.9516849408e+01	
1.3840000255e+02	4.1481195874e+01	
1.3850024300e+02	4.4306909344e+01	
1.3860001060e+02	4.6274509918e+01	
1.3870001859e+02	4.6543456856e+01	
1.3880033734e+02	4.5522920357e+01	
1.3890036260e+02	4.4007472071e+01	
1.3900014967e+02	4.2351088024e+01	
1.3910051077e+02	4.1340009859e+01	
1.3920002045e+02	4.2730009816e+01	
1.3930017667e+02	4.3810322918e+01	
1.3940024277e+02	4.3779505417e+01	
1.3950000397e+02	4.3020477428e+01	
1.3960022539e+02	4.4197550143e+01	
1.3970015265e+02	4.4232348720e+01	
1.3980034370e+02	4.2691320486e+01	
1.3990058356e+02	3.9270757036e+01	
1.4000040612e+02	3.4998770267e+01	
1.4010057126e+02	3.0609035138e+01	
1.4020038291e+02	2.6547276365e+01	
1.4030061434e+02	2.9487476914e+01	
1.4040056012e+02	3.1734912336e+01	
1.4050003462e+02	3.5203610101e+01	
1.4060027935e+02	3.8026947969e+01	
1.4070059815e+02	4.0625509645e+01	
1.4080039577e+02	4.2997230651e+01	
1.4090042202e+02	4.5229308441e+01	
1.4100069353e+02	4.6773242403e+01	
1.4110062275e+02	4.6702828489e+01	
1.4120026687e+02	4.7922149942e+01	
1.4130043085e+02	4.8922593596e+01	
1.4140043678e+02	4.9485062299e+01	
1.4150031247e+02	4.8844623650e+01	
1.4160022277e+02	4.6796344007e+01	
1.4170035933e+02	4.3509998722e+01	
1.4180007863e+02	4.3617581724e+01	
1.4190006229e+02	4.4091600526e+01	
1.4200048579e+02	4.4158880393e+01	
1.4210067087e+02	4.5060518815e+01	
1.4220003422e+02	4.4481673443e+01	
1.4230002161e+02	4.0923143687e+01	
1.4240062015e+02	3.4823039593e+01	
1.4250050186e+02	3.2612365253e+01	
1.4260023920e+02	3.2081377827e+01	
1.4270033753e+02	2.9909403085e+01	
1.4280003412e+02	3.0418286134e+01	
1.4290047523e+02	3.0602608074e+01	
1.4300009040e+02	2.9425863055e+01	
1.4310041318e+02	2.9810724493e+01	
1.4320001349e+02	2.9887048589e+01	
1.4330041325e+02	2.8498032100e+01	
1.4340035159e+02	3.1585623137e+01	
1.4350034137e+02	3.4502994302e+01	
1.4360043234e+02	3.6771127090e+01	
1.4370056329e+02	3.8016048276e+01	
1.4380067241e+02	3.7858631170e+01	
1.4390011594e+02	3.9783755759e+01	
1.4400053513e+02	4.1929115961e+01	
1.4410063154e+02	4.4860581277e+01	
1.4420016120e+02	4.8172350660e+01	
1.4430063750e+02	4.7215787838e+01	
1.4440019246e+02	4.9263772355e+01	
1.4450040743e+02	5.1241145338e+01	
1.4460065871e+02	5.1668318172e+01	
1.4470030766e+02	5.1558841450e+01	
1.4480008926e+02	4.9012850057e+01	
1.4490003764e+02	4.5176098638e+01	
1.4500024803e+02	4.7047218976e+01	
1.4510060588e+02	4.5590180602e+01	
1.4520055669e+02	5.2704074283e+01	
1.4530031052e+02	5.7919427821e+01	
1.4540071804e+02	5.4245006710e+01	
1.4550034161e+02	5.4107991795e+01	
1.4560062739e+02	6.1194905677e+01	
1.4570013977e+02	6.5862460027e+01	
1.4580024854e+02	6.7769163773e+01	
1.4590006648e+02	6.7980338977e+01	
1.4600068375e+02	6.7704816885e+01	
1.4610060092e+02	6.7785616170e+01	
1.4620061823e+02	6.8194821433e+01	
1.4630071079e+02	6.9154787005e+01	
1.4640053444e+02	6.9304982827e+01	
1.4650005988e+02	6.7200617165e+01	
1.4660001032e+02	6.3918024795e+01	
1.4670014761e+02	5.9541184470e+01	
1.4680049889e+02	5.4783872115e+01	
1.4690028993e+02	4.9889753631e+01	
1.4700023432e+02	4.4955074685e+01	
1.4710021358e+02	4.0123775710e+01	
1.4720017783e+02	4.4986068781e+01	
1.4730040452e+02	5.1268695178e+01	
1.4740036709e+02	5.7074913221e+01	
1.4750008511e+02	6.0288613512e+01	
1.4760029803e+02	5.7200422189e+01	
1.4770021317e+02	5.8808497949e+01	
1.4780069805e+02	5.4171321438e+01	
1.4790065835e+02	5.2103868590e+01	
1.4800031639e+02	4.5672011653e+01	
1.4810022813e+02	4.4104851336e+01	
1.4820037639e+02	4.2590790123e+01	
1.4830020408e+02	4.1221351327e+01	
1.4840043046e+02	4.0086374008e+01	
1.4850050502e+02	3.8064643660e+01	
1.4860035334e+02	4.2877783842e+01	
1.4870006740e+02	4.3750672641e+01	
1.4880049962e+02	3.9669556584e+01	
1.4890017651e+02	3.2644742807e+01	
1.4900009092e+02	2.8076255953e+01	
1.4910026128e+02	2.5954963243e+01	
1.4920069092e+02	3.0977685610e+01	
1.4930030950e+02	3.3568150483e+01	
1.4940062713e+02	3.2280625966e+01	
1.4950000228e+02	3.3548128742e+01	
1.4960054147e+02	3.3949575781e+01	
1.4970011371e+02	3.3397159037e+01	
1.4980016501e+02	3.4937553174e+01	
1.4990034151e+02	3.7161622187e+01	
1.5000053731e+02	3.8352483632e+01	
1.5010063221e+02	3.9056071412e+01	
1.5020004612e+02	3.9521507208e+01	
1.5030046806e+02	3.5400525943e+01	
1.5040000210e+02	2.9546853448e+01	
1.5050058700e+02	3.2149087166e+01	
1.5060020024e+02	3.3455510833e+01	
1.5070039607e+02	3.6108716094e+01	
1.5080038265e+02	3.9095113007e+01	
1.5090012438e+02	4.1678023076e+01	
1.5100046376e+02	4.3620953000e+01	
1.5110028369e+02	4.4629004919e+01	
1.5120031607e+02	4.4632416475e+01	
1.5130056590e+02	4.3363030463e+01	
1.5140042205e+02	4.1131897087e+01	
1.5150064981e+02	4.0062581405e+01	
1.5160030997e+02	3.9784091712e+01	
1.5170013212e+02	3.6861944089e+01	
1.5180027504e+02	3.2652526870e+01	
1.5190018240e+02	3.2144750730e+01	
1.5200070390e+02	3.1631290065e+01	
1.5210056355e+02	3.1685264819e+01	
1.5220058124e+02	3.1840861888e+01	
1.5230007723e+02	3.1971032009e+01	
1.5240010340e+02	3.1890369064e+01	
1.5250011817e+02	3.0680135272e+01	
1.5260060995e+02	2.9661055880e+01	
1.5270070528e+02	3.0571737226e+01	
1.5280046695e+02	3.1903203333e+01	
1.5290043312e+02	3.3421631489e+01	
1.5300052005e+02	3.5124076647e+01	
1.5310006082e+02	3.6687600047e+01	
1.5320045351e+02	3.7404934112e+01	
1.5330009831e+02	3.6349541890e+01	
1.5340068481e+02	3.6534899812e+01	
1.5350031285e+02	3.7466177712e+01	
1.5360036677e+02	3.7200119164e+01	
1.5370006818e+02	3.5308933682e+01	
1.5380060598e+02	3.3342182374e+01	
1.5390021528e+02	3.4040828051e+01	
1.5400058406e+02	3.4156661369e+01	
1.5410016995e+02	3.3508247280e+01	
1.5420039169e+02	3.2362243448e+01	
1.5430064398e+02	3.1094791916e+01	
1.5440039935e+02	3.0003788371e+01	
1.5450047295e+02	2.9267961911e+01	
1.5460023743e+02	3.0910136407e+01	
1.5470038022e+02	3.1116947196e+01	
1.5480054877e+02	3.3502688478e+01	
1.5490050597e+02	3.4676122364e+01	
1.5500001065e+02	4.0450503397e+01	
1.5510062272e+02	4.4397885089e+01	
1.5520031448e+02	4.7585403430e+01	
1.5530066968e+02	4.0239686705e+01	
1.5540026813e+02	3.4729504497e+01	
1.5550023705e+02	2.8040022812e+01	
1.5560054681e+02	2.7278204285e+01	
1.5570034075e+02	2.6870793539e+01	
1.5580005306e+02	2.6442503751e+01	
1.5590017313e+02	2.6584905300e+01	
1.5600049916e+02	3.2016605804e+01	
1.5610020372e+02	3.8307894673e+01	
1.5620004937e+02	4.5493380767e+01	
1.5630062674e+02	5.0677003175e+01	
1.5640048904e+02	4.9189023252e+01	
1.5650059394e+02	5.1957366145e+01	
1.5660051209e+02	5.6466351709e+01	
1.5670019284e+02	5.6422743621e+01	
1.5680010187e+02	5.1500568516e+01	
1.5690030896e+02	4.3152732393e+01	
1.5700016470e+02	3.9637553367e+01	
1.5710060585e+02	3.8645138362e+01	
1.5720037993e+02	3.6116289397e+01	
1.5730025708e+02	3.2597839398e+01	
1.5740024586e+02	2.8640587033e+01	
1.5750029546e+02	3.0058824057e+01	
1.5760060122e+02	3.4153235369e+01	
1.5770033401e+02	3.6639275327e+01	
1.5780025536e+02	3.7685316430e+01	
1.5790052892e+02	3.7907958870e+01	
1.5800057846e+02	3.7641425581e+01	
1.5810046132e+02	3.8118299291e+01	
1.5820026656e+02	3.7456483340e+01	
1.5830008145e+02	3.5355339217e+01	
1.5840061606e+02	3.2492721888e+01	
1.5850000695e+02	2.9555195879e+01	
1.5860030160e+02	2.7044876562e+01	
1.5870009880e+02	2.6686328306e+01	
1.5880009134e+02	2.7043737274e+01	
1.5890001143e+02	2.8347798230e+01	
1.5900043752e+02	2.9251992060e+01	
1.5910053033e+02	3.2254853783e+01	
1.5920028414e+02	3.2473834980e+01	
1.5930007866e+02	3.1085459399e+01	
1.5940051024e+02	2.8837613069e+01	
1.5950016968e+02	2.6469455370e+01	
1.5960060939e+02	2.4579089011e+01	
1.5970054653e+02	2.2514898006e+01	
1.5980057299e+02	2.1079263660e+01	
1.5990022473e+02	2.1762222851e+01	
1.6000045275e+02	2.3636147542e+01	
1.6010049921e+02	2.6014455357e+01	
1.6020042972e+02	3.0981365579e+01	
1.6030034932e+02	3.5059284756e+01	
1.6040027738e+02	3.4578659540e+01	
1.6050011683e+02	3.6000771926e+01	
1.6060062640e+02	4.2873304530e+01	
1.6070059676e+02	5.0277566718e+01	
1.6080021736e+02	5.5877498559e+01	
1.6090027971e+02	5.9154869559e+01	
1.6100022043e+02	6.0806455292e+01	
1.6110064203e+02	6.1060028604e+01	
1.6120013699e+02	5.6757571226e+01	
1.6130027947e+02	4.7062303909e+01	
1.6140051786e+02	4.0944741465e+01	
1.6150061202e+02	4.2641125731e+01	
1.6160063715e+02	4.4424551668e+01	
1.6170055884e+02	4.5189161666e+01	
1.6180068097e+02	4.2421205424e+01	
1.6190019465e+02	3.7327412839e+01	
1.6200034161e+02	3.3931103951e+01	
1.6210024876e+02	3.5580982933e+01	
1.6220061826e+02	3.8110823778e+01	
1.6230002294e+02	3.7410730863e+01	
1.6240033535e+02	3.7437594686e+01	
1.6250071374e+02	3.6061043182e+01	
1.6260050793e+02	3.2629315979e+01	
1.6270053786e+02	2.8715474070e+01	
1.6280014902e+02	2.6132515066e+01	
1.6290005417e+02	2.3836408704e+01	
1.6300000756e+02	2.1815365495e+01	
1.6310057727e+02	2.0479764141e+01	
1.6320010438e+02	2.1348815327e+01	
1.6330024839e+02	2.1583982720e+01	
1.6340033087e+02	2.1259439230e+01	
1.6350051814e+02	2.3502936689e+01	
1.6360061232e+02	4.1541413748e+01	
1.6370056823e+02	4.7877582428e+01	
1.6380037583e+02	5.5481313068e+01	
1.6390023790e+02	6.5023791896e+01	
1.6400038843e+02	6.5344574594e+01	
1.6410044189e+02	5.8306451042e+01	
1.6420055511e+02	4.8172923148e+01	
1.6430061614e+02	4.6374612229e+01	
1.6440062748e+02	4.6443820242e+01	
1.6450060522e+02	4.8872092905e+01	
1.6460025502e+02	4.9289466964e+01	
1.6470029531e+02	3.4664346052e+01	
1.6480003980e+02	3.5042293322e+01	
1.6490025272e+02	3.5017270123e+01	
1.6500058078e+02	3.5041352661e+01	
1.6510060220e+02	3.5032757533e+01	
1.6520038967e+02	3.4771269420e+01	
1.6530000445e+02	3.4256410692e+01	
1.6540024017e+02	3.3586162291e+01	
1.6550033499e+02	3.2839174413e+01	
1.6560012520e+02	3.2077248095e+01	
1.6570068862e+02	3.1506815303e+01	
1.6580059652e+02	2.9942581826e+01	
1.6590050040e+02	2.6186605362e+01	
1.6600041187e+02	2.3594675906e+01	
1.6610046660e+02	2.3623358883e+01	
1.6620064354e+02	2.5997968369e+01	
1.6630026389e+02	2.5836721076e+01	
1.6640053040e+02	2.3170247365e+01	
1.6650057859e+02	2.1152495669e+01	
1.6660026758e+02	2.1353306962e+01	
1.6670048794e+02	2.3872078117e+01	
1.6680020177e+02	2.4895138494e+01	
1.6690042529e+02	2.4189500406e+01	
1.6700063484e+02	2.4021444689e+01	
1.6710006694e+02	2.3980618339e+01	
1.6720020494e+02	2.3318109946e+01	
1.6730047798e+02	2.2333575520e+01	
1.6740035675e+02	2.0718648515e+01	
1.6750005755e+02	2.0585512830e+01	
1.6760043319e+02	2.5848020699e+01	
1.6770022366e+02	2.5621758789e+01	
1.6780029126e+02	2.5146779452e+01	
1.6790044274e+02	2.5884939504e+01	
1.6800037584e+02	2.6610522925e+01	
1.6810017160e+02	2.4937334400e+01	
1.6820062672e+02	2.8002651672e+01	
1.6830040647e+02	3.2033016743e+01	
1.6840059065e+02	3.5708604194e+01	
1.6850043456e+02	3.8709267766e+01	
1.6860045896e+02	3.9891894636e+01	
1.6870070175e+02	4.1517297981e+01	
1.6880051598e+02	4.8992653622e+01	
1.6890069022e+02	5.6675887558e+01	
1.6900045030e+02	6.1898670291e+01	
1.6910040793e+02	6.2779156501e+01	
1.6920065346e+02	5.7527882758e+01	
1.6930023771e+02	4.8767871453e+01	
1.6940048780e+02	4.7092347270e+01	
1.6950016795e+02	4.4637616699e+01	
1.6960019827e+02	3.9045156340e+01	
1.6970016146e+02	3.7201948174e+01	
1.6980035335e+02	3.6547810815e+01	
1.6990064476e+02	3.3781763065e+01	
1.7000012274e+02	3.1851409746e+01	
1.7010034390e+02	3.6777099304e+01	
1.7020010811e+02	3.0697498840e+01	
1.7030026444e+02	2.7326965764e+01	
1.7040036839e+02	2.5677064734e+01	
1.7050060234e+02	2.5836699893e+01	
1.7060015681e+02	2.7490886832e+01	
1.7070028592e+02	2.8815062942e+01	
1.7080040618e+02	2.9324543524e+01	
1.7090044590e+02	2.8291529903e+01	
1.7100036628e+02	2.6179048633e+01	
1.7110072497e+02	2.6608586245e+01	
1.7120072806e+02	2.5640141219e+01	
1.7130062357e+02	2.9404821468e+01	
1.7140004475e+02	2.7397987109e+01	
1.7150055814e+02	2.3709665277e+01	
1.7160005845e+02	2.4411497927e+01	
1.7170007032e+02	2.5757767304e+01	
1.7180065571e+02	2.9717747292e+01	
1.7190012838e+02	3.0581528297e+01	
1.7200050633e+02	2.9876175651e+01	
1.7210037099e+02	3.1488625043e+01	
1.7220034774e+02	2.8965183121e+01	
1.7230037021e+02	2.7714399908e+01	
1.7240061933e+02	2.4380921895e+01	
1.7250004405e+02	2.7000340501e+01	
1.7260066699e+02	2.5718782749e+01	
1.7270029286e+02	2.1625417055e+01	
1.7280043923e+02	2.2811995531e+01	
1.7290046339e+02	2.1800573203e+01	
1.7300042040e+02	2.0116816223e+01	
1.7310028099e+02	2.2221213054e+01	
1.7320027194e+02	2.4558786251e+01	
1.7330055288e+02	2.4828810129e+01	
1.7340023680e+02	2.4273055437e+01	
1.7350005296e+02	2.4605957120e+01	
1.7360012907e+02	2.5662338756e+01	
1.7370061065e+02	3.1022385996e+01	
1.7380021992e+02	3.3173909216e+01	
1.7390030243e+02	3.4416111398e+01	
1.7400007395e+02	3.3755421060e+01	
1.7410038478e+02	3.2897143428e+01	
1.7420067019e+02	2.8461324731e+01	
1.7430033310e+02	2.3473574660e+01	
1.7440003636e+02	2.3012703660e+01	
1.7450045452e+02	2.3065835362e+01	
1.7460070852e+02	2.5344223634e+01	
1.7470070648e+02	2.7135151612e+01	
1.7480021801e+02	2.4362327508e+01	
1.7490067451e+02	2.3952934553e+01	
1.7500065935e+02	2.5451440734e+01	
1.7510006165e+02	2.5063184054e+01	
1.7520036397e+02	2.3235144177e+01	
1.7530016110e+02	2.1459996864e+01	
1.7540028754e+02	2.2056139656e+01	
1.7550017861e+02	2.3541472953e+01	
1.7560050373e+02	2.5092729419e+01	
1.7570043233e+02	2.5659919834e+01	
1.7580055525e+02	2.5200369557e+01	
1.7590049788e+02	2.3751203663e+01	
1.7600050709e+02	2.4338306254e+01	
1.7610063798e+02	2.6654300373e+01	
1.7620059630e+02	2.7444972663e+01	
1.7630043084e+02	2.7937574395e+01	
1.7640040711e+02	2.8290332150e+01	
1.7650010183e+02	2.8556010585e+01	
1.7660021309e+02	2.8765206894e+01	
1.7670007960e+02	2.8934289297e+01	
1.7680060832e+02	2.9646348539e+01	
1.7690041396e+02	3.0682249091e+01	
1.7700001472e+02	3.1156598808e+01	
1.7710025103e+02	3.5867937732e+01	
1.7720044692e+02	3.8400685180e+01	
1.7730040545e+02	4.3606496629e+01	
1.7740063562e+02	4.1520608579e+01	
1.7750036617e+02	4.3542632891e+01	
1.7760015151e+02	4.6203017761e+01	
1.7770060018e+02	4.6369785406e+01	
1.7780003235e+02	4.1228386005e+01	
1.7790055901e+02	3.2463401486e+01	
1.7800066805e+02	3.0386672155e+01	
1.7810025073e+02	2.3430163512e+01	
1.7820004869e+02	2.2383485009e+01	
1.7830009358e+02	2.5707013125e+01	
1.7840028459e+02	3.0520802701e+01	
1.7850040026e+02	3.0751525569e+01	
1.7860063272e+02	3.1511660328e+01	
1.7870047374e+02	3.3272102878e+01	
1.7880006476e+02	3.1328029671e+01	
1.7890022111e+02	3.1942225926e+01	
1.7900029062e+02	3.2574285036e+01	
1.7910060839e+02	3.2165936368e+01	
1.7920043200e+02	3.5038949810e+01	
1.7930060460e+02	3.7024063855e+01	
1.7940002274e+02	4.2326644922e+01	
1.7950035858e+02	4.4705076722e+01	
1.7960047737e+02	4.4901422930e+01	
1.7970049113e+02	4.4593635551e+01	
1.7980045398e+02	4.3450700006e+01	
1.7990029553e+02	4.4964111789e+01	
1.8000066187e+02	5.2083638050e+01	
1.8010019462e+02	5.6319236986e+01	
1.8020028871e+02	5.8861437664e+01	
1.8030029779e+02	6.0578377536e+01	
1.8040027470e+02	6.1910304364e+01	
1.8050069863e+02	6.3033145311e+01	
1.8060002840e+02	6.3991412036e+01	
1.8070056728e+02	6.4824886011e+01	
1.8080016421e+02	6.5533869217e+01	
1.8090071867e+02	6.6143793483e+01	
1.8100015236e+02	6.6568620248e+01	
1.8110045919e+02	6.3376361260e+01	
1.8120014888e+02	5.6750439777e+01	
1.8130006387e+02	4.8768075385e+01	
1.8140032659e+02	4.0759830613e+01	
1.8150034947e+02	3.3378375255e+01	
1.8160013891e+02	3.4903882708e+01	
1.8170014703e+02	3.9194120770e+01	
1.8180045930e+02	4.2012239731e+01	
1.8190050285e+02	3.5732139991e+01	
1.8200040117e+02	3.5106730678e+01	
1.8210026165e+02	3.0495287966e+01	
1.8220069634e+02	2.4163855823e+01	
1.8230030299e+02	2.4100335730e+01	
1.8240047146e+02	3.0664796478e+01	
1.8250059877e+02	3.3158721807e+01	
1.8260004027e+02	3.5197489948e+01	
1.8270034862e+02	3.6752215305e+01	
1.8280011283e+02	3.8492816638e+01	
1.8290055723e+02	3.9478257620e+01	
1.8300046449e+02	4.0073385345e+01	
1.8310004181e+02	3.8208117982e+01	
1.8320018734e+02	2.6180045638e+01	
1.8330026285e+02	2.0661610789e+01	
1.8340007023e+02	2.1121012432e+01	
1.8350038698e+02	2.0650693384e+01	
1.8360059529e+02	2.0163362231e+01	
1.8370061876e+02	2.4555274562e+01	
1.8380055105e+02	2.8491883130e+01	
1.8390054138e+02	2.5360847242e+01	
1.8400037030e+02	2.7649714865e+01	
1.8410009968e+02	2.9166261332e+01	
1.8420026322e+02	2.8169475480e+01	
1.8430013626e+02	2.6712480708e+01	
1.8440050968e+02	2.4780169366e+01	
1.8450054547e+02	2.5088598938e+01	
1.8460010859e+02	2.4545116655e+01	
1.8470029423e+02	2.3322334839e+01	
1.8480055273e+02	2.1897121617e+01	
1.8490027369e+02	2.0028855609e+01	
1.8500029958e+02	2.0174280840e+01	
1.8510037963e+02	2.0579539536e+01	
1.8520028792e+02	2.4311676478e+01	
1.8530007197e+02	2.5295128473e+01	
1.8540061839e+02	2.8406580317e+01	
1.8550040332e+02	3.2084144290e+01	
1.8560008012e+02	3.5017154172e+01	
1.8570040917e+02	3.6406486300e+01	
1.8580007684e+02	3.5569197616e+01	
1.8590060426e+02	3.3092389801e+01	
1.8600009899e+02	3.3285653048e+01	
1.8610011094e+02	3.7166705018e+01	
1.8620004965e+02	4.1038425766e+01	
1.8630055840e+02	4.3433837111e+01	
1.8640020446e+02	4.1610719968e+01	
1.8650036918e+02	4.3670987660e+01	
1.8660042989e+02	4.5106379693e+01	
1.8670046164e+02	4.5640657707e+01	
1.8680048716e+02	4.5930835960e+01	
1.8690000067e+02	4.4849098267e+01	
1.8700010395e+02	3.2483593950e+01	
1.8710012455e+02	2.7680346529e+01	
1.8720043757e+02	2.6287615386e+01	
1.8730020373e+02	2.4522353218e+01	
1.8740020378e+02	2.3215262236e+01	
1.8750048878e+02	2.1162003009e+01	
1.8760040835e+02	1.9076220171e+01	
1.8770002817e+02	1.8497483555e+01	
1.8780004776e+02	1.8579813593e+01	
1.8790028119e+02	1.7042545568e+01	
1.8800001178e+02	1.5387534731e+01	
1.8810068052e+02	1.3319939043e+01	
1.8820033226e+02	1.4845887298e+01	
1.8830048749e+02	1.8802999427e+01	
1.8840034840e+02	1.9313035011e+01	
1.8850035318e+02	1.9356157239e+01	
1.8860020468e+02	2.0109165556e+01	
1.8870044355e+02	1.9054059279e+01	
1.8880040410e+02	1.7099380309e+01	
1.8890054270e+02	1.7694621703e+01	
1.8900049268e+02	2.1979081530e+01	
1.8910018353e+02	2.4050945026e+01	
1.8920026054e+02	2.6046033524e+01	
1.8930064876e+02	2.5950216535e+01	
1.8940062074e+02	2.3130710423e+01	
1.8950013440e+02	2.1818041106e+01	
1.8960009105e+02	2.0401628225e+01	
1.8970068708e+02	2.0640395886e+01	
1.8980066930e+02	2.0347901553e+01	
1.8990011051e+02	1.9995050151e+01	
1.9000044000e+02	2.3356365341e+01	
1.9010020069e+02	2.4418976586e+01	
1.9020031747e+02	2.3292385396e+01	
1.9030048160e+02	1.8958186445e+01	
1.9040015737e+02	1.3326921161e+01	
1.9050023663e+02	1.4774996429e+01	
1.9060014386e+02	1.5462719299e+01	
1.9070068723e+02	1.5531969503e+01	
1.9080052097e+02	1.5127326548e+01	
1.9090023060e+02	2.0039639559e+01	
1.9100067721e+02	2.3499022548e+01	
1.9110067530e+02	2.1287642266e+01	
1.9120018181e+02	3.3835597107e+01	
1.9130052428e+02	5.1088401992e+01	
1.9140022557e+02	6.4754156128e+01	
1.9150005853e+02	7.8300773193e+01	
1.9160020362e+02	8.1888452810e+01	
1.9170015690e+02	6.4379826032e+01	
1.9180050818e+02	6.3614037475e+01	
1.9190031611e+02	6.5565655307e+01	
1.9200004855e+02	5.3254454098e+01	
1.9210061791e+02	4.7721757874e+01	
1.9220020215e+02	4.3167146474e+01	
1.9230005072e+02	4.2255484286e+01	
1.9240031448e+02	4.0073284104e+01	
1.9250024677e+02	3.3483679846e+01	
1.9260063322e+02	2.4205324191e+01	
1.9270023381e+02	1.9528013557e+01	
1.9280048403e+02	2.2006023513e+01	
1.9290044107e+02	2.0971523989e+01	
1.9300051841e+02	2.6207469771e+01	
1.9310028182e+02	3.1938828198e+01	
1.9320019745e+02	3.3263765606e+01	
1.9330042779e+02	2.4081544711e+01	
1.9340005337e+02	1.9113844073e+01	
1.9350005734e+02	2.0510742509e+01	
1.9360023225e+02	2.2567454569e+01	
1.9370055132e+02	2.5438716048e+01	
1.9380036837e+02	2.2228921549e+01	
1.9390048361e+02	1.9093834133e+01	
1.9400030823e+02	1.8814153687e+01	
1.9410058641e+02	1.6576298722e+01	
1.9420038961e+02	1.8129089589e+01	
1.9430031529e+02	2.1631660009e+01	
1.9440042538e+02	2.0656142952e+01	
1.9450009205e+02	2.0782355326e+01	
1.9460053412e+02	1.8617662406e+01	
1.9470046562e+02	1.7982939662e+01	
1.9480020101e+02	1.8975646882e+01	
1.9490065707e+02	2.8661964157e+01	
1.9500051406e+02	3.1600056722e+01	
1.9510050957e+02	3.0865627170e+01	
1.9520066273e+02	2.8665572417e+01	
1.9530036687e+02	2.7440518908e+01	
1.9540031275e+02	2.5849780229e+01	
1.9550059332e+02	2.8900733787e+01	
1.9560042708e+02	3.2107703962e+01	
1.9570001449e+02	3.3240492327e+01	
1.9580013063e+02	2.6867628622e+01	
1.9590014321e+02	2.8886004719e+01	
1.9600009799e+02	2.8896690915e+01	
1.9610062868e+02	2.8944770609e+01	
1.9620036550e+02	3.0257742682e+01	
1.9630004674e+02	3.1857327822e+01	
1.9640063331e+02	2.6419855542e+01	
1.9650009456e+02	2.2517134737e+01	
1.9660064841e+02	1.9522043638e+01	
1.9670020195e+02	1.9206140877e+01	
1.9680021668e+02	2.2776483371e+01	
1.9690003180e+02	2.3049704388e+01	
1.9700040819e+02	2.6121827190e+01	
1.9710069781e+02	2.7965839305e+01	
1.9720025089e+02	2.9342738227e+01	
1.9730052742e+02	2.9475435728e+01	
1.9740050713e+02	2.8919436817e+01	
1.9750065895e+02	2.7324938752e+01	
1.9760036092e+02	2.4817362334e+01	
1.9770067293e+02	2.1234858686e+01	
1.9780032221e+02	1.8465419255e+01	
1.9790012546e+02	1.5705592435e+01	
1.9800022324e+02	1.5141335821e+01	
1.9810018263e+02	1.7490280322e+01	
1.9820019586e+02	1.8355140536e+01	
1.9830041212e+02	1.6000546004e+01	
1.9840046629e+02	1.5690525411e+01	
1.9850041821e+02	1.7673243112e+01	
1.9860057950e+02	2.0641584819e+01	
1.9870044137e+02	2.3233349209e+01	
1.9880063619e+02	2.1612842159e+01	
1.9890051480e+02	1.6719426196e+01	
1.9900019468e+02	1.9024862673e+01	
1.9910052762e+02	2.1429254925e+01	
1.9920023027e+02	2.3478660796e+01	
1.9930003843e+02	2.5426692246e+01	
1.9940048380e+02	2.3941821780e+01	
1.9950042562e+02	2.3150349178e+01	
1.9960021075e+02	2.1664865096e+01	
1.9970062663e+02	1.9845196432e+01	
1.9980030031e+02	1.9498435337e+01	
1.9990003929e+02	1.9207436147e+01	
2.0000063977e+02	2.0963210515e+01	
2.0010017031e+02	2.3906205042e+01	
2.0020062713e+02	2.3114030701e+01	
2.0030055422e+02	1.9871891349e+01	
2.0040069191e+02	2.1643329857e+01	
2.0050033766e+02	2.4639089747e+01	
2.0060000875e+02	2.6133783337e+01	
2.0070054266e+02	2.6298403679e+01	
2.0080060854e+02	2.5593294665e+01	
2.0090038264e+02	2.4431447754e+01	
2.0100003273e+02	2.3052219579e+01	
2.0110031837e+02	2.6471216112e+01	
2.0120045772e+02	2.8054258398e+01	
2.0130061796e+02	2.5248721054e+01	
2.0140004735e+02	2.5531710244e+01	
2.0150014187e+02	2.7039514111e+01	
2.0160044518e+02	2.8272163771e+01	
2.0170038531e+02	2.8832202770e+01	
2.0180064971e+02	2.8617690060e+01	
2.0190058707e+02	3.1543121361e+01	
2.0200032235e+02	3.3726176392e+01	
2.0210049283e+02	3.3175840472e+01	
2.0220042102e+02	3.4995550276e+01	
2.0230018079e+02	3.1657593273e+01	
2.0240053599e+02	2.8538353640e+01	
2.0250015965e+02	2.7119720103e+01	
2.0260052355e+02	3.7804159892e+01	
2.0270071535e+02	2.8983506928e+01	
2.0280027056e+02	2.4647397495e+01	
2.0290013320e+02	2.4044368709e+01	
2.0300028372e+02	2.4236026750e+01	
2.0310000894e+02	2.3627910192e+01	
2.0320000994e+02	2.2112002921e+01	
2.0330019609e+02	1.9979869471e+01	
2.0340060785e+02	1.9163464376e+01	
2.0350058984e+02	1.9739107288e+01	
2.0360012961e+02	2.1685387955e+01	
2.0370028636e+02	2.4098237197e+01	
2.0380049798e+02	1.9306460132e+01	
2.0390067762e+02	1.8736075290e+01	
2.0400049553e+02	1.8737218829e+01	
2.0410057529e+02	1.8455499422e+01	
2.0420041258e+02	1.9358524077e+01	
2.0430005637e+02	2.0008347280e+01	
2.0440020413e+02	1.7629561070e+01	
2.0450013998e+02	1.8400089097e+01	
2.0460005581e+02	1.6896447496e+01	
2.0470023401e+02	1.8147085351e+01	
2.0480052332e+02	1.8739604173e+01	
2.0490027761e+02	1.8973703991e+01	
2.0500055784e+02	1.8808875040e+01	
2.0510023572e+02	1.8285187943e+01	
2.0520003698e+02	2.0853979892e+01	
2.0530056815e+02	2.1811363733e+01	
2.0540035266e+02	1.9681727312e+01	
2.0550000784e+02	2.1266707342e+01	
2.0560037709e+02	2.6836395211e+01	
2.0570053907e+02	2.3559444878e+01	
2.0580019058e+02	2.1390869375e+01	
2.0590005415e+02	1.8306968962e+01	
2.0600013432e+02	1.7075806758e+01	
2.0610016632e+02	1.6185727442e+01	
2.0620042656e+02	1.8766797989e+01	
2.0630009243e+02	2.2193755092e+01	
2.0640066411e+02	2.3914376980e+01	
2.0650008079e+02	2.3809658050e+01	
2.0660047162e+02	2.4136345106e+01	
2.0670028665e+02	2.2704271443e+01	
2.0680041276e+02	2.1593760286e+01	
2.0690014077e+02	1.7394696552e+01	
2.0700012960e+02	1.7815474370e+01	
2.0710044551e+02	1.7481543398e+01	
2.0720044307e+02	1.7356473272e+01	
2.0730017344e+02	1.9390478796e+01	
2.0740031976e+02	1.9772530817e+01	
2.0750014263e+02	2.0784978956e+01	
2.0760058022e+02	1.9953397670e+01	
2.0770049252e+02	2.3959380192e+01	
2.0780002904e+02	2.6838202603e+01	
2.0790065330e+02	2.5520639250e+01	
2.0800063504e+02	3.5668513813e+01	
2.0810007712e+02	3.7312451387e+01	
2.0820041211e+02	3.5828925157e+01	
2.0830013800e+02	3.3115615972e+01	
2.0840022855e+02	2.9593086784e+01	
2.0850027396e+02	2.8732197380e+01	
2.0860048049e+02	2.8190712396e+01	
2.0870013692e+02	2.9078495390e+01	
2.0880028695e+02	3.4625449187e+01	
2.0890032793e+02	2.7060783897e+01	
2.0900070514e+02	2.5986231175e+01	
2.0910051859e+02	2.3340202776e+01	
2.0920016351e+02	2.2743625871e+01	
2.0930031655e+02	2.1454729173e+01	
2.0940015237e+02	1.7712756535e+01	
2.0950036175e+02	1.6437933131e+01	
2.0960070997e+02	1.8221138309e+01	
2.0970051211e+02	2.0874106758e+01	
2.0980052667e+02	2.4553946436e+01	
2.0990069872e+02	2.9120569066e+01	
2.1000044282e+02	3.3482806204e+01	
2.1010055268e+02	4.0027654198e+01	
2.1020030833e+02	4.1082461526e+01	
2.1030018946e+02	4.7354336349e+01	
2.1040022153e+02	4.2128863170e+01	
2.1050032064e+02	4.1726960659e+01	
2.1060017741e+02	3.9572519271e+01	
2.1070037025e+02	3.0940001702e+01	
2.1080026240e+02	2.4588673220e+01	
2.1090002430e+02	2.5197784141e+01	
2.1100057806e+02	2.3691395068e+01	
2.1110006017e+02	2.3488228170e+01	
2.1120052144e+02	2.1997155535e+01	
2.1130066384e+02	2.0070481174e+01	
2.1140056394e+02	1.8990932327e+01	
2.1150030038e+02	1.7932398772e+01	
2.1160064077e+02	1.8203887523e+01	
2.1170024947e+02	2.1092248509e+01	
2.1180059181e+02	2.9373981473e+01	
2.1190062834e+02	2.8850161164e+01	
2.1200008659e+02	2.4174246213e+01	
2.1210045210e+02	2.7403226202e+01	
2.1220033329e+02	2.6505821691e+01	
2.1230034094e+02	2.4673923397e+01	
2.1240056600e+02	2.5129190585e+01	
2.1250026503e+02	2.2679429708e+01	
2.1260021889e+02	2.0586247975e+01	
2.1270048305e+02	1.9576892142e+01	
2.1280038985e+02	1.8539461609e+01	
2.1290036471e+02	1.7525882617e+01	
2.1300032773e+02	1.6414021614e+01	
2.1310032305e+02	1.6356977622e+01	
2.1320030379e+02	1.6068375113e+01	
2.1330029203e+02	1.6671000300e+01	
2.1340064840e+02	1.6516645827e+01	
2.1350061260e+02	1.7319288876e+01	
2.1360038573e+02	2.0528844548e+01	
2.1370001465e+02	1.9764113563e+01	
2.1380030871e+02	2.0237898478e+01	
2.1390006492e+02	2.3376302035e+01	
2.1400000701e+02	2.8052819632e+01	
2.1410037789e+02	2.7461931255e+01	
2.1420032975e+02	2.8440022735e+01	
2.1430038987e+02	2.7445749017e+01	
2.1440007486e+02	2.3777403503e+01	
2.1450013636e+02	2.7443314654e+01	
2.1460007270e+02	2.9099493202e+01	
2.1470050207e+02	2.7068824891e+01	
2.1480068287e+02	3.4050762473e+01	
2.1490016594e+02	2.6356249543e+01	
2.1500029150e+02	2.6288299235e+01	
2.1510012310e+02	3.0347785795e+01	
2.1520045442e+02	3.4210665777e+01	
2.1530062113e+02	3.0764713442e+01	
2.1540018713e+02	2.0576854440e+01	
2.1550008173e+02	2.0566045173e+01	
2.1560032852e+02	1.9073691932e+01	
2.1570022151e+02	1.7685728729e+01	
2.1580048316e+02	1.9547755884e+01	
2.1590041324e+02	2.3633141877e+01	
2.1600058085e+02	2.6487960599e+01	
2.1610022601e+02	2.6789623352e+01	
2.1620021621e+02	3.2075400157e+01	
2.1630031838e+02	3.4380835032e+01	
2.1640055199e+02	3.4710073271e+01	
2.1650032460e+02	3.4471129540e+01	
2.1660036200e+02	3.4092820405e+01	
2.1670036605e+02	3.3129778037e+01	
2.1680004404e+02	3.2007615299e+01	
2.1690054540e+02	3.0949143141e+01	
2.1700048701e+02	2.9993591600e+01	
2.1710036752e+02	2.8573648934e+01	
2.1720045013e+02	2.7046681203e+01	
2.1730014325e+02	2.2686143531e+01	
2.1740040209e+02	2.0747671059e+01	
2.1750054032e+02	2.3805620661e+01	
2.1760024485e+02	3.0046111512e+01	
2.1770038864e+02	3.1714548387e+01	
2.1780065250e+02	3.4666345415e+01	
2.1790009148e+02	3.4772403987e+01	
2.1800014151e+02	3.9086505264e+01	
2.1810008862e+02	3.7867320656e+01	
2.1820067893e+02	3.7056634599e+01	
2.1830030893e+02	3.6724551654e+01	
2.1840027474e+02	3.0230619200e+01	
2.1850007231e+02	3.0240434124e+01	
2.1860035454e+02	2.7974624667e+01	
2.1870025371e+02	2.4436380010e+01	
2.1880025148e+02	2.1952878172e+01	
2.1890029435e+02	2.1037421092e+01	
2.1900038639e+02	2.1909265689e+01	
2.1910005288e+02	2.1255838417e+01	
2.1920065180e+02	2.0645732328e+01	
2.1930010724e+02	2.0307324901e+01	
2.1940058327e+02	1.9970224356e+01	
2.1950046931e+02	1.9885543451e+01	
2.1960059241e+02	2.2179421248e+01	
2.1970010432e+02	2.5781547517e+01	
2.1980011148e+02	2.5721944827e+01	
2.1990064767e+02	3.0519352086e+01	
2.2000065776e+02	3.3875020849e+01	
2.2010002455e+02	3.5395365425e+01	
2.2020021995e+02	3.8070047698e+01	
2.2030030499e+02	4.1888792618e+01	
2.2040024872e+02	4.5285572012e+01	
2.2050014475e+02	4.6553391729e+01	
2.2060014422e+02	4.6813807659e+01	
2.2070047422e+02	4.6521633159e+01	
2.2080065636e+02	4.5082563211e+01	
2.2090020126e+02	3.8657656098e+01	
2.2100057142e+02	3.0454454304e+01	
2.2110057332e+02	2.2781612614e+01	
2.2120023769e+02	2.6580885674e+01	
2.2130055876e+02	3.2961516179e+01	
2.2140018619e+02	3.7118330413e+01	
2.2150032367e+02	2.4008026880e+01	
2.2160026489e+02	1.8448401960e+01	
2.2170034733e+02	1.5771031190e+01	
2.2180069644e+02	1.4291463765e+01	
2.2190064580e+02	1.5351500798e+01	
2.2200016914e+02	1.5807631029e+01	
2.2210048300e+02	1.5274554703e+01	
2.2220017850e+02	1.5119635869e+01	
2.2230002429e+02	1.4651136033e+01	
2.2240005729e+02	1.3372074557e+01	
2.2250013685e+02	1.4137501848e+01	
2.2260029876e+02	1.3464019503e+01	
2.2270039086e+02	1.3693919679e+01	
2.2280048811e+02	1.3571420789e+01	
2.2290002098e+02	1.4702896431e+01	
2.2300052351e+02	1.4285079119e+01	
2.2310017068e+02	1.3821478235e+01	
2.2320053304e+02	1.3629252145e+01	
2.2330044213e+02	1.3940633003e+01	
2.2340004647e+02	1.5097804847e+01	
2.2350066848e+02	1.6381726852e+01	
2.2360009475e+02	1.8407319666e+01	
2.2370048754e+02	2.2598738173e+01	
2.2380064731e+02	2.5136752526e+01	
2.2390046876e+02	2.6776698154e+01	
2.2400057944e+02	2.6842487142e+01	
2.2410035189e+02	2.7313258221e+01	
2.2420058096e+02	2.8403194643e+01	
2.2430067371e+02	3.0807596087e+01	
2.2440002271e+02	2.9033021982e+01	
2.2450011901e+02	2.5031659678e+01	
2.2460025104e+02	2.5243680672e+01	
2.2470043266e+02	2.7077806908e+01	
2.2480032780e+02	2.3065896375e+01	
2.2490015180e+02	2.3578949404e+01	
2.2500052636e+02	2.3474312065e+01	
2.2510039134e+02	2.3116936285e+01	
2.2520022068e+02	2.2376077014e+01	
2.2530070104e+02	2.1827473078e+01	
2.2540050950e+02	2.1953065740e+01	
2.2550046261e+02	2.1425499239e+01	
2.2560063419e+02	2.3842390012e+01	
2.2570023475e+02	2.2592209334e+01	
2.2580004642e+02	2.4002562315e+01	
2.2590022044e+02	2.5906220617e+01	
2.2600023209e+02	2.8031223100e+01	
2.2610007874e+02	2.9052625692e+01	
2.2620034434e+02	3.7391751816e+01	
2.2630024554e+02	4.2077570870e+01	
2.2640004817e+02	3.9802831220e+01	
2.2650037612e+02	3.2105810473e+01	
2.2660044067e+02	2.4601141393e+01	
2.2670062668e+02	2.4357813880e+01	
2.2680064594e+02	2.6848155721e+01	
2.2690035911e+02	3.0817999558e+01	
2.2700044339e+02	3.1112936999e+01	
2.2710032335e+02	3.2899527450e+01	
2.2720053919e+02	3.2415382904e+01	
2.2730040531e+02	3.0963093764e+01	
2.2740011987e+02	3.0758187297e+01	
2.2750066808e+02	2.9817139613e+01	
2.2760009936e+02	3.0061399085e+01	
2.2770056065e+02	2.6761513163e+01	
2.2780018965e+02	2.0662413961e+01	
2.2790060726e+02	2.5179479933e+01	
2.2800027083e+02	1.7833899131e+01	
2.2810060168e+02	1.7340847198e+01	
2.2820000752e+02	2.1451733472e+01	
2.2830048235e+02	2.2020989470e+01	
2.2840062378e+02	2.0667161440e+01	
2.2850027825e+02	1.8758824882e+01	
2.2860050012e+02	2.1012211665e+01	
2.2870064219e+02	2.5502847768e+01	
2.2880062796e+02	3.0345792319e+01	
2.2890038770e+02	3.3111389586e+01	
2.2900022471e+02	3.4550134277e+01	
2.2910043528e+02	3.5252710062e+01	
2.2920035307e+02	3.5435457278e+01	
2.2930063453e+02	3.5118265135e+01	
2.2940056548e+02	3.4467678424e+01	
2.2950064411e+02	3.8774120462e+01	
2.2960044035e+02	3.9892996928e+01	
2.2970023602e+02	3.5885574142e+01	
2.2980012105e+02	3.0708462406e+01	
2.2990058529e+02	2.8626394759e+01	
2.3000001112e+02	2.6778840883e+01	
2.3010059292e+02	2.4861087494e+01	
2.3020041167e+02	2.3218958997e+01	
2.3030009364e+02	2.1986774377e+01	
2.3040023366e+02	2.1459702246e+01	
2.3050051855e+02	2.4286529620e+01	
2.3060025822e+02	2.8478929267e+01	
2.3070021874e+02	3.4531132998e+01	
2.3080009070e+02	4.0941887462e+01	
2.3090037608e+02	4.5136291715e+01	
2.3100029046e+02	4.5949974783e+01	
2.3110036524e+02	4.5888627542e+01	
2.3120022082e+02	4.5545649573e+01	
2.3130007617e+02	4.5374992731e+01	
2.3140001794e+02	4.5194710671e+01	
2.3150003224e+02	4.4960478129e+01	
2.3160068503e+02	4.4687842999e+01	
2.3170038285e+02	4.3955345030e+01	
2.3180065457e+02	4.2778269479e+01	
2.3190067452e+02	4.0920011393e+01	
2.3200048998e+02	3.8514691070e+01	
2.3210018323e+02	3.5819736516e+01	
2.3220068540e+02	3.4054562197e+01	
2.3230013930e+02	3.3262397912e+01	
2.3240056202e+02	3.2986547161e+01	
2.3250001102e+02	3.2858515627e+01	
2.3260037429e+02	3.2961600263e+01	
2.3270008466e+02	3.3071092329e+01	
2.3280052919e+02	3.1683152602e+01	
2.3290030610e+02	2.9763454696e+01	
2.3300026450e+02	2.7582787366e+01	
2.3310048511e+02	2.5682793978e+01	
2.3320046877e+02	2.4113995576e+01	
2.3330033224e+02	2.2190901942e+01	
2.3340019861e+02	2.3478100218e+01	
2.3350052811e+02	2.5091958939e+01	
2.3360048421e+02	2.3208089714e+01	
2.3370048012e+02	2.4920934808e+01	
2.3380044262e+02	2.7521448582e+01	
2.3390003797e+02	3.3518986617e+01	
2.3400035001e+02	3.1665721213e+01	
2.3410008354e+02	2.3908968262e+01	
2.3420057484e+02	2.3861106708e+01	
2.3430052797e+02	2.3265541763e+01	
2.3440042540e+02	2.2428827485e+01	
2.3450070920e+02	1.9943307742e+01	
2.3460002055e+02	1.8810623479e+01	
2.3470057908e+02	1.6975994751e+01	
2.3480031711e+02	1.5673041133e+01	
2.3490044046e+02	1.5198381325e+01	
2.3500044926e+02	1.8867267207e+01	
2.3510057227e+02	2.2092104226e+01	
2.3520023135e+02	2.2670321849e+01	
2.3530018488e+02	2.0892325982e+01	
2.3540000413e+02	1.8345913499e+01	
2.3550049514e+02	2.1178674934e+01	
2.3560064761e+02	2.4413537210e+01	
2.3570047185e+02	2.5999667606e+01	
2.3580066145e+02	2.6414670290e+01	
2.3590061549e+02	2.6755387243e+01	
2.3600017938e+02	2.7644149269e+01	
2.3610033347e+02	3.0708698714e+01	
2.3620001524e+02	3.4736424586e+01	
2.3630037965e+02	3.5729683658e+01	
2.3640010893e+02	3.4688304767e+01	
2.3650021345e+02	4.0026729562e+01	
2.3660064790e+02	4.4373016732e+01	
2.3670056380e+02	4.7404424185e+01	
2.3680049486e+02	4.9180829157e+01	
2.3690040560e+02	4.9622938382e+01	
2.3700044213e+02	4.6686090747e+01	
2.3710049056e+02	3.8645768710e+01	
2.3720046053e+02	3.6184318949e+01	
2.3730043818e+02	2.4447396873e+01	
2.3740046440e+02	1.9103067072e+01	
2.3750013672e+02	2.0006866471e+01	
2.3760016563e+02	1.7556701295e+01	
2.3770053852e+02	1.6885981125e+01	
2.3780055025e+02	1.6549125925e+01	
2.3790021167e+02	1.5566733768e+01	
2.3800056958e+02	1.6561155175e+01	
2.3810017072e+02	1.7342066216e+01	
2.3820066955e+02	1.9619336801e+01	
2.3830005046e+02	2.6191980207e+01	
2.3840013446e+02	3.0863932938e+01	
2.3850048856e+02	3.8739065732e+01	
2.3860066075e+02	4.5181583637e+01	
2.3870014794e+02	4.7236192075e+01	
2.3880053442e+02	4.4348953305e+01	
2.3890019243e+02	3.9147445556e+01	
2.3900042061e+02	3.8719430735e+01	
2.3910058976e+02	3.6146012102e+01	
2.3920043310e+02	2.8942819280e+01	
2.3930017117e+02	2.6900689494e+01	
2.3940063249e+02	3.1784380273e+01	
2.3950051265e+02	3.3175267099e+01	
2.3960057637e+02	3.3389084756e+01	
2.3970006437e+02	3.5161717854e+01	
2.3980013083e+02	3.5463768513e+01	
2.3990017924e+02	3.8379851732e+01	
2.4000053000e+02	4.0086494438e+01	
2.4010007344e+02	4.1490034325e+01	
2.4020051958e+02	3.9421149225e+01	
2.4030053179e+02	3.7125143375e+01	
2.4040005879e+02	3.0948561369e+01	
2.4050010167e+02	2.6746172406e+01	
2.4060005992e+02	2.4670980790e+01	
2.4070019437e+02	2.0957794719e+01	
2.4080055038e+02	2.1062826517e+01	
2.4090044856e+02	2.0154882778e+01	
2.4100049739e+02	1.9985786874e+01	
2.4110037123e+02	1.9251119906e+01	
2.4120052541e+02	2.0905930062e+01	
2.4130036406e+02	2.3662174481e+01	
2.4140024925e+02	2.5343094623e+01	
2.4150006241e+02	2.6155017966e+01	
2.4160006659e+02	2.6094360934e+01	
2.4170032107e+02	2.8893026016e+01	
2.4180019395e+02	3.2471458734e+01	
2.4190008351e+02	3.6895704165e+01	
2.4200004671e+02	2.9491965781e+01	
2.4210018290e+02	2.6784783931e+01	
2.4220026266e+02	2.2904285519e+01	
2.4230040170e+02	1.7654150063e+01	
2.4240000322e+02	1.8787440997e+01	
2.4250049833e+02	2.2273163989e+01	
2.4260051697e+02	2.4907585056e+01	
2.4270024525e+02	2.4431252184e+01	
2.4280043224e+02	2.4426194715e+01	
2.4290008558e+02	2.6096064317e+01	
2.4300028261e+02	2.5931698308e+01	
2.4310048233e+02	2.6660607377e+01	
2.4320006216e+02	2.5590271667e+01	
2.4330056636e+02	2.6645842356e+01	
2.4340002119e+02	4.0264355497e+01	
2.4350010486e+02	3.0045223756e+01	
2.4360001461e+02	2.4374266750e+01	
2.4370052942e+02	2.2505173839e+01	
2.4380023713e+02	2.4715524417e+01	
2.4390054193e+02	2.8762962278e+01	
2.4400068008e+02	3.5411912281e+01	
2.4410062489e+02	4.2679716836e+01	
2.4420028483e+02	4.3669057250e+01	
2.4430066254e+02	4.1219242244e+01	
2.4440018864e+02	5.0531389660e+01	
2.4450008549e+02	4.4072566264e+01	
2.4460062522e+02	3.1261517100e+01	
2.4470053668e+02	3.3679079837e+01	
2.4480050113e+02	3.5414008379e+01	
2.4490049142e+02	3.7066745307e+01	
2.4500017118e+02	3.9049685792e+01	
2.4510000029e+02	4.1274623978e+01	
2.4520044007e+02	4.3593064761e+01	
2.4530057412e+02	4.5335829400e+01	
2.4540050087e+02	4.6567634811e+01	
2.4550026411e+02	4.7130466344e+01	
2.4560041953e+02	4.6099203130e+01	
2.4570039483e+02	4.4859454164e+01	
2.4580018432e+02	4.4720762948e+01	
2.4590024181e+02	4.1667927861e+01	
2.4600064131e+02	3.7220784036e+01	
2.4610017207e+02	3.0157268337e+01	
2.4620038694e+02	2.8867339496e+01	
2.4630068583e+02	2.9257283306e+01	
2.4640025255e+02	2.9322056293e+01	
2.4650033874e+02	2.8834860392e+01	
2.4660029331e+02	3.3969138541e+01	
2.4670007397e+02	3.1737173683e+01	
2.4680028634e+02	2.9663517048e+01	
2.4690070985e+02	3.1768955550e+01	
2.4700063868e+02	3.2211541615e+01	
2.4710010844e+02	3.1083770813e+01	
2.4720056352e+02	2.8708567976e+01	
2.4730061126e+02	2.8430958697e+01	
2.4740019808e+02	2.6945809465e+01	
2.4750065856e+02	2.4275153072e+01	
2.4760011110e+02	2.1969445462e+01	
2.4770036506e+02	2.4119319397e+01	
2.4780042007e+02	2.5774875789e+01	
2.4790044210e+02	2.4960882904e+01	
2.4800015072e+02	2.5344012435e+01	
2.4810029883e+02	2.4114838011e+01	
2.4820003788e+02	2.7460891649e+01	
2.4830009166e+02	2.7471368878e+01	
2.4840048131e+02	2.5592501189e+01	
2.4850006759e+02	3.5792164265e+01	
2.4860036949e+02	4.6827940389e+01	
2.4870031020e+02	6.7711075723e+01	
2.4880012546e+02	8.4239345049e+01	
2.4890017409e+02	9.3668590591e+01	
2.4900051676e+02	9.9109308922e+01	
2.4910047954e+02	1.0213117690e+02	
2.4920052571e+02	1.0669055798e+02	
2.4930036445e+02	1.1136097607e+02	
2.4940065811e+02	1.0034467211e+02	
2.4950028641e+02	8.2945318082e+01	
2.4960013609e+02	6.5316955131e+01	
2.4970010431e+02	6.3029219570e+01	
2.4980043110e+02	5.6685960681e+01	
2.4990032161e+02	5.4488021623e+01	
2.5000041553e+02	6.1521305713e+01	
2.5010062170e+02	7.0859619657e+01	
2.5020034776e+02	7.5739402367e+01	
2.5030023615e+02	9.5659061070e+01	
2.5040011056e+02	1.1171722643e+02	
2.5050062017e+02	1.1385290956e+02	
2.5060046640e+02	1.5138389721e+02	
2.5070037277e+02	2.3785967416e+02	
2.5080059373e+02	2.7756653960e+02	
2.5090001913e+02	2.9625187023e+02	
2.5100019450e+02	2.9176221380e+02	
2.5110018785e+02	2.6359349477e+02	
2.5120032548e+02	2.2745621609e+02	
2.5130041661e+02	1.9031527748e+02	
2.5140056174e+02	1.5764361687e+02	
2.5150031683e+02	1.3225810282e+02	
2.5160048813e+02	1.1397188839e+02	
2.5170057643e+02	1.0180866321e+02	
2.5180016450e+02	9.4663966476e+01	
2.5190028590e+02	8.8355907870e+01	
2.5200039278e+02	8.1362463077e+01	
2.5210045332e+02	7.4744950828e+01	
2.5220047443e+02	6.7720988343e+01	
2.5230028906e+02	5.9723902337e+01	
2.5240067312e+02	5.0443271555e+01	
2.5250047049e+02	4.6106371456e+01	
2.5260052615e+02	4.2264605500e+01	
2.5270022847e+02	4.2602946915e+01	
2.5280027391e+02	4.7012722541e+01	
2.5290027742e+02	4.7259277918e+01	
2.5300071141e+02	2.9995167980e+01	
2.5310032587e+02	2.8286487691e+01	
2.5320028179e+02	2.8793453474e+01	
2.5330062980e+02	2.8744249291e+01	
2.5340057613e+02	2.9583356492e+01	
2.5350025791e+02	3.0227949762e+01	
2.5360008356e+02	3.2633508690e+01	
2.5370014202e+02	3.1082165978e+01	
2.5380056661e+02	3.0061966776e+01	
2.5390021392e+02	2.6629178973e+01	
2.5400008009e+02	2.4731071535e+01	
2.5410045024e+02	2.3102870080e+01	
2.5420023117e+02	2.1916401101e+01	
2.5430024999e+02	2.0008050759e+01	
2.5440049510e+02	2.0222789294e+01	
2.5450017538e+02	2.0037088646e+01	
2.5460040276e+02	2.0841361932e+01	
2.5470058405e+02	1.9466535888e+01	
2.5480018288e+02	2.1684314057e+01	
2.5490055978e+02	2.4749077930e+01	
2.5500019127e+02	2.8414730939e+01	
2.5510035770e+02	2.6431778737e+01	
2.5520041391e+02	2.3254382077e+01	
2.5530047052e+02	2.2471297895e+01	
2.5540045016e+02	2.2024985461e+01	
2.5550043279e+02	3.0966682610e+01	
2.5560048643e+02	3.8465976283e+01	
2.5570059997e+02	3.5418220238e+01	
2.5580000764e+02	3.5370789319e+01	
2.5590006317e+02	3.1850513274e+01	
2.5600050486e+02	2.7709590549e+01	
2.5610068314e+02	2.6109451096e+01	
2.5620066959e+02	2.4070952721e+01	
2.5630035077e+02	2.3831958971e+01	
2.5640058572e+02	2.7777773759e+01	
2.5650010146e+02	3.0380925025e+01	
2.5660045038e+02	3.2863865705e+01	
2.5670019685e+02	3.4156962661e+01	
2.5680037256e+02	3.6051825529e+01	
2.5690042345e+02	3.5853371836e+01	
2.5700027130e+02	4.1279584021e+01	
2.5710009140e+02	6.1465726574e+01	
2.5720010423e+02	9.8609367449e+01	
2.5730052562e+02	1.1677604012e+02	
2.5740010732e+02	1.2472182586e+02	
2.5750008456e+02	1.2735390102e+02	
2.5760013828e+02	1.2574949954e+02	
2.5770052813e+02	1.1948718921e+02	
2.5780023856e+02	1.1450876934e+02	
2.5790041480e+02	1.1866325607e+02	
2.5800027483e+02	1.2126499082e+02	
2.5810065392e+02	1.2312213600e+02	
2.5820052275e+02	1.2465353113e+02	
2.5830047090e+02	1.2349104410e+02	
2.5840066580e+02	9.5788076431e+01	
2.5850063019e+02	6.7858609791e+01	
2.5860054180e+02	4.8633395992e+01	
2.5870063501e+02	4.0575103987e+01	
2.5880043341e+02	4.5147138626e+01	
2.5890006774e+02	4.6163194262e+01	
2.5900032743e+02	4.5374031785e+01	
2.5910032109e+02	4.4319821538e+01	
2.5920065626e+02	4.5334705531e+01	
2.5930024556e+02	4.6519303806e+01	
2.5940007251e+02	4.7554489050e+01	
2.5950026208e+02	5.0901009735e+01	
2.5960021223e+02	6.0582076834e+01	
2.5970040230e+02	6.0259896869e+01	
2.5980007502e+02	6.0079578894e+01	
2.5990069264e+02	6.0690680215e+01	
2.6000056303e+02	5.7914598030e+01	
2.6010059810e+02	5.7842506513e+01	
2.6020047006e+02	6.0528443811e+01	
2.6030059910e+02	6.3268816416e+01	
2.6040011362e+02	6.1929396282e+01	
2.6050039336e+02	5.9561545892e+01	
2.6060044163e+02	5.8019209469e+01	
2.6070031932e+02	5.4072473563e+01	
2.6080006876e+02	5.3971190017e+01	
2.6090007515e+02	5.2463640560e+01	
2.6100039012e+02	4.7287508738e+01	
2.6110050881e+02	4.7586284151e+01	
2.6120060547e+02	4.7574090575e+01	
2.6130001690e+02	5.3362348828e+01	
2.6140031624e+02	4.9308795783e+01	
2.6150060231e+02	5.3139873936e+01	
2.6160034220e+02	5.7975953271e+01	
2.6170023549e+02	6.3680277972e+01	
2.6180047077e+02	8.5670864811e+01	
2.6190052818e+02	8.0070926269e+01	
2.6200055860e+02	7.8282149974e+01	
2.6210068580e+02	6.2319558279e+01	
2.6220025938e+02	5.0801891007e+01	
2.6230031477e+02	4.6365327547e+01	
2.6240006271e+02	4.2841174173e+01	
2.6250029045e+02	3.8543173253e+01	
2.6260006007e+02	3.6184122944e+01	
2.6270029598e+02	3.4966526552e+01	
2.6280002542e+02	3.3543231414e+01	
2.6290066460e+02	3.6378915805e+01	
2.6300004149e+02	4.2233184481e+01	
2.6310008924e+02	4.6351110389e+01	
2.6320063259e+02	5.3070913119e+01	
2.6330054100e+02	5.6980252824e+01	
2.6340005484e+02	5.7348894748e+01	
2.6350001237e+02	5.6955457931e+01	
2.6360022624e+02	5.5832809119e+01	
2.6370044387e+02	5.9740338297e+01	
2.6380032644e+02	6.4534486429e+01	
2.6390047672e+02	6.7134352698e+01	
2.6400044465e+02	7.0063840784e+01	
2.6410058092e+02	7.1272023547e+01	
2.6420062010e+02	6.3737220338e+01	
2.6430010651e+02	7.6109362706e+01	
2.6440020265e+02	7.1232250217e+01	
2.6450025580e+02	6.3512079126e+01	
2.6460048641e+02	6.4674565427e+01	
2.6470041125e+02	7.0840119242e+01	
2.6480018991e+02	6.0753427331e+01	
2.6490043721e+02	5.6927178079e+01	
2.6500042579e+02	5.3394564311e+01	
2.6510006000e+02	4.6730265530e+01	
2.6520023308e+02	4.4738513958e+01	
2.6530041659e+02	4.2879773264e+01	
2.6540010265e+02	3.3572020124e+01	
2.6550064988e+02	3.6316981785e+01	
2.6560064984e+02	3.3371798626e+01	
2.6570015481e+02	2.5349509403e+01	
2.6580020617e+02	2.6999658909e+01	
2.6590070304e+02	3.1577351533e+01	
2.6600002036e+02	2.7818828048e+01	
2.6610002321e+02	3.4043816762e+01	
2.6620058101e+02	3.8906642560e+01	
2.6630064504e+02	3.0903676423e+01	
2.6640037617e+02	3.5822934411e+01	
2.6650025657e+02	3.6874895152e+01	
2.6660029861e+02	2.9637772875e+01	
2.6670017168e+02	3.1514653596e+01	
2.6680046921e+02	3.3826967906e+01	
2.6690024268e+02	3.8606840768e+01	
2.6700027985e+02	4.1520530548e+01	
2.6710012414e+02	4.3817679179e+01	
2.6720025865e+02	4.6042125978e+01	
2.6730016490e+02	4.7720810374e+01	
2.6740000843e+02	5.3182861805e+01	
2.6750060690e+02	5.8426298120e+01	
2.6760003422e+02	5.7247018854e+01	
2.6770036992e+02	5.4363604992e+01	
2.6780037993e+02	5.2608129953e+01	
2.6790022052e+02	4.9400536720e+01	
2.6800007389e+02	4.9366292903e+01	
2.6810010506e+02	4.8250837424e+01	
2.6820043529e+02	3.8623363944e+01	
2.6830029706e+02	5.2774957443e+01	
2.6840010369e+02	3.9850678479e+01	
2.6850061427e+02	3.0115290230e+01	
2.6860045502e+02	3.3882395617e+01	
2.6870016309e+02	5.2646673601e+01	
2.6880041544e+02	4.3076985425e+01	
2.6890044473e+02	4.0279039924e+01	
2.6900029189e+02	3.2392625218e+01	
2.6910069974e+02	2.6879306928e+01	
2.6920003935e+02	2.7265268798e+01	
2.6930008944e+02	2.8246586148e+01	
2.6940046037e+02	3.4703656962e+01	
2.6950046773e+02	3.3874838713e+01	
2.6960062529e+02	3.0839017494e+01	
2.6970001604e+02	3.0783473162e+01	
2.6980013662e+02	3.2473865479e+01	
2.6990000071e+02	3.1645027560e+01	
2.7000054160e+02	3.2753820705e+01	
2.7010016531e+02	2.9512290239e+01	
2.7020025227e+02	2.8049181859e+01	
2.7030023353e+02	2.6136293774e+01	
2.7040007296e+02	2.6000923403e+01	
2.7050028014e+02	2.6108342954e+01	
2.7060049641e+02	2.5826556678e+01	
2.7070030654e+02	2.7177000458e+01	
2.7080006594e+02	2.8124005588e+01	
2.7090041894e+02	2.9218611548e+01	
2.7100045939e+02	3.3880860857e+01	
2.7110007669e+02	3.6953018877e+01	
2.7120061020e+02	2.8587786104e+01	
2.7130010382e+02	2.9938986613e+01	
2.7140011470e+02	3.0922227251e+01	
2.7150018661e+02	3.5647099239e+01	
2.7160056689e+02	3.7707512333e+01	
2.7170005479e+02	4.2364778347e+01	
2.7180037933e+02	3.8593689239e+01	
2.7190069650e+02	3.2283388314e+01	
2.7200025474e+02	2.6848871534e+01	
2.7210044059e+02	3.1213136766e+01	
2.7220071295e+02	3.6112086106e+01	
2.7230022404e+02	3.9055144662e+01	
2.7240041353e+02	4.2865739108e+01	
2.7250062077e+02	4.5155974877e+01	
2.7260025771e+02	4.6207301944e+01	
2.7270016642e+02	4.5794317448e+01	
2.7280048951e+02	4.6367965121e+01	
2.7290051512e+02	5.5089991000e+01	
2.7300015394e+02	6.3125188877e+01	
2.7310023586e+02	5.9279358169e+01	
2.7320030521e+02	5.4612641064e+01	
2.7330001207e+02	5.9564360907e+01	
2.7340042066e+02	8.1946312332e+01	
2.7350056668e+02	7.6035272353e+01	
2.7360064513e+02	7.1061917047e+01	
2.7370044612e+02	6.5579949617e+01	
2.7380022730e+02	5.4216644753e+01	
2.7390010211e+02	4.4564809002e+01	
2.7400016727e+02	4.0225937824e+01	
2.7410048523e+02	3.6670662996e+01	
2.7420051611e+02	4.1066462466e+01	
2.7430015038e+02	4.0703259208e+01	
2.7440004189e+02	4.5226438162e+01	
2.7450031896e+02	5.1359892153e+01	
2.7460040068e+02	5.7687054868e+01	
2.7470038477e+02	5.0402588518e+01	
2.7480036669e+02	4.2734469926e+01	
2.7490043054e+02	3.9449845210e+01	
2.7500064454e+02	3.7096521685e+01	
2.7510049002e+02	3.5163602962e+01	
2.7520057741e+02	3.3682041073e+01	
2.7530021425e+02	3.2270541892e+01	
2.7540020694e+02	3.6224065487e+01	
2.7550050674e+02	4.0278452828e+01	
2.7560025438e+02	4.9474233964e+01	
2.7570025594e+02	6.5923768999e+01	
2.7580043183e+02	7.5665350979e+01	
2.7590027714e+02	7.7650908162e+01	
2.7600000054e+02	7.7942899033e+01	
2.7610049803e+02	8.6261662712e+01	
2.7620033658e+02	8.9358376307e+01	
2.7630060965e+02	8.6963311035e+01	
2.7640046737e+02	8.1926378766e+01	
2.7650062434e+02	7.5906230986e+01	
2.7660011260e+02	6.9589418531e+01	
2.7670056173e+02	6.3451999913e+01	
2.7680050769e+02	5.8132580196e+01	
2.7690052347e+02	5.4187324190e+01	
2.7700003167e+02	5.1564075563e+01	
2.7710054741e+02	5.0226151388e+01	
2.7720066053e+02	5.0361063424e+01	
2.7730036431e+02	5.1289381279e+01	
2.7740027380e+02	5.1932919278e+01	
2.7750045535e+02	5.0990515532e+01	
2.7760031701e+02	4.8219196427e+01	
2.7770056169e+02	5.4832635032e+01	
2.7780056694e+02	4.0410662274e+01	
2.7790055678e+02	3.7233959856e+01	
2.7800026424e+02	3.7862377034e+01	
2.7810064756e+02	3.9361062309e+01	
2.7820019404e+02	3.8411606366e+01	
2.7830010601e+02	4.3567563304e+01	
2.7840022324e+02	3.7439323515e+01	
2.7850009816e+02	3.4227995042e+01	
2.7860039425e+02	2.9669781048e+01	
2.7870054126e+02	2.6082957787e+01	
2.7880003487e+02	2.6544469537e+01	
2.7890066966e+02	3.0036434578e+01	
2.7900024415e+02	3.1631918459e+01	
2.7910046133e+02	3.8211052243e+01	
2.7920008238e+02	6.7977793336e+01	
2.7930018974e+02	8.5782809829e+01	
2.7940040395e+02	7.6761047523e+01	
2.7950055418e+02	8.2066258354e+01	
2.7960049936e+02	8.4743589774e+01	
2.7970001076e+02	8.5107468495e+01	
2.7980005392e+02	8.3826342513e+01	
2.7990007770e+02	8.0424516038e+01	
2.8000013580e+02	7.0178756476e+01	
2.8010014867e+02	4.9842686661e+01	
2.8020024902e+02	4.3556043105e+01	
2.8030015805e+02	3.6831873514e+01	
2.8040007943e+02	3.1265908938e+01	
2.8050044830e+02	3.8512176706e+01	
2.8060009645e+02	3.4859807304e+01	
2.8070047497e+02	3.4049281258e+01	
2.8080039501e+02	3.1494771591e+01	
2.8090054562e+02	3.8456932554e+01	
2.8100023312e+02	3.5342416597e+01	
2.8110028834e+02	3.7440810820e+01	
2.8120064425e+02	3.5915952098e+01	
2.8130015948e+02	3.6225197879e+01	
2.8140064316e+02	4.9465395055e+01	
2.8150011874e+02	4.6493109067e+01	
2.8160048428e+02	4.4980378485e+01	
2.8170028530e+02	4.7160499074e+01	
2.8180028892e+02	4.3023409284e+01	
2.8190004592e+02	4.0078624083e+01	
2.8200056455e+02	3.5893067956e+01	
2.8210038175e+02	3.4697303547e+01	
2.8220059773e+02	3.9202637989e+01	
2.8230025995e+02	4.2084968955e+01	
2.8240018863e+02	4.6066502068e+01	
2.8250038317e+02	5.1562875487e+01	
2.8260018541e+02	5.1047000249e+01	
2.8270055662e+02	4.7712826321e+01	
2.8280000018e+02	5.2420625184e+01	
2.8290025116e+02	5.9572301669e+01	
2.8300042847e+02	6.6046610855e+01	
2.8310037503e+02	7.0346301557e+01	
2.8320039957e+02	6.6815144181e+01	
2.8330008541e+02	6.3141391694e+01	
2.8340037747e+02	7.1591704170e+01	
2.8350037517e+02	7.0112820506e+01	
2.8360030554e+02	7.1334799052e+01	
2.8370033863e+02	7.0095018163e+01	
2.8380024469e+02	6.9816389976e+01	
2.8390059017e+02	6.7095053421e+01	
2.8400011651e+02	6.2705415345e+01	
2.8410039394e+02	5.5241157978e+01	
2.8420055863e+02	5.8941670123e+01	
2.8430044798e+02	3.9331416157e+01	
2.8440030949e+02	3.3370779301e+01	
2.8450008794e+02	2.8120349991e+01	
2.8460028533e+02	2.4324359346e+01	
2.8470015869e+02	2.3360998873e+01	
2.8480054135e+02	2.8154583438e+01	
2.8490001078e+02	3.0841648601e+01	
2.8500039822e+02	3.3146439217e+01	
2.8510003795e+02	3.3319853668e+01	
2.8520032181e+02	3.1926695138e+01	
2.8530002879e+02	3.0874733687e+01	
2.8540004258e+02	2.9134059501e+01	
2.8550038318e+02	2.7019396274e+01	
2.8560060244e+02	2.6824962074e+01	
2.8570017028e+02	2.9216386054e+01	
2.8580005160e+02	4.4783253855e+01	
2.8590010192e+02	5.2021961219e+01	
2.8600027553e+02	5.1640830302e+01	
2.8610056995e+02	5.5008301642e+01	
2.8620038190e+02	5.7832576949e+01	
2.8630000419e+02	5.4968290106e+01	
2.8640032754e+02	4.9469838536e+01	
2.8650005578e+02	4.9574368366e+01	
2.8660061705e+02	4.4092644286e+01	
2.8670031744e+02	4.1815066216e+01	
2.8680063471e+02	4.6856552453e+01	
2.8690041373e+02	4.9680231740e+01	
2.8700057370e+02	5.1410711896e+01	
2.8710011813e+02	5.5749672918e+01	
2.8720048310e+02	5.1261404410e+01	
2.8730060417e+02	4.7887823891e+01	
2.8740052265e+02	4.5578230310e+01	
2.8750007113e+02	4.4365136433e+01	
2.8760012373e+02	4.3472526407e+01	
2.8770011199e+02	4.2920686833e+01	
2.8780005496e+02	4.2195821188e+01	
2.8790011862e+02	4.0724937960e+01	
2.8800004771e+02	5.2179698650e+01	
2.8810054881e+02	8.2818119627e+01	
2.8820045831e+02	9.7151929127e+01	
2.8830003156e+02	1.0405218906e+02	
2.8840025869e+02	1.0651584778e+02	
2.8850052696e+02	1.0121543492e+02	
2.8860040866e+02	9.6918780993e+01	
2.8870049246e+02	8.9831571936e+01	
2.8880008066e+02	7.9185523440e+01	
2.8890064131e+02	7.2785146782e+01	
2.8900008607e+02	6.0283607647e+01	
2.8910016876e+02	5.8632070775e+01	
2.8920058056e+02	5.0240179378e+01	
2.8930044751e+02	4.5563139405e+01	
2.8940038305e+02	4.0810093915e+01	
2.8950007543e+02	5.1090684526e+01	
2.8960057749e+02	6.2055056624e+01	
2.8970004084e+02	6.1118287094e+01	
2.8980054623e+02	7.3555192638e+01	
2.8990059093e+02	6.9784436978e+01	
2.9000054966e+02	7.1441828660e+01	
2.9010030736e+02	7.8656396509e+01	
2.9020042886e+02	7.3591562684e+01	
2.9030026145e+02	7.2372553252e+01	
2.9040006670e+02	6.0922642989e+01	
2.9050028225e+02	5.0020265331e+01	
2.9060068610e+02	4.3633028592e+01	
2.9070038244e+02	4.1167448242e+01	
2.9080038827e+02	3.7489876373e+01	
2.9090042817e+02	3.1490661318e+01	
2.9100059603e+02	3.7272617204e+01	
2.9110012156e+02	4.5302456489e+01	
2.9120049513e+02	4.8810238578e+01	
2.9130027727e+02	5.2949741434e+01	
2.9140035548e+02	5.8786418007e+01	
2.9150005829e+02	6.0726716812e+01	
2.9160035785e+02	5.8110709018e+01	
2.9170001021e+02	4.9285619979e+01	
2.9180060158e+02	5.1889457215e+01	
2.9190002297e+02	4.8338898091e+01	
2.9200050002e+02	4.5989447841e+01	
2.9210044390e+02	4.5249760334e+01	
2.9220065041e+02	4.4660986429e+01	
2.9230044182e+02	4.6885246210e+01	
2.9240010414e+02	7.4776723560e+01	
2.9250060304e+02	7.0926756836e+01	
2.9260030607e+02	6.2991510800e+01	
2.9270007161e+02	5.9503558104e+01	
2.9280001562e+02	5.5840522588e+01	
2.9290001657e+02	4.9100393052e+01	
2.9300018781e+02	4.7104345298e+01	
2.9310067142e+02	4.4668714374e+01	
2.9320032985e+02	4.2904891522e+01	
2.9330008783e+02	3.5842360319e+01	
2.9340050105e+02	3.2530666754e+01	
2.9350002209e+02	3.0817397274e+01	
2.9360009512e+02	2.9147035936e+01	
2.9370013524e+02	2.7680022906e+01	
2.9380024670e+02	2.6556335250e+01	
2.9390052172e+02	2.6044853688e+01	
2.9400065806e+02	2.6002410578e+01	
2.9410027274e+02	2.7386050796e+01	
2.9420021547e+02	2.9598607207e+01	
2.9430060529e+02	3.2788792673e+01	
2.9440008906e+02	3.6581819166e+01	
2.9450051035e+02	4.0862676773e+01	
2.9460050539e+02	4.4029736250e+01	
2.9470012416e+02	4.8126423572e+01	
2.9480064132e+02	5.6760300112e+01	
2.9490068161e+02	6.2893020618e+01	
2.9500030967e+02	6.2362375803e+01	
2.9510064002e+02	5.6832996238e+01	
2.9520031794e+02	5.3855043633e+01	
2.9530040640e+02	4.9179931587e+01	
2.9540056446e+02	5.5168861799e+01	
2.9550045306e+02	1.0884871535e+02	
2.9560044907e+02	1.1076521806e+02	
2.9570044921e+02	1.0175358257e+02	
2.9580048274e+02	1.3648624844e+02	
2.9590011945e+02	1.5281703472e+02	
2.9600013553e+02	1.6190123945e+02	
2.9610015802e+02	1.4808121118e+02	
2.9620022004e+02	1.2791770206e+02	
2.9630042104e+02	1.0841619968e+02	
2.9640015832e+02	9.2131525507e+01	
2.9650037255e+02	7.2259447566e+01	
2.9660037209e+02	6.4155995693e+01	
2.9670066054e+02	6.4078766329e+01	
2.9680058258e+02	6.6139240920e+01	
2.9690017504e+02	6.6891021009e+01	
2.9700018597e+02	7.0310218607e+01	
2.9710060969e+02	7.1389167293e+01	
2.9720067952e+02	7.0059448052e+01	
2.9730030399e+02	6.6372248262e+01	
2.9740055325e+02	5.9750917471e+01	
2.9750009084e+02	5.0404588462e+01	
2.9760039673e+02	4.4027624274e+01	
2.9770016209e+02	4.1137217525e+01	
2.9780017565e+02	3.4809034690e+01	
2.9790053448e+02	3.1462594300e+01	
2.9800052785e+02	2.8577409733e+01	
2.9810053720e+02	2.4999567995e+01	
2.9820014766e+02	2.6956354947e+01	
2.9830023941e+02	3.5474466080e+01	
2.9840031920e+02	4.0359297304e+01	
2.9850017221e+02	3.8057001653e+01	
2.9860048128e+02	4.1908365453e+01	
2.9870056499e+02	5.0935433765e+01	
2.9880060553e+02	5.7891203972e+01	
2.9890019870e+02	6.2647560590e+01	
2.9900024960e+02	6.5546551900e+01	
2.9910004951e+02	6.5075296838e+01	
2.9920050537e+02	5.7430451739e+01	
2.9930046879e+02	5.1066171961e+01	
2.9940042463e+02	5.2215577150e+01	
2.9950038522e+02	4.3702865217e+01	
2.9960045720e+02	3.5187888848e+01	
2.9970068334e+02	3.7956485856e+01	
2.9980036770e+02	4.2788746956e+01	
2.9990004739e+02	4.4419564337e+01	
3.0000064230e+02	3.0231178312e+01	
3.0010022568e+02	3.0213833738e+01	
3.0020054204e+02	2.6664179875e+01	
3.0030017118e+02	2.8044657355e+01	
3.0040041602e+02	2.8294947923e+01	
3.0050006769e+02	3.2620935235e+01	
3.0060043673e+02	3.5943405079e+01	
3.0070000955e+02	3.7619412940e+01	
3.0080014814e+02	3.7940100130e+01	
3.0090019288e+02	4.7733316688e+01	
3.0100024730e+02	5.1719176099e+01	
3.0110044895e+02	5.0957992862e+01	
3.0120027191e+02	5.8452356096e+01	
3.0130044808e+02	5.0423528327e+01	
3.0140030523e+02	5.3041194075e+01	
3.0150049569e+02	5.6956638180e+01	
3.0160048920e+02	6.0924579957e+01	
3.0170043979e+02	5.1181835347e+01	
3.0180024779e+02	4.2229906740e+01	
3.0190016285e+02	4.1839183060e+01	
3.0200062339e+02	4.2804719827e+01	
3.0210047977e+02	3.7550820475e+01	
3.0220061725e+02	4.1502787963e+01	
3.0230045934e+02	4.4864524263e+01	
3.0240052373e+02	3.9428455360e+01	
3.0250022450e+02	4.1753748799e+01	
3.0260002997e+02	4.4621468607e+01	
3.0270026515e+02	3.9630938138e+01	
3.0280044707e+02	3.1842471196e+01	
3.0290070063e+02	3.6971379062e+01	
3.0300039341e+02	4.0357833166e+01	
3.0310017999e+02	3.0281755929e+01	
3.0320022511e+02	2.8945132548e+01	
3.0330052995e+02	3.0417140359e+01	
3.0340046937e+02	3.0295006817e+01	
3.0350019574e+02	3.3525798960e+01	
3.0360008753e+02	3.8599988994e+01	
3.0370015330e+02	4.5756689739e+01	
3.0380041557e+02	4.9264406669e+01	
3.0390022318e+02	4.8002199893e+01	
3.0400030883e+02	4.5594176642e+01	
3.0410037763e+02	4.5198327457e+01	
3.0420045687e+02	4.0550330373e+01	
3.0430056010e+02	4.1022768494e+01	
3.0440053873e+02	3.9981686472e+01	
3.0450062186e+02	3.9090438589e+01	
3.0460011641e+02	4.0624548769e+01	
3.0470039983e+02	4.0436424363e+01	
3.0480045902e+02	3.8622147149e+01	
3.0490014366e+02	3.9157340806e+01	
3.0500004256e+02	4.6296743499e+01	
3.0510047608e+02	4.6956936085e+01	
3.0520046836e+02	4.6413172704e+01	
3.0530061644e+02	5.2071032156e+01	
3.0540002377e+02	5.1491693623e+01	
3.0550000849e+02	5.6253915629e+01	
3.0560003629e+02	5.4190236652e+01	
3.0570038569e+02	5.5024865374e+01	
3.0580062579e+02	4.7247610530e+01	
3.0590018811e+02	4.5219453024e+01	
3.0600054993e+02	4.8636702616e+01	
3.0610047207e+02	4.5194099096e+01	
3.0620008940e+02	4.2925316965e+01	
3.0630018713e+02	4.3013217187e+01	
3.0640016094e+02	4.3726822689e+01	
3.0650034343e+02	3.9257583389e+01	
3.0660067077e+02	3.3293096860e+01	
3.0670032417e+02	3.2098660288e+01	
3.0680064065e+02	3.2956363051e+01	
3.0690027527e+02	4.1417404711e+01	
3.0700047614e+02	4.1116873171e+01	
3.0710007169e+02	3.8654940468e+01	
3.0720001168e+02	3.6289454912e+01	
3.0730063460e+02	4.0567232205e+01	
3.0740017259e+02	3.1895321445e+01	
3.0750026319e+02	3.8689642050e+01	
3.0760037021e+02	6.0852499774e+01	
3.0770054046e+02	5.7162669531e+01	
3.0780058503e+02	5.7263956545e+01	
3.0790041334e+02	5.2400057232e+01	
3.0800000433e+02	5.8445256820e+01	
3.0810058843e+02	6.3090237976e+01	
3.0820054676e+02	6.3983699827e+01	
3.0830004240e+02	6.7434060159e+01	
3.0840040949e+02	7.3150938957e+01	
3.0850059847e+02	6.9810974172e+01	
3.0860014514e+02	5.3041791219e+01	
3.0870065861e+02	4.9703933884e+01	
3.0880034784e+02	5.1147421713e+01	
3.0890011321e+02	5.3327363027e+01	
3.0900007680e+02	5.2432643583e+01	
3.0910022545e+02	4.7759121919e+01	
3.0920043861e+02	4.8560627372e+01	
3.0930064838e+02	6.2261474436e+01	
3.0940021517e+02	8.8173408880e+01	
3.0950071195e+02	7.2067217616e+01	
3.0960033656e+02	5.1643206923e+01	
3.0970023010e+02	4.3456596745e+01	
3.0980018342e+02	4.4707941778e+01	
3.0990049805e+02	4.6571725030e+01	
3.1000048536e+02	4.7421329153e+01	
3.1010057827e+02	4.7005506692e+01	
3.1020024183e+02	4.5626863954e+01	
3.1030044648e+02	4.3688646837e+01	
3.1040034013e+02	4.1402704759e+01	
3.1050035042e+02	3.9008351288e+01	
3.1060055696e+02	3.8021883264e+01	
3.1070031774e+02	3.6028585966e+01	
3.1080032762e+02	3.5676009985e+01	
3.1090016518e+02	3.3631729576e+01	
3.1100019665e+02	3.4559547209e+01	
3.1110002219e+02	3.4009262683e+01	
3.1120065925e+02	3.0665508930e+01	
3.1130062216e+02	4.6277734433e+01	
3.1140007500e+02	5.4149456483e+01	
3.1150040559e+02	5.9722389503e+01	
3.1160038069e+02	6.2172551786e+01	
3.1170056755e+02	6.3184982432e+01	
3.1180064881e+02	6.3759885676e+01	
3.1190056063e+02	6.4006288790e+01	
3.1200037789e+02	6.3539240099e+01	
3.1210064149e+02	6.2634942344e+01	
3.1220065766e+02	6.0566216680e+01	
3.1230002479e+02	5.6571257469e+01	
3.1240030780e+02	5.0056429911e+01	
3.1250057038e+02	4.3949288757e+01	
3.1260043428e+02	4.1278589320e+01	
3.1270010533e+02	3.9314070167e+01	
3.1280021780e+02	3.7294204653e+01	
3.1290025066e+02	3.3877405198e+01	
3.1300022558e+02	3.4984717266e+01	
3.1310022076e+02	3.7499114009e+01	
3.1320039571e+02	3.4634758477e+01	
3.1330023544e+02	3.5795314086e+01	
3.1340063007e+02	4.0229937182e+01	
3.1350005931e+02	3.3862457591e+01	
3.1360012496e+02	3.9575033524e+01	
3.1370068251e+02	3.4822382208e+01	
3.1380011565e+02	3.7136469214e+01	
3.1390047359e+02	3.4091467278e+01	
3.1400054666e+02	3.4841788238e+01	
3.1410051148e+02	3.8764832060e+01	
3.1420027767e+02	5.6549318535e+01	
3.1430026933e+02	7.0134970649e+01	
3.1440011410e+02	7.9332881649e+01	
3.1450010684e+02	8.5901476058e+01	
3.1460066241e+02	9.1344038295e+01	
3.1470032965e+02	9.3748345617e+01	
3.1480064321e+02	8.1993734357e+01	
3.1490029341e+02	6.5505301943e+01	
3.1500038644e+02	5.0263269471e+01	
3.1510057599e+02	3.9520693928e+01	
3.1520020880e+02	3.6432545781e+01	
3.1530020773e+02	4.1757801401e+01	
3.1540001823e+02	4.8220519193e+01	
3.1550051665e+02	3.9473310275e+01	
3.1560047143e+02	4.3789658343e+01	
3.1570068316e+02	3.9988272893e+01	
3.1580064296e+02	3.8775732895e+01	
3.1590034990e+02	3.7863076352e+01	
3.1600041446e+02	3.6075429164e+01	
3.1610022585e+02	3.4442851115e+01	
3.1620030284e+02	4.0592476300e+01	
3.1630059922e+02	4.6995623050e+01	
3.1640047047e+02	5.1545929296e+01	
3.1650044510e+02	5.1975539143e+01	
3.1660013335e+02	5.2056271410e+01	
3.1670063922e+02	5.8464383017e+01	
3.1680037552e+02	6.5914095465e+01	
3.1690052453e+02	7.4205309979e+01	
3.1700030967e+02	8.2077663141e+01	
3.1710022693e+02	8.7930979696e+01	
3.1720059057e+02	9.0789150573e+01	
3.1730050375e+02	9.0647469363e+01	
3.1740010246e+02	8.7394306960e+01	
3.1750051020e+02	7.7589598280e+01	
3.1760023789e+02	6.6044336048e+01	
3.1770051936e+02	5.7618525477e+01	
3.1780050408e+02	5.5950591673e+01	
3.1790046038e+02	5.3542368529e+01	
3.1800023646e+02	5.5821560015e+01	
3.1810007922e+02	5.8726638777e+01	
3.1820007154e+02	5.8252483448e+01	
3.1830034398e+02	6.8305329073e+01	
3.1840024390e+02	7.0447244935e+01	
3.1850007249e+02	7.3799798330e+01	
3.1860013380e+02	6.9541089163e+01	
3.1870053778e+02	6.1024063705e+01	
3.1880033011e+02	5.5548755907e+01	
3.1890018861e+02	4.2317776883e+01	
3.1900016651e+02	4.4378703864e+01	
3.1910036680e+02	4.5632640447e+01	
3.1920062427e+02	6.0197172549e+01	
3.1930037367e+02	7.4010279200e+01	
3.1940049760e+02	7.9750435721e+01	
3.1950048280e+02	8.6225058526e+01	
3.1960049311e+02	1.0121634607e+02	
3.1970014861e+02	1.0066213096e+02	
3.1980027028e+02	8.5728055373e+01	
3.1990058531e+02	8.7008628321e+01	
3.2000059407e+02	8.1955627314e+01	
3.2010047777e+02	7.1639952338e+01	
3.2020046942e+02	7.0360947500e+01	
3.2030022487e+02	6.1834364767e+01	
3.2040025999e+02	6.2685934753e+01	
3.2050026540e+02	6.0992145799e+01	
3.2060002854e+02	5.9046745743e+01	
3.2070030684e+02	5.9443045563e+01	
3.2080018261e+02	5.8442080772e+01	
3.2090008530e+02	5.5714203788e+01	
3.2100050016e+02	5.2164856239e+01	
3.2110058896e+02	4.8350092556e+01	
3.2120012112e+02	4.3219521223e+01	
3.2130052164e+02	3.8813558510e+01	
3.2140050190e+02	3.7458767856e+01	
3.2150065053e+02	3.7234472752e+01	
3.2160016339e+02	4.3185577516e+01	
3.2170014436e+02	4.9039022509e+01	
3.2180057767e+02	4.5001723323e+01	
3.2190018675e+02	3.3964331800e+01	
3.2200050311e+02	3.2019517172e+01	
3.2210057234e+02	3.1760833942e+01	
3.2220062928e+02	3.3301723972e+01	
3.2230024135e+02	3.7483278226e+01	
3.2240023905e+02	3.8587134736e+01	
3.2250006326e+02	4.6896129710e+01	
3.2260050288e+02	4.6638205688e+01	
3.2270049015e+02	5.2558831082e+01	
3.2280002088e+02	4.8911509362e+01	
3.2290058594e+02	5.0122133522e+01	
3.2300033757e+02	4.4100555293e+01	
3.2310012227e+02	4.2802951417e+01	
3.2320060831e+02	3.7637961742e+01	
3.2330009546e+02	3.5430567190e+01	
3.2340027464e+02	3.2207447814e+01	
3.2350058388e+02	2.8974442304e+01	
3.2360003210e+02	2.8972138005e+01	
3.2370031327e+02	3.1249187551e+01	
3.2380019173e+02	3.3026992769e+01	
3.2390048160e+02	3.4850264512e+01	
3.2400013407e+02	3.7160094671e+01	
3.2410038201e+02	4.0298233686e+01	
3.2420034228e+02	4.2835034447e+01	
3.2430026897e+02	4.4806194816e+01	
3.2440063276e+02	4.6237400462e+01	
3.2450067214e+02	4.5712245906e+01	
3.2460021254e+02	4.0371395221e+01	
3.2470036082e+02	3.4255322675e+01	
3.2480004112e+02	3.9813821309e+01	
3.2490049972e+02	3.9939073639e+01	
3.2500013043e+02	4.3219997170e+01	
3.2510033468e+02	4.1446898582e+01	
3.2520058789e+02	4.0902303468e+01	
3.2530002264e+02	3.9369959508e+01	
3.2540012224e+02	3.8010841858e+01	
3.2550027896e+02	3.8390968824e+01	
3.2560036742e+02	3.9182456032e+01	
3.2570014975e+02	3.2284493296e+01	
3.2580030702e+02	4.1936039689e+01	
3.2590029801e+02	3.8232267614e+01	
3.2600002936e+02	4.0468072092e+01	
3.2610016727e+02	5.0265563791e+01	
3.2620017483e+02	4.7452175348e+01	
3.2630039896e+02	4.8323875264e+01	
3.2640025208e+02	5.5191931977e+01	
3.2650046966e+02	6.4636406161e+01	
3.2660010302e+02	6.0832021016e+01	
3.2670042805e+02	6.8948796232e+01	
3.2680062136e+02	6.6673032335e+01	
3.2690016371e+02	7.1014014786e+01	
3.2700033863e+02	6.2615183582e+01	
3.2710063022e+02	5.6453818121e+01	
3.2720045864e+02	4.9783021693e+01	
3.2730050201e+02	4.9319655012e+01	
3.2740017872e+02	5.8110253479e+01	
3.2750035231e+02	4.5609038254e+01	
3.2760055932e+02	4.8039639021e+01	
3.2770017916e+02	4.7541111824e+01	
3.2780063506e+02	5.0938422759e+01	
3.2790011141e+02	5.3154001052e+01	
3.2800018091e+02	5.2492972837e+01	
3.2810030966e+02	4.5152421884e+01	
3.2820039772e+02	3.8880248625e+01	
3.2830034138e+02	3.7339856160e+01	
3.2840019922e+02	4.0402529195e+01	
3.2850040871e+02	4.1916525032e+01	
3.2860069689e+02	4.2814325981e+01	
3.2870031417e+02	4.3578157958e+01	
3.2880009549e+02	4.2292550235e+01	
3.2890015930e+02	4.3456687082e+01	
3.2900034337e+02	6.2162743161e+01	
3.2910064255e+02	7.7511230401e+01	
3.2920039050e+02	8.7746117935e+01	
3.2930010376e+02	9.3317712532e+01	
3.2940015793e+02	9.5327753635e+01	
3.2950022568e+02	9.5057453988e+01	
3.2960003346e+02	9.3561137603e+01	
3.2970048103e+02	9.1277569959e+01	
3.2980014636e+02	8.6416034993e+01	
3.2990003971e+02	7.9476346098e+01	
3.3000035592e+02	7.2529584432e+01	
3.3010037448e+02	6.6380327998e+01	
3.3020021195e+02	6.1200956957e+01	
3.3030052016e+02	6.1397967167e+01	
3.3040038848e+02	6.5341374295e+01	
3.3050049400e+02	6.3754773859e+01	
3.3060003592e+02	6.1694311665e+01	
3.3070033167e+02	6.2090649751e+01	
3.3080009243e+02	6.0140133698e+01	
3.3090019949e+02	5.3123388746e+01	
3.3100021752e+02	4.8155197544e+01	
3.3110039397e+02	5.5562894159e+01	
3.3120027286e+02	5.5168380325e+01	
3.3130004430e+02	4.2563858021e+01	
3.3140065962e+02	4.4781055405e+01	
3.3150026880e+02	5.0465343056e+01	
3.3160028884e+02	5.9808390666e+01	
3.3170011512e+02	7.8229308673e+01	
3.3180056774e+02	8.2631385114e+01	
3.3190037354e+02	1.0149007092e+02	
3.3200009359e+02	9.6973543268e+01	
3.3210056607e+02	1.0017280049e+02	
3.3220043572e+02	9.5604519863e+01	
3.3230051011e+02	8.5775605325e+01	
3.3240021052e+02	1.0564105407e+02	
3.3250026727e+02	9.9798068878e+01	
3.3260029772e+02	9.5869120003e+01	
3.3270049328e+02	1.0519311377e+02	
3.3280043564e+02	9.5556624071e+01	
3.3290004386e+02	8.3795959235e+01	
3.3300059320e+02	8.7913654186e+01	
3.3310019830e+02	7.5087804453e+01	
3.3320031737e+02	7.4913892924e+01	
3.3330050142e+02	6.6611575928e+01	
3.3340030374e+02	6.3947953125e+01	
3.3350022969e+02	5.8415198505e+01	
3.3360045943e+02	5.4855194204e+01	
3.3370012331e+02	5.1142442215e+01	
3.3380039139e+02	5.0534315812e+01	
3.3390033985e+02	4.8395796128e+01	
3.3400001875e+02	4.8472721351e+01	
3.3410037779e+02	4.6640232056e+01	
3.3420007085e+02	4.6942378717e+01	
3.3430062506e+02	4.6329127695e+01	
3.3440001536e+02	5.0234685877e+01	
3.3450049316e+02	5.5828291826e+01	
3.3460056834e+02	6.3765211975e+01	
3.3470010593e+02	7.4268907980e+01	
3.3480065459e+02	8.6925429747e+01	
3.3490045636e+02	9.8796548390e+01	
3.3500031234e+02	1.0202747132e+02	
3.3510028589e+02	9.7813345538e+01	
3.3520044976e+02	1.2017462676e+02	
3.3530019819e+02	1.1072977364e+02	
3.3540035236e+02	1.1952381815e+02	
3.3550036589e+02	1.0641632812e+02	
3.3560009102e+02	1.0758786620e+02	
3.3570047925e+02	1.1630575198e+02	
3.3580064301e+02	1.0621973485e+02	
3.3590003255e+02	8.6252516139e+01	
3.3600049011e+02	6.8154477367e+01	
3.3610054080e+02	5.8934761480e+01	
3.3620019692e+02	5.3817376410e+01	
3.3630062733e+02	4.7123811691e+01	
3.3640043225e+02	4.5396629318e+01	
3.3650020279e+02	4.7007988689e+01	
3.3660067162e+02	5.0393586872e+01	
3.3670042754e+02	5.0907003342e+01	
3.3680055893e+02	5.3869574395e+01	
3.3690028023e+02	5.5177517084e+01	
3.3700054067e+02	5.4610518325e+01	
3.3710051143e+02	5.3090979103e+01	
3.3720067953e+02	5.2907471766e+01	
3.3730065370e+02	5.5568230520e+01	
3.3740045823e+02	5.0658987032e+01	
3.3750003423e+02	4.6911520116e+01	
3.3760016080e+02	5.5872189943e+01	
3.3770018680e+02	5.1733259107e+01	
3.3780042287e+02	6.1089510445e+01	
3.3790010384e+02	5.9248508975e+01	
3.3800028255e+02	6.1225574906e+01	
3.3810044142e+02	6.2920810145e+01	
3.3820019130e+02	5.7605364555e+01	
3.3830047095e+02	5.4853438235e+01	
3.3840005951e+02	5.3074866059e+01	
3.3850041388e+02	4.7785446569e+01	
3.3860013592e+02	4.4897820537e+01	
3.3870000287e+02	4.5500952746e+01	
3.3880019901e+02	5.4583222666e+01	
3.3890055496e+02	5.6185140298e+01	
3.3900052663e+02	5.2351865449e+01	
3.3910017634e+02	4.5117409097e+01	
3.3920009664e+02	4.2843594330e+01	
3.3930062139e+02	4.2935395189e+01	
3.3940033925e+02	4.3729123964e+01	
3.3950054783e+02	4.9012804712e+01	
3.3960017918e+02	5.3601153605e+01	
3.3970016673e+02	5.8378801092e+01	
3.3980061112e+02	6.1918585022e+01	
3.3990044807e+02	5.8082930241e+01	
3.4000031575e+02	5.1591690675e+01	
3.4010024620e+02	4.7816488124e+01	
3.4020043424e+02	5.2104013675e+01	
3.4030048258e+02	5.7351437442e+01	
3.4040069362e+02	6.0112253301e+01	
3.4050021318e+02	5.2025221988e+01	
3.4060025901e+02	5.5849060170e+01	
3.4070052100e+02	5.4334604993e+01	
3.4080034572e+02	4.8778873531e+01	
3.4090020421e+02	3.9022040446e+01	
3.4100005785e+02	4.6250355654e+01	
3.4110040697e+02	4.3252406780e+01	
3.4120048986e+02	4.6781916658e+01	
3.4130013250e+02	5.2877832469e+01	
3.4140016795e+02	5.7238496116e+01	
3.4150019912e+02	5.6837607921e+01	
3.4160054446e+02	5.8862326721e+01	
3.4170002501e+02	5.7134755193e+01	
3.4180004448e+02	5.8851754036e+01	
3.4190035689e+02	7.0233626495e+01	
3.4200048231e+02	7.8127408493e+01	
3.4210064173e+02	7.9538887643e+01	
3.4220000462e+02	9.3766519853e+01	
3.4230015544e+02	1.0551657662e+02	
3.4240022394e+02	1.0329786312e+02	
3.4250003999e+02	9.5248796815e+01	
3.4260028080e+02	9.6197780918e+01	
3.4270013144e+02	9.0022688443e+01	
3.4280044656e+02	8.3127262506e+01	
3.4290065729e+02	8.0409782321e+01	
3.4300047313e+02	7.4871404599e+01	
3.4310051599e+02	7.0996821659e+01	
3.4320022194e+02	7.3080566145e+01	
3.4330051597e+02	7.6523382528e+01	
3.4340023709e+02	7.7928872538e+01	
3.4350063735e+02	7.6061901370e+01	
3.4360061142e+02	7.5518653707e+01	
3.4370006596e+02	8.4366813791e+01	
3.4380032857e+02	1.0943242793e+02	
3.4390050686e+02	1.4892929653e+02	
3.4400018762e+02	1.5960600904e+02	
3.4410070494e+02	1.8558203505e+02	
3.4420058603e+02	1.9244096036e+02	
3.4430028857e+02	1.8146957942e+02	
3.4440071105e+02	1.8164707731e+02	
3.4450054086e+02	1.8312194497e+02	
3.4460042894e+02	1.7513775909e+02	
3.4470038244e+02	1.6030331193e+02	
3.4480017115e+02	1.4023001104e+02	
3.4490040087e+02	1.3724372043e+02	
3.4500058511e+02	1.3363897122e+02	
3.4510050317e+02	1.2621559105e+02	
3.4520056723e+02	1.1672642729e+02	
3.4530004408e+02	1.1183014492e+02	
3.4540026085e+02	1.1225572600e+02	
3.4550010803e+02	1.0699769272e+02	
3.4560017551e+02	1.0030815033e+02	
3.4570004050e+02	9.6998119197e+01	
3.4580012782e+02	9.3738653704e+01	
3.4590004147e+02	8.9890836503e+01	
3.4600016544e+02	8.8061826243e+01	
3.4610023921e+02	8.6810686127e+01	
3.4620063621e+02	8.2242256861e+01	
3.4630068485e+02	8.0236956851e+01	
3.4640034167e+02	7.9169937892e+01	
3.4650021780e+02	7.6663387393e+01	
3.4660005701e+02	7.3043772132e+01	
3.4670001665e+02	8.3281925617e+01	
3.4680054300e+02	7.7227455363e+01	
3.4690030576e+02	7.0977658202e+01	
3.4700064286e+02	6.6542971350e+01	
3.4710001663e+02	6.5541119393e+01	
3.4720007094e+02	6.3746137452e+01	
3.4730061816e+02	6.1788613056e+01	
3.4740011089e+02	5.9580081571e+01	
3.4750061278e+02	7.2490009505e+01	
3.4760006029e+02	8.7316593018e+01	
3.4770053413e+02	1.0320626887e+02	
3.4780045836e+02	1.1314407067e+02	
3.4790062202e+02	1.2621361234e+02	
3.4800039760e+02	1.3034134754e+02	
3.4810029048e+02	1.2642194801e+02	
3.4820059630e+02	1.1555392112e+02	
3.4830012739e+02	9.6772355940e+01	
3.4840045205e+02	9.2302148885e+01	
3.4850039622e+02	8.8393252335e+01	
3.4860027793e+02	8.4912739678e+01	
3.4870013249e+02	8.0138033930e+01	
3.4880048990e+02	7.9732743263e+01	
3.4890016021e+02	7.5280410827e+01	
3.4900030960e+02	7.4051935943e+01	
3.4910065107e+02	7.2345179979e+01	
3.4920014948e+02	7.0550927733e+01	
3.4930040535e+02	6.9716849919e+01	
3.4940032984e+02	6.6169029210e+01	
3.4950016373e+02	6.3428550870e+01	
3.4960032304e+02	6.2875237013e+01	
3.4970026117e+02	6.0331448027e+01	
3.4980015643e+02	5.8162787831e+01	
3.4990011933e+02	5.5835424656e+01	
3.5000024861e+02	5.3914742485e+01	
3.5010023928e+02	5.2059238817e+01	
3.5020002268e+02	4.9995492439e+01	
3.5030049313e+02	4.8411215251e+01	
3.5040046944e+02	4.6993334987e+01	
3.5050003497e+02	4.4777089845e+01	
3.5060026528e+02	4.3155649601e+01	
3.5070000066e+02	4.4616679919e+01	
3.5080067751e+02	4.6393746236e+01	
3.5090047116e+02	4.7892160403e+01	
3.5100039015e+02	4.9760643659e+01	
3.5110041576e+02	5.3367833323e+01	
3.5120065293e+02	5.6093070459e+01	
3.5130048479e+02	5.7455704247e+01	
3.5140032021e+02	5.7570766988e+01	
3.5150035152e+02	5.7849335605e+01	
3.5160048947e+02	5.5375751924e+01	
3.5170018262e+02	5.1084769176e+01	
3.5180036570e+02	4.7990203637e+01	
3.5190032048e+02	4.5214540199e+01	
3.5200035515e+02	4.1376268590e+01	
3.5210063932e+02	3.8362782593e+01	
3.5220012177e+02	4.7080913898e+01	
3.5230053989e+02	4.9198813995e+01	
3.5240065365e+02	5.0713164935e+01	
3.5250041972e+02	4.5997581742e+01	
3.5260003207e+02	5.0357962010e+01	
3.5270043215e+02	5.5778732457e+01	
3.5280030167e+02	5.3816450061e+01	
3.5290061824e+02	4.7446613298e+01	
3.5300007676e+02	4.5009586181e+01	
3.5310003847e+02	4.4919662561e+01	
3.5320053232e+02	4.5067089788e+01	
3.5330007902e+02	4.7827930735e+01	
3.5340014220e+02	5.3404625722e+01	
3.5350018939e+02	5.4925679015e+01	
3.5360001453e+02	6.0652902977e+01	
3.5370048528e+02	7.3577777195e+01	
3.5380001980e+02	7.9949485114e+01	
3.5390057245e+02	8.9955894764e+01	
3.5400025983e+02	1.0847368199e+02	
3.5410065194e+02	1.1679280522e+02	
3.5420009434e+02	1.1323594686e+02	
3.5430049675e+02	1.0545710061e+02	
3.5440027965e+02	1.0376994308e+02	
3.5450016156e+02	9.9180393630e+01	
3.5460026512e+02	9.2084182025e+01	
3.5470053071e+02	8.5261972796e+01	
3.5480024755e+02	7.8540459405e+01	
3.5490020667e+02	7.2483132493e+01	
3.5500058807e+02	6.6782961722e+01	
3.5510006292e+02	6.2100715730e+01	
3.5520044956e+02	5.8406253894e+01	
3.5530000921e+02	5.6910151777e+01	
3.5540033027e+02	6.2597403149e+01	
3.5550030646e+02	6.7444182826e+01	
3.5560048098e+02	7.3078514971e+01	
3.5570019139e+02	8.0426316969e+01	
3.5580048898e+02	8.8283074448e+01	
3.5590011573e+02	1.0000891429e+02	
3.5600018506e+02	1.1623485244e+02	
3.5610023140e+02	1.2714661087e+02	
3.5620049265e+02	1.3342238614e+02	
3.5630031435e+02	1.5759258582e+02	
3.5640044097e+02	1.6793661210e+02	
3.5650025905e+02	1.5538471360e+02	
3.5660013335e+02	1.9306581275e+02	
3.5670005559e+02	2.2404576825e+02	
3.5680055079e+02	2.4339005905e+02	
3.5690024342e+02	2.4518262147e+02	
3.5700063690e+02	2.2181381390e+02	
3.5710000454e+02	1.8725948417e+02	
3.5720030148e+02	1.5193190312e+02	
3.5730033185e+02	1.2300415110e+02	
3.5740033431e+02	1.1209141839e+02	
3.5750067643e+02	9.6644911885e+01	
3.5760033046e+02	8.5962840309e+01	
3.5770018885e+02	7.7274516985e+01	
3.5780043204e+02	6.7744235402e+01	
3.5790047058e+02	6.1183348940e+01	
3.5800020910e+02	5.5587990597e+01	
3.5810063470e+02	5.1766360872e+01	
3.5820035235e+02	5.8102656771e+01	
3.5830059504e+02	6.2605095831e+01	
3.5840046554e+02	6.5722225031e+01	
3.5850019967e+02	6.4743410507e+01	
3.5860026901e+02	6.8689772662e+01	
3.5870057903e+02	8.6521638725e+01	
3.5880007005e+02	1.0514615327e+02	
3.5890018965e+02	1.1516672202e+02	
3.5900038391e+02	1.0543881858e+02	
3.5910004972e+02	9.2612185339e+01	
3.5920029361e+02	7.7030371274e+01	
3.5930050393e+02	7.4907863690e+01	
3.5940006003e+02	5.8517960740e+01	
3.5950033087e+02	4.2285855715e+01	
3.5960009040e+02	4.0645849199e+01	
3.5970031123e+02	4.0255148868e+01	
3.5980040656e+02	4.3369148395e+01	
3.5990002873e+02	4.4707580318e+01	
3.6000070731e+02	4.4734378362e+01	
3.6010043631e+02	4.3731814040e+01	
3.6020059097e+02	4.3350150828e+01	
3.6030049903e+02	4.1322958227e+01	
3.6040011523e+02	3.7055704401e+01	
3.6050058517e+02	3.5308348672e+01	
3.6060038173e+02	3.3614503022e+01	
3.6070020194e+02	3.2794667121e+01	
3.6080001573e+02	3.1970404985e+01	
3.6090040872e+02	3.1873246879e+01	
3.6100053672e+02	3.2212752746e+01	
3.6110066832e+02	3.2121004684e+01	
3.6120023796e+02	3.2859791716e+01	
3.6130054900e+02	3.3796415987e+01	
3.6140004155e+02	3.3850767513e+01	
3.6150037515e+02	5.0285524530e+01	
3.6160030368e+02	6.6649084778e+01	
3.6170009782e+02	7.4253329681e+01	
3.6180008192e+02	8.1025123819e+01	
3.6190047973e+02	8.6750965710e+01	
3.6200004829e+02	8.4955856050e+01	
3.6210058654e+02	8.6841630752e+01	
3.6220023597e+02	8.8248919059e+01	
3.6230059097e+02	8.5610373838e+01	
3.6240007464e+02	7.6006268237e+01	
3.6250031895e+02	5.4691002982e+01	
3.6260035489e+02	3.9830346553e+01	
3.6270045891e+02	4.3630888651e+01	
3.6280069072e+02	4.3171123952e+01	
3.6290022635e+02	3.6943253640e+01	
3.6300025322e+02	3.4508018339e+01	
3.6310041125e+02	3.4658833907e+01	
3.6320012382e+02	3.5448466619e+01	
3.6330021166e+02	4.2382987932e+01	
3.6340069157e+02	5.9127315749e+01	
3.6350040237e+02	6.9644611480e+01	
3.6360002248e+02	7.5413010925e+01	
3.6370039238e+02	8.6615590410e+01	
3.6380068819e+02	9.5043327204e+01	
3.6390039791e+02	9.7629322195e+01	
3.6400028891e+02	9.6720068091e+01	
3.6410011878e+02	9.4224055630e+01	
3.6420006380e+02	9.0125484592e+01	
3.6430040903e+02	8.7702558746e+01	
3.6440059405e+02	8.0051222619e+01	
3.6450062642e+02	7.3205780609e+01	
3.6460020701e+02	6.9821136708e+01	
3.6470026942e+02	6.6341840004e+01	
3.6480039756e+02	6.3119100369e+01	
3.6490000312e+02	6.0178361597e+01	
3.6500036188e+02	5.6600295953e+01	
3.6510027444e+02	5.3181481849e+01	
3.6520016240e+02	5.1934326039e+01	
3.6530032209e+02	6.1567150779e+01	
3.6540041369e+02	7.0557713228e+01	
3.6550051962e+02	7.7206397575e+01	
3.6560021145e+02	8.1756802241e+01	
3.6570063586e+02	8.1665574308e+01	
3.6580020856e+02	7.6812112399e+01	
3.6590008132e+02	6.8794264524e+01	
3.6600042477e+02	5.8362704244e+01	
3.6610065034e+02	4.7645556311e+01	
3.6620036103e+02	4.6829618997e+01	
3.6630033344e+02	5.7025419983e+01	
3.6640046397e+02	5.7327566243e+01	
3.6650070854e+02	5.4316237396e+01	
3.6660034356e+02	5.1318157970e+01	
3.6670014081e+02	5.1236081083e+01	
3.6680060221e+02	5.2764691287e+01	
3.6690016888e+02	5.2854631026e+01	
3.6700032193e+02	5.3762663759e+01	
3.6710045736e+02	5.7869853373e+01	
3.6720002543e+02	6.0978033867e+01	
3.6730056942e+02	6.4972494266e+01	
3.6740028923e+02	6.5728212867e+01	
3.6750062930e+02	6.7465440476e+01	
3.6760064040e+02	6.9509721590e+01	
3.6770056885e+02	7.2177808274e+01	
3.6780011527e+02	7.5574074233e+01	
3.6790050189e+02	7.9092186890e+01	
3.6800034124e+02	8.2501755975e+01	
3.6810057451e+02	8.8594771119e+01	
3.6820022447e+02	9.4772344248e+01	
3.6830003801e+02	1.0552391515e+02	
3.6840020028e+02	1.2008818913e+02	
3.6850018665e+02	1.4631283157e+02	
3.6860013393e+02	1.6789925321e+02	
3.6870017756e+02	1.6023424710e+02	
3.6880019669e+02	1.7795879524e+02	
3.6890008529e+02	1.6646248782e+02	
3.6900033303e+02	1.6043552392e+02	
3.6910069320e+02	1.9387565270e+02	
