0.0000000000e+00	2.0000000000e-01	
1.0013065315e-01	2.3358797369e-01	
2.0066731145e-01	2.6284594698e-01	
3.0053401748e-01	2.8943719042e-01	
4.0051925541e-01	3.1619844592e-01	
5.0066128343e-01	3.4045331311e-01	
6.0023920770e-01	3.6205087858e-01	
7.0003978822e-01	3.8087281052e-01	
8.0009512980e-01	3.9522334366e-01	
9.0043670485e-01	4.1677921942e-01	
1.0003303501e+00	4.3650049916e-01	
1.1005622309e+00	4.5436809392e-01	
1.2003863451e+00	4.7030751678e-01	
1.3005872298e+00	4.8459925644e-01	
1.4004072388e+00	4.9730329948e-01	
1.5006296180e+00	5.1293778688e-01	
1.6004489342e+00	5.2968411031e-01	
1.7000827414e+00	5.4596978916e-01	
1.8000903759e+00	5.6191095566e-01	
1.9004752565e+00	5.7752820926e-01	
2.0004758941e+00	5.9662531539e-01	
2.1001119147e+00	6.1507905411e-01	
2.2001680041e+00	6.3292392903e-01	
2.3006608216e+00	6.5016509838e-01	
2.4000956100e+00	6.6656094905e-01	
2.5000204469e+00	6.8239305517e-01	
2.6004618334e+00	6.9769667323e-01	
2.7006967291e+00	7.1239270606e-01	
2.8000091805e+00	7.2640787436e-01	
2.9006918256e+00	7.4010417933e-01	
3.0005269413e+00	7.5321847286e-01	
3.1003058926e+00	7.6588529411e-01	
3.2000667254e+00	7.7813467000e-01	
3.3006000232e+00	7.9009017957e-01	
3.4004441399e+00	8.0159164478e-01	
3.5003884572e+00	8.1274948701e-01	
3.6004703547e+00	8.2361784290e-01	
3.7007267912e+00	8.3416901662e-01	
3.8004378543e+00	8.4433840997e-01	
3.9003911278e+00	8.5423197225e-01	
4.0006186528e+00	8.6384690542e-01	
4.1003883311e+00	8.7311998944e-01	
4.2004853913e+00	8.8213697984e-01	
4.3001671291e+00	8.9082566090e-01	
4.4002183457e+00	8.9925257282e-01	
4.5006575140e+00	9.0742921514e-01	
4.6007221174e+00	9.1530698378e-01	
4.7004134672e+00	9.2289156615e-01	
4.8002129171e+00	9.3023345005e-01	
4.9003939535e+00	9.3736159324e-01	
5.0001748469e+00	9.4422866426e-01	
5.1003385369e+00	9.5090336245e-01	
5.2001279990e+00	9.5734439187e-01	
5.3003275977e+00	9.6361421811e-01	
5.4001923620e+00	9.6967499836e-01	
5.5005078961e+00	9.7559038505e-01	
5.6005407081e+00	9.8133251626e-01	
5.7003224116e+00	9.8691203104e-01	
5.8006402102e+00	9.9238143762e-01	
5.9000207873e+00	9.9767590620e-01	
6.0000060808e+00	1.0028847667e+00	
6.1006314142e+00	1.0080223001e+00	
6.2004330392e+00	1.0130258620e+00	
6.3001998199e+00	1.0179502222e+00	
6.4007210152e+00	1.0228488339e+00	
6.5005360857e+00	1.0276679971e+00	
6.6004337182e+00	1.0324603511e+00	
6.7004523851e+00	1.0372402627e+00	
6.8006299245e+00	1.0420117651e+00	
6.9002478024e+00	1.0467599073e+00	
7.0000938029e+00	1.0515605815e+00	
7.1002005917e+00	1.0563986441e+00	
7.2005995108e+00	1.0611898346e+00	
7.3005555161e+00	1.0658987336e+00	
7.4000871313e+00	1.0705326038e+00	
7.5007490439e+00	1.0751709744e+00	
7.6002514114e+00	1.0796480937e+00	
7.7001449291e+00	1.0840378225e+00	
7.8004416649e+00	1.0883675896e+00	
7.9002892834e+00	1.0926034216e+00	
8.0006396561e+00	1.0967941813e+00	
8.1005858146e+00	1.1009053438e+00	
8.2001404744e+00	1.1049368223e+00	
8.3000871092e+00	1.1089218940e+00	
8.4004367448e+00	1.1128579141e+00	
8.5004409831e+00	1.1178381791e+00	
8.6001250598e+00	1.1229488362e+00	
8.7002751951e+00	1.1280184728e+00	
8.8001600622e+00	1.1329972378e+00	
8.9005669652e+00	1.1379133315e+00	
9.0000209045e+00	1.1426818915e+00	
9.1000647589e+00	1.1473675663e+00	
9.2007323648e+00	1.1519552606e+00	
9.3005585838e+00	1.1563741479e+00	
9.4003345500e+00	1.1606642180e+00	
9.5000992778e+00	1.1648293297e+00	
9.6006422630e+00	1.1688873906e+00	
9.7005023988e+00	1.1727656690e+00	
9.8004685377e+00	1.1764983399e+00	
9.9005787568e+00	1.1800909565e+00	
1.0000115594e+01	1.1835070562e+00	
1.0100622586e+01	1.1868007300e+00	
1.0200622262e+01	1.1899056518e+00	
1.0300140806e+01	1.1928264980e+00	
1.0400727545e+01	1.1956101707e+00	
1.0500119322e+01	1.1982001222e+00	
1.0600630731e+01	1.2006610187e+00	
1.0700748574e+01	1.2029589411e+00	
1.0800482618e+01	1.2051009947e+00	
1.0900615816e+01	1.2070804327e+00	
1.1000374574e+01	1.2084111436e+00	
1.1100118120e+01	1.2089211792e+00	
1.1200234680e+01	1.2085756545e+00	
1.1300725254e+01	1.2074595138e+00	
1.1400057495e+01	1.2055660184e+00	
1.1500555364e+01	1.2027418590e+00	
1.1600697979e+01	1.1988852863e+00	
1.1700510046e+01	1.1998946796e+00	
1.1800019079e+01	1.2018833435e+00	
1.1900010884e+01	1.2038983461e+00	
1.2000511717e+01	1.2059393235e+00	
1.2100043612e+01	1.2079742064e+00	
1.2200150276e+01	1.2100308994e+00	
1.2300114380e+01	1.2120904835e+00	
1.2400724443e+01	1.2141690701e+00	
1.2500517297e+01	1.2162347834e+00	
1.2600282220e+01	1.2182999874e+00	
1.2700058235e+01	1.2203609908e+00	
1.2800635309e+01	1.2224303806e+00	
1.2900551353e+01	1.2244734746e+00	
1.3000594980e+01	1.2265030753e+00	
1.3100049770e+01	1.2285102040e+00	
1.3200459111e+01	1.2305215971e+00	
1.3300347534e+01	1.2324962673e+00	
1.3400501919e+01	1.2344468300e+00	
1.3500190947e+01	1.2363518793e+00	
1.3600200558e+01	1.2382152344e+00	
1.3700556624e+01	1.2400374682e+00	
1.3800511700e+01	1.2418102862e+00	
1.3900076913e+01	1.2435338726e+00	
1.4000035661e+01	1.2452203334e+00	
1.4100399498e+01	1.2468643315e+00	
1.4200244816e+01	1.2484483961e+00	
1.4300529173e+01	1.2499884270e+00	
1.4400411015e+01	1.2514064824e+00	
1.4500673344e+01	1.2524304213e+00	
1.4600557442e+01	1.2529703734e+00	
1.4700082271e+01	1.2529656666e+00	
1.4800032414e+01	1.2523291716e+00	
1.4900426684e+01	1.2510109649e+00	
1.5000529827e+01	1.2488595825e+00	
1.5100372831e+01	1.2456126976e+00	
1.5200742849e+01	1.2410676023e+00	
1.5300165472e+01	1.2363601467e+00	
1.5400183564e+01	1.2316561855e+00	
1.5500080985e+01	1.2270179128e+00	
1.5600646435e+01	1.2224457095e+00	
1.5700417688e+01	1.2180470860e+00	
1.5800184387e+01	1.2138284546e+00	
1.5900736251e+01	1.2098042059e+00	
1.6000611726e+01	1.2060743339e+00	
1.6100599613e+01	1.2026533651e+00	
1.6200737858e+01	1.1995913623e+00	
1.6300308258e+01	1.1969491066e+00	
1.6400098146e+01	1.1947381829e+00	
1.6500140789e+01	1.1929939421e+00	
1.6600467826e+01	1.1917449856e+00	
1.6700345349e+01	1.1910329552e+00	
1.6800559188e+01	1.1908727421e+00	
1.6900364428e+01	1.1912407874e+00	
1.7000545592e+01	1.1912494328e+00	
1.7100345218e+01	1.1905293195e+00	
1.7200546497e+01	1.1890750380e+00	
1.7300358964e+01	1.1868663421e+00	
1.7400034946e+01	1.1838189658e+00	
1.7500084809e+01	1.1800218067e+00	
1.7600510765e+01	1.1757582691e+00	
1.7700550051e+01	1.1712458920e+00	
1.7800221313e+01	1.1711301455e+00	
1.7900309160e+01	1.1728459693e+00	
1.8000070687e+01	1.1745255506e+00	
1.8100291753e+01	1.1761785811e+00	
1.8200240135e+01	1.1777894632e+00	
1.8300702392e+01	1.1793695754e+00	
1.8400201896e+01	1.1808954394e+00	
1.8500282172e+01	1.1823893697e+00	
1.8600225974e+01	1.1838379451e+00	
1.8700071388e+01	1.1852395393e+00	
1.8800606626e+01	1.1866049457e+00	
1.8900370217e+01	1.1879153386e+00	
1.9000151640e+01	1.1891825478e+00	
1.9100740873e+01	1.1904167078e+00	
1.9200675660e+01	1.1916004900e+00	
1.9300744594e+01	1.1927453209e+00	
1.9400230685e+01	1.1938453752e+00	
1.9500677205e+01	1.1949188852e+00	
1.9600608073e+01	1.1959526921e+00	
1.9700050081e+01	1.1969495712e+00	
1.9800551888e+01	1.1979271781e+00	
1.9900618714e+01	1.1988757211e+00	
2.0000268188e+01	1.1998054847e+00	
2.0100284984e+01	1.2006950804e+00	
2.0200688138e+01	1.2015382206e+00	
2.0300716466e+01	1.2022868121e+00	
2.0400371886e+01	1.2027649791e+00	
2.0500190545e+01	1.2029214946e+00	
2.0600408546e+01	1.2026946051e+00	
2.0700226461e+01	1.2019962740e+00	
2.0800426734e+01	1.2007442451e+00	
2.0900250483e+01	1.1987974968e+00	
2.1000482014e+01	1.1959138490e+00	
2.1100376056e+01	1.1922867563e+00	
2.1200718279e+01	1.1887911029e+00	
2.1300017440e+01	1.1855271718e+00	
2.1400576205e+01	1.1824405815e+00	
2.1500156910e+01	1.1796264857e+00	
2.1600303783e+01	1.1770694618e+00	
2.1700298502e+01	1.1748200960e+00	
2.1800178982e+01	1.1729082717e+00	
2.1900733993e+01	1.1713599341e+00	
2.2000501532e+01	1.1702304101e+00	
2.2100270862e+01	1.1695357342e+00	
2.2200081100e+01	1.1693022924e+00	
2.2300722701e+01	1.1691605496e+00	
2.2400732264e+01	1.1684510411e+00	
2.2500144421e+01	1.1671557979e+00	
2.2600502039e+01	1.1651882860e+00	
2.2700330988e+01	1.1625223434e+00	
2.2800418337e+01	1.1591935268e+00	
2.2900033913e+01	1.1555294620e+00	
2.3000727764e+01	1.1515468539e+00	
2.3100233913e+01	1.1473192326e+00	
2.3200098738e+01	1.1428270689e+00	
2.3300342476e+01	1.1380898940e+00	
2.3400206544e+01	1.1331739579e+00	
2.3500473917e+01	1.1280762444e+00	
2.3600316404e+01	1.1228742645e+00	
2.3700701055e+01	1.1175569448e+00	
2.3800680908e+01	1.1122183560e+00	
2.3900268351e+01	1.1069028261e+00	
2.4000246350e+01	1.1016161849e+00	
2.4100624522e+01	1.0983726367e+00	
2.4200655253e+01	1.0984850345e+00	
2.4300364173e+01	1.0986219046e+00	
2.4400537137e+01	1.0987884324e+00	
2.4500442360e+01	1.0989878548e+00	
2.4600112360e+01	1.0992231205e+00	
2.4700334229e+01	1.0994997535e+00	
2.4800388431e+01	1.0998183540e+00	
2.4900312438e+01	1.1001807453e+00	
2.5000144457e+01	1.1005881463e+00	
2.5100673188e+01	1.1010455998e+00	
2.5200436956e+01	1.1015475530e+00	
2.5300225077e+01	1.1020974271e+00	
2.5400076597e+01	1.1026956252e+00	
2.5500030166e+01	1.1033431545e+00	
2.5600123886e+01	1.1040390598e+00	
2.5700395023e+01	1.1047819682e+00	
2.5800123243e+01	1.1055645566e+00	
2.5900095578e+01	1.1063914531e+00	
2.6000344243e+01	1.1072534165e+00	
2.6100136492e+01	1.1080922392e+00	
2.6200258120e+01	1.1088628676e+00	
2.6300734114e+01	1.1095623922e+00	
2.6400043873e+01	1.1101837979e+00	
2.6500511187e+01	1.1107426833e+00	
2.6600605360e+01	1.1112310036e+00	
2.6700327954e+01	1.1116515452e+00	
2.6800098361e+01	1.1120092037e+00	
2.6900250237e+01	1.1123088019e+00	
2.7000003701e+01	1.1125527610e+00	
2.7100140647e+01	1.1127481753e+00	
2.7200670185e+01	1.1128997903e+00	
2.7300078810e+01	1.1130112336e+00	
2.7400681168e+01	1.1130913217e+00	
2.7500214117e+01	1.1131446716e+00	
2.7600226939e+01	1.1131781750e+00	
2.7700745512e+01	1.1131963337e+00	
2.7800292124e+01	1.1132037266e+00	
2.7900410703e+01	1.1131258261e+00	
2.8000383359e+01	1.1129164962e+00	
2.8100248093e+01	1.1125902361e+00	
2.8200043591e+01	1.1121532306e+00	
2.8300558983e+01	1.1115917680e+00	
2.8400332602e+01	1.1108950240e+00	
2.8500153602e+01	1.1100300289e+00	
2.8600060924e+01	1.1089532281e+00	
2.8700092991e+01	1.1078907609e+00	
2.8800287404e+01	1.1070550466e+00	
2.8900680800e+01	1.1064562512e+00	
2.9000550984e+01	1.1061082599e+00	
2.9100685012e+01	1.1060176083e+00	
2.9200351999e+01	1.1061958797e+00	
2.9300337813e+01	1.1064870970e+00	
2.9400668309e+01	1.1064880574e+00	
2.9500596533e+01	1.1061566667e+00	
2.9600133658e+01	1.1054840810e+00	
2.9700063175e+01	1.1044765919e+00	
2.9800397805e+01	1.1031438994e+00	
2.9900247701e+01	1.1015641871e+00	
3.0000563043e+01	1.1000183186e+00	
3.0100475509e+01	1.0984695476e+00	
3.0200768074e+01	1.0965214673e+00	
3.0300681268e+01	1.0938063191e+00	
3.0400233642e+01	1.0909374000e+00	
3.0500209572e+01	1.0879007671e+00	
3.0600627498e+01	1.0847133160e+00	
3.0700751969e+01	1.0814216615e+00	
3.0800614131e+01	1.0780513376e+00	
3.0900246924e+01	1.0746284191e+00	
3.1000437484e+01	1.0711541164e+00	
3.1100466744e+01	1.0676811551e+00	
3.1200372301e+01	1.0669792237e+00	
3.1300192342e+01	1.0672083274e+00	
3.1400715211e+01	1.0674414250e+00	
3.1500479818e+01	1.0676718859e+00	
3.1600275443e+01	1.0679033915e+00	
3.1700141027e+01	1.0681378391e+00	
3.1800115137e+01	1.0683770834e+00	
3.1900235700e+01	1.0686229889e+00	
3.2000539734e+01	1.0688771277e+00	
3.2100306361e+01	1.0691308491e+00	
3.2200322586e+01	1.0693825256e+00	
3.2300620329e+01	1.0696342315e+00	
3.2400466065e+01	1.0698852221e+00	
3.2500645540e+01	1.0701383997e+00	
3.2600414386e+01	1.0703928742e+00	
3.2700557179e+01	1.0706516647e+00	
3.2800317102e+01	1.0709138304e+00	
3.2900477365e+01	1.0711817982e+00	
3.3000261617e+01	1.0714539319e+00	
3.3100744132e+01	1.0717332327e+00	
3.3200051297e+01	1.0720144474e+00	
3.3300509580e+01	1.0723041469e+00	
3.3400579460e+01	1.0725979667e+00	
3.3500279642e+01	1.0728960228e+00	
3.3600394842e+01	1.0732010843e+00	
3.3700181730e+01	1.0735113384e+00	
3.3800426026e+01	1.0738295924e+00	
3.3900395073e+01	1.0741542115e+00	
3.4000120759e+01	1.0744862593e+00	
3.4100390036e+01	1.0748295701e+00	
3.4200482564e+01	1.0751822859e+00	
3.4300435554e+01	1.0755443096e+00	
3.4400286933e+01	1.0759154491e+00	
3.4500074733e+01	1.0762937904e+00	
3.4600588048e+01	1.0766800135e+00	
3.4700365974e+01	1.0770680395e+00	
3.4800197797e+01	1.0774599135e+00	
3.4900122371e+01	1.0778540585e+00	
3.5000177966e+01	1.0782493053e+00	
3.5100402059e+01	1.0786442353e+00	
3.5200075126e+01	1.0790342770e+00	
3.5300742264e+01	1.0794242375e+00	
3.5400162566e+01	1.0798039738e+00	
3.5500640470e+01	1.0801806415e+00	
3.5600681695e+01	1.0805467130e+00	
3.5700304049e+01	1.0809003762e+00	
3.5800292171e+01	1.0812426131e+00	
3.5900665331e+01	1.0815717515e+00	
3.6000662771e+01	1.0818840090e+00	
3.6100287133e+01	1.0821788597e+00	
3.6200121581e+01	1.0824581264e+00	
3.6300368968e+01	1.0827225280e+00	
3.6400215400e+01	1.0829701307e+00	
3.6500443960e+01	1.0832028587e+00	
3.6600296392e+01	1.0834191975e+00	
3.6700556001e+01	1.0836213229e+00	
3.6800476178e+01	1.0838073055e+00	
3.6900083326e+01	1.0839756974e+00	
3.7000163318e+01	1.0841282836e+00	
3.7100741398e+01	1.0842652454e+00	
3.7200338577e+01	1.0843851112e+00	
3.7300499236e+01	1.0844902915e+00	
3.7400504856e+01	1.0845803148e+00	
3.7500393209e+01	1.0846560501e+00	
3.7600202630e+01	1.0847191082e+00	
3.7700721377e+01	1.0847713975e+00	
3.7800488300e+01	1.0848135647e+00	
3.7900292676e+01	1.0848475370e+00	
3.8000173439e+01	1.0848747199e+00	
3.8100169092e+01	1.0848964549e+00	
3.8200317458e+01	1.0849142642e+00	
3.8300655399e+01	1.0849296622e+00	
3.8400461513e+01	1.0849435822e+00	
3.8500522818e+01	1.0849571079e+00	
3.8600109540e+01	1.0849709283e+00	
3.8700007613e+01	1.0849860269e+00	
3.8800243648e+01	1.0850032489e+00	
3.8900072326e+01	1.0850234693e+00	
3.9000278156e+01	1.0850478409e+00	
3.9100103267e+01	1.0850771306e+00	
3.9200330773e+01	1.0851124997e+00	
3.9300155442e+01	1.0851542897e+00	
3.9400570041e+01	1.0852037070e+00	
3.9500583835e+01	1.0852609696e+00	
3.9600202423e+01	1.0853264399e+00	
3.9700209280e+01	1.0854008752e+00	
3.9800614996e+01	1.0854847961e+00	
3.9900671560e+01	1.0855783562e+00	
4.0000404418e+01	1.0856823912e+00	
4.0100599090e+01	1.0857986980e+00	
4.0200523510e+01	1.0859045453e+00	
4.0300210201e+01	1.0859153156e+00	
4.0400446258e+01	1.0857799837e+00	
4.0500511865e+01	1.0853801507e+00	
4.0600444393e+01	1.0844198584e+00	
4.0700282029e+01	1.0830600797e+00	
4.0800062905e+01	1.0818530074e+00	
4.0900575931e+01	1.0807918910e+00	
4.1000360216e+01	1.0798964692e+00	
4.1100204969e+01	1.0791658371e+00	
4.1200148939e+01	1.0786092193e+00	
4.1300230280e+01	1.0782373042e+00	
4.1400486235e+01	1.0780616018e+00	
4.1500196744e+01	1.0780932614e+00	
4.1600149043e+01	1.0783257774e+00	
4.1700375552e+01	1.0784438568e+00	
4.1800143900e+01	1.0783104369e+00	
4.1900239872e+01	1.0778999581e+00	
4.2000688531e+01	1.0771667539e+00	
4.2100741042e+01	1.0760948740e+00	
4.2200407427e+01	1.0746780976e+00	
4.2300470965e+01	1.0729411962e+00	
4.2400161990e+01	1.0709589758e+00	
4.2500737100e+01	1.0680879317e+00	
4.2600139012e+01	1.0649500935e+00	
4.2700692127e+01	1.0622563533e+00	
4.2800085544e+01	1.0595003765e+00	
4.2900644206e+01	1.0565712909e+00	
4.3000081194e+01	1.0535621684e+00	
4.3100710255e+01	1.0504314634e+00	
4.3200267422e+01	1.0472790844e+00	
4.3300302213e+01	1.0440866865e+00	
4.3400085264e+01	1.0409077506e+00	
4.3500403616e+01	1.0377477316e+00	
4.3600536188e+01	1.0346599778e+00	
4.3700519952e+01	1.0316745329e+00	
4.3800392808e+01	1.0288114360e+00	
4.3900192666e+01	1.0260923366e+00	
4.4000708230e+01	1.0235227822e+00	
4.4100478502e+01	1.0211639169e+00	
4.4200292738e+01	1.0190139330e+00	
4.4300189816e+01	1.0170822072e+00	
4.4400208141e+01	1.0153876203e+00	
4.4500385392e+01	1.0139474597e+00	
4.4600002769e+01	1.0127848104e+00	
4.4700604811e+01	1.0118954487e+00	
4.4800712000e+01	1.0113033904e+00	
4.4900349342e+01	1.0110102706e+00	
4.5000302721e+01	1.0109965912e+00	
4.5100598346e+01	1.0108223526e+00	
4.5200489931e+01	1.0103075792e+00	
4.5300761902e+01	1.0094458204e+00	
4.5400655271e+01	1.0082512263e+00	
4.5500173741e+01	1.0068493029e+00	
4.5600016339e+01	1.0054204695e+00	
4.5700363991e+01	1.0040093385e+00	
4.5800310392e+01	1.0021257453e+00	
4.5900634259e+01	1.0001150610e+00	
4.6000575810e+01	9.9799911552e-01	
4.6100154836e+01	9.9578853801e-01	
4.6200156111e+01	9.9347877570e-01	
4.6300597914e+01	9.9107774268e-01	
4.6400744484e+01	9.8861674055e-01	
4.6500626638e+01	9.8611719752e-01	
4.6600276796e+01	9.8360205754e-01	
4.6700482051e+01	9.8107642329e-01	
4.6800523081e+01	9.7858436301e-01	
4.6900437395e+01	9.7615057944e-01	
4.7000262877e+01	9.7379921585e-01	
4.7100037765e+01	9.7155358617e-01	
4.7200551298e+01	9.6942081907e-01	
4.7300342606e+01	9.6745444539e-01	
4.7400200871e+01	9.6565848923e-01	
4.7500164765e+01	9.6405210410e-01	
4.7600272287e+01	9.6265292496e-01	
4.7700560535e+01	9.6147717373e-01	
4.7800308964e+01	9.6054567955e-01	
4.7900304751e+01	9.5986134184e-01	
4.8000580017e+01	9.5943489594e-01	
4.8100401604e+01	9.5927554642e-01	
4.8200555239e+01	9.5938696597e-01	
4.8300296903e+01	9.5969477253e-01	
4.8400411146e+01	9.5970228911e-01	
4.8500141554e+01	9.5930807001e-01	
4.8600271297e+01	9.5849420396e-01	
4.8700028253e+01	9.5725509588e-01	
4.8800543716e+01	9.5562828618e-01	
4.8900653675e+01	9.5374017519e-01	
4.9000366903e+01	9.5168713037e-01	
4.9100466670e+01	9.4939020053e-01	
4.9200196859e+01	9.4700038191e-01	
4.9300341585e+01	9.4455363119e-01	
4.9400155429e+01	9.4257887112e-01	
4.9500424018e+01	9.4056972207e-01	
4.9600414281e+01	9.3855861800e-01	
4.9700158301e+01	9.3656257149e-01	
4.9800443159e+01	9.3458416824e-01	
4.9900548320e+01	9.3265624182e-01	
5.0000510932e+01	9.3079578295e-01	
5.0100368844e+01	9.2901938646e-01	
5.0200159954e+01	9.2734350693e-01	
5.0300673264e+01	9.2577294310e-01	
5.0400447812e+01	9.2434664341e-01	
5.0500272824e+01	9.2306696659e-01	
5.0600187112e+01	9.2194734613e-01	
5.0700228976e+01	9.2099620740e-01	
5.0800435954e+01	9.2020499497e-01	
5.0900088750e+01	9.1957886941e-01	
5.1000732238e+01	9.1911775153e-01	
5.1100126173e+01	9.1883752180e-01	
5.1200574574e+01	9.1873607265e-01	
5.1300583850e+01	9.1881807330e-01	
5.1400172163e+01	9.1882038214e-01	
5.1500124265e+01	9.1856207954e-01	
5.1600459792e+01	9.1803794677e-01	
5.1700418692e+01	9.1731006279e-01	
5.1800003260e+01	9.1640794991e-01	
5.1900620662e+01	9.1546344005e-01	
5.2000122399e+01	9.1461717802e-01	
5.2100002178e+01	9.1351888521e-01	
5.2200261455e+01	9.1216017372e-01	
5.2300141516e+01	9.1073016667e-01	
5.2400426855e+01	9.0922332234e-01	
5.2500371403e+01	9.0765929445e-01	
5.2600001466e+01	9.0604950979e-01	
5.2700102990e+01	9.0439440974e-01	
5.2800700619e+01	9.0270818683e-01	
5.2900314678e+01	9.0103213779e-01	
5.3000489622e+01	8.9935768147e-01	
5.3100506609e+01	8.9771496937e-01	
5.3200403220e+01	8.9612202148e-01	
5.3300217073e+01	8.9458984017e-01	
5.3400736914e+01	8.9310553180e-01	
5.3500501809e+01	8.9170195530e-01	
5.3600301121e+01	8.9038413348e-01	
5.3700173898e+01	8.8916745179e-01	
5.3800158685e+01	8.8806664171e-01	
5.3900293336e+01	8.8709540284e-01	
5.4000614820e+01	8.8626625599e-01	
5.4100402053e+01	8.8559510093e-01	
5.4200442185e+01	8.8508487985e-01	
5.4300005837e+01	8.8474486678e-01	
5.4400642588e+01	8.8457643382e-01	
5.4500088263e+01	8.8458706255e-01	
5.4600658020e+01	8.8464640151e-01	
5.4700065298e+01	8.8442906115e-01	
5.4800635178e+01	8.8390434709e-01	
5.4900056139e+01	8.8307357497e-01	
5.5000644306e+01	8.8190821646e-01	
5.5100312380e+01	8.8047187844e-01	
5.5200355662e+01	8.7885307107e-01	
5.5300004418e+01	8.7713886681e-01	
5.5400042015e+01	8.7508467624e-01	
5.5500478690e+01	8.7293676073e-01	
5.5600565403e+01	8.7090313260e-01	
5.5700325697e+01	8.6885227494e-01	
5.5800545222e+01	8.6675357581e-01	
5.5900491666e+01	8.6464032715e-01	
5.6000197405e+01	8.6253067126e-01	
5.6100449558e+01	8.6042693231e-01	
5.6200528103e+01	8.5836256301e-01	
5.6300470330e+01	8.5635537302e-01	
5.6400313688e+01	8.5442307658e-01	
5.6500096642e+01	8.5258276023e-01	
5.6600608347e+01	8.5083820268e-01	
5.6700387869e+01	8.4923099225e-01	
5.6800224378e+01	8.4776215202e-01	
5.6900156613e+01	8.4644503568e-01	
5.7000222776e+01	8.4529184426e-01	
5.7100460287e+01	8.4431383697e-01	
5.7200149345e+01	8.4352612163e-01	
5.7300077061e+01	8.4292887777e-01	
5.7400275961e+01	8.4252876939e-01	
5.7500014103e+01	8.4233155158e-01	
5.7600077326e+01	8.4233710019e-01	
5.7700490997e+01	8.4247335090e-01	
5.7800506902e+01	8.4239903276e-01	
5.7900135463e+01	8.4206209716e-01	
5.8000160070e+01	8.4147176051e-01	
5.8100590452e+01	8.4070708439e-01	
5.8200401206e+01	8.3979381783e-01	
5.8300611787e+01	8.3874653798e-01	
5.8400422327e+01	8.3763910128e-01	
5.8500614580e+01	8.3639786449e-01	
5.8600430962e+01	8.3508086621e-01	
5.8700656014e+01	8.3368294673e-01	
5.8800544638e+01	8.3222205161e-01	
5.8900123558e+01	8.3070846027e-01	
5.9000178755e+01	8.2914220990e-01	
5.9100735507e+01	8.2753624984e-01	
5.9200314812e+01	8.2592967571e-01	
5.9300460818e+01	8.2431412748e-01	
5.9400455163e+01	8.2271861524e-01	
5.9500335127e+01	8.2116018877e-01	
5.9600138531e+01	8.1965483266e-01	
5.9700654419e+01	8.1819777324e-01	
5.9800421898e+01	8.1682235015e-01	
5.9900230284e+01	8.1552092859e-01	
6.0000118554e+01	8.1430796788e-01	
6.0100125184e+01	8.1319778042e-01	
6.0200287876e+01	8.1220252736e-01	
6.0300643431e+01	8.1133381792e-01	
6.0400470237e+01	8.1060735465e-01	
6.0500555389e+01	8.1002550275e-01	
6.0600168769e+01	8.0959911199e-01	
6.0700096281e+01	8.0932997300e-01	
6.0800364288e+01	8.0922357247e-01	
6.0900226902e+01	8.0923284632e-01	
6.1000468536e+01	8.0899504284e-01	
6.1100330658e+01	8.0843772696e-01	
6.1200596249e+01	8.0758452180e-01	
6.1300433842e+01	8.0650153176e-01	
6.1400035316e+01	8.0520167346e-01	
6.1500012510e+01	8.0370071811e-01	
6.1600368022e+01	8.0193812079e-01	
6.1700341465e+01	7.9987316813e-01	
6.1800717160e+01	7.9766625047e-01	
6.1900747044e+01	7.9545889620e-01	
6.2000455005e+01	7.9331883024e-01	
6.2100626701e+01	7.9125898802e-01	
6.2200530606e+01	7.8922304075e-01	
6.2300199407e+01	7.8718264613e-01	
6.2400420267e+01	7.8514158396e-01	
6.2500473689e+01	7.8313410143e-01	
6.2600396898e+01	7.8117784158e-01	
6.2700227404e+01	7.7929023257e-01	
6.2800003936e+01	7.7748798602e-01	
6.2900515670e+01	7.7577450418e-01	
6.3000301704e+01	7.7419015749e-01	
6.3100151184e+01	7.7273542331e-01	
6.3200102786e+01	7.7142288018e-01	
6.3300194597e+01	7.7026400182e-01	
6.3400463873e+01	7.6926930871e-01	
6.3500190329e+01	7.6845350076e-01	
6.3600161048e+01	7.6781612624e-01	
6.3700408261e+01	7.6736353948e-01	
6.3800199272e+01	7.6710196215e-01	
6.3900319867e+01	7.6703078007e-01	
6.4000026583e+01	7.6714864754e-01	
6.4100104046e+01	7.6718351508e-01	
6.4200570861e+01	7.6693557622e-01	
6.4300664565e+01	7.6642015539e-01	
6.4400383710e+01	7.6573500327e-01	
6.4500145462e+01	7.6493938158e-01	
6.4600289075e+01	7.6402858683e-01	
6.4700033951e+01	7.6299962177e-01	
6.4800162760e+01	7.6182235829e-01	
6.4900684910e+01	7.6058384331e-01	
6.5000087147e+01	7.5929098483e-01	
6.5100684095e+01	7.5791882287e-01	
6.5200212891e+01	7.5650557181e-01	
6.5300222883e+01	7.5503929557e-01	
6.5400739647e+01	7.5353039540e-01	
6.5500285086e+01	7.5201423779e-01	
6.5600403066e+01	7.5048152909e-01	
6.5700375625e+01	7.4895032192e-01	
6.5800239740e+01	7.4741556200e-01	
6.5900033711e+01	7.4589880891e-01	
6.6000546649e+01	7.4440926761e-01	
6.6100317691e+01	7.4298735120e-01	
6.6200136111e+01	7.4163244052e-01	
6.6300040781e+01	7.4035088058e-01	
6.6400070060e+01	7.3915679131e-01	
6.6500261575e+01	7.3806316370e-01	
6.6600651972e+01	7.3708202255e-01	
6.6700519094e+01	7.3623041258e-01	
6.6800649956e+01	7.3551026669e-01	
6.6900313707e+01	7.3493396242e-01	
6.7000296212e+01	7.3450261150e-01	
6.7100623421e+01	7.3422199139e-01	
6.7200548491e+01	7.3409692164e-01	
6.7300082662e+01	7.3396774064e-01	
6.7400009400e+01	7.3354109315e-01	
6.7500341497e+01	7.3286330012e-01	
6.7600185217e+01	7.3195103830e-01	
6.7700496035e+01	7.3080708592e-01	
6.7800404381e+01	7.2945548482e-01	
6.7900693075e+01	7.2785795811e-01	
6.8000602850e+01	7.2600681977e-01	
6.8100153655e+01	7.2398306067e-01	
6.8200129644e+01	7.2185603188e-01	
6.8300547610e+01	7.1969460558e-01	
6.8400672020e+01	7.1756230933e-01	
6.8500534019e+01	7.1548798020e-01	
6.8600166588e+01	7.1348966533e-01	
6.8700356936e+01	7.1152756828e-01	
6.8800386014e+01	7.0958168846e-01	
6.8900290628e+01	7.0766912464e-01	
6.9000108853e+01	7.0580712273e-01	
6.9100629643e+01	7.0399911389e-01	
6.9200392008e+01	7.0228796165e-01	
6.9300185269e+01	7.0067464836e-01	
6.9400048446e+01	6.9917284714e-01	
6.9500020141e+01	6.9779511499e-01	
6.9600138355e+01	6.9655288557e-01	
6.9700440159e+01	6.9545640172e-01	
6.9800204712e+01	6.9452122920e-01	
6.9900219081e+01	6.9374643101e-01	
7.0000515211e+01	6.9313856069e-01	
7.0100359638e+01	6.9270561656e-01	
7.0200538096e+01	6.9244633954e-01	
7.0300306177e+01	6.9236330849e-01	
7.0400448433e+01	6.9245279002e-01	
7.0500208036e+01	6.9244713532e-01	
7.0600367403e+01	6.9216469707e-01	
7.0700147004e+01	6.9166045429e-01	
7.0800620878e+01	6.9105610887e-01	
7.0900694708e+01	6.9037110894e-01	
7.1000371615e+01	6.8960145342e-01	
7.1100434849e+01	6.8871862739e-01	
7.1200128962e+01	6.8765098833e-01	
7.1300238659e+01	6.8650475177e-01	
7.1400020710e+01	6.8534483291e-01	
7.1500260954e+01	6.8413558181e-01	
7.1600226828e+01	6.8288230235e-01	
7.1700704841e+01	6.8158303461e-01	
7.1800217734e+01	6.8026683073e-01	
7.1900309086e+01	6.7892458105e-01	
7.2000260931e+01	6.7757810752e-01	
7.2100110360e+01	6.7623352503e-01	
7.2200646188e+01	6.7487009384e-01	
7.2300407215e+01	6.7353013704e-01	
7.2400182965e+01	6.7221979416e-01	
7.2500012548e+01	6.7095268894e-01	
7.2600686525e+01	6.6973431631e-01	
7.2700740812e+01	6.6859604885e-01	
7.2800209500e+01	6.6754828986e-01	
7.2900635897e+01	6.6658650611e-01	
7.3000544364e+01	6.6573554115e-01	
7.3100721887e+01	6.6499716208e-01	
7.3200436887e+01	6.6438391951e-01	
7.3300475194e+01	6.6389691966e-01	
7.3400094639e+01	6.6354438435e-01	
7.3500079891e+01	6.6332696691e-01	
7.3600450271e+01	6.6324831649e-01	
7.3700445106e+01	6.6307684299e-01	
7.3800067201e+01	6.6266069265e-01	
7.3900673779e+01	6.6200690765e-01	
7.4000138771e+01	6.6113885016e-01	
7.4100754214e+01	6.6004874125e-01	
7.4200207195e+01	6.5877149129e-01	
7.4300056838e+01	6.5728686544e-01	
7.4400315161e+01	6.5562256274e-01	
7.4500235597e+01	6.5384178080e-01	
7.4600602209e+01	6.5198616144e-01	
7.4700680342e+01	6.5011685053e-01	
7.4800501480e+01	6.4826899474e-01	
7.4900098896e+01	6.4646721810e-01	
7.5000259836e+01	6.4471623533e-01	
7.5100265554e+01	6.4302396240e-01	
7.5200152895e+01	6.4135691001e-01	
7.5300710463e+01	6.3971692040e-01	
7.5400476591e+01	6.3814370728e-01	
7.5500241026e+01	6.3663932464e-01	
7.5600042850e+01	6.3521742285e-01	
7.5700672395e+01	6.3388104741e-01	
7.5800666497e+01	6.3266186265e-01	
7.5900060000e+01	6.3156799172e-01	
7.6000395506e+01	6.3059236523e-01	
7.6100199286e+01	6.2975670311e-01	
7.6200258379e+01	6.2905276968e-01	
7.6300604425e+01	6.2848579805e-01	
7.6400503163e+01	6.2806402933e-01	
7.6500740278e+01	6.2778705589e-01	
7.6600570424e+01	6.2765859581e-01	
7.6700005773e+01	6.2767749528e-01	
7.6800605354e+01	6.2777119234e-01	
7.6900054948e+01	6.2761559745e-01	
7.7000654048e+01	6.2720270822e-01	
7.7100281778e+01	6.2669043787e-01	
7.7200289020e+01	6.2610074251e-01	
7.7300672191e+01	6.2542974686e-01	
7.7400670511e+01	6.2468099321e-01	
7.7500303289e+01	6.2378710230e-01	
7.7600355293e+01	6.2275045124e-01	
7.7700084221e+01	6.2165805379e-01	
7.7800275957e+01	6.2053605713e-01	
7.7900198703e+01	6.1940340025e-01	
7.8000638880e+01	6.1823625951e-01	
7.8100120102e+01	6.1705268717e-01	
7.8200185628e+01	6.1584325525e-01	
7.8300117391e+01	6.1462660734e-01	
7.8400703463e+01	6.1340441913e-01	
7.8500481600e+01	6.1219687039e-01	
7.8600241861e+01	6.1098818377e-01	
7.8700023315e+01	6.0980094900e-01	
7.8800616073e+01	6.0864299082e-01	
7.8900557739e+01	6.0754282512e-01	
7.9000636886e+01	6.0649644861e-01	
7.9100136305e+01	6.0551999516e-01	
7.9200599588e+01	6.0460913072e-01	
7.9300550305e+01	6.0378717243e-01	
7.9400014988e+01	6.0306097710e-01	
7.9500542443e+01	6.0242742626e-01	
7.9600637297e+01	6.0190317437e-01	
7.9700316864e+01	6.0149188591e-01	
7.9800365757e+01	6.0119420901e-01	
7.9900028664e+01	6.0101514167e-01	
8.0000088883e+01	6.0093215621e-01	
8.0100557458e+01	6.0067105170e-01	
8.0200345819e+01	6.0018081056e-01	
8.0300519470e+01	5.9946417058e-01	
8.0400294615e+01	5.9853702334e-01	
8.0500454433e+01	5.9742193275e-01	
8.0600241803e+01	5.9616339977e-01	
8.0700441253e+01	5.9474246138e-01	
8.0800306716e+01	5.9319851870e-01	
8.0900622660e+01	5.9156010437e-01	
8.1000655275e+01	5.8988097216e-01	
8.1100436371e+01	5.8819688517e-01	
8.1200753032e+01	5.8652281558e-01	
8.1300131980e+01	5.8490445409e-01	
8.1400115036e+01	5.8387766029e-01	
8.1500736517e+01	5.8329662799e-01	
8.1600533421e+01	5.8273496033e-01	
8.1700296046e+01	5.8219282409e-01	
8.1800063453e+01	5.8167471185e-01	
8.1900625477e+01	5.8118141850e-01	
8.2000520374e+01	5.8072451914e-01	
8.2100536848e+01	5.8030422241e-01	
8.2200712607e+01	5.7992417821e-01	
8.2300328835e+01	5.7958996901e-01	
8.2400172723e+01	5.7930142789e-01	
8.2500277388e+01	5.7906120992e-01	
8.2600674148e+01	5.7887166543e-01	
8.2700627921e+01	5.7873551146e-01	
8.2800157371e+01	5.7865244019e-01	
8.2900047296e+01	5.7862156932e-01	
8.3000317842e+01	5.7864041609e-01	
8.3100209972e+01	5.7856394043e-01	
8.3200503641e+01	5.7826718297e-01	
8.3300341036e+01	5.7792534823e-01	
8.3400679535e+01	5.7755701213e-01	
8.3500617595e+01	5.7716196699e-01	
8.3600163398e+01	5.7673853781e-01	
8.3700100512e+01	5.7626839942e-01	
8.3800440181e+01	5.7573626094e-01	
8.3900435458e+01	5.7516892059e-01	
8.4000112268e+01	5.7458430161e-01	
8.4100256532e+01	5.7398904506e-01	
8.4200137179e+01	5.7339189791e-01	
8.4300540563e+01	5.7278574214e-01	
8.4400743926e+01	5.7217889171e-01	
8.4500031773e+01	5.7158050652e-01	
8.4600695334e+01	5.7098186498e-01	
8.4700517831e+01	5.7040143141e-01	
8.4800289791e+01	5.6983380176e-01	
8.4900050337e+01	5.6928027979e-01	
8.5000589032e+01	5.6874376750e-01	
8.5100444609e+01	5.6823795724e-01	
8.5200405873e+01	5.6776375931e-01	
8.5300510864e+01	5.6732571927e-01	
8.5400041952e+01	5.6693077007e-01	
8.5500543006e+01	5.6657661882e-01	
8.5600536788e+01	5.6627191901e-01	
8.5700049400e+01	5.6601852175e-01	
8.5800630033e+01	5.6581538814e-01	
8.5900016256e+01	5.6566885782e-01	
8.6000522361e+01	5.6557658045e-01	
8.6100635372e+01	5.6554017645e-01	
8.6200364749e+01	5.6555818736e-01	
8.6300493710e+01	5.6546255671e-01	
8.6400249921e+01	5.6521708775e-01	
8.6500756892e+01	5.6494138205e-01	
8.6600086561e+01	5.6464680492e-01	
8.6700568875e+01	5.6432472287e-01	
8.6800663733e+01	5.6397823864e-01	
8.6900389549e+01	5.6358226203e-01	
8.7000530862e+01	5.6313093024e-01	
8.7100342146e+01	5.6264437471e-01	
8.7200608319e+01	5.6213233250e-01	
8.7300596374e+01	5.6160827047e-01	
8.7400338437e+01	5.6107901204e-01	
8.7500621624e+01	5.6054550870e-01	
8.7600725389e+01	5.6001565561e-01	
8.7700685908e+01	5.5948957329e-01	
8.7800540880e+01	5.5896889379e-01	
8.7900328954e+01	5.5845771085e-01	
8.8000089198e+01	5.5796023850e-01	
8.8100610974e+01	5.5747718101e-01	
8.8200433339e+01	5.5701989578e-01	
8.8300345258e+01	5.5658876289e-01	
8.8400385084e+01	5.5618770125e-01	
8.8500590377e+01	5.5582034924e-01	
8.8600241858e+01	5.5549233134e-01	
8.8700126679e+01	5.5520370476e-01	
8.8800277674e+01	5.5495724359e-01	
8.8900725826e+01	5.5475552828e-01	
8.9000735237e+01	5.5460180542e-01	
8.9100324068e+01	5.5449626002e-01	
8.9200277057e+01	5.5443851556e-01	
8.9300613818e+01	5.5442910173e-01	
8.9400573774e+01	5.5446755042e-01	
8.9500156714e+01	5.5440697123e-01	
8.9600768078e+01	5.5416050646e-01	
8.9700261822e+01	5.5388519264e-01	
8.9800134236e+01	5.5358709556e-01	
8.9900386588e+01	5.5326302751e-01	
9.0000260278e+01	5.5291393032e-01	
9.0100539800e+01	5.5251981152e-01	
9.0200479182e+01	5.5207699633e-01	
9.0300104771e+01	5.5160424214e-01	
9.0400202525e+01	5.5111201001e-01	
9.0500042027e+01	5.5061328918e-01	
9.0600409594e+01	5.5010943576e-01	
9.0700583150e+01	5.4960263042e-01	
9.0800598664e+01	5.4909484977e-01	
9.0900492720e+01	5.4859003063e-01	
9.1000303752e+01	5.4809238067e-01	
9.1100070706e+01	5.4760511945e-01	
9.1200582863e+01	5.4712143341e-01	
9.1300379369e+01	5.4665370155e-01	
9.1400249306e+01	5.4620387967e-01	
9.1500231261e+01	5.4577675303e-01	
9.1600363150e+01	5.4537665127e-01	
9.1700681970e+01	5.4500757056e-01	
9.1800466672e+01	5.4467551380e-01	
9.1900504356e+01	5.4438078136e-01	
9.2000065648e+01	5.4412796598e-01	
9.2100700119e+01	5.4391601231e-01	
9.2200143660e+01	5.4375170565e-01	
9.2300711389e+01	5.4363265502e-01	
9.2400116822e+01	5.4356208336e-01	
9.2500685048e+01	5.4353762248e-01	
9.2600104637e+01	5.4352813199e-01	
9.2700690374e+01	5.4334697164e-01	
9.2800351547e+01	5.4309922361e-01	
9.2900389773e+01	5.4282843341e-01	
9.3000033954e+01	5.4253504085e-01	
9.3100067442e+01	5.4221540452e-01	
9.3200500514e+01	5.4185708288e-01	
9.3300584381e+01	5.4144508095e-01	
9.3400342251e+01	5.4099259566e-01	
9.3500559506e+01	5.4050863197e-01	
9.3600503923e+01	5.4000661114e-01	
9.3700207935e+01	5.3949385860e-01	
9.3800458702e+01	5.3897181559e-01	
9.3900536017e+01	5.3844859765e-01	
9.4000476085e+01	5.3792730591e-01	
9.4100316930e+01	5.3740778667e-01	
9.4200097292e+01	5.3689293704e-01	
9.4300606352e+01	5.3638293055e-01	
9.4400383283e+01	5.3588938157e-01	
9.4500217326e+01	5.3541241582e-01	
9.4600147314e+01	5.3495602598e-01	
9.4700211494e+01	5.3452406919e-01	
9.4800447274e+01	5.3412014104e-01	
9.4900134887e+01	5.3375026248e-01	
9.5000061457e+01	5.3341439686e-01	
9.5100259540e+01	5.3311553769e-01	
9.5200759788e+01	5.3285646186e-01	
9.5300060314e+01	5.3264224236e-01	
9.5400474212e+01	5.3246930444e-01	
9.5500490676e+01	5.3234165798e-01	
9.5600120120e+01	5.3225831010e-01	
9.5700144684e+01	5.3221758113e-01	
9.5800573064e+01	5.3219002869e-01	
9.5900377389e+01	5.3196808199e-01	
9.6000581035e+01	5.3167835021e-01	
9.6100385276e+01	5.3137109492e-01	
9.6200571647e+01	5.3104148486e-01	
9.6300382653e+01	5.3069049131e-01	
9.6400602866e+01	5.3030887941e-01	
9.6500487277e+01	5.2988045614e-01	
9.6600062634e+01	5.2941827684e-01	
9.6700114918e+01	5.2893281107e-01	
9.6800669454e+01	5.2843419549e-01	
9.6900247111e+01	5.2793686957e-01	
9.7000391947e+01	5.2743692013e-01	
9.7100384443e+01	5.2693688352e-01	
9.7200261748e+01	5.2643940398e-01	
9.7300062410e+01	5.2594831440e-01	
9.7400575481e+01	5.2546359255e-01	
9.7500340111e+01	5.2498924316e-01	
9.7600145586e+01	5.2452509894e-01	
9.7700030884e+01	5.2407653413e-01	
9.7800034500e+01	5.2364811875e-01	
9.7900194221e+01	5.2324401795e-01	
9.8000546864e+01	5.2286805459e-01	
9.8100370837e+01	5.2252622494e-01	
9.8200453204e+01	5.2221878387e-01	
9.8300063871e+01	5.2195098409e-01	
9.8400752801e+01	5.2172162067e-01	
9.8500254190e+01	5.2153782302e-01	
9.8600114390e+01	5.2139696001e-01	
9.8700353764e+01	5.2129982629e-01	
9.8800213841e+01	5.2124757898e-01	
9.8900477644e+01	5.2124001996e-01	
9.9000312055e+01	5.2121445202e-01	
9.9100684300e+01	5.2102944827e-01	
9.9200653913e+01	5.2080676051e-01	
9.9300231915e+01	5.2056527811e-01	
9.9400201757e+01	5.2030170013e-01	
9.9500574303e+01	5.2001467559e-01	
9.9600601381e+01	5.1969107919e-01	
9.9700306685e+01	5.1932086037e-01	
9.9800475939e+01	5.1891248806e-01	
9.9900377681e+01	5.1847942060e-01	
1.0000004465e+02	5.1803014115e-01	
1.0010026405e+02	5.1756745337e-01	
1.0020031585e+02	5.1709957952e-01	
1.0030023651e+02	5.1663040729e-01	
1.0040006426e+02	5.1616327664e-01	
1.0050058802e+02	5.1569622908e-01	
1.0060034678e+02	5.1523734216e-01	
1.0070012997e+02	5.1478668984e-01	
1.0080072777e+02	5.1434471323e-01	
1.0090067775e+02	5.1392174148e-01	
1.0100001529e+02	5.1352096420e-01	
1.0110028252e+02	5.1313973986e-01	
1.0120000718e+02	5.1278705512e-01	
1.0130073474e+02	5.1246079247e-01	
1.0140022237e+02	5.1217106185e-01	
1.0150001249e+02	5.1191527168e-01	
1.0160013251e+02	5.1169561383e-01	
1.0170060739e+02	5.1151408412e-01	
1.0180068793e+02	5.1137311661e-01	
1.0190038393e+02	5.1127362340e-01	
1.0200047628e+02	5.1121339829e-01	
1.0210019339e+02	5.1119220544e-01	
1.0220072664e+02	5.1112721103e-01	
1.0230008674e+02	5.1089567519e-01	
1.0240059803e+02	5.1063310557e-01	
1.0250071906e+02	5.1035283724e-01	
1.0260046810e+02	5.1005330884e-01	
1.0270062980e+02	5.0973105252e-01	
1.0280046007e+02	5.0937378376e-01	
1.0290074471e+02	5.0897345256e-01	
1.0300075047e+02	5.0854607717e-01	
1.0310050886e+02	5.0810281606e-01	
1.0320005307e+02	5.0765171582e-01	
1.0330017008e+02	5.0719482162e-01	
1.0340014054e+02	5.0673869784e-01	
1.0350000211e+02	5.0628263336e-01	
1.0360054358e+02	5.0582584579e-01	
1.0370030362e+02	5.0537872282e-01	
1.0380007184e+02	5.0493566215e-01	
1.0390063812e+02	5.0449516552e-01	
1.0400054063e+02	5.0406914614e-01	
1.0410056802e+02	5.0365867582e-01	
1.0420000394e+02	5.0327064750e-01	
1.0430039138e+02	5.0290290802e-01	
1.0440025554e+02	5.0256443166e-01	
1.0450038342e+02	5.0225562275e-01	
1.0460004423e+02	5.0198191161e-01	
1.0470002382e+02	5.0174369531e-01	
1.0480034818e+02	5.0154347023e-01	
1.0490027052e+02	5.0138344356e-01	
1.0500057519e+02	5.0126322592e-01	
1.0510050264e+02	5.0118443808e-01	
1.0520005641e+02	5.0114690863e-01	
1.0530067563e+02	5.0114540965e-01	
1.0540020267e+02	5.0101572697e-01	
1.0550010728e+02	5.0080822723e-01	
1.0560039264e+02	5.0058150934e-01	
1.0570029955e+02	5.0033597540e-01	
1.0580061237e+02	5.0006854546e-01	
1.0590058331e+02	4.9977337183e-01	
1.0600023692e+02	4.9943391823e-01	
1.0610035910e+02	4.9905509426e-01	
1.0620021916e+02	4.9864893469e-01	
1.0630060411e+02	4.9822039403e-01	
1.0640003920e+02	4.9778241186e-01	
1.0650006643e+02	4.9733341591e-01	
1.0660071949e+02	4.9687737807e-01	
1.0670053471e+02	4.9642458329e-01	
1.0680030257e+02	4.9597460526e-01	
1.0690006217e+02	4.9552819041e-01	
1.0700060316e+02	4.9508434157e-01	
1.0710046429e+02	4.9465323322e-01	
1.0720043437e+02	4.9423508292e-01	
1.0730055142e+02	4.9383333048e-01	
1.0740009760e+02	4.9345409847e-01	
1.0750061685e+02	4.9309491890e-01	
1.0760063149e+02	4.9276445994e-01	
1.0770016744e+02	4.9246508673e-01	
1.0780001070e+02	4.9219667558e-01	
1.0790018834e+02	4.9196166984e-01	
1.0800072486e+02	4.9176213940e-01	
1.0810009820e+02	4.9160210348e-01	
1.0820063281e+02	4.9147782480e-01	
1.0830001516e+02	4.9139165599e-01	
1.0840057261e+02	4.9134211303e-01	
1.0850026075e+02	4.9130750797e-01	
1.0860032984e+02	4.9110320962e-01	
1.0870000239e+02	4.9085233023e-01	
1.0880006164e+02	4.9058321624e-01	
1.0890051768e+02	4.9029395825e-01	
1.0900062166e+02	4.8998552254e-01	
1.0910039866e+02	4.8964876704e-01	
1.0920063453e+02	4.8926917398e-01	
1.0930059673e+02	4.8886021847e-01	
1.0940031690e+02	4.8843234866e-01	
1.0950058186e+02	4.8799026589e-01	
1.0960067065e+02	4.8754317532e-01	
1.0970061911e+02	4.8709559483e-01	
1.0980046527e+02	4.8664996599e-01	
1.0990024787e+02	4.8620605456e-01	
1.1000000598e+02	4.8576676869e-01	
1.1010052902e+02	4.8532713332e-01	
1.1020035600e+02	4.8489510448e-01	
1.1030027582e+02	4.8447251782e-01	
1.1040032679e+02	4.8406361344e-01	
1.1050054638e+02	4.8367227582e-01	
1.1060021512e+02	4.8330487823e-01	
1.1070012018e+02	4.8296190330e-01	
1.1080029429e+02	4.8264710277e-01	
1.1090000589e+02	4.8236581091e-01	
1.1100004081e+02	4.8211843192e-01	
1.1110042459e+02	4.8190659916e-01	
1.1120040950e+02	4.8173324565e-01	
1.1130000624e+02	4.8159923334e-01	
1.1140077491e+02	4.8150410835e-01	
1.1150039761e+02	4.8145092133e-01	
1.1160022068e+02	4.8143830892e-01	
1.1170045783e+02	4.8138810972e-01	
1.1180029495e+02	4.8120495035e-01	
1.1190051492e+02	4.8099949753e-01	
1.1200035965e+02	4.8077728106e-01	
1.1210061351e+02	4.8053541016e-01	
1.1220052900e+02	4.8027394895e-01	
1.1230013183e+02	4.7997538638e-01	
1.1240020793e+02	4.7963637554e-01	
1.1250002734e+02	4.7926769642e-01	
1.1260037711e+02	4.7887447876e-01	
1.1270053557e+02	4.7846630139e-01	
1.1280053817e+02	4.7804854306e-01	
1.1290042234e+02	4.7762550070e-01	
1.1300022656e+02	4.7720082281e-01	
1.1310073986e+02	4.7677459710e-01	
1.1320050140e+02	4.7635597973e-01	
1.1330030056e+02	4.7594267826e-01	
1.1340017640e+02	4.7553730672e-01	
1.1350016753e+02	4.7514323689e-01	
1.1360031183e+02	4.7476376123e-01	
1.1370064620e+02	4.7440211868e-01	
1.1380044932e+02	4.7406406843e-01	
1.1390050824e+02	4.7375010882e-01	
1.1400009330e+02	4.7346514963e-01	
1.1410075430e+02	4.7320743258e-01	
1.1420022637e+02	4.7298490089e-01	
1.1430005574e+02	4.7279543020e-01	
1.1440026303e+02	4.7264103443e-01	
1.1450008960e+02	4.7252191066e-01	
1.1460031511e+02	4.7243750993e-01	
1.1470013282e+02	4.7238903619e-01	
1.1480053320e+02	4.7237548941e-01	
1.1490053356e+02	4.7224185636e-01	
1.1500013961e+02	4.7202412097e-01	
1.1510013483e+02	4.7178930149e-01	
1.1520052991e+02	4.7153551273e-01	
1.1530057700e+02	4.7126334725e-01	
1.1540030163e+02	4.7096821845e-01	
1.1550048968e+02	4.7063221584e-01	
1.1560040926e+02	4.7026454300e-01	
1.1570009228e+02	4.6987483136e-01	
1.1580032568e+02	4.6946793641e-01	
1.1590038839e+02	4.6905295873e-01	
1.1600031692e+02	4.6863480927e-01	
1.1610014946e+02	4.6821748431e-01	
1.1620067491e+02	4.6779981783e-01	
1.1630043223e+02	4.6738813485e-01	
1.1640021086e+02	4.6697786189e-01	
1.1650004989e+02	4.6657039279e-01	
1.1660073999e+02	4.6616743042e-01	
1.1670006369e+02	4.6578179759e-01	
1.1680031397e+02	4.6540824446e-01	
1.1690001897e+02	4.6505584633e-01	
1.1700072402e+02	4.6472273599e-01	
1.1710018699e+02	4.6441988508e-01	
1.1720071291e+02	4.6414336593e-01	
1.1730004104e+02	4.6390196742e-01	
1.1740048486e+02	4.6369127956e-01	
1.1750053289e+02	4.6351640849e-01	
1.1760019518e+02	4.6337837145e-01	
1.1770025505e+02	4.6327736457e-01	
1.1780072401e+02	4.6321490698e-01	
1.1790050676e+02	4.6319156245e-01	
1.1800067511e+02	4.6315812232e-01	
1.1810044532e+02	4.6298715562e-01	
1.1820060058e+02	4.6278965382e-01	
1.1830038384e+02	4.6257588357e-01	
1.1840057926e+02	4.6234312868e-01	
1.1850044012e+02	4.6209165886e-01	
1.1860075185e+02	4.6180324146e-01	
1.1870002395e+02	4.6148062142e-01	
1.1880055871e+02	4.6112350969e-01	
1.1890011930e+02	4.6074703819e-01	
1.1900024935e+02	4.6035194300e-01	
1.1910022943e+02	4.5994624694e-01	
1.1920009735e+02	4.5953423244e-01	
1.1930064182e+02	4.5911644117e-01	
1.1940040149e+02	4.5870243600e-01	
1.1950016601e+02	4.5829214145e-01	
1.1960072528e+02	4.5788486107e-01	
1.1970061768e+02	4.5748797439e-01	
1.1980063196e+02	4.5710152677e-01	
1.1990005197e+02	4.5673145792e-01	
1.2000042058e+02	4.5637532536e-01	
1.2010026341e+02	4.5604172343e-01	
1.2020036753e+02	4.5573109056e-01	
1.2030000253e+02	4.5544821209e-01	
1.2040071864e+02	4.5519151823e-01	
1.2050024926e+02	4.5496892904e-01	
1.2060014093e+02	4.5477837481e-01	
1.2070041377e+02	4.5462053443e-01	
1.2080030727e+02	4.5449629211e-01	
1.2090060140e+02	4.5440598185e-01	
1.2100043632e+02	4.5435094095e-01	
1.2110076874e+02	4.5433032723e-01	
1.2120070069e+02	4.5421155210e-01	
1.2130024081e+02	4.5400587685e-01	
1.2140017267e+02	4.5378425499e-01	
1.2150050755e+02	4.5354495550e-01	
1.2160049859e+02	4.5328853791e-01	
1.2170017173e+02	4.5301017436e-01	
1.2180031289e+02	4.5269325535e-01	
1.2190019080e+02	4.5234592921e-01	
1.2200059180e+02	4.5197367905e-01	
1.2210004045e+02	4.5158929835e-01	
1.2220007811e+02	4.5119276569e-01	
1.2230073860e+02	4.5078869194e-01	
1.2240055808e+02	4.5038720682e-01	
1.2250032707e+02	4.4998892877e-01	
1.2260008468e+02	4.4959525109e-01	
1.2270062046e+02	4.4919946044e-01	
1.2280047320e+02	4.4880958240e-01	
1.2290043172e+02	4.4842648719e-01	
1.2300053408e+02	4.4805369624e-01	
1.2310006267e+02	4.4769726222e-01	
1.2320056129e+02	4.4735514558e-01	
1.2330055275e+02	4.4703598696e-01	
1.2340006316e+02	4.4674285401e-01	
1.2350064171e+02	4.4647434407e-01	
1.2360002603e+02	4.4623884636e-01	
1.2370053044e+02	4.4603203235e-01	
1.2380064200e+02	4.4585909112e-01	
1.2390037018e+02	4.4572107677e-01	
1.2400049820e+02	4.4561840496e-01	
1.2410025439e+02	4.4555279722e-01	
1.2420075588e+02	4.4552385718e-01	
1.2430008124e+02	4.4550500631e-01	
1.2440055947e+02	4.4534987287e-01	
1.2450065062e+02	4.4516427816e-01	
1.2460037311e+02	4.4496350888e-01	
1.2470051061e+02	4.4474505663e-01	
1.2480031764e+02	4.4450957341e-01	
1.2490057997e+02	4.4424111255e-01	
1.2500056470e+02	4.4393768758e-01	
1.2510030399e+02	4.4360571706e-01	
1.2520058500e+02	4.4324910024e-01	
1.2530068634e+02	4.4287630368e-01	
1.2540064401e+02	4.4249237536e-01	
1.2550049606e+02	4.4210148854e-01	
1.2560028117e+02	4.4170725042e-01	
1.2570003844e+02	4.4131294489e-01	
1.2580055727e+02	4.4091874944e-01	
1.2590037681e+02	4.4053351005e-01	
1.2600028609e+02	4.4015642309e-01	
1.2610032352e+02	4.3978905356e-01	
1.2620052668e+02	4.3943438357e-01	
1.2630017638e+02	4.3909799091e-01	
1.2640005987e+02	4.3878030508e-01	
1.2650021008e+02	4.3848425481e-01	
1.2660065801e+02	4.3821259668e-01	
1.2670066782e+02	4.3796979850e-01	
1.2680025764e+02	4.3775757987e-01	
1.2690021218e+02	4.3757604092e-01	
1.2700055102e+02	4.3742476500e-01	
1.2710051159e+02	4.3730565032e-01	
1.2720009505e+02	4.3721967912e-01	
1.2730070345e+02	4.3716631918e-01	
1.2740019211e+02	4.3714665276e-01	
1.2750005919e+02	4.3706370230e-01	
1.2760030656e+02	4.3688019554e-01	
1.2770017568e+02	4.3668354708e-01	
1.2780045108e+02	4.3647079632e-01	
1.2790038684e+02	4.3624234723e-01	
1.2800000934e+02	4.3599453341e-01	
1.2810010452e+02	4.3571139556e-01	
1.2820069713e+02	4.3539640238e-01	
1.2830030735e+02	4.3506152092e-01	
1.2840047900e+02	4.3470821960e-01	
1.2850049163e+02	4.3434436019e-01	
1.2860038278e+02	4.3397439523e-01	
1.2870019086e+02	4.3360214209e-01	
1.2880070487e+02	4.3322832532e-01	
1.2890046396e+02	4.3286178787e-01	
1.2900025744e+02	4.3250108279e-01	
1.2910012435e+02	4.3214259496e-01	
1.2920010332e+02	4.3178944792e-01	
1.2930023228e+02	4.3144490238e-01	
1.2940054823e+02	4.3111214213e-01	
1.2950033014e+02	4.3079666306e-01	
1.2960036507e+02	4.3049924286e-01	
1.2970068485e+02	4.3022329221e-01	
1.2980055560e+02	4.2997359871e-01	
1.2990076304e+02	4.2975039770e-01	
1.3000056228e+02	4.2955642144e-01	
1.3010073782e+02	4.2939186190e-01	
1.3020053224e+02	4.2925939017e-01	
1.3030072867e+02	4.2915938511e-01	
1.3040053508e+02	4.2909370505e-01	
1.3050019196e+02	4.2906207539e-01	
1.3060022671e+02	4.2904913403e-01	
1.3070063857e+02	4.2890915769e-01	
1.3080066622e+02	4.2873567148e-01	
1.3090032864e+02	4.2854766651e-01	
1.3100040874e+02	4.2834284107e-01	
1.3110016278e+02	4.2812157280e-01	
1.3120037662e+02	4.2786873139e-01	
1.3130031811e+02	4.2758347847e-01	
1.3140001974e+02	4.2727115793e-01	
1.3150026867e+02	4.2693491237e-01	
1.3160034350e+02	4.2658240175e-01	
1.3170028081e+02	4.2621826025e-01	
1.3180011877e+02	4.2584642000e-01	
1.3190064623e+02	4.2546749821e-01	
1.3200040215e+02	4.2509036180e-01	
1.3210017607e+02	4.2471523850e-01	
1.3220000718e+02	4.2434512159e-01	
1.3230068616e+02	4.2398021055e-01	
1.3240074888e+02	4.2362784840e-01	
1.3250022936e+02	4.2328960885e-01	
1.3260067107e+02	4.2296334025e-01	
1.3270059808e+02	4.2265701410e-01	
1.3280003722e+02	4.2237296272e-01	
1.3290053714e+02	4.2210959796e-01	
1.3300060312e+02	4.2187353802e-01	
1.3310025276e+02	4.2166651508e-01	
1.3320027071e+02	4.2148757219e-01	
1.3330067585e+02	4.2133644471e-01	
1.3340070377e+02	4.2121615216e-01	
1.3350035588e+02	4.2112765973e-01	
1.3360015721e+02	4.2107089113e-01	
1.3370035651e+02	4.2104582186e-01	
1.3380015610e+02	4.2097022199e-01	
1.3390033815e+02	4.2079948115e-01	
1.3400014523e+02	4.2061682783e-01	
1.3410036191e+02	4.2041953854e-01	
1.3420024326e+02	4.2020799853e-01	
1.3430057502e+02	4.1997611323e-01	
1.3440062315e+02	4.1971324440e-01	
1.3450041878e+02	4.1942332777e-01	
1.3460074858e+02	4.1910998357e-01	
1.3470013771e+02	4.1878353511e-01	
1.3480012742e+02	4.1844381639e-01	
1.3490000188e+02	4.1809725226e-01	
1.3500054975e+02	4.1774462506e-01	
1.3510030959e+02	4.1739422294e-01	
1.3520007108e+02	4.1704564635e-01	
1.3530062399e+02	4.1670290485e-01	
1.3540050678e+02	4.1637067491e-01	
1.3550050815e+02	4.1604210123e-01	
1.3560066591e+02	4.1572062761e-01	
1.3570026155e+02	4.1541165160e-01	
1.3580008229e+02	4.1511569859e-01	
1.3590016143e+02	4.1483605453e-01	
1.3600053049e+02	4.1457584330e-01	
1.3610045482e+02	4.1433961081e-01	
1.3620072006e+02	4.1412750805e-01	
1.3630058041e+02	4.1394219411e-01	
1.3640004772e+02	4.1378502767e-01	
1.3650068121e+02	4.1365524532e-01	
1.3660016738e+02	4.1355723574e-01	
1.3670000035e+02	4.1349023455e-01	
1.3680036940e+02	4.1345473019e-01	
1.3690033644e+02	4.1344446835e-01	
1.3700068248e+02	4.1331914628e-01	
1.3710064730e+02	4.1315643529e-01	
1.3720025010e+02	4.1298013301e-01	
1.3730027358e+02	4.1278811533e-01	
1.3740073542e+02	4.1257908202e-01	
1.3750014178e+02	4.1234426255e-01	
1.3760004104e+02	4.1207771760e-01	
1.3770046030e+02	4.1178330866e-01	
1.3780067669e+02	4.1146804039e-01	
1.3790072489e+02	4.1113672780e-01	
1.3800064200e+02	4.1079361544e-01	
1.3810046632e+02	4.1044237682e-01	
1.3820023672e+02	4.1008629062e-01	
1.3830074244e+02	4.0972570961e-01	
1.3840052283e+02	4.0936895815e-01	
1.3850036711e+02	4.0901628451e-01	
1.3860031409e+02	4.0867063545e-01	
1.3870040196e+02	4.0833470622e-01	
1.3880066808e+02	4.0801016105e-01	
1.3890039232e+02	4.0770137305e-01	
1.3900036186e+02	4.0740880548e-01	
1.3910060901e+02	4.0713508831e-01	
1.3920040112e+02	4.0688478503e-01	
1.3930052398e+02	4.0665829917e-01	
1.3940023406e+02	4.0645936132e-01	
1.3950031595e+02	4.0628607436e-01	
1.3960001320e+02	4.0614013591e-01	
1.3970010572e+02	4.0602246687e-01	
1.3980060419e+02	4.0593471691e-01	
1.3990035411e+02	4.0587815931e-01	
1.4000048508e+02	4.0585196948e-01	
1.4010021768e+02	4.0579201842e-01	
1.4020033501e+02	4.0563767491e-01	
1.4030008074e+02	4.0547270501e-01	
1.4040023950e+02	4.0529462059e-01	
1.4050006728e+02	4.0510372660e-01	
1.4060034987e+02	4.0489423439e-01	
1.4070035396e+02	4.0465647631e-01	
1.4080011091e+02	4.0439364844e-01	
1.4090040742e+02	4.0410863501e-01	
1.4100052090e+02	4.0380830148e-01	
1.4110048774e+02	4.0349693169e-01	
1.4120034585e+02	4.0317810388e-01	
1.4130013383e+02	4.0285484194e-01	
1.4140064078e+02	4.0252722077e-01	
1.4150040591e+02	4.0220177828e-01	
1.4160021849e+02	4.0188300887e-01	
1.4170011745e+02	4.0157576910e-01	
1.4180014122e+02	4.0127650918e-01	
1.4190032745e+02	4.0098241491e-01	
1.4200071280e+02	4.0069673458e-01	
1.4210057510e+02	4.0042446584e-01	
1.4220070138e+02	4.0016659289e-01	
1.4230036087e+02	3.9992784658e-01	
1.4240033942e+02	3.9970886364e-01	
1.4250066306e+02	3.9951178530e-01	
1.4260058502e+02	3.9933907615e-01	
1.4270011656e+02	3.9919204584e-01	
1.4280004120e+02	3.9907084939e-01	
1.4290037177e+02	3.9897715321e-01	
1.4300021016e+02	3.9891286063e-01	
1.4310051113e+02	3.9887756193e-01	
1.4320041097e+02	3.9886872376e-01	
1.4330069178e+02	3.9875565350e-01	
1.4340059444e+02	3.9860410452e-01	
1.4350013811e+02	3.9843956471e-01	
1.4360010580e+02	3.9826007083e-01	
1.4370051605e+02	3.9806397518e-01	
1.4380063364e+02	3.9784121081e-01	
1.4390048984e+02	3.9759066750e-01	
1.4400011771e+02	3.9731612045e-01	
1.4410030391e+02	3.9701956310e-01	
1.4420032765e+02	3.9670722347e-01	
1.4430022648e+02	3.9638292897e-01	
1.4440003879e+02	3.9605008354e-01	
1.4450055357e+02	3.9570919451e-01	
1.4460031004e+02	3.9536823602e-01	
1.4470009762e+02	3.9502747339e-01	
1.4480070667e+02	3.9468721628e-01	
1.4490067453e+02	3.9435546600e-01	
1.4500003640e+02	3.9403488966e-01	
1.4510033478e+02	3.9372310967e-01	
1.4520009688e+02	3.9342650783e-01	
1.4530010984e+02	3.9314494063e-01	
1.4540040567e+02	3.9288096574e-01	
1.4550025093e+02	3.9263908101e-01	
1.4560043136e+02	3.9241973383e-01	
1.4570020251e+02	3.9222650514e-01	
1.4580034882e+02	3.9205650853e-01	
1.4590011223e+02	3.9191277156e-01	
1.4600027279e+02	3.9179624363e-01	
1.4610005260e+02	3.9170907866e-01	
1.4620051641e+02	3.9165096550e-01	
1.4630057891e+02	3.9162257588e-01	
1.4640024511e+02	3.9155945629e-01	
1.4650029843e+02	3.9141433194e-01	
1.4660074900e+02	3.9125845399e-01	
1.4670008525e+02	3.9109319851e-01	
1.4680062082e+02	3.9091378761e-01	
1.4690009476e+02	3.9071864859e-01	
1.4700005578e+02	3.9049622397e-01	
1.4710052967e+02	3.9024927046e-01	
1.4720003904e+02	3.8998582848e-01	
1.4730012553e+02	3.8970615243e-01	
1.4740007151e+02	3.8941592920e-01	
1.4750066542e+02	3.8911603433e-01	
1.4760044481e+02	3.8881359033e-01	
1.4770019978e+02	3.8850843970e-01	
1.4780071972e+02	3.8819983628e-01	
1.4790054370e+02	3.8789995873e-01	
1.4800046065e+02	3.8761024046e-01	
1.4810050888e+02	3.8733260951e-01	
1.4820072591e+02	3.8706170073e-01	
1.4830039227e+02	3.8679983989e-01	
1.4840029512e+02	3.8654799363e-01	
1.4850046723e+02	3.8630927861e-01	
1.4860017705e+02	3.8608808045e-01	
1.4870021045e+02	3.8588504135e-01	
1.4880059302e+02	3.8570200748e-01	
1.4890057703e+02	3.8554147660e-01	
1.4900017318e+02	3.8540475119e-01	
1.4910016487e+02	3.8529203703e-01	
1.4920056437e+02	3.8520518207e-01	
1.4930038513e+02	3.8514567622e-01	
1.4940061806e+02	3.8511308536e-01	
1.4950045119e+02	3.8510450968e-01	
1.4960066735e+02	3.8499517219e-01	
1.4970050851e+02	3.8485331962e-01	
1.4980075747e+02	3.8469794552e-01	
1.4990066772e+02	3.8452960129e-01	
1.5000026585e+02	3.8434632867e-01	
1.5010033787e+02	3.8413612254e-01	
1.5020015390e+02	3.8390039415e-01	
1.5030050106e+02	3.8364037165e-01	
1.5040065659e+02	3.8336155794e-01	
1.5050065587e+02	3.8306769539e-01	
1.5060053670e+02	3.8276223502e-01	
1.5070033759e+02	3.8244826767e-01	
1.5080009758e+02	3.8212861744e-01	
1.5090060603e+02	3.8180353698e-01	
1.5100040229e+02	3.8148053549e-01	
1.5110027550e+02	3.8115989768e-01	
1.5120026434e+02	3.8084443856e-01	
1.5130040685e+02	3.8053698070e-01	
1.5140074009e+02	3.8024017337e-01	
1.5150054285e+02	3.7995857232e-01	
1.5160060223e+02	3.7969152464e-01	
1.5170018854e+02	3.7944298806e-01	
1.5180008775e+02	3.7921350054e-01	
1.5190032627e+02	3.7900552692e-01	
1.5200015860e+02	3.7882198110e-01	
1.5210036922e+02	3.7865992294e-01	
1.5220019894e+02	3.7852338830e-01	
1.5230042785e+02	3.7841317189e-01	
1.5240024711e+02	3.7833128806e-01	
1.5250064358e+02	3.7827727041e-01	
1.5260063787e+02	3.7825178996e-01	
1.5270023825e+02	3.7818325664e-01	
1.5280022821e+02	3.7804933762e-01	
1.5290061851e+02	3.7790577912e-01	
1.5300066137e+02	3.7775263352e-01	
1.5310038234e+02	3.7758914071e-01	
1.5320056732e+02	3.7740655851e-01	
1.5330048428e+02	3.7720072088e-01	
1.5340016525e+02	3.7697467572e-01	
1.5350039601e+02	3.7673020604e-01	
1.5360045539e+02	3.7647262577e-01	
1.5370038070e+02	3.7620516974e-01	
1.5380021008e+02	3.7593054683e-01	
1.5390073236e+02	3.7564889242e-01	
1.5400048655e+02	3.7536606483e-01	
1.5410026206e+02	3.7508180293e-01	
1.5420009799e+02	3.7480361877e-01	
1.5430003317e+02	3.7453436691e-01	
1.5440010580e+02	3.7427626086e-01	
1.5450035323e+02	3.7402998719e-01	
1.5460005551e+02	3.7379226693e-01	
1.5470075795e+02	3.7356165973e-01	
1.5480021850e+02	3.7334624387e-01	
1.5490074216e+02	3.7314354008e-01	
1.5500006831e+02	3.7296031728e-01	
1.5510051039e+02	3.7279391561e-01	
1.5520055695e+02	3.7264809689e-01	
1.5530021809e+02	3.7252408603e-01	
1.5540027713e+02	3.7242217201e-01	
1.5550074572e+02	3.7234411813e-01	
1.5560052596e+02	3.7229122751e-01	
1.5570069086e+02	3.7226301489e-01	
1.5580045777e+02	3.7225245403e-01	
1.5590060988e+02	3.7214124072e-01	
1.5600038996e+02	3.7200794347e-01	
1.5610058055e+02	3.7186177432e-01	
1.5620043673e+02	3.7170329242e-01	
1.5630074428e+02	3.7152722832e-01	
1.5640001286e+02	3.7132814345e-01	
1.5650054474e+02	3.7110270758e-01	
1.5660010316e+02	3.7085858935e-01	
1.5670023031e+02	3.7059534699e-01	
1.5680020726e+02	3.7031799081e-01	
1.5690007195e+02	3.7002954115e-01	
1.5700061313e+02	3.6973049740e-01	
1.5710036956e+02	3.6942791396e-01	
1.5720013095e+02	3.6912208288e-01	
1.5730068727e+02	3.6881319565e-01	
1.5740057699e+02	3.6850845093e-01	
1.5750058899e+02	3.6820824310e-01	
1.5760000731e+02	3.6791751420e-01	
1.5770037493e+02	3.6763454235e-01	
1.5780021756e+02	3.6736624253e-01	
1.5790032227e+02	3.6711271334e-01	
1.5800072030e+02	3.6687536233e-01	
1.5810067625e+02	3.6665804321e-01	
1.5820020876e+02	3.6646271203e-01	
1.5830010261e+02	3.6628838269e-01	
1.5840037791e+02	3.6613458903e-01	
1.5850027430e+02	3.6600552054e-01	
1.5860057187e+02	3.6590186527e-01	
1.5870040753e+02	3.6582547294e-01	
1.5880073640e+02	3.6577579945e-01	
1.5890066295e+02	3.6575336122e-01	
1.5900019809e+02	3.6567062264e-01	
1.5910012538e+02	3.6554509612e-01	
1.5920045616e+02	3.6541096195e-01	
1.5930044361e+02	3.6526830090e-01	
1.5940011372e+02	3.6511587190e-01	
1.5950025240e+02	3.6494357409e-01	
1.5960012814e+02	3.6475095172e-01	
1.5970052746e+02	3.6453900916e-01	
1.5980072594e+02	3.6431232544e-01	
1.5990000774e+02	3.6407582936e-01	
1.6000066514e+02	3.6382675379e-01	
1.6010048157e+02	3.6357287537e-01	
1.6020024750e+02	3.6331424096e-01	
1.6030000202e+02	3.6305211902e-01	
1.6040053463e+02	3.6278695345e-01	
1.6050038422e+02	3.6252958424e-01	
1.6060033957e+02	3.6228015742e-01	
1.6070043879e+02	3.6204070888e-01	
1.6080071906e+02	3.6181333013e-01	
1.6090045990e+02	3.6159803756e-01	
1.6100044842e+02	3.6139063334e-01	
1.6110071675e+02	3.6119382832e-01	
1.6120053186e+02	3.6101138118e-01	
1.6130067953e+02	3.6084396934e-01	
1.6140041586e+02	3.6069405309e-01	
1.6150052542e+02	3.6056166408e-01	
1.6160025189e+02	3.6044915216e-01	
1.6170037853e+02	3.6035693038e-01	
1.6180013404e+02	3.6028702119e-01	
1.6190063310e+02	3.6023916740e-01	
1.6200073012e+02	3.6021419695e-01	
1.6210043130e+02	3.6019574013e-01	
1.6220051993e+02	3.6008229191e-01	
1.6230023931e+02	3.5995566115e-01	
1.6240037228e+02	3.5981688589e-01	
1.6250017519e+02	3.5966650153e-01	
1.6260043390e+02	3.5949653225e-01	
1.6270041561e+02	3.5930415980e-01	
1.6280015256e+02	3.5909103543e-01	
1.6290043165e+02	3.5885777079e-01	
1.6300053020e+02	3.5860868516e-01	
1.6310048490e+02	3.5834656419e-01	
1.6320033384e+02	3.5807404334e-01	
1.6330011575e+02	3.5779357754e-01	
1.6340061984e+02	3.5750535170e-01	
1.6350038549e+02	3.5721599982e-01	
1.6360020207e+02	3.5692573028e-01	
1.6370010867e+02	3.5663698237e-01	
1.6380014389e+02	3.5635233490e-01	
1.6390034549e+02	3.5607445090e-01	
1.6400075016e+02	3.5580596587e-01	
1.6410063552e+02	3.5555146187e-01	
1.6420002852e+02	3.5531298103e-01	
1.6430047718e+02	3.5508901088e-01	
1.6440048793e+02	3.5488434617e-01	
1.6450007887e+02	3.5470063564e-01	
1.6460003472e+02	3.5453590249e-01	
1.6470037508e+02	3.5439137875e-01	
1.6480033849e+02	3.5427084267e-01	
1.6490070496e+02	3.5417470281e-01	
1.6500053403e+02	3.5410461630e-01	
1.6510001933e+02	3.5406009293e-01	
1.6520065429e+02	3.5404063570e-01	
1.6530012475e+02	3.5394801830e-01	
1.6540075680e+02	3.5383089200e-01	
1.6550026201e+02	3.5370808717e-01	
1.6560019486e+02	3.5357694827e-01	
1.6570057430e+02	3.5343489781e-01	
1.6580066546e+02	3.5327487750e-01	
1.6590049913e+02	3.5309721855e-01	
1.6600010775e+02	3.5290419975e-01	
1.6610027638e+02	3.5269687022e-01	
1.6620028599e+02	3.5247925878e-01	
1.6630017418e+02	3.5225365294e-01	
1.6640072951e+02	3.5202022275e-01	
1.6650049029e+02	3.5178401508e-01	
1.6660024629e+02	3.5154433028e-01	
1.6670003658e+02	3.5130375805e-01	
1.6680065147e+02	3.5106654933e-01	
1.6690062811e+02	3.5083803648e-01	
1.6700000151e+02	3.5061985759e-01	
1.6710031410e+02	3.5041048047e-01	
1.6720009267e+02	3.5021495087e-01	
1.6730012430e+02	3.5002994428e-01	
1.6740044082e+02	3.4985407365e-01	
1.6750030845e+02	3.4969082984e-01	
1.6760051291e+02	3.4954091873e-01	
1.6770030939e+02	3.4940649688e-01	
1.6780048239e+02	3.4928773418e-01	
1.6790027456e+02	3.4918677784e-01	
1.6800046903e+02	3.4910412810e-01	
1.6810027427e+02	3.4904155981e-01	
1.6820070639e+02	3.4899885914e-01	
1.6830073594e+02	3.4897668190e-01	
1.6840037190e+02	3.4894814295e-01	
1.6850039763e+02	3.4883906425e-01	
1.6860005676e+02	3.4871992429e-01	
1.6870013290e+02	3.4858937008e-01	
1.6880064368e+02	3.4844542055e-01	
1.6890009418e+02	3.4828316000e-01	
1.6900003321e+02	3.4809971133e-01	
1.6910048751e+02	3.4789609382e-01	
1.6920073320e+02	3.4767571323e-01	
1.6930005239e+02	3.4744270720e-01	
1.6940073782e+02	3.4719401092e-01	
1.6950057216e+02	3.4693735775e-01	
1.6960034608e+02	3.4667312170e-01	
1.6970009881e+02	3.4640345194e-01	
1.6980061991e+02	3.4612842641e-01	
1.6990044861e+02	3.4585435103e-01	
1.7000037404e+02	3.4558149163e-01	
1.7010043470e+02	3.4531229869e-01	
1.7020066818e+02	3.4504929829e-01	
1.7030035489e+02	3.4479689783e-01	
1.7040028171e+02	3.4455555434e-01	
1.7050048101e+02	3.4432761226e-01	
1.7060022082e+02	3.4411710092e-01	
1.7070028699e+02	3.4392426112e-01	
1.7080070482e+02	3.4374988571e-01	
1.7090072601e+02	3.4359464875e-01	
1.7100036090e+02	3.4346018576e-01	
1.7110039164e+02	3.4334758562e-01	
1.7120004709e+02	3.4325878802e-01	
1.7130062683e+02	3.4319344779e-01	
1.7140004445e+02	3.4315279027e-01	
1.7150061213e+02	3.4313162106e-01	
1.7160001850e+02	3.4303513894e-01	
1.7170058875e+02	3.4292643831e-01	
1.7180003640e+02	3.4281294829e-01	
1.7190067671e+02	3.4269128231e-01	
1.7200024548e+02	3.4256011025e-01	
1.7210029210e+02	3.4241176470e-01	
1.7220008654e+02	3.4224820420e-01	
1.7230041448e+02	3.4206997281e-01	
1.7240055298e+02	3.4188054495e-01	
1.7250053880e+02	3.4168210872e-01	
1.7260040970e+02	3.4147657419e-01	
1.7270020412e+02	3.4126554520e-01	
1.7280071103e+02	3.4104867579e-01	
1.7290046962e+02	3.4083013267e-01	
1.7300026915e+02	3.4061041368e-01	
1.7310014862e+02	3.4039491574e-01	
1.7320014658e+02	3.4018533085e-01	
1.7330030084e+02	3.3998321298e-01	
1.7340064823e+02	3.3979016377e-01	
1.7350046721e+02	3.3960933622e-01	
1.7360054482e+02	3.3944088771e-01	
1.7370015106e+02	3.3928525195e-01	
1.7380007186e+02	3.3913930070e-01	
1.7390033371e+02	3.3900478483e-01	
1.7400019084e+02	3.3888366601e-01	
1.7410042771e+02	3.3877638174e-01	
1.7420028588e+02	3.3868492952e-01	
1.7430054841e+02	3.3861001823e-01	
1.7440038097e+02	3.3855301240e-01	
1.7450074573e+02	3.3851374681e-01	
1.7460070824e+02	3.3849278274e-01	
1.7470027951e+02	3.3845271609e-01	
1.7480024278e+02	3.3834935402e-01	
1.7490060712e+02	3.3823564688e-01	
1.7500062470e+02	3.3811198127e-01	
1.7510032134e+02	3.3797372369e-01	
1.7520048300e+02	3.3781617906e-01	
1.7530037844e+02	3.3764080973e-01	
1.7540004054e+02	3.3744884453e-01	
1.7550025514e+02	3.3724036578e-01	
1.7560030090e+02	3.3701872843e-01	
1.7570021531e+02	3.3678597221e-01	
1.7580003670e+02	3.3654410316e-01	
1.7590055404e+02	3.3629320197e-01	
1.7600030657e+02	3.3603897151e-01	
1.7610008384e+02	3.3578153266e-01	
1.7620067623e+02	3.3552100571e-01	
1.7630062166e+02	3.3526347930e-01	
1.7640070889e+02	3.3500932987e-01	
1.7650022072e+02	3.3476273668e-01	
1.7660070061e+02	3.3452223973e-01	
1.7670067149e+02	3.3429372705e-01	
1.7680015967e+02	3.3407937154e-01	
1.7690071417e+02	3.3387831742e-01	
1.7700007335e+02	3.3369727036e-01	
1.7710055114e+02	3.3353310257e-01	
1.7720063521e+02	3.3338754002e-01	
1.7730033532e+02	3.3326225282e-01	
1.7740043368e+02	3.3315774930e-01	
1.7750015794e+02	3.3307577497e-01	
1.7760068582e+02	3.3301576951e-01	
1.7770003561e+02	3.3297906570e-01	
1.7780053653e+02	3.3295301805e-01	
1.7790064808e+02	3.3285804199e-01	
1.7800038860e+02	3.3275851446e-01	
1.7810054272e+02	3.3265347688e-01	
1.7820036648e+02	3.3254295060e-01	
1.7830064568e+02	3.3242035950e-01	
1.7840064667e+02	3.3228370680e-01	
1.7850040104e+02	3.3213396281e-01	
1.7860069373e+02	3.3197152107e-01	
1.7870005107e+02	3.3180070643e-01	
1.7880001518e+02	3.3162073556e-01	
1.7890062107e+02	3.3143302846e-01	
1.7900040592e+02	3.3124171359e-01	
1.7910015988e+02	3.3104655042e-01	
1.7920067219e+02	3.3084694298e-01	
1.7930048205e+02	3.3064701091e-01	
1.7940037842e+02	3.3045012167e-01	
1.7950039974e+02	3.3025827468e-01	
1.7960058368e+02	3.3007288512e-01	
1.7970021128e+02	3.2989673950e-01	
1.7980006974e+02	3.2972982227e-01	
1.7990019211e+02	3.2957356952e-01	
1.8000060959e+02	3.2942939797e-01	
1.8010058680e+02	3.2929947703e-01	
1.8020014217e+02	3.2918106611e-01	
1.8030006048e+02	3.2907320948e-01	
1.8040036163e+02	3.2897739226e-01	
1.8050028616e+02	3.2889568884e-01	
1.8060061698e+02	3.2882872708e-01	
1.8070045427e+02	3.2877763523e-01	
1.8080075155e+02	3.2874229925e-01	
1.8090064750e+02	3.2872321545e-01	
1.8100015465e+02	3.2867401035e-01	
1.8110005589e+02	3.2857686704e-01	
1.8120036098e+02	3.2846993940e-01	
1.8130032343e+02	3.2835205071e-01	
1.8140072901e+02	3.2821757867e-01	
1.8150008520e+02	3.2806802569e-01	
1.8160069559e+02	3.2790018750e-01	
1.8170032105e+02	3.2771869563e-01	
1.8180050404e+02	3.2752222498e-01	
1.8190052443e+02	3.2731374283e-01	
1.8200041988e+02	3.2709501511e-01	
1.8210022886e+02	3.2686782703e-01	
1.8220074042e+02	3.2663215609e-01	
1.8230049390e+02	3.2639329864e-01	
1.8240027885e+02	3.2615135720e-01	
1.8250013466e+02	3.2590826770e-01	
1.8260010031e+02	3.2566609891e-01	
1.8270021402e+02	3.2542697475e-01	
1.8280051282e+02	3.2519291009e-01	
1.8290027561e+02	3.2496778980e-01	
1.8300028944e+02	3.2475208074e-01	
1.8310058627e+02	3.2454806212e-01	
1.8320043257e+02	3.2435934347e-01	
1.8330061405e+02	3.2418611236e-01	
1.8340038622e+02	3.2403276222e-01	
1.8350053361e+02	3.2389828169e-01	
1.8360029933e+02	3.2378288571e-01	
1.8370046561e+02	3.2368701606e-01	
1.8380025056e+02	3.2361220888e-01	
1.8390071154e+02	3.2355805030e-01	
1.8400076797e+02	3.2352567862e-01	
1.8410042861e+02	3.2349064297e-01	
1.8420047685e+02	3.2340223113e-01	
1.8430015748e+02	3.2331054881e-01	
1.8440025520e+02	3.2321423819e-01	
1.8450002695e+02	3.2311247167e-01	
1.8460025847e+02	3.2299869896e-01	
1.8470021682e+02	3.2287286647e-01	
1.8480068814e+02	3.2273475540e-01	
1.8490019353e+02	3.2258784522e-01	
1.8500027624e+02	3.2243149068e-01	
1.8510021877e+02	3.2226823861e-01	
1.8520005910e+02	3.2209937442e-01	
1.8530058593e+02	3.2192471780e-01	
1.8540033809e+02	3.2174788007e-01	
1.8550010500e+02	3.2156843186e-01	
1.8560067661e+02	3.2138571033e-01	
1.8570059098e+02	3.2120566623e-01	
1.8580063674e+02	3.2103011026e-01	
1.8590009718e+02	3.2086141460e-01	
1.8600051548e+02	3.2069821795e-01	
1.8610041619e+02	3.2054420686e-01	
1.8620058627e+02	3.2039936762e-01	
1.8630029426e+02	3.2026592212e-01	
1.8640032603e+02	3.2014340886e-01	
1.8650070720e+02	3.2003269310e-01	
1.8660069009e+02	3.1993544898e-01	
1.8670028541e+02	3.1985133246e-01	
1.8680027660e+02	3.1977904918e-01	
1.8690067593e+02	3.1971952836e-01	
1.8700049544e+02	3.1967393081e-01	
1.8710072517e+02	3.1964219301e-01	
1.8720055505e+02	3.1962479110e-01	
1.8730076807e+02	3.1956416461e-01	
1.8740060488e+02	3.1947193025e-01	
1.8750008490e+02	3.1937027559e-01	
1.8760075449e+02	3.1925400900e-01	
1.8770034862e+02	3.1912462083e-01	
1.8780041725e+02	3.1897986047e-01	
1.8790023066e+02	3.1882100455e-01	
1.8800057565e+02	3.1864753579e-01	
1.8810072809e+02	3.1846179754e-01	
1.8820072420e+02	3.1826522549e-01	
1.8830060182e+02	3.1805935047e-01	
1.8840039953e+02	3.1784571961e-01	
1.8850015646e+02	3.1762590304e-01	
1.8860066206e+02	3.1739983268e-01	
1.8870045593e+02	3.1717260252e-01	
1.8880032741e+02	3.1694433688e-01	
1.8890031539e+02	3.1671680984e-01	
1.8900045780e+02	3.1649192763e-01	
1.8910003604e+02	3.1627336892e-01	
1.8920059427e+02	3.1605990836e-01	
1.8930065395e+02	3.1585687511e-01	
1.8940024053e+02	3.1566611939e-01	
1.8950013990e+02	3.1548785956e-01	
1.8960037865e+02	3.1532400497e-01	
1.8970021135e+02	3.1517971886e-01	
1.8980042253e+02	3.1505575147e-01	
1.8990025424e+02	3.1495086892e-01	
1.9000048872e+02	3.1486408821e-01	
1.9010031183e+02	3.1479672687e-01	
1.9020070528e+02	3.1474888046e-01	
1.9030069420e+02	3.1472147216e-01	
1.9040028970e+02	3.1467687421e-01	
1.9050027528e+02	3.1459530937e-01	
1.9060066171e+02	3.1451050829e-01	
1.9070070126e+02	3.1442253409e-01	
1.9080041951e+02	3.1432810139e-01	
1.9090060203e+02	3.1422273909e-01	
1.9100051681e+02	3.1410716551e-01	
1.9110019485e+02	3.1398214582e-01	
1.9120042170e+02	3.1384779612e-01	
1.9130047754e+02	3.1370629020e-01	
1.9140039963e+02	3.1355881832e-01	
1.9150022606e+02	3.1340645102e-01	
1.9160074555e+02	3.1324894866e-01	
1.9170049709e+02	3.1308952185e-01	
1.9180026998e+02	3.1292784614e-01	
1.9190010330e+02	3.1276492262e-01	
1.9200003591e+02	3.1260177575e-01	
1.9210010601e+02	3.1244170467e-01	
1.9220035097e+02	3.1228641387e-01	
1.9230005085e+02	3.1213804161e-01	
1.9240075093e+02	3.1199541618e-01	
1.9250020927e+02	3.1186274371e-01	
1.9260073084e+02	3.1173752390e-01	
1.9270005509e+02	3.1162329501e-01	
1.9280049546e+02	3.1151824622e-01	
1.9290054056e+02	3.1142482999e-01	
1.9300020051e+02	3.1134389620e-01	
1.9310025868e+02	3.1127529256e-01	
1.9320072671e+02	3.1121938300e-01	
1.9330050595e+02	3.1117679312e-01	
1.9340066810e+02	3.1114687973e-01	
1.9350043239e+02	3.1112956516e-01	
1.9360058180e+02	3.1105729146e-01	
1.9370035759e+02	3.1096675736e-01	
1.9380054383e+02	3.1086516541e-01	
1.9390039609e+02	3.1075206523e-01	
1.9400070025e+02	3.1062577108e-01	
1.9410072285e+02	3.1048690933e-01	
1.9420049590e+02	3.1033577472e-01	
1.9430005224e+02	3.1017303931e-01	
1.9440017649e+02	3.0999830019e-01	
1.9450015043e+02	3.0981392743e-01	
1.9460001205e+02	3.0962120046e-01	
1.9470055016e+02	3.0941993228e-01	
1.9480030366e+02	3.0921454418e-01	
1.9490006244e+02	3.0900501446e-01	
1.9500061665e+02	3.0879116437e-01	
1.9510050503e+02	3.0857785322e-01	
1.9520051647e+02	3.0836520117e-01	
1.9530068842e+02	3.0815500663e-01	
1.9540030201e+02	3.0795067612e-01	
1.9550014440e+02	3.0775251822e-01	
1.9560024872e+02	3.0756243182e-01	
1.9570064626e+02	3.0738219242e-01	
1.9580060189e+02	3.0721440426e-01	
1.9590013420e+02	3.0706237952e-01	
1.9600002797e+02	3.0692780873e-01	
1.9610030338e+02	3.0681222060e-01	
1.9620020141e+02	3.0671732544e-01	
1.9630050432e+02	3.0664022613e-01	
1.9640034289e+02	3.0658109340e-01	
1.9650066840e+02	3.0654012885e-01	
1.9660059027e+02	3.0651811297e-01	
1.9670012119e+02	3.0646526573e-01	
1.9680004475e+02	3.0639087172e-01	
1.9690037230e+02	3.0631393497e-01	
1.9700035706e+02	3.0623377819e-01	
1.9710002498e+02	3.0614627451e-01	
1.9720016155e+02	3.0604959560e-01	
1.9730003546e+02	3.0594444109e-01	
1.9740043140e+02	3.0583053924e-01	
1.9750062624e+02	3.0570958174e-01	
1.9760065637e+02	3.0558256851e-01	
1.9770055918e+02	3.0545044693e-01	
1.9780037287e+02	3.0531406623e-01	
1.9790013621e+02	3.0517418606e-01	
1.9800063828e+02	3.0503059308e-01	
1.9810041831e+02	3.0488631172e-01	
1.9820026535e+02	3.0474111000e-01	
1.9830021813e+02	3.0459575364e-01	
1.9840031477e+02	3.0445116125e-01	
1.9850059247e+02	3.0430998436e-01	
1.9860033078e+02	3.0417471043e-01	
1.9870031679e+02	3.0404516299e-01	
1.9880058270e+02	3.0392186750e-01	
1.9890039550e+02	3.0380640063e-01	
1.9900054100e+02	3.0369865743e-01	
1.9910027534e+02	3.0360015898e-01	
1.9920038312e+02	3.0351105934e-01	
1.9930010809e+02	3.0343269431e-01	
1.9940023350e+02	3.0336477367e-01	
1.9950076873e+02	3.0330764850e-01	
1.9960048656e+02	3.0326201544e-01	
1.9970058146e+02	3.0322719726e-01	
1.9980028062e+02	3.0319963461e-01	
1.9990036674e+02	3.0311783572e-01	
2.0000008219e+02	3.0302714626e-01	
2.0010021147e+02	3.0292653275e-01	
2.0020001112e+02	3.0281586570e-01	
2.0030026707e+02	3.0269371781e-01	
2.0040024662e+02	3.0256079552e-01	
2.0050073681e+02	3.0241621131e-01	
2.0060025905e+02	3.0226265249e-01	
2.0070035487e+02	3.0209856707e-01	
2.0080030672e+02	3.0192604115e-01	
2.0090015272e+02	3.0174614595e-01	
2.0100068179e+02	3.0155859446e-01	
2.0110043305e+02	3.0136729314e-01	
2.0120019637e+02	3.0117216399e-01	
2.0130001122e+02	3.0097463218e-01	
2.0140066847e+02	3.0077468288e-01	
2.0150070424e+02	3.0057684598e-01	
2.0160015261e+02	3.0038272369e-01	
2.0170055663e+02	3.0019106996e-01	
2.0180044111e+02	3.0000646929e-01	
2.0190059298e+02	2.9982910345e-01	
2.0200028101e+02	2.9966156952e-01	
2.0210029103e+02	2.9950472142e-01	
2.0220064881e+02	2.9936259835e-01	
2.0230060704e+02	2.9923780347e-01	
2.0240017671e+02	2.9913114025e-01	
2.0250014134e+02	2.9904233834e-01	
2.0260051288e+02	2.9897204264e-01	
2.0270034424e+02	2.9892083638e-01	
2.0280060144e+02	2.9888649909e-01	
2.0290045675e+02	2.9886945989e-01	
2.0300069325e+02	2.9880998230e-01	
2.0310055260e+02	2.9874265536e-01	
2.0320005523e+02	2.9867366549e-01	
2.0330074760e+02	2.9859883423e-01	
2.0340036368e+02	2.9851825700e-01	
2.0350045316e+02	2.9843015763e-01	
2.0360028495e+02	2.9833516127e-01	
2.0370064387e+02	2.9823293746e-01	
2.0380005534e+02	2.9812570648e-01	
2.0390006194e+02	2.9801258942e-01	
2.0400069805e+02	2.9789419312e-01	
2.0410050017e+02	2.9777304684e-01	
2.0420025855e+02	2.9764889899e-01	
2.0430001217e+02	2.9752247269e-01	
2.0440055059e+02	2.9739351214e-01	
2.0450041246e+02	2.9726463309e-01	
2.0460038651e+02	2.9713560240e-01	
2.0470051074e+02	2.9700722727e-01	
2.0480006718e+02	2.9688133543e-01	
2.0490059988e+02	2.9675709125e-01	
2.0500063087e+02	2.9663797826e-01	
2.0510018592e+02	2.9652470648e-01	
2.0520005100e+02	2.9641712288e-01	
2.0530025302e+02	2.9631595735e-01	
2.0540004723e+02	2.9622276886e-01	
2.0550021816e+02	2.9613762979e-01	
2.0560000850e+02	2.9606156630e-01	
2.0570020142e+02	2.9599431075e-01	
2.0580000589e+02	2.9593660435e-01	
2.0590043764e+02	2.9588800170e-01	
2.0600046566e+02	2.9584904409e-01	
2.0610010016e+02	2.9580828075e-01	
2.0620012335e+02	2.9572648610e-01	
2.0630054433e+02	2.9563673287e-01	
2.0640061485e+02	2.9553889182e-01	
2.0650036035e+02	2.9543241253e-01	
2.0660056680e+02	2.9531605102e-01	
2.0670050232e+02	2.9519050836e-01	
2.0680019948e+02	2.9505593919e-01	
2.0690044295e+02	2.9491159741e-01	
2.0700051142e+02	2.9475907862e-01	
2.0710044228e+02	2.9459915417e-01	
2.0720027381e+02	2.9443261609e-01	
2.0730004498e+02	2.9426038705e-01	
2.0740054524e+02	2.9408218997e-01	
2.0750031430e+02	2.9390186224e-01	
2.0760014167e+02	2.9371934372e-01	
2.0770006630e+02	2.9365484377e-01	
2.0780012622e+02	2.9359707448e-01	
2.0790035881e+02	2.9353840406e-01	
2.0800004430e+02	2.9347954486e-01	
2.0810072782e+02	2.9341987330e-01	
2.0820016787e+02	2.9336102429e-01	
2.0830066911e+02	2.9330196638e-01	
2.0840073674e+02	2.9324393160e-01	
2.0850038835e+02	2.9318724902e-01	
2.0860040865e+02	2.9313181552e-01	
2.0870004284e+02	2.9307838537e-01	
2.0880007440e+02	2.9302685786e-01	
2.0890051476e+02	2.9297754571e-01	
2.0900031580e+02	2.9293121064e-01	
2.0910050487e+02	2.9288758195e-01	
2.0920029411e+02	2.9284642574e-01	
2.0930046671e+02	2.9279918549e-01	
2.0940026539e+02	2.9275014090e-01	
2.0950047473e+02	2.9269886416e-01	
2.0960034983e+02	2.9264563029e-01	
2.0970067615e+02	2.9258986851e-01	
2.0980071953e+02	2.9253180352e-01	
2.0990050987e+02	2.9247124862e-01	
2.1000007928e+02	2.9240804941e-01	
2.1010021472e+02	2.9234153874e-01	
2.1020019783e+02	2.9227193300e-01	
2.1030006625e+02	2.9219917789e-01	
2.1040060850e+02	2.9212269716e-01	
2.1050036307e+02	2.9204368665e-01	
2.1060011945e+02	2.9196170168e-01	
2.1070066732e+02	2.9187645619e-01	
2.1080054513e+02	2.9178949882e-01	
2.1090054153e+02	2.9170044745e-01	
2.1100069439e+02	2.9160956305e-01	
2.1110028531e+02	2.9151852311e-01	
2.1120010149e+02	2.9142851938e-01	
2.1130017628e+02	2.9134015561e-01	
2.1140054122e+02	2.9125402057e-01	
2.1150046177e+02	2.9117133677e-01	
2.1160072364e+02	2.9109204443e-01	
2.1170058109e+02	2.9101730719e-01	
2.1180004605e+02	2.9094760088e-01	
2.1190067777e+02	2.9088237796e-01	
2.1200016281e+02	2.9082356664e-01	
2.1210077457e+02	2.9077019458e-01	
2.1220035962e+02	2.9072370914e-01	
2.1230032117e+02	2.9068362184e-01	
2.1240066177e+02	2.9064047763e-01	
2.1250061962e+02	2.9059613903e-01	
2.1260021370e+02	2.9055269152e-01	
2.1270022885e+02	2.9050966519e-01	
2.1280068332e+02	2.9046681462e-01	
2.1290008355e+02	2.9042447298e-01	
2.1300073383e+02	2.9038131409e-01	
2.1310039352e+02	2.9033809693e-01	
2.1320060452e+02	2.9029396599e-01	
2.1330064672e+02	2.9024908556e-01	
2.1340055770e+02	2.9020328304e-01	
2.1350037591e+02	2.9015640218e-01	
2.1360014044e+02	2.9010833786e-01	
2.1370064083e+02	2.9005865974e-01	
2.1380041683e+02	2.9000810175e-01	
2.1390025782e+02	2.8995633281e-01	
2.1400020238e+02	2.8990342759e-01	
2.1410028859e+02	2.8984949777e-01	
2.1420055366e+02	2.8979473374e-01	
2.1430027734e+02	2.8973976752e-01	
2.1440024668e+02	2.8968442580e-01	
2.1450049391e+02	2.8962897256e-01	
2.1460028630e+02	2.8957411866e-01	
2.1470040964e+02	2.8951975015e-01	
2.1480012041e+02	2.8946658855e-01	
2.1490020326e+02	2.8941453824e-01	
2.1500067682e+02	2.8936392096e-01	
2.1510000121e+02	2.8931578441e-01	
2.1520051057e+02	2.8926926778e-01	
2.1530025807e+02	2.8922552012e-01	
2.1540037943e+02	2.8918422687e-01	
2.1550010311e+02	2.8914458529e-01	
2.1560021242e+02	2.8910041466e-01	
2.1570071697e+02	2.8905434644e-01	
2.1580010387e+02	2.8900705804e-01	
2.1590068735e+02	2.8895735481e-01	
2.1600020471e+02	2.8890621822e-01	
2.1610020465e+02	2.8885269925e-01	
2.1620071106e+02	2.8879655890e-01	
2.1630024583e+02	2.8873845948e-01	
2.1640035255e+02	2.8867722792e-01	
2.1650031328e+02	2.8861317619e-01	
2.1660016582e+02	2.8854624739e-01	
2.1670069871e+02	2.8847589352e-01	
2.1680045059e+02	2.8840326507e-01	
2.1690021087e+02	2.8832813035e-01	
2.1700001862e+02	2.8825064149e-01	
2.1710066419e+02	2.8817038214e-01	
2.1720068405e+02	2.8808878292e-01	
2.1730011264e+02	2.8800613825e-01	
2.1740049299e+02	2.8792179288e-01	
2.1750035041e+02	2.8783881673e-01	
2.1760047193e+02	2.8775724675e-01	
2.1770012685e+02	2.8767821127e-01	
2.1780010109e+02	2.8760162161e-01	
2.1790042076e+02	2.8752802602e-01	
2.1800033918e+02	2.8745848789e-01	
2.1810064075e+02	2.8739294257e-01	
2.1820056602e+02	2.8733232422e-01	
2.1830011857e+02	2.8727696973e-01	
2.1840073529e+02	2.8723530043e-01	
2.1850025351e+02	2.8719756497e-01	
2.1860014900e+02	2.8715962944e-01	
2.1870042508e+02	2.8712146364e-01	
2.1880032113e+02	2.8707882723e-01	
2.1890062131e+02	2.8703372503e-01	
2.1900057938e+02	2.8698652154e-01	
2.1910022166e+02	2.8693871094e-01	
2.1920033423e+02	2.8689863952e-01	
2.1930018670e+02	2.8685850413e-01	
2.1940056528e+02	2.8681778385e-01	
2.1950074486e+02	2.8677657496e-01	
2.1960001040e+02	2.8673500613e-01	
2.1970065413e+02	2.8669194986e-01	
2.1980046017e+02	2.8664821029e-01	
2.1990021926e+02	2.8660337319e-01	
2.2000072100e+02	2.8655703723e-01	
2.2010050513e+02	2.8650988333e-01	
2.2020036070e+02	2.8646160200e-01	
2.2030032628e+02	2.8641226579e-01	
2.2040043982e+02	2.8636198288e-01	
2.2050073840e+02	2.8631090292e-01	
2.2060050121e+02	2.8625960469e-01	
2.2070051528e+02	2.8620792148e-01	
2.2080005157e+02	2.8615648843e-01	
2.2090065948e+02	2.8610478844e-01	
2.2100007576e+02	2.8605427074e-01	
2.2110061516e+02	2.8600405816e-01	
2.2120076406e+02	2.8595521703e-01	
2.2130053163e+02	2.8590801558e-01	
2.2140070112e+02	2.8586235286e-01	
2.2150049198e+02	2.8581883043e-01	
2.2160017233e+02	2.8577752970e-01	
2.2170022636e+02	2.8573844425e-01	
2.2180065607e+02	2.8570013742e-01	
2.2190069981e+02	2.8565878612e-01	
2.2200037651e+02	2.8561612070e-01	
2.2210047079e+02	2.8557177856e-01	
2.2220023944e+02	2.8552600086e-01	
2.2230046817e+02	2.8547828058e-01	
2.2240042319e+02	2.8542879445e-01	
2.2250013525e+02	2.8537735100e-01	
2.2260039100e+02	2.8532321304e-01	
2.2270047012e+02	2.8526659319e-01	
2.2280040963e+02	2.8520738045e-01	
2.2290024744e+02	2.8516093954e-01	
2.2300002209e+02	2.8513886976e-01	
2.2310052249e+02	2.8511613880e-01	
2.2320028783e+02	2.8509297253e-01	
2.2330010720e+02	2.8506907953e-01	
2.2340001940e+02	2.8504434839e-01	
2.2350006268e+02	2.8501855431e-01	
2.2360027458e+02	2.8499152172e-01	
2.2370069166e+02	2.8496319470e-01	
2.2380059129e+02	2.8493375972e-01	
2.2390000049e+02	2.8490323213e-01	
2.2400046767e+02	2.8487115906e-01	
2.2410049888e+02	2.8483811943e-01	
2.2420011207e+02	2.8480421323e-01	
2.2430009199e+02	2.8476924425e-01	
2.2440045809e+02	2.8473329815e-01	
2.2450044981e+02	2.8469676905e-01	
2.2460007010e+02	2.8465979816e-01	
2.2470066949e+02	2.8462202919e-01	
2.2480012075e+02	2.8458441812e-01	
2.2490072292e+02	2.8454626631e-01	
2.2500016241e+02	2.8450847829e-01	
2.2510076385e+02	2.8446644975e-01	
2.2520023956e+02	2.8442272849e-01	
2.2530014391e+02	2.8437669048e-01	
2.2540049619e+02	2.8432833509e-01	
2.2550056223e+02	2.8427802166e-01	
2.2560037379e+02	2.8422568518e-01	
2.2570071618e+02	2.8417091043e-01	
2.2580011305e+02	2.8411453810e-01	
2.2590010706e+02	2.8405576378e-01	
2.2600073304e+02	2.8399462493e-01	
2.2610052812e+02	2.8393213997e-01	
2.2620028297e+02	2.8386799659e-01	
2.2630003715e+02	2.8380251153e-01	
2.2640058061e+02	2.8373544117e-01	
2.2650045184e+02	2.8366800602e-01	
2.2660043950e+02	2.8359995270e-01	
2.2670058143e+02	2.8353154382e-01	
2.2680015935e+02	2.8346359421e-01	
2.2690071744e+02	2.8339603520e-01	
2.2700001809e+02	2.8333103144e-01	
2.2710036394e+02	2.8326748779e-01	
2.2720026374e+02	2.8320679609e-01	
2.2730050315e+02	2.8314887247e-01	
2.2740033683e+02	2.8309450527e-01	
2.2750054932e+02	2.8304352581e-01	
2.2760038264e+02	2.8299661872e-01	
2.2770061995e+02	2.8295369762e-01	
2.2780044747e+02	2.8291534733e-01	
2.2790006010e+02	2.8288163755e-01	
2.2800004720e+02	2.8285251560e-01	
2.2810041189e+02	2.8282811977e-01	
2.2820039363e+02	2.8280298951e-01	
2.2830001174e+02	2.8277799863e-01	
2.2840005085e+02	2.8275409786e-01	
2.2850052877e+02	2.8273113163e-01	
2.2860070874e+02	2.8270906609e-01	
2.2870061965e+02	2.8268766490e-01	
2.2880029323e+02	2.8266668779e-01	
2.2890051627e+02	2.8264575290e-01	
2.2900056892e+02	2.8262481883e-01	
2.2910048836e+02	2.8260371286e-01	
2.2920031260e+02	2.8258227234e-01	
2.2930008027e+02	2.8256042722e-01	
2.2940058028e+02	2.8253792506e-01	
2.2950035183e+02	2.8251497643e-01	
2.2960018396e+02	2.8249129509e-01	
2.2970011538e+02	2.8246674792e-01	
2.2980018427e+02	2.8244105824e-01	
2.2990042795e+02	2.8241411879e-01	
2.3000012661e+02	2.8238608648e-01	
2.3010006742e+02	2.8235672804e-01	
2.3020028290e+02	2.8232603411e-01	
2.3030004086e+02	2.8229428870e-01	
2.3040012717e+02	2.8226135290e-01	
2.3050056706e+02	2.8222725968e-01	
2.3060061192e+02	2.8219234166e-01	
2.3070027191e+02	2.8215671178e-01	
2.3080033040e+02	2.8212020972e-01	
2.3090001864e+02	2.8208324825e-01	
2.3100057802e+02	2.8204551170e-01	
2.3110073749e+02	2.8200763435e-01	
2.3120049874e+02	2.8196979111e-01	
2.3130064392e+02	2.8193164550e-01	
2.3140041550e+02	2.8189067708e-01	
2.3150059793e+02	2.8184749784e-01	
2.3160044688e+02	2.8180246545e-01	
2.3170074830e+02	2.8175525691e-01	
2.3180001205e+02	2.8170653232e-01	
2.3190054043e+02	2.8165513513e-01	
2.3200009404e+02	2.8160220124e-01	
2.3210021532e+02	2.8154694269e-01	
2.3220018636e+02	2.8148979807e-01	
2.3230004530e+02	2.8143084127e-01	
2.3240058111e+02	2.8136970901e-01	
2.3250033293e+02	2.8130744462e-01	
2.3260009080e+02	2.8124390618e-01	
2.3270064456e+02	2.8117881678e-01	
2.3280053254e+02	2.8111334232e-01	
2.3290054335e+02	2.8104721543e-01	
2.3300071472e+02	2.8098067043e-01	
2.3310032787e+02	2.8091464810e-01	
2.3320016996e+02	2.8084965629e-01	
2.3330027413e+02	2.8078613541e-01	
2.3340067171e+02	2.8072449412e-01	
2.3350062758e+02	2.8066557152e-01	
2.3360016039e+02	2.8060969414e-01	
2.3370005498e+02	2.8055670815e-01	
2.3380033150e+02	2.8050692631e-01	
2.3390023091e+02	2.8046103393e-01	
2.3400053626e+02	2.8041894825e-01	
2.3410037771e+02	2.8038126180e-01	
2.3420069867e+02	2.8034780388e-01	
2.3430061624e+02	2.8031900992e-01	
2.3440014338e+02	2.8029491083e-01	
2.3450006363e+02	2.8026973433e-01	
2.3460038824e+02	2.8024490917e-01	
2.3470037041e+02	2.8022133870e-01	
2.3480003605e+02	2.8019885050e-01	
2.3490016986e+02	2.8017707734e-01	
2.3500003955e+02	2.8015596510e-01	
2.3510043141e+02	2.8013512196e-01	
2.3520062285e+02	2.8011448584e-01	
2.3530065018e+02	2.8009385938e-01	
2.3540055071e+02	2.8007306745e-01	
2.3550036256e+02	2.8005196396e-01	
2.3560012442e+02	2.8003049565e-01	
2.3570062519e+02	2.8000838027e-01	
2.3580040408e+02	2.7998582151e-01	
2.3590025007e+02	2.7996252747e-01	
2.3600020181e+02	2.7993829241e-01	
2.3610029736e+02	2.7991287731e-01	
2.3620057388e+02	2.7988620727e-01	
2.3630031096e+02	2.7985844152e-01	
2.3640029581e+02	2.7982935296e-01	
2.3650056064e+02	2.7979892901e-01	
2.3660037249e+02	2.7976746527e-01	
2.3670051718e+02	2.7973480144e-01	
2.3680025090e+02	2.7970123176e-01	
2.3690035828e+02	2.7966657417e-01	
2.3700008311e+02	2.7963119445e-01	
2.3710020865e+02	2.7959493141e-01	
2.3720074431e+02	2.7955790610e-01	
2.3730046168e+02	2.7952072210e-01	
2.3740055424e+02	2.7948310284e-01	
2.3750025013e+02	2.7944551014e-01	
2.3760033219e+02	2.7940762351e-01	
2.3770004392e+02	2.7936756202e-01	
2.3780016991e+02	2.7932543277e-01	
2.3790072737e+02	2.7928125111e-01	
2.3800022043e+02	2.7923565675e-01	
2.3810019837e+02	2.7918791639e-01	
2.3820068729e+02	2.7913798565e-01	
2.3830020686e+02	2.7908660883e-01	
2.3840029996e+02	2.7903302446e-01	
2.3850024920e+02	2.7897765310e-01	
2.3860009285e+02	2.7892055156e-01	
2.3870062001e+02	2.7886134742e-01	
2.3880036999e+02	2.7880112217e-01	
2.3890013264e+02	2.7873969186e-01	
2.3900069781e+02	2.7867673174e-01	
2.3910060361e+02	2.7861335550e-01	
2.3920063863e+02	2.7854929027e-01	
2.3930008635e+02	2.7848523387e-01	
2.3940048981e+02	2.7842091357e-01	
2.3950037385e+02	2.7835811300e-01	
2.3960052543e+02	2.7829671921e-01	
2.3970021337e+02	2.7823755148e-01	
2.3980022350e+02	2.7818285658e-01	
2.3990058165e+02	2.7814765667e-01	
2.4000054053e+02	2.7811221647e-01	
2.4010011113e+02	2.7807667594e-01	
2.4020007696e+02	2.7804091001e-01	
2.4030045059e+02	2.7800508122e-01	
2.4040028299e+02	2.7796969749e-01	
2.4050053602e+02	2.7793459129e-01	
2.4060038762e+02	2.7790022392e-01	
2.4070062087e+02	2.7786649848e-01	
2.4080047738e+02	2.7783913651e-01	
2.4090074160e+02	2.7781112757e-01	
2.4100066770e+02	2.7778267085e-01	
2.4110028176e+02	2.7775379514e-01	
2.4120036801e+02	2.7772425340e-01	
2.4130019557e+02	2.7769420131e-01	
2.4140055083e+02	2.7766331008e-01	
2.4150071179e+02	2.7763898177e-01	
2.4160071493e+02	2.7761854522e-01	
2.4170059771e+02	2.7759794471e-01	
2.4180039833e+02	2.7757708110e-01	
2.4190015552e+02	2.7755586612e-01	
2.4200065820e+02	2.7753400708e-01	
2.4210044553e+02	2.7751169972e-01	
2.4220030646e+02	2.7748864066e-01	
2.4230027958e+02	2.7746454430e-01	
2.4240040282e+02	2.7743927784e-01	
2.4250071319e+02	2.7741277147e-01	
2.4260048970e+02	2.7738518541e-01	
2.4270051949e+02	2.7735629110e-01	
2.4280007340e+02	2.7732632382e-01	
2.4290070101e+02	2.7729489578e-01	
2.4300013853e+02	2.7726274937e-01	
2.4310070105e+02	2.7722919484e-01	
2.4320010234e+02	2.7719507821e-01	
2.4330066749e+02	2.7715970309e-01	
2.4340008522e+02	2.7712399619e-01	
2.4350067022e+02	2.7708725872e-01	
2.4360032117e+02	2.7705040785e-01	
2.4370034684e+02	2.7701312836e-01	
2.4380074868e+02	2.7697558962e-01	
2.4390076528e+02	2.7693813113e-01	
2.4400041508e+02	2.7689898070e-01	
2.4410048279e+02	2.7685790734e-01	
2.4420022595e+02	2.7681521907e-01	
2.4430043060e+02	2.7677051771e-01	
2.4440036495e+02	2.7672412846e-01	
2.4450006078e+02	2.7667603470e-01	
2.4460030182e+02	2.7662585126e-01	
2.4470036786e+02	2.7657395159e-01	
2.4480029643e+02	2.7652036184e-01	
2.4490012598e+02	2.7646512240e-01	
2.4500064567e+02	2.7640789096e-01	
2.4510039496e+02	2.7634978385e-01	
2.4520016347e+02	2.7631780253e-01	
2.4530074114e+02	2.7628809302e-01	
2.4540066584e+02	2.7625817849e-01	
2.4550072613e+02	2.7622775091e-01	
2.4560020505e+02	2.7619697212e-01	
2.4570064595e+02	2.7616533497e-01	
2.4580057286e+02	2.7613331571e-01	
2.4590001252e+02	2.7610095816e-01	
2.4600051356e+02	2.7606782111e-01	
2.4610058120e+02	2.7603443892e-01	
2.4620023309e+02	2.7600083224e-01	
2.4630025390e+02	2.7596685626e-01	
2.4640066277e+02	2.7593263219e-01	
2.4650069846e+02	2.7589856012e-01	
2.4660036355e+02	2.7586478120e-01	
2.4670016396e+02	2.7583126486e-01	
2.4680034936e+02	2.7579807424e-01	
2.4690013539e+02	2.7576561131e-01	
2.4700030517e+02	2.7573399392e-01	
2.4710010144e+02	2.7570810432e-01	
2.4720030871e+02	2.7568154644e-01	
2.4730018208e+02	2.7565459242e-01	
2.4740050614e+02	2.7562702632e-01	
2.4750054579e+02	2.7559900244e-01	
2.4760033225e+02	2.7557043337e-01	
2.4770065199e+02	2.7554098424e-01	
2.4780003133e+02	2.7551097702e-01	
2.4790001241e+02	2.7547984795e-01	
2.4800062983e+02	2.7544747202e-01	
2.4810042037e+02	2.7541432286e-01	
2.4820017402e+02	2.7538011991e-01	
2.4830067970e+02	2.7534455859e-01	
2.4840047655e+02	2.7530816012e-01	
2.4850035350e+02	2.7527067407e-01	
2.4860034906e+02	2.7523199261e-01	
2.4870050103e+02	2.7519214957e-01	
2.4880009096e+02	2.7515157450e-01	
2.4890066315e+02	2.7510978647e-01	
2.4900073880e+02	2.7506756512e-01	
2.4910034332e+02	2.7502509046e-01	
2.4920026272e+02	2.7498228298e-01	
2.4930052354e+02	2.7493939024e-01	
2.4940038010e+02	2.7489694120e-01	
2.4950061690e+02	2.7485482558e-01	
2.4960047557e+02	2.7481358592e-01	
2.4970073919e+02	2.7477312335e-01	
2.4980057277e+02	2.7473399819e-01	
2.4990015669e+02	2.7469635052e-01	
2.5000011562e+02	2.7466015020e-01	
2.5010045259e+02	2.7462560050e-01	
2.5020040725e+02	2.7459401850e-01	
2.5030076331e+02	2.7456331069e-01	
2.5040001135e+02	2.7453329992e-01	
2.5050046391e+02	2.7450327531e-01	
2.5060062050e+02	2.7447369229e-01	
2.5070051229e+02	2.7444451884e-01	
2.5080017050e+02	2.7441569350e-01	
2.5090037936e+02	2.7438692982e-01	
2.5100041946e+02	2.7435835902e-01	
2.5110032850e+02	2.7432987723e-01	
2.5120014511e+02	2.7430141968e-01	
2.5130065851e+02	2.7427282751e-01	
2.5140040824e+02	2.7424442842e-01	
2.5150018371e+02	2.7421590929e-01	
2.5160002395e+02	2.7418717792e-01	
2.5170071965e+02	2.7415792670e-01	
2.5180005309e+02	2.7412873567e-01	
2.5190031738e+02	2.7409888551e-01	
2.5200004034e+02	2.7406879304e-01	
2.5210000904e+02	2.7403823456e-01	
2.5220025581e+02	2.7400723332e-01	
2.5230004792e+02	2.7397606180e-01	
2.5240017116e+02	2.7394445365e-01	
2.5250065050e+02	2.7391246635e-01	
2.5260073667e+02	2.7388044282e-01	
2.5270043945e+02	2.7384849281e-01	
2.5280054219e+02	2.7381648221e-01	
2.5290027543e+02	2.7378477558e-01	
2.5300002099e+02	2.7375336858e-01	
2.5310013913e+02	2.7372227054e-01	
2.5320063155e+02	2.7369160518e-01	
2.5330073555e+02	2.7366244788e-01	
2.5340046950e+02	2.7363792413e-01	
2.5350061797e+02	2.7361278917e-01	
2.5360043668e+02	2.7358724978e-01	
2.5370070984e+02	2.7356107854e-01	
2.5380070386e+02	2.7353440093e-01	
2.5390045026e+02	2.7350711710e-01	
2.5400073556e+02	2.7347889447e-01	
2.5410008683e+02	2.7345004514e-01	
2.5420004594e+02	2.7342001986e-01	
2.5430064774e+02	2.7338874148e-01	
2.5440042934e+02	2.7335663767e-01	
2.5450018056e+02	2.7332341776e-01	
2.5460069034e+02	2.7328878469e-01	
2.5470049780e+02	2.7325324550e-01	
2.5480039185e+02	2.7321648690e-01	
2.5490041091e+02	2.7317842973e-01	
2.5500059264e+02	2.7313916732e-01	
2.5510021811e+02	2.7309911425e-01	
2.5520007448e+02	2.7305810460e-01	
2.5530019479e+02	2.7301627933e-01	
2.5540061034e+02	2.7297381769e-01	
2.5550058588e+02	2.7293131370e-01	
2.5560013992e+02	2.7288897346e-01	
2.5570005730e+02	2.7284667436e-01	
2.5580035800e+02	2.7280463331e-01	
2.5590028260e+02	2.7276339397e-01	
2.5600061406e+02	2.7272286218e-01	
2.5610045224e+02	2.7268363429e-01	
2.5620074460e+02	2.7264556202e-01	
2.5630063414e+02	2.7260917583e-01	
2.5640013398e+02	2.7257464111e-01	
2.5650002730e+02	2.7254320109e-01	
2.5660032513e+02	2.7251251464e-01	
2.5670028125e+02	2.7248227850e-01	
2.5680068150e+02	2.7245229324e-01	
2.5690003360e+02	2.7242302489e-01	
2.5700064114e+02	2.7239378424e-01	
2.5710026254e+02	2.7236518485e-01	
2.5720044030e+02	2.7233672551e-01	
2.5730045557e+02	2.7230853491e-01	
2.5740034624e+02	2.7228051548e-01	
2.5750015106e+02	2.7225271089e-01	
2.5760065936e+02	2.7222486828e-01	
2.5770041063e+02	2.7219729651e-01	
2.5780019416e+02	2.7216969006e-01	
2.5790004897e+02	2.7214195883e-01	
2.5800001373e+02	2.7211401737e-01	
2.5810012643e+02	2.7208579267e-01	
2.5820042418e+02	2.7205723385e-01	
2.5830018620e+02	2.7202852974e-01	
2.5840019957e+02	2.7199946100e-01	
2.5850049628e+02	2.7197004324e-01	
2.5860034281e+02	2.7194047803e-01	
2.5870052495e+02	2.7191053233e-01	
2.5880029825e+02	2.7188051173e-01	
2.5890044732e+02	2.7185027245e-01	
2.5900021525e+02	2.7182014119e-01	
2.5910038529e+02	2.7178998331e-01	
2.5920017710e+02	2.7176013778e-01	
2.5930063192e+02	2.7173039836e-01	
2.5940068011e+02	2.7170118890e-01	
2.5950033342e+02	2.7167260254e-01	
2.5960037522e+02	2.7164579539e-01	
2.5970005033e+02	2.7162247939e-01	
2.5980014339e+02	2.7159857282e-01	
2.5990067051e+02	2.7157406374e-01	
2.6000013549e+02	2.7154928051e-01	
2.6010008684e+02	2.7152376354e-01	
2.6020055046e+02	2.7149739153e-01	
2.6030004935e+02	2.7147044680e-01	
2.6040012673e+02	2.7144241383e-01	
2.6050006501e+02	2.7141340096e-01	
2.6060065235e+02	2.7138314639e-01	
2.6070042615e+02	2.7135201982e-01	
2.6080017604e+02	2.7131974008e-01	
2.6090069102e+02	2.7128601796e-01	
2.6100051019e+02	2.7125133555e-01	
2.6110042243e+02	2.7121531503e-01	
2.6120046603e+02	2.7117798794e-01	
2.6130067854e+02	2.7113943851e-01	
2.6140034053e+02	2.7110007158e-01	
2.6150023914e+02	2.7105972221e-01	
2.6160040710e+02	2.7101852905e-01	
2.6170011302e+02	2.7097702460e-01	
2.6180014288e+02	2.7093513430e-01	
2.6190052243e+02	2.7089304501e-01	
2.6200050408e+02	2.7085128304e-01	
2.6210009860e+02	2.7081006186e-01	
2.6220008947e+02	2.7076928197e-01	
2.6230048901e+02	2.7072918111e-01	
2.6240030894e+02	2.7069038395e-01	
2.6250053346e+02	2.7065272362e-01	
2.6260035715e+02	2.7061670527e-01	
2.6270056307e+02	2.7058223654e-01	
2.6280039284e+02	2.7055149001e-01	
2.6290063046e+02	2.7052107161e-01	
2.6300053075e+02	2.7049110259e-01	
2.6310012050e+02	2.7046163263e-01	
2.6320018591e+02	2.7043245931e-01	
2.6330075218e+02	2.7040357629e-01	
2.6340033781e+02	2.7037537457e-01	
2.6350048557e+02	2.7034736070e-01	
2.6360047715e+02	2.7031966213e-01	
2.6370035059e+02	2.7029224643e-01	
2.6380014481e+02	2.7026515534e-01	
2.6390064917e+02	2.7023809021e-01	
2.6400040307e+02	2.7021135169e-01	
2.6410019577e+02	2.7018464536e-01	
2.6420006626e+02	2.7015788398e-01	
2.6430005310e+02	2.7013098450e-01	
2.6440019417e+02	2.7010388387e-01	
2.6450052640e+02	2.7007654122e-01	
2.6460032845e+02	2.7004913153e-01	
2.6470038740e+02	2.7002143561e-01	
2.6480073489e+02	2.6999345059e-01	
2.6490063664e+02	2.6996532933e-01	
2.6500011179e+02	2.6993710565e-01	
2.6510071465e+02	2.6990841168e-01	
2.6520015768e+02	2.6987998171e-01	
2.6530076659e+02	2.6985123915e-01	
2.6540022871e+02	2.6982293524e-01	
2.6550005637e+02	2.6979473071e-01	
2.6560044301e+02	2.6976666685e-01	
2.6570042478e+02	2.6973910810e-01	
2.6580001402e+02	2.6971213617e-01	
2.6590076184e+02	2.6968728448e-01	
2.6600037607e+02	2.6966494054e-01	
2.6610041144e+02	2.6964201564e-01	
2.6620012450e+02	2.6961866169e-01	
2.6630030083e+02	2.6959463837e-01	
2.6640020850e+02	2.6957003121e-01	
2.6650063385e+02	2.6954453699e-01	
2.6660010072e+02	2.6951843559e-01	
2.6670015203e+02	2.6949122858e-01	
2.6680007061e+02	2.6946307100e-01	
2.6690064466e+02	2.6943366172e-01	
2.6700041181e+02	2.6940335348e-01	
2.6710016143e+02	2.6937187560e-01	
2.6720068273e+02	2.6933895225e-01	
2.6730051471e+02	2.6930498799e-01	
2.6740044620e+02	2.6926966480e-01	
2.6750051542e+02	2.6923305092e-01	
2.6760000527e+02	2.6919551300e-01	
2.6770045921e+02	2.6915658100e-01	
2.6780040096e+02	2.6911695723e-01	
2.6790061745e+02	2.6907649944e-01	
2.6800037647e+02	2.6903576228e-01	
2.6810046394e+02	2.6899463954e-01	
2.6820013708e+02	2.6895363298e-01	
2.6830018063e+02	2.6891262977e-01	
2.6840061353e+02	2.6887184476e-01	
2.6850067413e+02	2.6883181770e-01	
2.6860036474e+02	2.6879277232e-01	
2.6870014355e+02	2.6875474623e-01	
2.6880030059e+02	2.6871784910e-01	
2.6890005889e+02	2.6868256316e-01	
2.6900020159e+02	2.6864905254e-01	
2.6910073731e+02	2.6861868621e-01	
2.6920015207e+02	2.6858890805e-01	
2.6930076079e+02	2.6855914398e-01	
2.6940030040e+02	2.6853012107e-01	
2.6950032059e+02	2.6850141648e-01	
2.6960009137e+02	2.6847323873e-01	
2.6970039725e+02	2.6844533796e-01	
2.6980051611e+02	2.6841786427e-01	
2.6990048512e+02	2.6839074512e-01	
2.7000034250e+02	2.6836403908e-01	
2.7010012728e+02	2.6833769665e-01	
2.7020062884e+02	2.6831142489e-01	
2.7030038650e+02	2.6828551881e-01	
2.7040018948e+02	2.6825969412e-01	
2.7050007673e+02	2.6823386461e-01	
2.7060008673e+02	2.6820795015e-01	
2.7070025721e+02	2.6818189429e-01	
2.7080062490e+02	2.6815566051e-01	
2.7090046794e+02	2.6812941840e-01	
2.7100057336e+02	2.6810295222e-01	
2.7110021069e+02	2.6807644403e-01	
2.7120016585e+02	2.6804962758e-01	
2.7130046509e+02	2.6802253598e-01	
2.7140036210e+02	2.6799544007e-01	
2.7150064133e+02	2.6796820164e-01	
2.7160054371e+02	2.6794110684e-01	
2.7170007310e+02	2.6791423660e-01	
2.7180069311e+02	2.6788728219e-01	
2.7190023263e+02	2.6786090952e-01	
2.7200014839e+02	2.6783481440e-01	
2.7210044410e+02	2.6780908222e-01	
2.7220036039e+02	2.6778625580e-01	
2.7230068154e+02	2.6776456428e-01	
2.7240065953e+02	2.6774246012e-01	
2.7250031981e+02	2.6771991234e-01	
2.7260044806e+02	2.6769667618e-01	
2.7270031308e+02	2.6767282603e-01	
2.7280070122e+02	2.6764807383e-01	
2.7290013717e+02	2.6762269318e-01	
2.7300016354e+02	2.6759624049e-01	
2.7310006356e+02	2.6756885132e-01	
2.7320062545e+02	2.6754020961e-01	
2.7330038704e+02	2.6751066111e-01	
2.7340013749e+02	2.6747995025e-01	
2.7350066621e+02	2.6744778433e-01	
2.7360051208e+02	2.6741450511e-01	
2.7370046390e+02	2.6737990585e-01	
2.7380055976e+02	2.6734404756e-01	
2.7390008215e+02	2.6730728770e-01	
2.7400057480e+02	2.6726916381e-01	
2.7410056061e+02	2.6723036750e-01	
2.7420006573e+02	2.6719108360e-01	
2.7430063935e+02	2.6715095090e-01	
2.7440001935e+02	2.6711106127e-01	
2.7450052014e+02	2.6707068210e-01	
2.7460062903e+02	2.6703063025e-01	
2.7470035558e+02	2.6699112157e-01	
2.7480048308e+02	2.6695207290e-01	
2.7490024009e+02	2.6691400610e-01	
2.7500073409e+02	2.6687671996e-01	
2.7510004656e+02	2.6684112242e-01	
2.7520051122e+02	2.6680657029e-01	
2.7530058831e+02	2.6677438949e-01	
2.7540029571e+02	2.6674477028e-01	
2.7550041783e+02	2.6671531553e-01	
2.7560021137e+02	2.6668633345e-01	
2.7570046234e+02	2.6665765773e-01	
2.7580043824e+02	2.6662953045e-01	
2.7590016957e+02	2.6660193587e-01	
2.7600044150e+02	2.6657462643e-01	
2.7610053257e+02	2.6654774860e-01	
2.7620048013e+02	2.6652131065e-01	
2.7630032260e+02	2.6649533897e-01	
2.7640009911e+02	2.6646974495e-01	
2.7650059897e+02	2.6644424594e-01	
2.7660036148e+02	2.6641913094e-01	
2.7670017583e+02	2.6639412445e-01	
2.7680008093e+02	2.6636914189e-01	
2.7690011513e+02	2.6634410980e-01	
2.7700031603e+02	2.6631898233e-01	
2.7710072018e+02	2.6629372570e-01	
2.7720060514e+02	2.6626850378e-01	
2.7730075789e+02	2.6624310517e-01	
2.7740044723e+02	2.6621767119e-01	
2.7750045904e+02	2.6619195860e-01	
2.7760005167e+02	2.6616620691e-01	
2.7770000989e+02	2.6614027561e-01	
2.7780035334e+02	2.6611422655e-01	
2.7790032189e+02	2.6608833104e-01	
2.7800069845e+02	2.6606246386e-01	
2.7810052865e+02	2.6603694827e-01	
2.7820000115e+02	2.6601181080e-01	
2.7830062382e+02	2.6598675380e-01	
2.7840008350e+02	2.6596242374e-01	
2.7850070609e+02	2.6594086484e-01	
2.7860020268e+02	2.6591996209e-01	
2.7870012655e+02	2.6589848101e-01	
2.7880049650e+02	2.6587637001e-01	
2.7890057764e+02	2.6585371729e-01	
2.7900040103e+02	2.6583043070e-01	
2.7910075302e+02	2.6580623539e-01	
2.7920015913e+02	2.6578142024e-01	
2.7930016167e+02	2.6575557369e-01	
2.7940004425e+02	2.6572878811e-01	
2.7950059512e+02	2.6570075694e-01	
2.7960035221e+02	2.6567182475e-01	
2.7970010457e+02	2.6564174547e-01	
2.7980064180e+02	2.6561014676e-01	
2.7990050264e+02	2.6557745507e-01	
2.8000047584e+02	2.6554348571e-01	
2.8010059938e+02	2.6550829391e-01	
2.8020015528e+02	2.6547222931e-01	
2.8030068759e+02	2.6543484005e-01	
2.8040071832e+02	2.6539681113e-01	
2.8050027322e+02	2.6535835477e-01	
2.8060013827e+02	2.6531939339e-01	
2.8070034041e+02	2.6528009269e-01	
2.8080013505e+02	2.6524093922e-01	
2.8090030681e+02	2.6520183867e-01	
2.8100009843e+02	2.6516330599e-01	
2.8110029309e+02	2.6512525584e-01	
2.8120009911e+02	2.6508820404e-01	
2.8130052528e+02	2.6505198859e-01	
2.8140054534e+02	2.6501718173e-01	
2.8150017122e+02	2.6498389467e-01	
2.8160018619e+02	2.6495289371e-01	
2.8170059993e+02	2.6492357519e-01	
2.8180066413e+02	2.6489466204e-01	
2.8190040434e+02	2.6486622336e-01	
2.8200060662e+02	2.6483809925e-01	
2.8210053896e+02	2.6481052489e-01	
2.8220023183e+02	2.6478348002e-01	
2.8230047088e+02	2.6475671938e-01	
2.8240053524e+02	2.6473041761e-01	
2.8250046248e+02	2.6470464350e-01	
2.8260029117e+02	2.6467933305e-01	
2.8270006054e+02	2.6465440273e-01	
2.8280055979e+02	2.6462957862e-01	
2.8290032824e+02	2.6460514505e-01	
2.8300015505e+02	2.6458083324e-01	
2.8310007905e+02	2.6455656076e-01	
2.8320013849e+02	2.6453226481e-01	
2.8330037082e+02	2.6450790735e-01	
2.8340005632e+02	2.6448364067e-01	
2.8350074018e+02	2.6445907045e-01	
2.8360018092e+02	2.6443472750e-01	
2.8370068326e+02	2.6440997085e-01	
2.8380075244e+02	2.6438515697e-01	
2.8390040609e+02	2.6436033004e-01	
2.8400042894e+02	2.6433535135e-01	
2.8410006615e+02	2.6431047147e-01	
2.8420010117e+02	2.6428556381e-01	
2.8430054593e+02	2.6426069885e-01	
2.8440034286e+02	2.6423620945e-01	
2.8450052375e+02	2.6421191707e-01	
2.8460030573e+02	2.6418808281e-01	
2.8470047198e+02	2.6416457833e-01	
2.8480026505e+02	2.6414432964e-01	
2.8490046817e+02	2.6412372864e-01	
2.8500033623e+02	2.6410269871e-01	
2.8510065481e+02	2.6408102472e-01	
2.8520068979e+02	2.6405879278e-01	
2.8530047255e+02	2.6403591714e-01	
2.8540003595e+02	2.6401232532e-01	
2.8550016681e+02	2.6398779804e-01	
2.8560014663e+02	2.6396242647e-01	
2.8570001288e+02	2.6393611866e-01	
2.8580055385e+02	2.6390858005e-01	
2.8590030747e+02	2.6388015593e-01	
2.8600006282e+02	2.6385054663e-01	
2.8610060965e+02	2.6381940332e-01	
2.8620048652e+02	2.6378721135e-01	
2.8630048216e+02	2.6375378454e-01	
2.8640063440e+02	2.6371917400e-01	
2.8650022480e+02	2.6368372470e-01	
2.8660004057e+02	2.6364727885e-01	
2.8670011502e+02	2.6360996836e-01	
2.8680047972e+02	2.6357200991e-01	
2.8690040012e+02	2.6353386885e-01	
2.8700066193e+02	2.6349542951e-01	
2.8710051960e+02	2.6345717849e-01	
2.8720075769e+02	2.6341902728e-01	
2.8730061783e+02	2.6338147511e-01	
2.8740010427e+02	2.6334472409e-01	
2.8750071672e+02	2.6330843861e-01	
2.8760029524e+02	2.6327359683e-01	
2.8770024897e+02	2.6323982341e-01	
2.8780058120e+02	2.6320727231e-01	
2.8790053175e+02	2.6317742680e-01	
2.8800011947e+02	2.6314884887e-01	
2.8810012911e+02	2.6312045764e-01	
2.8820057902e+02	2.6309232884e-01	
2.8830073356e+02	2.6306473289e-01	
2.8840062306e+02	2.6303767900e-01	
2.8850027850e+02	2.6301114104e-01	
2.8860048571e+02	2.6298488422e-01	
2.8870052444e+02	2.6295917943e-01	
2.8880043247e+02	2.6293400044e-01	
2.8890024852e+02	2.6290927005e-01	
2.8900001187e+02	2.6288490877e-01	
2.8910051160e+02	2.6286065058e-01	
2.8920028708e+02	2.6283677579e-01	
2.8930012743e+02	2.6281302116e-01	
2.8940007138e+02	2.6278930885e-01	
2.8950015710e+02	2.6276558767e-01	
2.8960042186e+02	2.6274182408e-01	
2.8970014545e+02	2.6271816864e-01	
2.8980011499e+02	2.6269441681e-01	
2.8990036275e+02	2.6267053302e-01	
2.9000015604e+02	2.6264661374e-01	
2.9010028068e+02	2.6262248257e-01	
2.9020076165e+02	2.6259817614e-01	
2.9030007827e+02	2.6257411482e-01	
2.9040055445e+02	2.6255330559e-01	
2.9050065937e+02	2.6254698905e-01	
2.9060039494e+02	2.6254170344e-01	
2.9070013608e+02	2.6253746656e-01	
2.9080025015e+02	2.6253424599e-01	
2.9090073896e+02	2.6253202281e-01	
2.9100007130e+02	2.6253069868e-01	
2.9110057021e+02	2.6252102590e-01	
2.9120071391e+02	2.6250936210e-01	
2.9130052702e+02	2.6249601441e-01	
2.9140003661e+02	2.6248092768e-01	
2.9150002840e+02	2.6246359707e-01	
2.9160052807e+02	2.6244379584e-01	
2.9170005768e+02	2.6242179816e-01	
2.9180016062e+02	2.6239732109e-01	
2.9190011881e+02	2.6237062656e-01	
2.9200072029e+02	2.6234162535e-01	
2.9210050202e+02	2.6231089850e-01	
2.9220025322e+02	2.6227838772e-01	
2.9230001264e+02	2.6224424612e-01	
2.9240057016e+02	2.6220836144e-01	
2.9250046415e+02	2.6217144860e-01	
2.9260048328e+02	2.6213345849e-01	
2.9270066525e+02	2.6209463304e-01	
2.9280029114e+02	2.6205553843e-01	
2.9290014812e+02	2.6201617820e-01	
2.9300026923e+02	2.6197686290e-01	
2.9310068572e+02	2.6193791984e-01	
2.9320066222e+02	2.6189997943e-01	
2.9330021719e+02	2.6186334793e-01	
2.9340013560e+02	2.6182800837e-01	
2.9350043749e+02	2.6179437700e-01	
2.9360036344e+02	2.6176311254e-01	
2.9370069641e+02	2.6173417261e-01	
2.9380053320e+02	2.6170804768e-01	
2.9390004446e+02	2.6168753166e-01	
2.9400070507e+02	2.6168506623e-01	
2.9410020059e+02	2.6168275372e-01	
2.9420009020e+02	2.6167981266e-01	
2.9430038476e+02	2.6167626182e-01	
2.9440033808e+02	2.6167255761e-01	
2.9450073601e+02	2.6166864671e-01	
2.9460008630e+02	2.6166456277e-01	
2.9470069103e+02	2.6166018083e-01	
2.9480031006e+02	2.6165556638e-01	
2.9490048649e+02	2.6165061836e-01	
2.9500050070e+02	2.6164534174e-01	
2.9510039065e+02	2.6163971206e-01	
2.9520019520e+02	2.6163370695e-01	
2.9530070360e+02	2.6162714690e-01	
2.9540045495e+02	2.6161990985e-01	
2.9550023855e+02	2.6161195351e-01	
2.9560009351e+02	2.6160329175e-01	
2.9570005849e+02	2.6159394144e-01	
2.9580017153e+02	2.6158391729e-01	
2.9590046974e+02	2.6157324021e-01	
2.9600023238e+02	2.6156222746e-01	
2.9610024652e+02	2.6155092400e-01	
2.9620054415e+02	2.6153937166e-01	
2.9630039178e+02	2.6152761944e-01	
2.9640057519e+02	2.6151558792e-01	
2.9650034997e+02	2.6150343201e-01	
2.9660050069e+02	2.6149111046e-01	
2.9670027042e+02	2.6147876477e-01	
2.9680044240e+02	2.6146634248e-01	
2.9690023525e+02	2.6145398781e-01	
2.9700068597e+02	2.6144178107e-01	
2.9710073051e+02	2.6142999053e-01	
2.9720038064e+02	2.6141869067e-01	
2.9730041926e+02	2.6140876881e-01	
2.9740009013e+02	2.6140150278e-01	
2.9750017778e+02	2.6139422126e-01	
2.9760069953e+02	2.6138690031e-01	
2.9770015994e+02	2.6137958033e-01	
2.9780010749e+02	2.6137225660e-01	
2.9790056825e+02	2.6136520494e-01	
2.9800006513e+02	2.6135850646e-01	
2.9810014124e+02	2.6135202797e-01	
2.9820007891e+02	2.6134579349e-01	
2.9830066622e+02	2.6133973394e-01	
2.9840044030e+02	2.6133391201e-01	
2.9850019016e+02	2.6132825031e-01	
2.9860070501e+02	2.6132267324e-01	
2.9870052407e+02	2.6131724323e-01	
2.9880043627e+02	2.6131190681e-01	
2.9890047996e+02	2.6130666008e-01	
2.9900069269e+02	2.6130151278e-01	
2.9910035505e+02	2.6129651777e-01	
2.9920025418e+02	2.6129165607e-01	
2.9930042284e+02	2.6128695217e-01	
2.9940012961e+02	2.6128245649e-01	
2.9950016037e+02	2.6127808358e-01	
2.9960054079e+02	2.6127384744e-01	
2.9970052337e+02	2.6126989777e-01	
2.9980011896e+02	2.6126626379e-01	
2.9990011105e+02	2.6126285222e-01	
3.0000051195e+02	2.6125967582e-01	
3.0010032930e+02	2.6125677546e-01	
3.0020054898e+02	2.6125410335e-01	
3.0030036826e+02	2.6125145734e-01	
3.0040057020e+02	2.6124878582e-01	
3.0050039663e+02	2.6124515847e-01	
3.0060063134e+02	2.6124113471e-01	
3.0070052916e+02	2.6123687038e-01	
3.0080011691e+02	2.6123235128e-01	
3.0090018042e+02	2.6122752423e-01	
3.0100074352e+02	2.6122236699e-01	
3.0110032707e+02	2.6121694163e-01	
3.0120047380e+02	2.6121115142e-01	
3.0130046459e+02	2.6120501441e-01	
3.0140033759e+02	2.6119838051e-01	
3.0150013179e+02	2.6119117945e-01	
3.0160063636e+02	2.6118333042e-01	
3.0170039042e+02	2.6117494676e-01	
3.0180018325e+02	2.6116597600e-01	
3.0190005391e+02	2.6116189709e-01	
3.0200004099e+02	2.6115860370e-01	
3.0210018239e+02	2.6115517809e-01	
3.0220051506e+02	2.6115181944e-01	
3.0230031771e+02	2.6114861344e-01	
3.0240037737e+02	2.6114552378e-01	
3.0250072572e+02	2.6114247298e-01	
3.0260062846e+02	2.6113942428e-01	
3.0270010477e+02	2.6113637788e-01	
3.0280070897e+02	2.6113326943e-01	
3.0290015346e+02	2.6113014324e-01	
3.0300076396e+02	2.6112689013e-01	
3.0310022778e+02	2.6112355843e-01	
3.0320005535e+02	2.6112024466e-01	
3.0330043829e+02	2.6111699743e-01	
3.0340041680e+02	2.6111386329e-01	
3.0350000312e+02	2.6111085437e-01	
3.0360074712e+02	2.6110769410e-01	
3.0370035646e+02	2.6110418609e-01	
3.0380038626e+02	2.6110054424e-01	
3.0390009441e+02	2.6109690555e-01	
3.0400026653e+02	2.6109335621e-01	
3.0410017083e+02	2.6108985816e-01	
3.0420059371e+02	2.6108598640e-01	
3.0430005894e+02	2.6108197345e-01	
3.0440010932e+02	2.6107794427e-01	
3.0450002759e+02	2.6107407970e-01	
3.0460060185e+02	2.6107042009e-01	
3.0470036932e+02	2.6106681852e-01	
3.0480011894e+02	2.6106322070e-01	
3.0490064014e+02	2.6105960491e-01	
3.0500047205e+02	2.6105603809e-01	
3.0510040353e+02	2.6105251311e-01	
3.0520047284e+02	2.6104905519e-01	
3.0530071736e+02	2.6104569037e-01	
3.0540041717e+02	2.6104246535e-01	
3.0550035938e+02	2.6103937572e-01	
3.0560057647e+02	2.6103643999e-01	
3.0570033623e+02	2.6103364727e-01	
3.0580042453e+02	2.6103094677e-01	
3.0590009844e+02	2.6102844353e-01	
3.0600014282e+02	2.6102622956e-01	
3.0610057667e+02	2.6102426885e-01	
3.0620063835e+02	2.6102253488e-01	
3.0630033014e+02	2.6102103164e-01	
3.0640010550e+02	2.6101975537e-01	
3.0650025806e+02	2.6101870764e-01	
3.0660001230e+02	2.6101790018e-01	
3.0670015137e+02	2.6101705733e-01	
3.0680068410e+02	2.6101427361e-01	
3.0690009630e+02	2.6101150908e-01	
3.0700070284e+02	2.6100869972e-01	
3.0710024074e+02	2.6100591145e-01	
3.0720025861e+02	2.6100310556e-01	
3.0730002612e+02	2.6100030793e-01	
3.0740033010e+02	2.6099750238e-01	
3.0750044820e+02	2.6099471542e-01	
3.0760041669e+02	2.6099192722e-01	
3.0770027388e+02	2.6098901658e-01	
3.0780005888e+02	2.6098599607e-01	
3.0790056071e+02	2.6098285665e-01	
3.0800031856e+02	2.6097965453e-01	
3.0810012172e+02	2.6097637341e-01	
3.0820000917e+02	2.6097301508e-01	
3.0830001942e+02	2.6096956903e-01	
3.0840019021e+02	2.6096617141e-01	
3.0850055834e+02	2.6096296373e-01	
3.0860040194e+02	2.6095995508e-01	
3.0870050801e+02	2.6095706399e-01	
3.0880014612e+02	2.6095422393e-01	
3.0890010219e+02	2.6095141020e-01	
3.0900040248e+02	2.6094860422e-01	
3.0910030067e+02	2.6094579801e-01	
3.0920058118e+02	2.6094293143e-01	
3.0930048494e+02	2.6093998321e-01	
3.0940001579e+02	2.6093706777e-01	
3.0950063477e+02	2.6093422230e-01	
3.0960017100e+02	2.6093151926e-01	
3.0970008386e+02	2.6092892795e-01	
3.0980037628e+02	2.6092645799e-01	
3.0990028817e+02	2.6092393480e-01	
3.1000060385e+02	2.6092123468e-01	
3.1010057662e+02	2.6091847149e-01	
3.1020023240e+02	2.6091570397e-01	
3.1030035685e+02	2.6091296806e-01	
3.1040021889e+02	2.6091016699e-01	
3.1050060495e+02	2.6090705946e-01	
3.1060003959e+02	2.6090380053e-01	
3.1070006534e+02	2.6090043227e-01	
3.1080071607e+02	2.6089702585e-01	
3.1090052765e+02	2.6089369572e-01	
3.1100028955e+02	2.6089034023e-01	
3.1110004001e+02	2.6088687300e-01	
3.1120056867e+02	2.6088327219e-01	
3.1130041451e+02	2.6087962458e-01	
3.1140036636e+02	2.6087595842e-01	
3.1150046233e+02	2.6087230566e-01	
3.1160073965e+02	2.6086869546e-01	
3.1170047786e+02	2.6086518081e-01	
3.1180046407e+02	2.6086175806e-01	
3.1190073042e+02	2.6085842662e-01	
3.1200054396e+02	2.6085515145e-01	
3.1210069048e+02	2.6085197773e-01	
3.1220042615e+02	2.6084903948e-01	
3.1230053575e+02	2.6084632792e-01	
3.1240026312e+02	2.6084378902e-01	
3.1250039155e+02	2.6084140506e-01	
3.1260014944e+02	2.6083919507e-01	
3.1270063937e+02	2.6083713350e-01	
3.1280072204e+02	2.6083524220e-01	
3.1290040866e+02	2.6083351692e-01	
3.1300048247e+02	2.6083135816e-01	
3.1310018725e+02	2.6082836478e-01	
3.1320030711e+02	2.6082533667e-01	
3.1330009879e+02	2.6082229724e-01	
3.1340034814e+02	2.6081922460e-01	
3.1350032114e+02	2.6081614512e-01	
3.1360004928e+02	2.6081306328e-01	
3.1370031951e+02	2.6080996072e-01	
3.1380041006e+02	2.6080686665e-01	
3.1390035735e+02	2.6080378366e-01	
3.1400019986e+02	2.6080063671e-01	
3.1410072681e+02	2.6079738034e-01	
3.1420047694e+02	2.6079408284e-01	
3.1430023969e+02	2.6079073524e-01	
3.1440005426e+02	2.6078734745e-01	
3.1450071118e+02	2.6078389303e-01	
3.1460074675e+02	2.6078046129e-01	
3.1470019524e+02	2.6077727901e-01	
3.1480059981e+02	2.6077431081e-01	
3.1490048528e+02	2.6077156652e-01	
3.1500063864e+02	2.6076891438e-01	
3.1510032868e+02	2.6076636417e-01	
3.1520034131e+02	2.6076387944e-01	
3.1530070235e+02	2.6076143170e-01	
3.1540066449e+02	2.6075900109e-01	
3.1550023866e+02	2.6075653933e-01	
3.1560020838e+02	2.6075410587e-01	
3.1570058619e+02	2.6075180373e-01	
3.1580041463e+02	2.6074966127e-01	
3.1590065973e+02	2.6074766342e-01	
3.1600050397e+02	2.6074583037e-01	
3.1610072929e+02	2.6074416466e-01	
3.1620057734e+02	2.6074289272e-01	
3.1630006852e+02	2.6074164685e-01	
3.1640074909e+02	2.6074045432e-01	
3.1650035339e+02	2.6073922964e-01	
3.1660043110e+02	2.6073785093e-01	
3.1670025189e+02	2.6073636977e-01	
3.1680060216e+02	2.6073481615e-01	
3.1690000728e+02	2.6073325122e-01	
3.1700000949e+02	2.6073168527e-01	
3.1710064292e+02	2.6073015336e-01	
3.1720044377e+02	2.6072868829e-01	
3.1730020112e+02	2.6072713817e-01	
3.1740070362e+02	2.6072545983e-01	
3.1750049074e+02	2.6072367667e-01	
3.1760035159e+02	2.6072178616e-01	
3.1770032485e+02	2.6071980252e-01	
3.1780044852e+02	2.6071774037e-01	
3.1790000462e+02	2.6071562950e-01	
3.1800053720e+02	2.6071345206e-01	
3.1810056829e+02	2.6071125113e-01	
3.1820012363e+02	2.6070895983e-01	
3.1830075281e+02	2.6070657258e-01	
3.1840019198e+02	2.6070424990e-01	
3.1850075627e+02	2.6070200346e-01	
3.1860015954e+02	2.6069979706e-01	
3.1870072699e+02	2.6069758062e-01	
3.1880014729e+02	2.6069541080e-01	
3.1890073358e+02	2.6069324170e-01	
3.1900037554e+02	2.6069112201e-01	
3.1910039181e+02	2.6068902734e-01	
3.1920001429e+02	2.6068697843e-01	
3.1930002633e+02	2.6068433193e-01	
3.1940043777e+02	2.6068132781e-01	
3.1950050002e+02	2.6067826903e-01	
3.1960023865e+02	2.6067516104e-01	
3.1970043911e+02	2.6067198594e-01	
3.1980036811e+02	2.6066877509e-01	
3.1990005788e+02	2.6066553712e-01	
3.2000029539e+02	2.6066225587e-01	
3.2010035947e+02	2.6065896472e-01	
3.2020028667e+02	2.6065566855e-01	
3.2030011562e+02	2.6065236820e-01	
3.2040063552e+02	2.6064901610e-01	
3.2050038512e+02	2.6064563854e-01	
3.2060015385e+02	2.6064222304e-01	
3.2070073181e+02	2.6063874277e-01	
3.2080065692e+02	2.6063531725e-01	
3.2090071778e+02	2.6063213357e-01	
3.2100019749e+02	2.6062921798e-01	
3.2110063947e+02	2.6062648284e-01	
3.2120056774e+02	2.6062387156e-01	
3.2130000902e+02	2.6062137981e-01	
3.2140051200e+02	2.6061895634e-01	
3.2150058191e+02	2.6061661404e-01	
3.2160023636e+02	2.6061431815e-01	
3.2170026007e+02	2.6061200821e-01	
3.2180067214e+02	2.6060969646e-01	
3.2190071126e+02	2.6060755109e-01	
3.2200037998e+02	2.6060558774e-01	
3.2210017461e+02	2.6060380425e-01	
3.2220035281e+02	2.6060220365e-01	
3.2230013145e+02	2.6060080181e-01	
3.2240029320e+02	2.6059971657e-01	
3.2250008088e+02	2.6059898738e-01	
3.2260027896e+02	2.6059828196e-01	
3.2270014262e+02	2.6059751334e-01	
3.2280045742e+02	2.6059668526e-01	
3.2290048935e+02	2.6059582009e-01	
3.2300026987e+02	2.6059493461e-01	
3.2310058540e+02	2.6059403737e-01	
3.2320071429e+02	2.6059314909e-01	
3.2330069305e+02	2.6059228443e-01	
3.2340055902e+02	2.6059146498e-01	
3.2350035015e+02	2.6059061185e-01	
3.2360010402e+02	2.6058963527e-01	
3.2370060960e+02	2.6058851278e-01	
3.2380040633e+02	2.6058725953e-01	
3.2390028327e+02	2.6058587366e-01	
3.2400027901e+02	2.6058436236e-01	
3.2410043139e+02	2.6058273265e-01	
3.2420002200e+02	2.6058100683e-01	
3.2430059515e+02	2.6057916757e-01	
3.2440067201e+02	2.6057722384e-01	
3.2450027787e+02	2.6057512562e-01	
3.2460019872e+02	2.6057295881e-01	
3.2470046104e+02	2.6057081855e-01	
3.2480031914e+02	2.6056864154e-01	
3.2490055772e+02	2.6056640857e-01	
3.2500041842e+02	2.6056414418e-01	
3.2510068432e+02	2.6056183900e-01	
3.2520051722e+02	2.6055951963e-01	
3.2530009192e+02	2.6055718907e-01	
3.2540004217e+02	2.6055484051e-01	
3.2550037128e+02	2.6055248243e-01	
3.2560031924e+02	2.6054951593e-01	
3.2570066967e+02	2.6054642003e-01	
3.2580067511e+02	2.6054323764e-01	
3.2590036146e+02	2.6053997625e-01	
3.2600051366e+02	2.6053661849e-01	
3.2610039962e+02	2.6053319851e-01	
3.2620005203e+02	2.6052972609e-01	
3.2630025786e+02	2.6052618410e-01	
3.2640029655e+02	2.6052260826e-01	
3.2650020475e+02	2.6051900306e-01	
3.2660002127e+02	2.6051537420e-01	
3.2670053520e+02	2.6051170195e-01	
3.2680028534e+02	2.6050803369e-01	
3.2690006114e+02	2.6050432093e-01	
3.2700065280e+02	2.6050053415e-01	
3.2710059793e+02	2.6049693956e-01	
3.2720068514e+02	2.6049359635e-01	
3.2730019707e+02	2.6049050425e-01	
3.2740067743e+02	2.6048750900e-01	
3.2750064940e+02	2.6048464368e-01	
3.2760013930e+02	2.6048189614e-01	
3.2770069617e+02	2.6047920414e-01	
3.2780005842e+02	2.6047659863e-01	
3.2790054006e+02	2.6047397952e-01	
3.2800062878e+02	2.6047138892e-01	
3.2810033432e+02	2.6046898192e-01	
3.2820044002e+02	2.6046676612e-01	
3.2830017638e+02	2.6046477007e-01	
3.2840069243e+02	2.6046298230e-01	
3.2850002606e+02	2.6046144351e-01	
3.2860051089e+02	2.6046012098e-01	
3.2870060671e+02	2.6045919423e-01	
3.2880033188e+02	2.6045846801e-01	
3.2890047094e+02	2.6045781218e-01	
3.2900028003e+02	2.6045713631e-01	
3.2910054474e+02	2.6045643057e-01	
3.2920053184e+02	2.6045570916e-01	
3.2930027309e+02	2.6045498035e-01	
3.2940055491e+02	2.6045424603e-01	
3.2950065622e+02	2.6045351991e-01	
3.2960061363e+02	2.6045281655e-01	
3.2970046464e+02	2.6045207794e-01	
3.2980024708e+02	2.6045121845e-01	
3.2990074853e+02	2.6045021022e-01	
3.3000050829e+02	2.6044905984e-01	
3.3010031573e+02	2.6044776167e-01	
3.3020020984e+02	2.6044631965e-01	
3.3030022910e+02	2.6044473719e-01	
3.3040041124e+02	2.6044302029e-01	
3.3050003732e+02	2.6044118947e-01	
3.3060065200e+02	2.6043921525e-01	
3.3070001593e+02	2.6043707300e-01	
3.3080043273e+02	2.6043478759e-01	
3.3090040956e+02	2.6043251166e-01	
3.3100073211e+02	2.6043016579e-01	
3.3110065372e+02	2.6042775351e-01	
3.3120018591e+02	2.6042528438e-01	
3.3130011228e+02	2.6042274876e-01	
3.3140044573e+02	2.6042015633e-01	
3.3150028105e+02	2.6041754033e-01	
3.3160056462e+02	2.6041488622e-01	
3.3170044617e+02	2.6041222781e-01	
3.3180070865e+02	2.6040944729e-01	
3.3190059293e+02	2.6040631065e-01	
3.3200011879e+02	2.6040306004e-01	
3.3210007071e+02	2.6039967715e-01	
3.3220046714e+02	2.6039616776e-01	
3.3230057188e+02	2.6039256621e-01	
3.3240041577e+02	2.6038888251e-01	
3.3250003182e+02	2.6038512683e-01	
3.3260020703e+02	2.6038128046e-01	
3.3270022141e+02	2.6037738077e-01	
3.3280011173e+02	2.6037343317e-01	
3.3290066713e+02	2.6036941676e-01	
3.3300042597e+02	2.6036539726e-01	
3.3310017775e+02	2.6036132712e-01	
3.3320071220e+02	2.6035716655e-01	
3.3330056816e+02	2.6035305879e-01	
3.3340053440e+02	2.6034918600e-01	
3.3350064899e+02	2.6034554852e-01	
3.3360019415e+02	2.6034208034e-01	
3.3370071386e+02	2.6033868884e-01	
3.3380073044e+02	2.6033542193e-01	
3.3390026978e+02	2.6033226082e-01	
3.3400011789e+02	2.6032915605e-01	
3.3410030182e+02	2.6032607278e-01	
3.3420007714e+02	2.6032302471e-01	
3.3430022841e+02	2.6032014705e-01	
3.3440077368e+02	2.6031748270e-01	
3.3450017127e+02	2.6031508529e-01	
3.3460074441e+02	2.6031291319e-01	
3.3470041235e+02	2.6031102449e-01	
3.3480045347e+02	2.6030940121e-01	
3.3490009906e+02	2.6030805995e-01	
3.3500013244e+02	2.6030702595e-01	
3.3510056383e+02	2.6030608917e-01	
3.3520064467e+02	2.6030525442e-01	
3.3530040004e+02	2.6030452315e-01	
3.3540061557e+02	2.6030384635e-01	
3.3550055880e+02	2.6030314422e-01	
3.3560026179e+02	2.6030242625e-01	
3.3570051097e+02	2.6030170032e-01	
3.3580058575e+02	2.6030098020e-01	
3.3590052292e+02	2.6030019324e-01	
3.3600036006e+02	2.6029929558e-01	
3.3610013483e+02	2.6029826158e-01	
3.3620063497e+02	2.6029706731e-01	
3.3630040001e+02	2.6029572772e-01	
3.3640021925e+02	2.6029423567e-01	
3.3650013161e+02	2.6029259122e-01	
3.3660017547e+02	2.6029079726e-01	
3.3670038837e+02	2.6028885703e-01	
3.3680005092e+02	2.6028679165e-01	
3.3690070806e+02	2.6028451879e-01	
3.3700011915e+02	2.6028210260e-01	
3.3710058848e+02	2.6027962248e-01	
3.3720062204e+02	2.6027706937e-01	
3.3730023780e+02	2.6027442773e-01	
3.3740022057e+02	2.6027168715e-01	
3.3750058999e+02	2.6026885715e-01	
3.3760058549e+02	2.6026597155e-01	
3.3770020998e+02	2.6026304419e-01	
3.3780002526e+02	2.6026007123e-01	
3.3790024166e+02	2.6025705961e-01	
3.3800005793e+02	2.6025404787e-01	
3.3810025652e+02	2.6025082956e-01	
3.3820007968e+02	2.6024735585e-01	
3.3830031210e+02	2.6024373532e-01	
3.3840020855e+02	2.6024000490e-01	
3.3850055350e+02	2.6023614402e-01	
3.3860061167e+02	2.6023218897e-01	
3.3870041448e+02	2.6022814760e-01	
3.3880074885e+02	2.6022399526e-01	
3.3890014088e+02	2.6021980222e-01	
3.3900013204e+02	2.6021550837e-01	
3.3910000561e+02	2.6021114608e-01	
3.3920055075e+02	2.6020668541e-01	
3.3930030584e+02	2.6020219904e-01	
3.3940006036e+02	2.6019765442e-01	
3.3950060417e+02	2.6019302104e-01	
3.3960047591e+02	2.6018856560e-01	
3.3970046431e+02	2.6018434566e-01	
3.3980060732e+02	2.6018030319e-01	
3.3990018670e+02	2.6017638835e-01	
3.4000074670e+02	2.6017254424e-01	
3.4010004969e+02	2.6016884232e-01	
3.4020039840e+02	2.6016517489e-01	
3.4030030152e+02	2.6016156742e-01	
3.4040054479e+02	2.6015797530e-01	
3.4050038280e+02	2.6015458124e-01	
3.4060060007e+02	2.6015141324e-01	
3.4070043855e+02	2.6014851606e-01	
3.4080068138e+02	2.6014588494e-01	
3.4090050948e+02	2.6014355758e-01	
3.4100010989e+02	2.6014154014e-01	
3.4110008441e+02	2.6013982987e-01	
3.4120043617e+02	2.6013841777e-01	
3.4130040483e+02	2.6013712699e-01	
3.4140000981e+02	2.6013593293e-01	
3.4150003577e+02	2.6013482270e-01	
3.4160050058e+02	2.6013378719e-01	
3.4170066787e+02	2.6013281789e-01	
3.4180056822e+02	2.6013189405e-01	
3.4190023398e+02	2.6013101336e-01	
3.4200045157e+02	2.6013012228e-01	
3.4210050092e+02	2.6012917510e-01	
3.4220041894e+02	2.6012812838e-01	
3.4230024332e+02	2.6012694818e-01	
3.4240001141e+02	2.6012561339e-01	
3.4250051136e+02	2.6012410473e-01	
3.4260028278e+02	2.6012244435e-01	
3.4270011491e+02	2.6017647849e-01	
3.4280004660e+02	2.6024180738e-01	
3.4290011609e+02	2.6030549706e-01	
3.4300036077e+02	2.6037087426e-01	
3.4310006075e+02	2.6043560198e-01	
3.4320000313e+02	2.6050335884e-01	
3.4330022036e+02	2.6057623529e-01	
3.4340074300e+02	2.6065639149e-01	
3.4350006864e+02	2.6074058584e-01	
3.4360051077e+02	2.6082474819e-01	
3.4370055813e+02	2.6091030073e-01	
3.4380022103e+02	2.6098818177e-01	
3.4390028283e+02	2.6106811450e-01	
3.4400075520e+02	2.6114259635e-01	
3.4410052546e+02	2.6119816884e-01	
3.4420067160e+02	2.6123557316e-01	
3.4430041890e+02	2.6124389970e-01	
3.4440055072e+02	2.6123945097e-01	
3.4450031059e+02	2.6120644683e-01	
3.4460048326e+02	2.6115397807e-01	
3.4470032456e+02	2.6108872469e-01	
3.4480061881e+02	2.6101102034e-01	
3.4490063137e+02	2.6092701234e-01	
3.4500039410e+02	2.6083852584e-01	
3.4510069396e+02	2.6074299299e-01	
3.4520005777e+02	2.6064609010e-01	
3.4530002681e+02	2.6054485801e-01	
3.4540063523e+02	2.6044207151e-01	
3.4550042073e+02	2.6034222193e-01	
3.4560017314e+02	2.6024294884e-01	
3.4570068168e+02	2.6014419255e-01	
3.4580048576e+02	2.6007199378e-01	
3.4590037435e+02	2.6004678946e-01	
3.4600038597e+02	2.6005062408e-01	
3.4610055841e+02	2.6007315978e-01	
3.4620017297e+02	2.6010746180e-01	
3.4630001684e+02	2.6015429673e-01	
3.4640012318e+02	2.6021481346e-01	
3.4650052333e+02	2.6028764887e-01	
3.4660048218e+02	2.6037446685e-01	
3.4670001840e+02	2.6047255484e-01	
3.4680068670e+02	2.6058211959e-01	
3.4690019749e+02	2.6069106869e-01	
3.4700010140e+02	2.6080097184e-01	
3.4710041154e+02	2.6090863594e-01	
3.4720025017e+02	2.6102093064e-01	
3.4730055911e+02	2.6111783488e-01	
3.4740046437e+02	2.6119129356e-01	
3.4750074891e+02	2.6125424086e-01	
3.4760065350e+02	2.6129670145e-01	
3.4770019811e+02	2.6132447604e-01	
3.4780016744e+02	2.6134048242e-01	
3.4790057987e+02	2.6135056883e-01	
3.4800069986e+02	2.6135114862e-01	
3.4810055834e+02	2.6135924097e-01	
3.4820018789e+02	2.6138113337e-01	
3.4830037495e+02	2.6141345393e-01	
3.4840039994e+02	2.6145754204e-01	
3.4850029990e+02	2.6151099888e-01	
3.4860011256e+02	2.6156998624e-01	
3.4870062503e+02	2.6163129076e-01	
3.4880037589e+02	2.6169319543e-01	
3.4890015478e+02	2.6175672403e-01	
3.4900000088e+02	2.6182178759e-01	
3.4910070497e+02	2.6188794572e-01	
3.4920004910e+02	2.6195317025e-01	
3.4930032656e+02	2.6201809414e-01	
3.4940006490e+02	2.6208308137e-01	
3.4950005119e+02	2.6215301677e-01	
3.4960031760e+02	2.6222906571e-01	
3.4970013114e+02	2.6231055377e-01	
3.4980027761e+02	2.6239694951e-01	
3.4990001319e+02	2.6248096266e-01	
3.5000012268e+02	2.6256616393e-01	
3.5010062461e+02	2.6264859188e-01	
3.5020075613e+02	2.6272112503e-01	
3.5030051670e+02	2.6278890701e-01	
3.5040022271e+02	2.6285784168e-01	
3.5050030100e+02	2.6288419969e-01	
3.5060075387e+02	2.6288920470e-01	
3.5070005121e+02	2.6287728630e-01	
3.5080051678e+02	2.6284329364e-01	
3.5090063049e+02	2.6278403004e-01	
3.5100041743e+02	2.6271376410e-01	
3.5110066179e+02	2.6263130623e-01	
3.5120062969e+02	2.6254328947e-01	
3.5130035335e+02	2.6245099877e-01	
3.5140061974e+02	2.6235199349e-01	
3.5150070838e+02	2.6225025594e-01	
3.5160065547e+02	2.6214535355e-01	
3.5170049824e+02	2.6204034018e-01	
3.5180027574e+02	2.6193768594e-01	
3.5190002654e+02	2.6183525485e-01	
3.5200054007e+02	2.6173454858e-01	
3.5210035561e+02	2.6167002740e-01	
3.5220026210e+02	2.6165014888e-01	
3.5230029797e+02	2.6165732416e-01	
3.5240050085e+02	2.6168152258e-01	
3.5250015154e+02	2.6171846130e-01	
3.5260003721e+02	2.6176825525e-01	
3.5270019072e+02	2.6183167631e-01	
3.5280064308e+02	2.6190893119e-01	
3.5290065837e+02	2.6199966960e-01	
3.5300025471e+02	2.6210402322e-01	
3.5310021685e+02	2.6221366980e-01	
3.5320056440e+02	2.6232793879e-01	
3.5330053714e+02	2.6243929287e-01	
3.5340013823e+02	2.6255229161e-01	
3.5350074339e+02	2.6265828493e-01	
3.5360020603e+02	2.6275388066e-01	
3.5370004557e+02	2.6282809019e-01	
3.5380026644e+02	2.6289022999e-01	
3.5390011048e+02	2.6293118068e-01	
3.5400036209e+02	2.6295777822e-01	
3.5410027561e+02	2.6297289213e-01	
3.5420063656e+02	2.6298121700e-01	
3.5430071020e+02	2.6298057155e-01	
3.5440052780e+02	2.6299270744e-01	
3.5450012215e+02	2.6301616690e-01	
3.5460027975e+02	2.6305245691e-01	
3.5470028146e+02	2.6309900511e-01	
3.5480016445e+02	2.6315369462e-01	
3.5490071657e+02	2.6321399778e-01	
3.5500047429e+02	2.6327612928e-01	
3.5510022718e+02	2.6333918990e-01	
3.5520001461e+02	2.6340388169e-01	
3.5530062696e+02	2.6347049138e-01	
3.5540060143e+02	2.6353568902e-01	
3.5550072652e+02	2.6360183672e-01	
3.5560028426e+02	2.6366610204e-01	
3.5570006188e+02	2.6373351899e-01	
3.5580009297e+02	2.6380384765e-01	
3.5590040936e+02	2.6388269880e-01	
3.5600027728e+02	2.6396591149e-01	
3.5610048249e+02	2.6405392318e-01	
3.5620028022e+02	2.6413798163e-01	
3.5630045527e+02	2.6422279535e-01	
3.5640025039e+02	2.6430827499e-01	
3.5650044873e+02	2.6438420846e-01	
3.5660025581e+02	2.6446234496e-01	
3.5670066990e+02	2.6451668741e-01	
3.5680067755e+02	2.6453176227e-01	
3.5690029106e+02	2.6453335545e-01	
3.5700029404e+02	2.6451969384e-01	
3.5710069724e+02	2.6447873139e-01	
3.5720075279e+02	2.6441559045e-01	
3.5730048621e+02	2.6433732923e-01	
3.5740068155e+02	2.6425274478e-01	
3.5750060577e+02	2.6415985065e-01	
3.5760029137e+02	2.6406306899e-01	
3.5770052535e+02	2.6396099656e-01	
3.5780058773e+02	2.6385518836e-01	
3.5790051493e+02	2.6374669523e-01	
3.5800034435e+02	2.6363907222e-01	
3.5810011490e+02	2.6353311615e-01	
3.5820061520e+02	2.6342721317e-01	
3.5830038477e+02	2.6332693897e-01	
3.5840021285e+02	2.6327061228e-01	
3.5850013829e+02	2.6325504698e-01	
3.5860019942e+02	2.6326587102e-01	
3.5870043374e+02	2.6329137074e-01	
3.5880012150e+02	2.6333082670e-01	
3.5890004984e+02	2.6338360753e-01	
3.5900025136e+02	2.6345064722e-01	
3.5910075670e+02	2.6353395549e-01	
3.5920006390e+02	2.6362900334e-01	
3.5930048617e+02	2.6373729941e-01	
3.5940051257e+02	2.6385165167e-01	
3.5950015343e+02	2.6396485336e-01	
3.5960019216e+02	2.6408303774e-01	
3.5970064066e+02	2.6420085301e-01	
3.5980043047e+02	2.6430915635e-01	
3.5990060131e+02	2.6439519922e-01	
3.6000037256e+02	2.6447265006e-01	
3.6010052739e+02	2.6453006325e-01	
3.6020030870e+02	2.6456844831e-01	
3.6030050099e+02	2.6459310424e-01	
3.6040035953e+02	2.6460826190e-01	
3.6050066989e+02	2.6461261072e-01	
3.6060069813e+02	2.6461359408e-01	
3.6070047583e+02	2.6462729983e-01	
3.6080003600e+02	2.6465296143e-01	
3.6090016519e+02	2.6469175346e-01	
3.6100014470e+02	2.6474208035e-01	
3.6110001180e+02	2.6479910760e-01	
3.6120055414e+02	2.6485993249e-01	
3.6130030844e+02	2.6492115459e-01	
3.6140006444e+02	2.6498411923e-01	
3.6150061212e+02	2.6504941814e-01	
3.6160049010e+02	2.6511615178e-01	
3.6170048707e+02	2.6518316572e-01	
3.6180064088e+02	2.6524769245e-01	
3.6190023309e+02	2.6531440286e-01	
3.6200005092e+02	2.6538265605e-01	
3.6210012765e+02	2.6545442467e-01	
3.6220049482e+02	2.6553436017e-01	
3.6230041785e+02	2.6561900642e-01	
3.6240068244e+02	2.6570839403e-01	
3.6250054291e+02	2.6579315786e-01	
3.6260001140e+02	2.6587936379e-01	
3.6270064728e+02	2.6596239469e-01	
3.6280013699e+02	2.6604149012e-01	
3.6290074712e+02	2.6611331930e-01	
3.6300031277e+02	2.6615046207e-01	
3.6310025331e+02	2.6617435584e-01	
3.6320057240e+02	2.6616936963e-01	
3.6330051047e+02	2.6614966959e-01	
3.6340008741e+02	2.6610190918e-01	
3.6350008816e+02	2.6603613642e-01	
3.6360053107e+02	2.6595597138e-01	
3.6370067831e+02	2.6586675971e-01	
3.6380055982e+02	2.6577017323e-01	
3.6390020837e+02	2.6566763669e-01	
3.6400041100e+02	2.6556272112e-01	
3.6410044821e+02	2.6545301072e-01	
3.6420035664e+02	2.6534126751e-01	
3.6430017380e+02	2.6523134949e-01	
3.6440068845e+02	2.6512127519e-01	
3.6450043934e+02	2.6501350521e-01	
3.6460021604e+02	2.6491531891e-01	
3.6470005773e+02	2.6486684082e-01	
3.6480000318e+02	2.6485504968e-01	
3.6490009061e+02	2.6486944753e-01	
3.6500035734e+02	2.6489631552e-01	
3.6510008310e+02	2.6493823118e-01	
3.6520005501e+02	2.6499430844e-01	
3.6530030536e+02	2.6506624271e-01	
3.6540010140e+02	2.6515298766e-01	
3.6550022899e+02	2.6525337710e-01	
3.6560071304e+02	2.6536762117e-01	
3.6570003279e+02	2.6548291366e-01	
3.6580051217e+02	2.6560186492e-01	
3.6590062029e+02	2.6571929259e-01	
3.6600035898e+02	2.6583981455e-01	
3.6610009087e+02	2.6595147056e-01	
3.6620019483e+02	2.6603533352e-01	
3.6630067274e+02	2.6611031381e-01	
3.6640076212e+02	2.6616371139e-01	
3.6650048140e+02	2.6619829122e-01	
3.6660061513e+02	2.6622210640e-01	
3.6670041953e+02	2.6623702900e-01	
3.6680068020e+02	2.6623726643e-01	
3.6690066402e+02	2.6623951695e-01	
3.6700040280e+02	2.6625401842e-01	
3.6710068310e+02	2.6628441286e-01	
3.6720003167e+02	2.6632520526e-01	
3.6730074116e+02	2.6637695884e-01	
3.6740059281e+02	2.6643541592e-01	
3.6750037587e+02	2.6649664559e-01	
3.6760012784e+02	2.6655836257e-01	
3.6770063825e+02	2.6662225205e-01	
3.6780044655e+02	2.6668758727e-01	
3.6790034174e+02	2.6675368721e-01	
3.6800036225e+02	2.6681879517e-01	
3.6810054579e+02	2.6688597790e-01	
3.6820017345e+02	2.6695254065e-01	
3.6830003238e+02	2.6702150417e-01	
3.6840015562e+02	2.6709520441e-01	
3.6850057436e+02	2.6717515032e-01	
3.6860055321e+02	2.6726137536e-01	
3.6870011062e+02	2.6735211153e-01	
3.6880003150e+02	2.6743783743e-01	
3.6890033603e+02	2.6752521974e-01	
3.6900026474e+02	2.6760190503e-01	
3.6910060058e+02	2.6767927940e-01	
3.6920043157e+02	2.6774141696e-01	
3.6930070483e+02	2.6778709731e-01	
3.6940057562e+02	2.6779262462e-01	
3.6950005745e+02	2.6779025792e-01	
3.6960070098e+02	2.6776861947e-01	
3.6970021752e+02	2.6771792324e-01	
3.6980016176e+02	2.6764348522e-01	
3.6990055251e+02	2.6756008029e-01	
3.7000065261e+02	2.6746596486e-01	
3.7010049239e+02	2.6736628602e-01	
3.7020010493e+02	2.6725988876e-01	
3.7030027728e+02	2.6715135235e-01	
3.7040029041e+02	2.6703797764e-01	
3.7050018117e+02	2.6692338432e-01	
3.7060073737e+02	2.6681056729e-01	
3.7070049698e+02	2.6669779476e-01	
3.7080024957e+02	2.6658756482e-01	
3.7090003451e+02	2.6649412326e-01	
3.7100064204e+02	2.6645231382e-01	
3.7110060953e+02	2.6644496465e-01	
3.7120072554e+02	2.6646184104e-01	
3.7130027227e+02	2.6649077003e-01	
3.7140003697e+02	2.6653452201e-01	
3.7150005333e+02	2.6659461088e-01	
3.7160035332e+02	2.6667295094e-01	
3.7170020344e+02	2.6676362153e-01	
3.7180038946e+02	2.6686925022e-01	
3.7190016691e+02	2.6698434725e-01	
3.7200032032e+02	2.6710362753e-01	
3.7210009272e+02	2.6722432026e-01	
3.7220026734e+02	2.6734175798e-01	
3.7230006085e+02	2.6746065678e-01	
3.7240050219e+02	2.6757773736e-01	
3.7250053655e+02	2.6766348870e-01	
3.7260017578e+02	2.6773411948e-01	
3.7270020322e+02	2.6778509559e-01	
3.7280062917e+02	2.6781806697e-01	
3.7290070513e+02	2.6784095368e-01	
3.7300045624e+02	2.6785244244e-01	
3.7310066813e+02	2.6784937194e-01	
3.7320060848e+02	2.6785231076e-01	
3.7330030935e+02	2.6787185381e-01	
3.7340055733e+02	2.6790271886e-01	
3.7350063173e+02	2.6794836630e-01	
3.7360056915e+02	2.6800250473e-01	
3.7370040710e+02	2.6806105798e-01	
3.7380018242e+02	2.6812058607e-01	
3.7390068318e+02	2.6818250787e-01	
3.7400044895e+02	2.6824567535e-01	
3.7410026911e+02	2.6831098308e-01	
3.7420018258e+02	2.6837889002e-01	
3.7430022766e+02	2.6844431486e-01	
3.7440044193e+02	2.6851035815e-01	
3.7450010598e+02	2.6857582019e-01	
3.7460000692e+02	2.6864543857e-01	
3.7470017751e+02	2.6872235355e-01	
3.7480064861e+02	2.6880346596e-01	
3.7490068398e+02	2.6889125967e-01	
3.7500030155e+02	2.6898224539e-01	
3.7510028625e+02	2.6906943684e-01	
3.7520065767e+02	2.6915526113e-01	
3.7530065522e+02	2.6922683483e-01	
3.7540028177e+02	2.6929776946e-01	
3.7550008972e+02	2.6937072164e-01	
3.7560029466e+02	2.6940788418e-01	
3.7570009923e+02	2.6941070689e-01	
3.7580028674e+02	2.6939754905e-01	
3.7590009980e+02	2.6936809602e-01	
3.7600032310e+02	2.6931005664e-01	
3.7610021167e+02	2.6923470449e-01	
3.7620055118e+02	2.6914375801e-01	
3.7630060508e+02	2.6904577998e-01	
3.7640040415e+02	2.6894307616e-01	
3.7650073534e+02	2.6883376652e-01	
3.7660012486e+02	2.6872140751e-01	
3.7670011503e+02	2.6860462551e-01	
3.7680073981e+02	2.6848692262e-01	
3.7690053529e+02	2.6837237524e-01	
3.7700029119e+02	2.6825657801e-01	
3.7710004661e+02	2.6814405489e-01	
3.7720059143e+02	2.6805756695e-01	
3.7730046428e+02	2.6802171581e-01	
3.7740045393e+02	2.6801920432e-01	
3.7750059832e+02	2.6803740413e-01	
3.7760017919e+02	2.6806945991e-01	
3.7770074079e+02	2.6811644860e-01	
3.7780004543e+02	2.6818177150e-01	
3.7790039587e+02	2.6826311169e-01	
3.7800030079e+02	2.6835964990e-01	
3.7810054590e+02	2.6846949193e-01	
3.7820038575e+02	2.6859017464e-01	
3.7830060482e+02	2.6871234353e-01	
3.7840044503e+02	2.6883161065e-01	
3.7850068954e+02	2.6895649905e-01	
3.7860051650e+02	2.6907556131e-01	
3.7870011037e+02	2.6918169044e-01	
3.7880007866e+02	2.6927371105e-01	
3.7890042455e+02	2.6934119675e-01	
3.7900038777e+02	2.6939034161e-01	
3.7910075262e+02	2.6942200309e-01	
3.7920000934e+02	2.6944334241e-01	
3.7930047027e+02	2.6945046062e-01	
3.7940063434e+02	2.6944505513e-01	
3.7950053218e+02	2.6945227573e-01	
3.7960019615e+02	2.6947283410e-01	
3.7970041286e+02	2.6950841731e-01	
3.7980046208e+02	2.6955489302e-01	
3.7990038059e+02	2.6960985766e-01	
3.8000020579e+02	2.6967004249e-01	
3.8010072450e+02	2.6973034677e-01	
3.8020047513e+02	2.6979201973e-01	
3.8030024736e+02	2.6985540046e-01	
3.8040008045e+02	2.6992079402e-01	
3.8050001325e+02	2.6998607024e-01	
3.8060008394e+02	2.7005271248e-01	
3.8070032994e+02	2.7011731066e-01	
3.8080003131e+02	2.7018503588e-01	
3.8090073331e+02	2.7025586785e-01	
3.8100019391e+02	2.7033154809e-01	
3.8110071813e+02	2.7041581846e-01	
3.8120004533e+02	2.7050354586e-01	
3.8130048904e+02	2.7059529742e-01	
3.8140053807e+02	2.7068206073e-01	
3.8150020267e+02	2.7076403592e-01	
3.8160026619e+02	2.7083973400e-01	
3.8170074030e+02	2.7091734238e-01	
3.8180049985e+02	2.7098020102e-01	
3.8190063369e+02	2.7099105409e-01	
3.8200036946e+02	2.7099515229e-01	
3.8210049057e+02	2.7098006948e-01	
3.8220024074e+02	2.7094750915e-01	
3.8230040472e+02	2.7088427857e-01	
3.8240023849e+02	2.7080270907e-01	
3.8250052767e+02	2.7070809685e-01	
3.8260053634e+02	2.7060670166e-01	
3.8270029569e+02	2.7049988848e-01	
3.8280059272e+02	2.7038836714e-01	
3.8290070650e+02	2.7027110839e-01	
3.8300067383e+02	2.7015120647e-01	
3.8310053189e+02	2.7003307995e-01	
3.8320031836e+02	2.6991530617e-01	
3.8330007165e+02	2.6979705785e-01	
3.8340058117e+02	2.6968185153e-01	
3.8350038630e+02	2.6960492249e-01	
3.8360027601e+02	2.6957470270e-01	
3.8370028886e+02	2.6957639058e-01	
3.8380046264e+02	2.6959559188e-01	
3.8390007861e+02	2.6963025882e-01	
3.8400068130e+02	2.6968211635e-01	
3.8410003178e+02	2.6975190126e-01	
3.8420043346e+02	2.6983862958e-01	
3.8430039387e+02	2.6993912994e-01	
3.8440069870e+02	2.7005573049e-01	
3.8450060147e+02	2.7017676061e-01	
3.8460011370e+02	2.7030070875e-01	
3.8470001897e+02	2.7042708447e-01	
3.8480033040e+02	2.7055534015e-01	
3.8490016646e+02	2.7067755124e-01	
3.8500046937e+02	2.7077672215e-01	
3.8510036893e+02	2.7086870996e-01	
3.8520064810e+02	2.7093225054e-01	
3.8530054775e+02	2.7098032100e-01	
3.8540008788e+02	2.7101067679e-01	
3.8550005321e+02	2.7102989686e-01	
3.8560046217e+02	2.7103370835e-01	
3.8570057934e+02	2.7102805387e-01	
3.8580043564e+02	2.7103635628e-01	
3.8590006373e+02	2.7106002127e-01	
3.8600025022e+02	2.7109784293e-01	
3.8610027533e+02	2.7114838180e-01	
3.8620017598e+02	2.7120430407e-01	
3.8630073965e+02	2.7126214752e-01	
3.8640050257e+02	2.7132117248e-01	
3.8650025422e+02	2.7138226405e-01	
3.8660003399e+02	2.7144521124e-01	
3.8670063218e+02	2.7151211024e-01	
3.8680058629e+02	2.7157810956e-01	
3.8690068483e+02	2.7164170021e-01	
3.8700021028e+02	2.7170764748e-01	
3.8710070640e+02	2.7177546669e-01	
3.8720069601e+02	2.7184630096e-01	
3.8730020525e+02	2.7192178474e-01	
3.8740002013e+02	2.7200762270e-01	
3.8750016792e+02	2.7209601882e-01	
3.8760067346e+02	2.7218737989e-01	
3.8770001575e+02	2.7227210040e-01	
3.8780051908e+02	2.7235060353e-01	
3.8790065200e+02	2.7242894847e-01	
3.8800041286e+02	2.7250272663e-01	
3.8810010620e+02	2.7254945024e-01	
3.8820017246e+02	2.7256464143e-01	
3.8830061409e+02	2.7256071388e-01	
3.8840066944e+02	2.7254188422e-01	
3.8850035744e+02	2.7250222320e-01	
3.8860046290e+02	2.7243384374e-01	
3.8870024274e+02	2.7234602043e-01	
3.8880048251e+02	2.7224981949e-01	
3.8890044689e+02	2.7214415580e-01	
3.8900016753e+02	2.7203156854e-01	
3.8910043145e+02	2.7191695814e-01	
3.8920051824e+02	2.7179606768e-01	
3.8930046484e+02	2.7167421164e-01	
3.8940030858e+02	2.7155480386e-01	
3.8950008703e+02	2.7143315222e-01	
3.8960058882e+02	2.7131201771e-01	
3.8970035338e+02	2.7119763505e-01	
3.8980017002e+02	2.7112913879e-01	
3.8990007765e+02	2.7110438509e-01	
3.9000011473e+02	2.7110929368e-01	
3.9010031890e+02	2.7112915827e-01	
3.9020072669e+02	2.7116731647e-01	
3.9030061559e+02	2.7122397459e-01	
3.9040001273e+02	2.7129876764e-01	
3.9050046643e+02	2.7139222149e-01	
3.9060048305e+02	2.7149895626e-01	
3.9070008065e+02	2.7161769614e-01	
3.9080004397e+02	2.7174430849e-01	
3.9090039261e+02	2.7187016763e-01	
3.9100036634e+02	2.7200066750e-01	
3.9110074809e+02	2.7213159153e-01	
3.9120056989e+02	2.7225674408e-01	
3.9130002708e+02	2.7235421348e-01	
3.9140063381e+02	2.7244126803e-01	
3.9150007744e+02	2.7250021119e-01	
3.9160068358e+02	2.7254828594e-01	
3.9170016453e+02	2.7257802594e-01	
3.9180007446e+02	2.7259300089e-01	
3.9190043234e+02	2.7259260116e-01	
3.9200050354e+02	2.7258737178e-01	
3.9210031929e+02	2.7259824397e-01	
3.9220066625e+02	2.7262589464e-01	
3.9230006983e+02	2.7266604051e-01	
3.9240007189e+02	2.7271619324e-01	
3.9250070642e+02	2.7277346018e-01	
3.9260050858e+02	2.7283111955e-01	
3.9270026710e+02	2.7289015870e-01	
3.9280002086e+02	2.7295112397e-01	
3.9290055978e+02	2.7301449633e-01	
3.9300042265e+02	2.7307895800e-01	
3.9310039822e+02	2.7314234294e-01	
3.9320052443e+02	2.7320812956e-01	
3.9330008332e+02	2.7327197872e-01	
3.9340061893e+02	2.7333835952e-01	
3.9350065321e+02	2.7341118303e-01	
3.9360021188e+02	2.7348880836e-01	
3.9370008092e+02	2.7357559813e-01	
3.9380028720e+02	2.7366389243e-01	
3.9390008605e+02	2.7375326624e-01	
3.9400026225e+02	2.7383646321e-01	
3.9410005846e+02	2.7390960523e-01	
3.9420025788e+02	2.7398559393e-01	
3.9430006259e+02	2.7405148370e-01	
3.9440046423e+02	2.7408222064e-01	
3.9450046023e+02	2.7410731647e-01	
3.9460006298e+02	2.7409777227e-01	
3.9470005610e+02	2.7407014537e-01	
3.9480045041e+02	2.7402465408e-01	
3.9490049818e+02	2.7395027188e-01	
3.9500022498e+02	2.7386244286e-01	
3.9510041625e+02	2.7375998427e-01	
3.9520033731e+02	2.7365104809e-01	
3.9530002024e+02	2.7353689881e-01	
3.9540025209e+02	2.7341670466e-01	
3.9550031297e+02	2.7329267204e-01	
3.9560023992e+02	2.7317003999e-01	
3.9570007036e+02	2.7304795201e-01	
3.9580059192e+02	2.7292146060e-01	
3.9590034326e+02	2.7280000119e-01	
3.9600011394e+02	2.7268865183e-01	
3.9610069407e+02	2.7262671276e-01	
3.9620062155e+02	2.7260697921e-01	
3.9630068505e+02	2.7261444999e-01	
3.9640016763e+02	2.7263728596e-01	
3.9650061270e+02	2.7267771421e-01	
3.9660054420e+02	2.7273995270e-01	
3.9670074906e+02	2.7282291532e-01	
3.9680049531e+02	2.7291871525e-01	
3.9690056881e+02	2.7303049926e-01	
3.9700022684e+02	2.7315665779e-01	
3.9710025409e+02	2.7328554874e-01	
3.9720066965e+02	2.7341592135e-01	
3.9730071216e+02	2.7354494182e-01	
3.9740038413e+02	2.7367823826e-01	
3.9750016962e+02	2.7380671086e-01	
3.9760033548e+02	2.7390446519e-01	
3.9770010203e+02	2.7398663317e-01	
3.9780025244e+02	2.7404289585e-01	
3.9790002972e+02	2.7408933735e-01	
3.9800021835e+02	2.7411872718e-01	
3.9810007370e+02	2.7413399751e-01	
3.9820038139e+02	2.7412579929e-01	
3.9830040755e+02	2.7412478768e-01	
3.9840018373e+02	2.7413966148e-01	
3.9850049662e+02	2.7416862211e-01	
3.9860062453e+02	2.7421272374e-01	
3.9870060361e+02	2.7426557878e-01	
3.9880047103e+02	2.7431970391e-01	
3.9890026347e+02	2.7437543471e-01	
3.9900001867e+02	2.7443353238e-01	
3.9910052581e+02	2.7449428260e-01	
3.9920032436e+02	2.7455634750e-01	
3.9930020341e+02	2.7462197815e-01	
3.9940020147e+02	2.7468508999e-01	
3.9950035636e+02	2.7474705939e-01	
3.9960070496e+02	2.7481156438e-01	
3.9970052566e+02	2.7487831348e-01	
3.9980060547e+02	2.7494908110e-01	
3.9990021438e+02	2.7502971318e-01	
4.0000013831e+02	2.7511688595e-01	
4.0010040374e+02	2.7520470655e-01	
4.0020026512e+02	2.7529119434e-01	
4.0030050708e+02	2.7537111712e-01	
4.0040037119e+02	2.7543903539e-01	
4.0050064052e+02	2.7550928603e-01	
4.0060046692e+02	2.7556372862e-01	
4.0070002058e+02	2.7560974039e-01	
4.0080072297e+02	2.7560787691e-01	
4.0090025855e+02	2.7559766082e-01	
4.0100018720e+02	2.7557320792e-01	
4.0110052037e+02	2.7552174857e-01	
4.0120051130e+02	2.7544266089e-01	
4.0130018598e+02	2.7534519136e-01	
4.0140032966e+02	2.7523855101e-01	
4.0150020837e+02	2.7512655702e-01	
4.0160060870e+02	2.7500941626e-01	
4.0170005544e+02	2.7488589132e-01	
4.0180009148e+02	2.7476114623e-01	
4.0190075068e+02	2.7463452970e-01	
4.0200056834e+02	2.7450966503e-01	
4.0210033379e+02	2.7438132523e-01	
4.0220008584e+02	2.7425821862e-01	
4.0230061412e+02	2.7415190554e-01	
4.0240045762e+02	2.7409642998e-01	
4.0250040517e+02	2.7408116169e-01	
4.0260049499e+02	2.7409046715e-01	
4.0270000971e+02	2.7411658168e-01	
4.0280049300e+02	2.7416287844e-01	
4.0290046797e+02	2.7423149005e-01	
4.0300072154e+02	2.7431815788e-01	
4.0310052096e+02	2.7442112903e-01	
4.0320065201e+02	2.7453815045e-01	
4.0330037107e+02	2.7466472570e-01	
4.0340046277e+02	2.7479663295e-01	
4.0350017117e+02	2.7493175684e-01	
4.0360027962e+02	2.7506025692e-01	
4.0370001845e+02	2.7519322875e-01	
4.0380052317e+02	2.7532663712e-01	
4.0390061950e+02	2.7542531026e-01	
4.0400031873e+02	2.7550378840e-01	
4.0410040413e+02	2.7556029456e-01	
4.0420011980e+02	2.7560235176e-01	
4.0430025028e+02	2.7563272407e-01	
4.0440005189e+02	2.7564400432e-01	
4.0450031028e+02	2.7563310440e-01	
4.0460029234e+02	2.7563367856e-01	
4.0470002995e+02	2.7564920604e-01	
4.0480030977e+02	2.7568337612e-01	
4.0490041062e+02	2.7572801528e-01	
4.0500036883e+02	2.7577824433e-01	
4.0510022151e+02	2.7583282850e-01	
4.0520000532e+02	2.7588842326e-01	
4.0530050832e+02	2.7594650737e-01	
4.0540026981e+02	2.7600616188e-01	
4.0550007919e+02	2.7606755136e-01	
4.0560072700e+02	2.7613009317e-01	
4.0570074968e+02	2.7619168110e-01	
4.0580018166e+02	2.7625342163e-01	
4.0590056590e+02	2.7631718386e-01	
4.0600042763e+02	2.7638312311e-01	
4.0610055385e+02	2.7645410780e-01	
4.0620021378e+02	2.7653454568e-01	
4.0630019333e+02	2.7662149754e-01	
4.0640051858e+02	2.7670834752e-01	
4.0650044304e+02	2.7679158559e-01	
4.0660075123e+02	2.7686761502e-01	
4.0670068360e+02	2.7693133907e-01	
4.0680024367e+02	2.7699272744e-01	
4.0690006766e+02	2.7706138997e-01	
4.0700032925e+02	2.7709332875e-01	
4.0710018922e+02	2.7708732617e-01	
4.0720043080e+02	2.7706970361e-01	
4.0730029571e+02	2.7703129675e-01	
4.0740056853e+02	2.7697265046e-01	
4.0750050349e+02	2.7689071551e-01	
4.0760012698e+02	2.7679095182e-01	
4.0770022400e+02	2.7668162333e-01	
4.0780006132e+02	2.7656387861e-01	
4.0790042572e+02	2.7644268835e-01	
4.0800059527e+02	2.7631580811e-01	
4.0810060651e+02	2.7618824260e-01	
4.0820049668e+02	2.7606024072e-01	
4.0830030324e+02	2.7593196923e-01	
4.0840006401e+02	2.7580116785e-01	
4.0850056796e+02	2.7567569150e-01	
4.0860035452e+02	2.7557584379e-01	
4.0870021278e+02	2.7552614646e-01	
4.0880018145e+02	2.7551514147e-01	
4.0890029862e+02	2.7552724673e-01	
4.0900060139e+02	2.7555631825e-01	
4.0910036891e+02	2.7560850716e-01	
4.0920038824e+02	2.7568320209e-01	
4.0930069135e+02	2.7577570703e-01	
4.0940054467e+02	2.7588385049e-01	
4.0950073395e+02	2.7600611372e-01	
4.0960051463e+02	2.7614077461e-01	
4.0970067128e+02	2.7627675606e-01	
4.0980044689e+02	2.7640958415e-01	
4.0990062470e+02	2.7654854473e-01	
4.1000041937e+02	2.7668243980e-01	
4.1010007628e+02	2.7680693911e-01	
4.1020010657e+02	2.7691107763e-01	
4.1030051285e+02	2.7698713094e-01	
4.1040053384e+02	2.7704400005e-01	
4.1050018857e+02	2.7708705613e-01	
4.1060026168e+02	2.7711461310e-01	
4.1070001038e+02	2.7711756905e-01	
4.1080022037e+02	2.7710585741e-01	
4.1090015928e+02	2.7710835014e-01	
4.1100061377e+02	2.7712961771e-01	
4.1110010708e+02	2.7716291026e-01	
4.1120018193e+02	2.7720987522e-01	
4.1130012032e+02	2.7726014766e-01	
4.1140070963e+02	2.7731178538e-01	
4.1150048558e+02	2.7736561390e-01	
4.1160023743e+02	2.7742203889e-01	
4.1170000437e+02	2.7748028028e-01	
4.1180057650e+02	2.7754078634e-01	
4.1190049194e+02	2.7760343646e-01	
4.1200053924e+02	2.7766317856e-01	
4.1210000170e+02	2.7772328409e-01	
4.1220042255e+02	2.7778357369e-01	
4.1230032623e+02	2.7784878568e-01	
4.1240049969e+02	2.7792245910e-01	
4.1250021144e+02	2.7800107261e-01	
4.1260024733e+02	2.7808713792e-01	
4.1270063306e+02	2.7817377338e-01	
4.1280062116e+02	2.7825258536e-01	
4.1290022239e+02	2.7832347553e-01	
4.1300022023e+02	2.7838822560e-01	
4.1310062690e+02	2.7845296830e-01	
4.1320042428e+02	2.7850994283e-01	
4.1330061485e+02	2.7852463336e-01	
4.1340040603e+02	2.7851986271e-01	
4.1350058115e+02	2.7849088613e-01	
4.1360038302e+02	2.7845621032e-01	
4.1370059630e+02	2.7839175756e-01	
4.1380047614e+02	2.7830045691e-01	
4.1390004938e+02	2.7819730981e-01	
4.1400010063e+02	2.7808310017e-01	
4.1410065270e+02	2.7796237863e-01	
4.1420022705e+02	2.7783591514e-01	
4.1430036776e+02	2.7770813027e-01	
4.1440035637e+02	2.7757649512e-01	
4.1450023023e+02	2.7744642041e-01	
4.1460002678e+02	2.7731421185e-01	
4.1470053398e+02	2.7718077029e-01	
4.1480029086e+02	2.7705475835e-01	
4.1490008684e+02	2.7696175721e-01	
4.1500071227e+02	2.7691854509e-01	
4.1510070414e+02	2.7691171067e-01	
4.1520009732e+02	2.7692696536e-01	
4.1530043446e+02	2.7695861587e-01	
4.1540024180e+02	2.7701689582e-01	
4.1550030637e+02	2.7709700051e-01	
4.1560065983e+02	2.7719692207e-01	
4.1570056780e+02	2.7731089385e-01	
4.1580004937e+02	2.7743709659e-01	
4.1590065885e+02	2.7757598567e-01	
4.1600010851e+02	2.7771466998e-01	
4.1610072415e+02	2.7785269627e-01	
4.1620019290e+02	2.7799522417e-01	
4.1630001824e+02	2.7813251865e-01	
4.1640038477e+02	2.7824826440e-01	
4.1650034632e+02	2.7835382916e-01	
4.1660068576e+02	2.7842605351e-01	
4.1670064296e+02	2.7848393108e-01	
4.1680023746e+02	2.7852660217e-01	
4.1690025396e+02	2.7854987928e-01	
4.1700071050e+02	2.7854573345e-01	
4.1710011310e+02	2.7853472284e-01	
4.1720000983e+02	2.7854038815e-01	
4.1730042745e+02	2.7856050246e-01	
4.1740064284e+02	2.7859899056e-01	
4.1750069161e+02	2.7864380050e-01	
4.1760061041e+02	2.7869077030e-01	
4.1770043600e+02	2.7874198521e-01	
4.1780020555e+02	2.7879579274e-01	
4.1790070748e+02	2.7885203318e-01	
4.1800048126e+02	2.7890964351e-01	
4.1810031615e+02	2.7896869000e-01	
4.1820025098e+02	2.7902690728e-01	
4.1830032393e+02	2.7908569578e-01	
4.1840057235e+02	2.7914374989e-01	
4.1850027627e+02	2.7920470382e-01	
4.1860022280e+02	2.7926872314e-01	
4.1870044436e+02	2.7934001282e-01	
4.1880020870e+02	2.7942127603e-01	
4.1890030163e+02	2.7950408017e-01	
4.1900074848e+02	2.7958772786e-01	
4.1910002964e+02	2.7966131568e-01	
4.1920046855e+02	2.7972741671e-01	
4.1930053528e+02	2.7979176914e-01	
4.1940023203e+02	2.7985409973e-01	
4.1950075868e+02	2.7989986296e-01	
4.1960010409e+02	2.7989765963e-01	
4.1970060158e+02	2.7989087955e-01	
4.1980071088e+02	2.7986733047e-01	
4.1990045043e+02	2.7982061835e-01	
4.2000060496e+02	2.7975181170e-01	
4.2010043057e+02	2.7965976524e-01	
4.2020071311e+02	2.7954930314e-01	
4.2030071749e+02	2.7943162314e-01	
4.2040047324e+02	2.7930938835e-01	
4.2050001399e+02	2.7918072999e-01	
4.2060012691e+02	2.7904889939e-01	
4.2070009399e+02	2.7891451028e-01	
4.2080070312e+02	2.7878136570e-01	
4.2090049036e+02	2.7864511816e-01	
4.2100024497e+02	2.7851164198e-01	
4.2110000588e+02	2.7838584217e-01	
4.2120056306e+02	2.7829964087e-01	
4.2130045484e+02	2.7826323577e-01	
4.2140046997e+02	2.7826122838e-01	
4.2150064623e+02	2.7827891608e-01	
4.2160026481e+02	2.7831672169e-01	
4.2170011288e+02	2.7838115539e-01	
4.2180022357e+02	2.7846791206e-01	
4.2190062817e+02	2.7857085564e-01	
4.2200059151e+02	2.7869012732e-01	
4.2210013216e+02	2.7882223441e-01	
4.2220003494e+02	2.7896228236e-01	
4.2230031993e+02	2.7910368188e-01	
4.2240022799e+02	2.7925052682e-01	
4.2250054214e+02	2.7939790761e-01	
4.2260037598e+02	2.7953823175e-01	
4.2270067229e+02	2.7964971722e-01	
4.2280056552e+02	2.7975115130e-01	
4.2290006879e+02	2.7981900142e-01	
4.2300073268e+02	2.7987918582e-01	
4.2310026766e+02	2.7992096443e-01	
4.2320022836e+02	2.7993774689e-01	
4.2330063331e+02	2.7993068280e-01	
4.2340074712e+02	2.7992080545e-01	
4.2350060076e+02	2.7992682527e-01	
4.2360022696e+02	2.7995295140e-01	
4.2370041240e+02	2.7998935953e-01	
4.2380043731e+02	2.8003501024e-01	
4.2390033837e+02	2.8008168606e-01	
4.2400015229e+02	2.8013045580e-01	
4.2410066654e+02	2.8018255607e-01	
4.2420041961e+02	2.8023651977e-01	
4.2430020106e+02	2.8029190463e-01	
4.2440005004e+02	2.8034854574e-01	
4.2450000533e+02	2.8040713737e-01	
4.2460010495e+02	2.8046255891e-01	
4.2470038608e+02	2.8052022831e-01	
4.2480012824e+02	2.8057887188e-01	
4.2490011850e+02	2.8064262889e-01	
4.2500038900e+02	2.8071367043e-01	
4.2510020670e+02	2.8079474589e-01	
4.2520035736e+02	2.8087443561e-01	
4.2530009730e+02	2.8095265609e-01	
4.2540021128e+02	2.8102197148e-01	
4.2550071768e+02	2.8108216720e-01	
4.2560007579e+02	2.8114322343e-01	
4.2570061565e+02	2.8120246112e-01	
4.2580029487e+02	2.8123641786e-01	
4.2590034782e+02	2.8124081429e-01	
4.2600000604e+02	2.8122540717e-01	
4.2610005305e+02	2.8119347135e-01	
4.2620049916e+02	2.8114553429e-01	
4.2630059576e+02	2.8106981036e-01	
4.2640036802e+02	2.8096593285e-01	
4.2650060181e+02	2.8085574900e-01	
4.2660056222e+02	2.8073385941e-01	
4.2670027957e+02	2.8060638552e-01	
4.2680054089e+02	2.8047556051e-01	
4.2690062589e+02	2.8033921766e-01	
4.2700057159e+02	2.8020296779e-01	
4.2710041546e+02	2.8006784659e-01	
4.2720019491e+02	2.7992778493e-01	
4.2730069818e+02	2.7979291195e-01	
4.2740046445e+02	2.7966874237e-01	
4.2750028303e+02	2.7959056571e-01	
4.2760019281e+02	2.7955988986e-01	
4.2770023224e+02	2.7956317232e-01	
4.2780043892e+02	2.7958309057e-01	
4.2790009355e+02	2.7962731884e-01	
4.2800074099e+02	2.7969937602e-01	
4.2810014091e+02	2.7979017253e-01	
4.2820059745e+02	2.7990141404e-01	
4.2830061688e+02	2.8002570490e-01	
4.2840021725e+02	2.8016132451e-01	
4.2850018331e+02	2.8030685334e-01	
4.2860053465e+02	2.8045121679e-01	
4.2870051100e+02	2.8060132698e-01	
4.2880011550e+02	2.8075106522e-01	
4.2890071342e+02	2.8089496977e-01	
4.2900016445e+02	2.8100316175e-01	
4.2910076519e+02	2.8109992191e-01	
4.2920020320e+02	2.8116811817e-01	
4.2930003749e+02	2.8122508510e-01	
4.2940028022e+02	2.8126427542e-01	
4.2950018589e+02	2.8127746917e-01	
4.2960054013e+02	2.8126323979e-01	
4.2970060828e+02	2.8125681807e-01	
4.2980042168e+02	2.8126789668e-01	
4.2990001330e+02	2.8129199750e-01	
4.3000016983e+02	2.8133301720e-01	
4.3010017192e+02	2.8137465082e-01	
4.3020005620e+02	2.8141868952e-01	
4.3030060970e+02	2.8146668163e-01	
4.3040036951e+02	2.8151789917e-01	
4.3050012485e+02	2.8157135144e-01	
4.3060066557e+02	2.8162644413e-01	
4.3070053042e+02	2.8168214376e-01	
4.3080050820e+02	2.8173562692e-01	
4.3090063677e+02	2.8179041034e-01	
4.3100019810e+02	2.8184308133e-01	
4.3110073627e+02	2.8190117748e-01	
4.3120001430e+02	2.8196302703e-01	
4.3130033456e+02	2.8203721823e-01	
4.3140020636e+02	2.8211617281e-01	
4.3150041546e+02	2.8219229161e-01	
4.3160021724e+02	2.8226467824e-01	
4.3170039638e+02	2.8232874693e-01	
4.3180019549e+02	2.8238243631e-01	
4.3190039774e+02	2.8244241050e-01	
4.3200020072e+02	2.8249544200e-01	
4.3210058867e+02	2.8251716849e-01	
4.3220057192e+02	2.8252600317e-01	
4.3230016297e+02	2.8250423985e-01	
4.3240014545e+02	2.8246180813e-01	
4.3250053024e+02	2.8240753900e-01	
4.3260056974e+02	2.8232794593e-01	
4.3270028954e+02	2.8222652163e-01	
4.3280047545e+02	2.8210941792e-01	
4.3290039283e+02	2.8198474873e-01	
4.3300007276e+02	2.8185354745e-01	
4.3310030230e+02	2.8171884509e-01	
4.3320036167e+02	2.8157939983e-01	
4.3330028804e+02	2.8144261041e-01	
4.3340011889e+02	2.8130408417e-01	
4.3350064168e+02	2.8115988234e-01	
4.3360039464e+02	2.8102575832e-01	
4.3370016714e+02	2.8090384974e-01	
4.3380074933e+02	2.8083288829e-01	
4.3390067905e+02	2.8080976663e-01	
4.3400074496e+02	2.8081644798e-01	
4.3410023008e+02	2.8084086405e-01	
4.3420067781e+02	2.8089131478e-01	
4.3430061203e+02	2.8096913941e-01	
4.3440005942e+02	2.8106791616e-01	
4.3450056869e+02	2.8118259596e-01	
4.3460064493e+02	2.8131168338e-01	
4.3470030564e+02	2.8145511802e-01	
4.3480033554e+02	2.8160358058e-01	
4.3490075367e+02	2.8175301003e-01	
4.3500002154e+02	2.8190204358e-01	
4.3510047294e+02	2.8205710234e-01	
4.3520025361e+02	2.8220236541e-01	
4.3530041361e+02	2.8230888106e-01	
4.3540017456e+02	2.8240060206e-01	
4.3550031965e+02	2.8247188959e-01	
4.3560009201e+02	2.8252391434e-01	
4.3570027618e+02	2.8255941247e-01	
4.3580012763e+02	2.8257079566e-01	
4.3590043199e+02	2.8255450634e-01	
4.3600045541e+02	2.8254993333e-01	
4.3610022953e+02	2.8256056442e-01	
4.3620054106e+02	2.8259153341e-01	
4.3630066844e+02	2.8262793127e-01	
4.3640064777e+02	2.8267077116e-01	
4.3650051555e+02	2.8271473001e-01	
4.3660030892e+02	2.8276127436e-01	
4.3670006561e+02	2.8281043108e-01	
4.3680057447e+02	2.8286178836e-01	
4.3690037494e+02	2.8291377966e-01	
4.3700025607e+02	2.8296619455e-01	
4.3710025643e+02	2.8302008013e-01	
4.3720041374e+02	2.8307059256e-01	
4.3730000950e+02	2.8312392409e-01	
4.3740058810e+02	2.8318018144e-01	
4.3750067056e+02	2.8324164259e-01	
4.3760028215e+02	2.8331390894e-01	
4.3770020880e+02	2.8338974693e-01	
4.3780047702e+02	2.8346237009e-01	
4.3790034125e+02	2.8352871349e-01	
4.3800058603e+02	2.8358763658e-01	
4.3810045291e+02	2.8363909838e-01	
4.3820072493e+02	2.8369705167e-01	
4.3830054680e+02	2.8374148411e-01	
4.3840008743e+02	2.8375992214e-01	
4.3850000456e+02	2.8375900015e-01	
4.3860030206e+02	2.8372868988e-01	
4.3870022067e+02	2.8369284636e-01	
4.3880054491e+02	2.8363551411e-01	
4.3890052814e+02	2.8354746520e-01	
4.3900019638e+02	2.8343763576e-01	
4.3910033528e+02	2.8331643112e-01	
4.3920021056e+02	2.8318922554e-01	
4.3930060814e+02	2.8305600659e-01	
4.3940005287e+02	2.8291715853e-01	
4.3950008768e+02	2.8277680191e-01	
4.3960074659e+02	2.8263762154e-01	
4.3970056497e+02	2.8249506883e-01	
4.3980033186e+02	2.8235103116e-01	
4.3990008565e+02	2.8221593059e-01	
4.4000061589e+02	2.8209697464e-01	
4.4010046154e+02	2.8203437562e-01	
4.4020041142e+02	2.8201599931e-01	
4.4030050374e+02	2.8202633183e-01	
4.4040002105e+02	2.8205680364e-01	
4.4050050704e+02	2.8211426743e-01	
4.4060048475e+02	2.8219902484e-01	
4.4070074108e+02	2.8230383275e-01	
4.4080054322e+02	2.8242467189e-01	
4.4090067698e+02	2.8255879161e-01	
4.4100039866e+02	2.8270280518e-01	
4.4110049293e+02	2.8285394061e-01	
4.4120020379e+02	2.8300971848e-01	
4.4130031458e+02	2.8315643057e-01	
4.4140005541e+02	2.8331551914e-01	
4.4150055383e+02	2.8346476825e-01	
4.4160064459e+02	2.8356930315e-01	
4.4170033853e+02	2.8365700667e-01	
4.4180041893e+02	2.8373155626e-01	
4.4190013001e+02	2.8378306119e-01	
4.4200025635e+02	2.8381410988e-01	
4.4210005438e+02	2.8381596384e-01	
4.4220030973e+02	2.8379979595e-01	
4.4230028933e+02	2.8379561699e-01	
4.4240002513e+02	2.8381329385e-01	
4.4250030385e+02	2.8384230303e-01	
4.4260040441e+02	2.8388146255e-01	
4.4270036296e+02	2.8391971030e-01	
4.4280021606e+02	2.8396107348e-01	
4.4290000105e+02	2.8400612406e-01	
4.4300050572e+02	2.8405423603e-01	
4.4310026906e+02	2.8410387728e-01	
4.4320008048e+02	2.8415583623e-01	
4.4330073050e+02	2.8420772893e-01	
4.4340000294e+02	2.8425560722e-01	
4.4350019001e+02	2.8430636931e-01	
4.4360057680e+02	2.8435583391e-01	
4.4370044115e+02	2.8440997457e-01	
4.4380057003e+02	2.8447240090e-01	
4.4390023264e+02	2.8454006833e-01	
4.4400021489e+02	2.8461269993e-01	
4.4410054292e+02	2.8468274359e-01	
4.4420047016e+02	2.8474265125e-01	
4.4430000795e+02	2.8479629748e-01	
4.4440071610e+02	2.8484580264e-01	
4.4450027874e+02	2.8489926145e-01	
4.4460009573e+02	2.8493423681e-01	
4.4470034476e+02	2.8496246034e-01	
4.4480019316e+02	2.8494530741e-01	
4.4490042416e+02	2.8491762424e-01	
4.4500027959e+02	2.8486489683e-01	
4.4510054405e+02	2.8480275842e-01	
4.4520047185e+02	2.8471186860e-01	
4.4530008941e+02	2.8460034814e-01	
4.4540018215e+02	2.8447710031e-01	
4.4550001631e+02	2.8434393513e-01	
4.4560037822e+02	2.8420903776e-01	
4.4570054602e+02	2.8406580947e-01	
4.4580055629e+02	2.8392592494e-01	
4.4590044646e+02	2.8378483296e-01	
4.4600025402e+02	2.8363857339e-01	
4.4610001643e+02	2.8349421858e-01	
4.4620052226e+02	2.8335701727e-01	
4.4630031087e+02	2.8324520417e-01	
4.4640017140e+02	2.8318951311e-01	
4.4650014250e+02	2.8317639407e-01	
4.4660026224e+02	2.8319049969e-01	
4.4670056769e+02	2.8322709986e-01	
4.4680033793e+02	2.8329276735e-01	
4.4690036002e+02	2.8338360142e-01	
4.4700066589e+02	2.8349395501e-01	
4.4710052194e+02	2.8361925454e-01	
4.4720071390e+02	2.8375764178e-01	
4.4730049716e+02	2.8391039201e-01	
4.4740065632e+02	2.8406516001e-01	
4.4750043431e+02	2.8421764516e-01	
4.4760061436e+02	2.8437318782e-01	
4.4770040925e+02	2.8452364386e-01	
4.4780005919e+02	2.8467489761e-01	
4.4790008371e+02	2.8478144720e-01	
4.4800048494e+02	2.8486708639e-01	
4.4810050123e+02	2.8494339489e-01	
4.4820015168e+02	2.8499309449e-01	
4.4830022095e+02	2.8501803167e-01	
4.4840072661e+02	2.8501197843e-01	
4.4850017358e+02	2.8499539073e-01	
4.4860011030e+02	2.8499638096e-01	
4.4870056322e+02	2.8501270500e-01	
4.4880005567e+02	2.8504365550e-01	
4.4890013045e+02	2.8507667233e-01	
4.4900006918e+02	2.8511638853e-01	
4.4910065906e+02	2.8515767155e-01	
4.4920043644e+02	2.8520181962e-01	
4.4930019010e+02	2.8524806866e-01	
4.4940070933e+02	2.8529594503e-01	
4.4950053334e+02	2.8534427139e-01	
4.4960045108e+02	2.8539167811e-01	
4.4970050087e+02	2.8544080294e-01	
4.4980072012e+02	2.8548575078e-01	
4.4990038934e+02	2.8553453959e-01	
4.5000029568e+02	2.8558667042e-01	
4.5010047186e+02	2.8564772676e-01	
4.5020018630e+02	2.8571396019e-01	
4.5030022488e+02	2.8578139064e-01	
4.5040061338e+02	2.8584735191e-01	
4.5050060420e+02	2.8590083004e-01	
4.5060020808e+02	2.8595296863e-01	
4.5070020849e+02	2.8599923368e-01	
4.5080061765e+02	2.8604686543e-01	
4.5090040563e+02	2.8609168054e-01	
4.5100058419e+02	2.8610534457e-01	
4.5110036436e+02	2.8608570994e-01	
4.5120052946e+02	2.8604610899e-01	
4.5130032241e+02	2.8599550494e-01	
4.5140052786e+02	2.8592842723e-01	
4.5150040107e+02	2.8582824027e-01	
4.5160072780e+02	2.8571312890e-01	
4.5170001627e+02	2.8558672137e-01	
4.5180056541e+02	2.8545141620e-01	
4.5190013755e+02	2.8531137878e-01	
4.5200027676e+02	2.8516835216e-01	
4.5210026466e+02	2.8502580477e-01	
4.5220013879e+02	2.8488167872e-01	
4.5230068677e+02	2.8473087959e-01	
4.5240044561e+02	2.8458715768e-01	
4.5250020450e+02	2.8445003417e-01	
4.5260000265e+02	2.8434585456e-01	
4.5270063047e+02	2.8429705982e-01	
4.5280062486e+02	2.8429013958e-01	
4.5290002069e+02	2.8430997684e-01	
4.5300036057e+02	2.8435139754e-01	
4.5310017068e+02	2.8442485910e-01	
4.5320023805e+02	2.8452279562e-01	
4.5330059430e+02	2.8464169763e-01	
4.5340050500e+02	2.8477268285e-01	
4.5350075584e+02	2.8491663779e-01	
4.5360060128e+02	2.8507384314e-01	
4.5370005338e+02	2.8523205058e-01	
4.5380067134e+02	2.8538803105e-01	
4.5390014223e+02	2.8554955405e-01	
4.5400074539e+02	2.8570490077e-01	
4.5410032469e+02	2.8584284041e-01	
4.5420027995e+02	2.8595280905e-01	
4.5430061447e+02	2.8603932630e-01	
4.5440056725e+02	2.8611283171e-01	
4.5450015775e+02	2.8615982169e-01	
4.5460017071e+02	2.8617653007e-01	
4.5470062419e+02	2.8616737662e-01	
4.5480002429e+02	2.8615107803e-01	
4.5490067491e+02	2.8615106060e-01	
4.5500033535e+02	2.8617004379e-01	
4.5510055011e+02	2.8619787883e-01	
4.5520059901e+02	2.8623190669e-01	
4.5530051805e+02	2.8626620204e-01	
4.5540034445e+02	2.8630410332e-01	
4.5550011565e+02	2.8634570799e-01	
4.5560061956e+02	2.8638971267e-01	
4.5570039547e+02	2.8643420757e-01	
4.5580023265e+02	2.8648117279e-01	
4.5590016991e+02	2.8652743641e-01	
4.5600024545e+02	2.8656976527e-01	
4.5610049651e+02	2.8661507119e-01	
4.5620020310e+02	2.8666052803e-01	
4.5630015235e+02	2.8671081783e-01	
4.5640037667e+02	2.8676729210e-01	
4.5650014373e+02	2.8683213284e-01	
4.5660023937e+02	2.8689416213e-01	
4.5670068898e+02	2.8695254981e-01	
4.5680074393e+02	2.8699976599e-01	
4.5690041434e+02	2.8705109492e-01	
4.5700048358e+02	2.8709440532e-01	
4.5710018273e+02	2.8714552237e-01	
4.5720069780e+02	2.8718610571e-01	
4.5730003183e+02	2.8718008255e-01	
4.5740051879e+02	2.8715716600e-01	
4.5750061860e+02	2.8711358916e-01	
4.5760034976e+02	2.8705650807e-01	
4.5770049696e+02	2.8698317421e-01	
4.5780031641e+02	2.8688428975e-01	
4.5790059391e+02	2.8676311839e-01	
4.5800059487e+02	2.8663326653e-01	
4.5810034796e+02	2.8649798161e-01	
4.5820064012e+02	2.8635307823e-01	
4.5830075056e+02	2.8620981522e-01	
4.5840071623e+02	2.8606521519e-01	
4.5850057473e+02	2.8591774997e-01	
4.5860036348e+02	2.8576546651e-01	
4.5870012004e+02	2.8562201758e-01	
4.5880063330e+02	2.8548374422e-01	
4.5890044256e+02	2.8538824130e-01	
4.5900033682e+02	2.8534666690e-01	
4.5910035459e+02	2.8534539357e-01	
4.5920053360e+02	2.8537050327e-01	
4.5930015498e+02	2.8542017990e-01	
4.5940000588e+02	2.8550099612e-01	
4.5950011941e+02	2.8560802006e-01	
4.5960052683e+02	2.8572991336e-01	
4.5970049293e+02	2.8586641877e-01	
4.5980003623e+02	2.8601671230e-01	
4.5990071150e+02	2.8617711245e-01	
4.6000022896e+02	2.8634024873e-01	
4.6010013927e+02	2.8650451056e-01	
4.6020045551e+02	2.8667228550e-01	
4.6030028532e+02	2.8682952849e-01	
4.6040057331e+02	2.8695994456e-01	
4.6050045976e+02	2.8706922260e-01	
4.6060072781e+02	2.8715905132e-01	
4.6070061767e+02	2.8722687911e-01	
4.6080014892e+02	2.8727045887e-01	
4.6090010632e+02	2.8727955192e-01	
4.6100050846e+02	2.8726331988e-01	
4.6110061997e+02	2.8724740751e-01	
4.6120047189e+02	2.8725229121e-01	
4.6130009699e+02	2.8727017406e-01	
4.6140028202e+02	2.8729659133e-01	
4.6150030713e+02	2.8732458143e-01	
4.6160020844e+02	2.8735774635e-01	
4.6170002341e+02	2.8739483475e-01	
4.6180053953e+02	2.8743488551e-01	
4.6190029471e+02	2.8747643928e-01	
4.6200007843e+02	2.8751878952e-01	
4.6210068095e+02	2.8756200052e-01	
4.6220063973e+02	2.8760226530e-01	
4.6230074326e+02	2.8764470863e-01	
4.6240027384e+02	2.8768271670e-01	
4.6250001876e+02	2.8772566738e-01	
4.6260001181e+02	2.8777469645e-01	
4.6270028511e+02	2.8783148721e-01	
4.6280010556e+02	2.8789159534e-01	
4.6290025897e+02	2.8794828441e-01	
4.6300000164e+02	2.8799759825e-01	
4.6310011829e+02	2.8804161978e-01	
4.6320062728e+02	2.8809256777e-01	
4.6330076568e+02	2.8813678891e-01	
4.6340052832e+02	2.8818801905e-01	
4.6350019576e+02	2.8821622056e-01	
4.6360023777e+02	2.8819668527e-01	
4.6370065701e+02	2.8816974512e-01	
4.6380069213e+02	2.8812855224e-01	
4.6390036216e+02	2.8806683077e-01	
4.6400045188e+02	2.8798922114e-01	
4.6410021840e+02	2.8787913825e-01	
4.6420044757e+02	2.8775914430e-01	
4.6430040494e+02	2.8762538863e-01	
4.6440011991e+02	2.8748618734e-01	
4.6450037953e+02	2.8734222096e-01	
4.6460046355e+02	2.8719525948e-01	
4.6470040905e+02	2.8704891710e-01	
4.6480025370e+02	2.8689819571e-01	
4.6490003490e+02	2.8674485188e-01	
4.6500054027e+02	2.8660017730e-01	
4.6510030878e+02	2.8646447915e-01	
4.6520012979e+02	2.8637737638e-01	
4.6530004217e+02	2.8634254334e-01	
4.6540008434e+02	2.8634913126e-01	
4.6550029388e+02	2.8637793822e-01	
4.6560070721e+02	2.8643736903e-01	
4.6570060174e+02	2.8652642558e-01	
4.6580000453e+02	2.8663787743e-01	
4.6590046394e+02	2.8676839256e-01	
4.6600048616e+02	2.8691043955e-01	
4.6610008918e+02	2.8706426672e-01	
4.6620005778e+02	2.8723145419e-01	
4.6630041152e+02	2.8739719724e-01	
4.6640039008e+02	2.8756980851e-01	
4.6650077638e+02	2.8774236933e-01	
4.6660058797e+02	2.8790220898e-01	
4.6670003014e+02	2.8802495090e-01	
4.6680062357e+02	2.8813311553e-01	
4.6690005620e+02	2.8822547319e-01	
4.6700065308e+02	2.8828635089e-01	
4.6710012575e+02	2.8832413365e-01	
4.6720002836e+02	2.8833226500e-01	
4.6730037999e+02	2.8831010060e-01	
4.6740044607e+02	2.8829729397e-01	
4.6750025796e+02	2.8830016003e-01	
4.6760060241e+02	2.8831698923e-01	
4.6770000501e+02	2.8833930229e-01	
4.6780000729e+02	2.8836775947e-01	
4.6790064260e+02	2.8839765360e-01	
4.6800044676e+02	2.8843116899e-01	
4.6810020861e+02	2.8846777287e-01	
4.6820071634e+02	2.8850618599e-01	
4.6830050935e+02	2.8854490221e-01	
4.6840037675e+02	2.8858377116e-01	
4.6850035718e+02	2.8862416323e-01	
4.6860048855e+02	2.8865973022e-01	
4.6870005270e+02	2.8869816618e-01	
4.6880059374e+02	2.8873913493e-01	
4.6890063354e+02	2.8878437409e-01	
4.6900019775e+02	2.8883760292e-01	
4.6910007234e+02	2.8889173853e-01	
4.6920028422e+02	2.8894386864e-01	
4.6930008874e+02	2.8898435719e-01	
4.6940027053e+02	2.8902717138e-01	
4.6950007220e+02	2.8907662063e-01	
4.6960027688e+02	2.8912244409e-01	
4.6970007813e+02	2.8916810322e-01	
4.6980045471e+02	2.8918363479e-01	
4.6990042751e+02	2.8916611567e-01	
4.7000000908e+02	2.8913292650e-01	
4.7010075060e+02	2.8907691997e-01	
4.7020036023e+02	2.8901484435e-01	
4.7030039327e+02	2.8893013563e-01	
4.7040010774e+02	2.8882492681e-01	
4.7050028954e+02	2.8869867293e-01	
4.7060020418e+02	2.8856352473e-01	
4.7070063633e+02	2.8841912059e-01	
4.7080011013e+02	2.8827470548e-01	
4.7090016879e+02	2.8812634033e-01	
4.7100009521e+02	2.8797814488e-01	
4.7110067745e+02	2.8782343281e-01	
4.7120045186e+02	2.8767017028e-01	
4.7130020703e+02	2.8752625494e-01	
4.7140073228e+02	2.8739317646e-01	
4.7150056669e+02	2.8731478075e-01	
4.7160049914e+02	2.8728786704e-01	
4.7170056792e+02	2.8730027148e-01	
4.7180005597e+02	2.8733457749e-01	
4.7190050669e+02	2.8740176853e-01	
4.7200044388e+02	2.8749816619e-01	
4.7210065448e+02	2.8761850493e-01	
4.7220040640e+02	2.8775113242e-01	
4.7230048544e+02	2.8789850982e-01	
4.7240014883e+02	2.8806185490e-01	
4.7250018127e+02	2.8823425326e-01	
4.7260060178e+02	2.8840555257e-01	
4.7270064895e+02	2.8858083902e-01	
4.7280032522e+02	2.8875693898e-01	
4.7290009662e+02	2.8891904197e-01	
4.7300024711e+02	2.8903867926e-01	
4.7310000038e+02	2.8914604744e-01	
4.7320013978e+02	2.8923711267e-01	
4.7330067436e+02	2.8929654691e-01	
4.7340008916e+02	2.8932695322e-01	
4.7350069874e+02	2.8932286269e-01	
4.7360023971e+02	2.8929911807e-01	
4.7370026127e+02	2.8928504029e-01	
4.7380003407e+02	2.8929031150e-01	
4.7390034490e+02	2.8930458027e-01	
4.7400047227e+02	2.8932560129e-01	
4.7410045174e+02	2.8934760980e-01	
4.7420032010e+02	2.8937396337e-01	
4.7430011502e+02	2.8940476330e-01	
4.7440062395e+02	2.8943877191e-01	
4.7450038520e+02	2.8947467230e-01	
4.7460018822e+02	2.8951218043e-01	
4.7470007203e+02	2.8954884572e-01	
4.7480007517e+02	2.8958176735e-01	
4.7490023540e+02	2.8961724513e-01	
4.7500058944e+02	2.8965043718e-01	
4.7510041567e+02	2.8968844586e-01	
4.7520050109e+02	2.8973349735e-01	
4.7530011557e+02	2.8977909595e-01	
4.7540004506e+02	2.8982858962e-01	
4.7550031611e+02	2.8987625219e-01	
4.7560018308e+02	2.8991336236e-01	
4.7570043053e+02	2.8995333491e-01	
4.7580029995e+02	2.9000062722e-01	
4.7590057438e+02	2.9004618555e-01	
4.7600039221e+02	2.9008366367e-01	
4.7610069802e+02	2.9008522685e-01	
4.7620060207e+02	2.9006881925e-01	
4.7630011751e+02	2.9002774338e-01	
4.7640002799e+02	2.8997243720e-01	
4.7650034510e+02	2.8990295487e-01	
4.7660032228e+02	2.8981651532e-01	
4.7670074524e+02	2.8970154549e-01	
4.7680012085e+02	2.8957374842e-01	
4.7690074939e+02	2.8943672812e-01	
4.7700038946e+02	2.8929453992e-01	
4.7710058577e+02	2.8914513721e-01	
4.7720061905e+02	2.8899696723e-01	
4.7730052666e+02	2.8884739279e-01	
4.7740034634e+02	2.8869101569e-01	
4.7750011536e+02	2.8853883503e-01	
4.7760062160e+02	2.8839403730e-01	
4.7770040429e+02	2.8826643418e-01	
4.7780025265e+02	2.8819673859e-01	
4.7790020539e+02	2.8817686911e-01	
4.7800030070e+02	2.8819370404e-01	
4.7810057575e+02	2.8823753848e-01	
4.7820031011e+02	2.8831045892e-01	
4.7830029088e+02	2.8841513314e-01	
4.7840055025e+02	2.8854022272e-01	
4.7850035535e+02	2.8868064970e-01	
4.7860049194e+02	2.8883398475e-01	
4.7870021632e+02	2.8899994037e-01	
4.7880031314e+02	2.8917673411e-01	
4.7890002636e+02	2.8935664100e-01	
4.7900013932e+02	2.8953303453e-01	
4.7910066218e+02	2.8971651351e-01	
4.7920036879e+02	2.8988029221e-01	
4.7930044953e+02	2.8999934794e-01	
4.7940013542e+02	2.9010640989e-01	
4.7950020989e+02	2.9019429514e-01	
4.7960068277e+02	2.9024971163e-01	
4.7970004040e+02	2.9026980055e-01	
4.7980059636e+02	2.9025644243e-01	
4.7990008890e+02	2.9022971118e-01	
4.8000006683e+02	2.9021987354e-01	
4.8010055623e+02	2.9022107378e-01	
4.8020007972e+02	2.9023294647e-01	
4.8030018040e+02	2.9024710255e-01	
4.8040013913e+02	2.9026884681e-01	
4.8050074351e+02	2.9029333627e-01	
4.8060052993e+02	2.9032141893e-01	
4.8070028686e+02	2.9035173857e-01	
4.8080005275e+02	2.9038317615e-01	
4.8090061762e+02	2.9041591138e-01	
4.8100051972e+02	2.9044672486e-01	
4.8110054770e+02	2.9047880989e-01	
4.8120073917e+02	2.9050720466e-01	
4.8130037501e+02	2.9053922891e-01	
4.8140024241e+02	2.9057435238e-01	
4.8150037434e+02	2.9061348450e-01	
4.8160003991e+02	2.9065922340e-01	
4.8170002505e+02	2.9070295970e-01	
4.8180035594e+02	2.9074144140e-01	
4.8190028595e+02	2.9077814955e-01	
4.8200059955e+02	2.9081475806e-01	
4.8210053710e+02	2.9085987812e-01	
4.8220010208e+02	2.9090215664e-01	
4.8230069158e+02	2.9093028841e-01	
4.8240015150e+02	2.9091776832e-01	
4.8250076272e+02	2.9089882061e-01	
4.8260021257e+02	2.9085232029e-01	
4.8270006026e+02	2.9079798820e-01	
4.8280031795e+02	2.9072337320e-01	
4.8290024006e+02	2.9063069788e-01	
4.8300061235e+02	2.9051862553e-01	
4.8310069984e+02	2.9038831289e-01	
4.8320053002e+02	2.9024716782e-01	
4.8330013502e+02	2.9010353198e-01	
4.8340030198e+02	2.8995404341e-01	
4.8350031210e+02	2.8980766367e-01	
4.8360020284e+02	2.8965499985e-01	
4.8370001195e+02	2.8949641338e-01	
4.8380052669e+02	2.8934524138e-01	
4.8390028499e+02	2.8920167541e-01	
4.8400007629e+02	2.8908099692e-01	
4.8410069088e+02	2.8901891204e-01	
4.8420066596e+02	2.8900576819e-01	
4.8430003662e+02	2.8902872024e-01	
4.8440034523e+02	2.8908088791e-01	
4.8450011863e+02	2.8916308765e-01	
4.8460014386e+02	2.8927452126e-01	
4.8470045285e+02	2.8940657095e-01	
4.8480031190e+02	2.8955100932e-01	
4.8490050674e+02	2.8971247909e-01	
4.8500029273e+02	2.8988516765e-01	
4.8510045446e+02	2.9006689408e-01	
4.8520023481e+02	2.9025218820e-01	
4.8530041702e+02	2.9042955682e-01	
4.8540021107e+02	2.9061836339e-01	
4.8550062703e+02	2.9078496019e-01	
4.8560063842e+02	2.9090666399e-01	
4.8570025742e+02	2.9101333189e-01	
4.8580026757e+02	2.9109539293e-01	
4.8590067939e+02	2.9114242557e-01	
4.8600074315e+02	2.9114822124e-01	
4.8610048369e+02	2.9113256254e-01	
4.8620068672e+02	2.9110455880e-01	
4.8630062002e+02	2.9109001769e-01	
4.8640031587e+02	2.9109170639e-01	
4.8650056104e+02	2.9109732952e-01	
4.8660063486e+02	2.9111258824e-01	
4.8670057302e+02	2.9112815943e-01	
4.8680041295e+02	2.9114804883e-01	
4.8690019235e+02	2.9117213540e-01	
4.8700069858e+02	2.9119861576e-01	
4.8710047046e+02	2.9122584087e-01	
4.8720029730e+02	2.9125394541e-01	
4.8730021799e+02	2.9128368001e-01	
4.8740027081e+02	2.9130891573e-01	
4.8750049322e+02	2.9133610514e-01	
4.8760016559e+02	2.9136340837e-01	
4.8770007509e+02	2.9139625770e-01	
4.8780025438e+02	2.9143258144e-01	
4.8790073426e+02	2.9147347807e-01	
4.8800001337e+02	2.9151101336e-01	
4.8810040476e+02	2.9154235485e-01	
4.8820039836e+02	2.9157718811e-01	
4.8830000490e+02	2.9161012544e-01	
4.8840000783e+02	2.9165255997e-01	
4.8850041932e+02	2.9169018131e-01	
4.8860019916e+02	2.9170804145e-01	
4.8870036764e+02	2.9169392270e-01	
4.8880013858e+02	2.9166188857e-01	
4.8890029529e+02	2.9161898762e-01	
4.8900008083e+02	2.9155328975e-01	
4.8910027983e+02	2.9147670044e-01	
4.8920014769e+02	2.9138436303e-01	
4.8930047022e+02	2.9126620019e-01	
4.8940051286e+02	2.9113421128e-01	
4.8950030322e+02	2.9099420848e-01	
4.8960062773e+02	2.9084515412e-01	
4.8970001282e+02	2.9070059806e-01	
4.8980000086e+02	2.9055171813e-01	
4.8990062642e+02	2.9039565536e-01	
4.9000042560e+02	2.9023708068e-01	
4.9010018689e+02	2.9008866539e-01	
4.9020069860e+02	2.8994451510e-01	
4.9030050003e+02	2.8983325499e-01	
4.9040038023e+02	2.8977973703e-01	
4.9050037777e+02	2.8977399248e-01	
4.9060053051e+02	2.8980660042e-01	
4.9070011997e+02	2.8986404509e-01	
4.9080069043e+02	2.8995563516e-01	
4.9090000393e+02	2.9007478381e-01	
4.9100036335e+02	2.9021365080e-01	
4.9110027711e+02	2.9036654105e-01	
4.9120053088e+02	2.9053162304e-01	
4.9130037908e+02	2.9071402542e-01	
4.9140060622e+02	2.9090291395e-01	
4.9150045410e+02	2.9108907804e-01	
4.9160070585e+02	2.9127156211e-01	
4.9170052724e+02	2.9146662018e-01	
4.9180009599e+02	2.9163425905e-01	
4.9190004151e+02	2.9175816345e-01	
4.9200036737e+02	2.9186685988e-01	
4.9210031384e+02	2.9193404904e-01	
4.9220066528e+02	2.9197092595e-01	
4.9230067290e+02	2.9197668704e-01	
4.9240036182e+02	2.9194700946e-01	
4.9250051779e+02	2.9192153464e-01	
4.9260040936e+02	2.9190939735e-01	
4.9270006904e+02	2.9190360233e-01	
4.9280028365e+02	2.9191044320e-01	
4.9290033280e+02	2.9191700211e-01	
4.9300025240e+02	2.9192796038e-01	
4.9310008008e+02	2.9194398207e-01	
4.9320060358e+02	2.9196439912e-01	
4.9330036010e+02	2.9198732031e-01	
4.9340013884e+02	2.9201172843e-01	
4.9350072999e+02	2.9203665175e-01	
4.9360067122e+02	2.9205816869e-01	
4.9370075111e+02	2.9207950568e-01	
4.9380025236e+02	2.9210022492e-01	
4.9390071848e+02	2.9212525230e-01	
4.9400067294e+02	2.9215311071e-01	
4.9410014223e+02	2.9218738816e-01	
4.9420067521e+02	2.9221966669e-01	
4.9430001102e+02	2.9225292616e-01	
4.9440046354e+02	2.9228103738e-01	
4.9450052129e+02	2.9231120935e-01	
4.9460019437e+02	2.9234048941e-01	
4.9470026613e+02	2.9237901146e-01	
4.9480074810e+02	2.9241052088e-01	
4.9490047257e+02	2.9241774326e-01	
4.9500057133e+02	2.9240440162e-01	
4.9510027486e+02	2.9236755657e-01	
4.9520036657e+02	2.9231459004e-01	
4.9530009059e+02	2.9224883178e-01	
4.9540023167e+02	2.9216503653e-01	
4.9550004612e+02	2.9206757599e-01	
4.9560031981e+02	2.9194826083e-01	
4.9570031840e+02	2.9181421254e-01	
4.9580006992e+02	2.9167401822e-01	
4.9590036115e+02	2.9152769952e-01	
4.9600047135e+02	2.9138105075e-01	
4.9610043742e+02	2.9123046340e-01	
4.9620029701e+02	2.9107384285e-01	
4.9630008780e+02	2.9091667042e-01	
4.9640059699e+02	2.9076822015e-01	
4.9650036300e+02	2.9062624983e-01	
4.9660017524e+02	2.9052511570e-01	
4.9670007266e+02	2.9047944335e-01	
4.9680009370e+02	2.9048236267e-01	
4.9690027607e+02	2.9052302398e-01	
4.9700065636e+02	2.9059079960e-01	
4.9710051248e+02	2.9069045559e-01	
4.9720063143e+02	2.9081813298e-01	
4.9730028257e+02	2.9096297915e-01	
4.9740025178e+02	2.9112277331e-01	
4.9750056515e+02	2.9129715894e-01	
4.9760047614e+02	2.9148501085e-01	
4.9770076918e+02	2.9168282970e-01	
4.9780068497e+02	2.9187019115e-01	
4.9790022726e+02	2.9206150037e-01	
4.9800005195e+02	2.9225462594e-01	
4.9810032956e+02	2.9242718132e-01	
4.9820020656e+02	2.9255375022e-01	
4.9830046610e+02	2.9266110154e-01	
4.9840034953e+02	2.9272092067e-01	
4.9850064132e+02	2.9274617355e-01	
4.9860059353e+02	2.9273599712e-01	
4.9870023163e+02	2.9270322614e-01	
4.9880034141e+02	2.9267593408e-01	
4.9890019216e+02	2.9265714548e-01	
4.9900057061e+02	2.9265364205e-01	
4.9910000171e+02	2.9265122382e-01	
4.9920002718e+02	2.9265486989e-01	
4.9930068005e+02	2.9266368396e-01	
4.9940049597e+02	2.9267600816e-01	
4.9950026419e+02	2.9269174411e-01	
4.9960002217e+02	2.9270938042e-01	
4.9970055934e+02	2.9272784298e-01	
4.9980041451e+02	2.9274539450e-01	
4.9990037650e+02	2.9276150540e-01	
5.0000029698e+02	2.9277891726e-01	
5.0010050122e+02	2.9279603541e-01	
5.0020025064e+02	2.9281588826e-01	
5.0030024832e+02	2.9284070038e-01	
5.0040052633e+02	2.9286575842e-01	
5.0050035149e+02	2.9289484217e-01	
5.0060050966e+02	2.9291937538e-01	
5.0070025706e+02	2.9294653387e-01	
5.0080037844e+02	2.9297162660e-01	
5.0090011740e+02	2.9299720348e-01	
5.0100025719e+02	2.9303109444e-01	
5.0110001955e+02	2.9305554405e-01	
5.0120045487e+02	2.9305220823e-01	
5.0130048534e+02	2.9303883718e-01	
5.0140012298e+02	2.9299711936e-01	
5.0150015129e+02	2.9293683899e-01	
5.0160058077e+02	2.9286501837e-01	
5.0170066306e+02	2.9278126487e-01	
5.0180042344e+02	2.9268384214e-01	
5.0190064784e+02	2.9256322448e-01	
5.0200060195e+02	2.9242800745e-01	
5.0210031451e+02	2.9228303125e-01	
5.0220057254e+02	2.9213951265e-01	
5.0230065584e+02	2.9199238293e-01	
5.0240060144e+02	2.9184060207e-01	
5.0250044704e+02	2.9168286963e-01	
5.0260023022e+02	2.9152708989e-01	
5.0270073831e+02	2.9137980522e-01	
5.0280050992e+02	2.9124100147e-01	
5.0290033440e+02	2.9114978346e-01	
5.0300025061e+02	2.9111211479e-01	
5.0310029691e+02	2.9112585604e-01	
5.0320051081e+02	2.9117348788e-01	
5.0330017283e+02	2.9125034567e-01	
5.0340007012e+02	2.9135938325e-01	
5.0350023545e+02	2.9149465622e-01	
5.0360069972e+02	2.9164964389e-01	
5.0370072676e+02	2.9181770813e-01	
5.0380033456e+02	2.9199964118e-01	
5.0390030787e+02	2.9219498750e-01	
5.0400066620e+02	2.9240075654e-01	
5.0410064916e+02	2.9259681401e-01	
5.0420025984e+02	2.9279468137e-01	
5.0430006473e+02	2.9299069046e-01	
5.0440027324e+02	2.9316726145e-01	
5.0450008329e+02	2.9329818878e-01	
5.0460027814e+02	2.9339587570e-01	
5.0470010022e+02	2.9344931713e-01	
5.0480033403e+02	2.9346115819e-01	
5.0490023245e+02	2.9343873384e-01	
5.0500058045e+02	2.9339889674e-01	
5.0510064361e+02	2.9337124132e-01	
5.0520045331e+02	2.9335418284e-01	
5.0530004260e+02	2.9334234893e-01	
5.0540019828e+02	2.9333977243e-01	
5.0550020041e+02	2.9333884882e-01	
5.0560008557e+02	2.9334194948e-01	
5.0570064112e+02	2.9334948586e-01	
5.0580040492e+02	2.9336019360e-01	
5.0590016552e+02	2.9337301500e-01	
5.0600071208e+02	2.9338561067e-01	
5.0610058319e+02	2.9339814150e-01	
5.0620056762e+02	2.9341046680e-01	
5.0630070325e+02	2.9341864824e-01	
5.0640027190e+02	2.9343147288e-01	
5.0650006072e+02	2.9344699922e-01	
5.0660010323e+02	2.9346497568e-01	
5.0670043117e+02	2.9348887868e-01	
5.0680031058e+02	2.9351210752e-01	
5.0690052731e+02	2.9353082309e-01	
5.0700033664e+02	2.9355199942e-01	
5.0710052324e+02	2.9357231554e-01	
5.0720032960e+02	2.9359461603e-01	
5.0730053884e+02	2.9362326024e-01	
5.0740033931e+02	2.9364000401e-01	
5.0750070372e+02	2.9363021986e-01	
5.0760066521e+02	2.9361077609e-01	
5.0770023640e+02	2.9356228521e-01	
5.0780020092e+02	2.9350796549e-01	
5.0790056985e+02	2.9343238148e-01	
5.0800059583e+02	2.9334147843e-01	
5.0810030457e+02	2.9324148241e-01	
5.0820048204e+02	2.9311802870e-01	
5.0830039374e+02	2.9298217671e-01	
5.0840006942e+02	2.9283953319e-01	
5.0850029624e+02	2.9269443046e-01	
5.0860035448e+02	2.9254699075e-01	
5.0870028130e+02	2.9239412447e-01	
5.0880011432e+02	2.9223548634e-01	
5.0890064051e+02	2.9208041971e-01	
5.0900039835e+02	2.9193556733e-01	
5.0910017652e+02	2.9180140046e-01	
5.0920001400e+02	2.9171971057e-01	
5.0930070144e+02	2.9169185558e-01	
5.0940002148e+02	2.9171463020e-01	
5.0950026704e+02	2.9177297684e-01	
5.0960072246e+02	2.9185989366e-01	
5.0970066446e+02	2.9197949927e-01	
5.0980011968e+02	2.9212536643e-01	
5.0990063684e+02	2.9228863267e-01	
5.1000072082e+02	2.9246663305e-01	
5.1010038906e+02	2.9265550414e-01	
5.1020042628e+02	2.9286207555e-01	
5.1030007743e+02	2.9306451675e-01	
5.1040012591e+02	2.9327320250e-01	
5.1050058353e+02	2.9347992986e-01	
5.1060034417e+02	2.9367103172e-01	
5.1070048285e+02	2.9385029797e-01	
5.1080022536e+02	2.9398139164e-01	
5.1090035508e+02	2.9406295663e-01	
5.1100011550e+02	2.9410808769e-01	
5.1110029112e+02	2.9410368748e-01	
5.1120013562e+02	2.9407645149e-01	
5.1130043407e+02	2.9403258399e-01	
5.1140045282e+02	2.9399970015e-01	
5.1150022359e+02	2.9397715396e-01	
5.1160053314e+02	2.9396614360e-01	
5.1170066003e+02	2.9395707768e-01	
5.1180063963e+02	2.9395090639e-01	
5.1190050831e+02	2.9395036666e-01	
5.1200030342e+02	2.9395396447e-01	
5.1210006379e+02	2.9396069652e-01	
5.1220057820e+02	2.9397013838e-01	
5.1230038478e+02	2.9397908556e-01	
5.1240027249e+02	2.9398579228e-01	
5.1250027980e+02	2.9398927939e-01	
5.1260044446e+02	2.9399632366e-01	
5.1270004782e+02	2.9400330487e-01	
5.1280063422e+02	2.9401437375e-01	
5.1290072452e+02	2.9402802041e-01	
5.1300034390e+02	2.9404492274e-01	
5.1310027833e+02	2.9406255217e-01	
5.1320055432e+02	2.9407730465e-01	
5.1330042620e+02	2.9409231769e-01	
5.1340067852e+02	2.9410922487e-01	
5.1350055268e+02	2.9412860599e-01	
5.1360005274e+02	2.9415059778e-01	
5.1370064587e+02	2.9415875356e-01	
5.1380016376e+02	2.9415443036e-01	
5.1390005975e+02	2.9411853445e-01	
5.1400033791e+02	2.9407539708e-01	
5.1410023928e+02	2.9400864463e-01	
5.1420054843e+02	2.9393084128e-01	
5.1430051894e+02	2.9384209386e-01	
5.1440017696e+02	2.9373681852e-01	
5.1450030838e+02	2.9361287229e-01	
5.1460017853e+02	2.9347605171e-01	
5.1470057239e+02	2.9333489500e-01	
5.1480001496e+02	2.9319091302e-01	
5.1490004922e+02	2.9304297127e-01	
5.1500070917e+02	2.9288819323e-01	
5.1510052964e+02	2.9272898092e-01	
5.1520029940e+02	2.9257802041e-01	
5.1530005770e+02	2.9243585475e-01	
5.1540059393e+02	2.9230670935e-01	
5.1550044614e+02	2.9223624358e-01	
5.1560040307e+02	2.9221817165e-01	
5.1570050283e+02	2.9225158747e-01	
5.1580002781e+02	2.9232176046e-01	
5.1590052172e+02	2.9242143469e-01	
5.1600050744e+02	2.9255208539e-01	
5.1610001116e+02	2.9270428410e-01	
5.1620058200e+02	2.9287739515e-01	
5.1630072362e+02	2.9306313573e-01	
5.1640045296e+02	2.9326413068e-01	
5.1650055463e+02	2.9347662292e-01	
5.1660027253e+02	2.9368499828e-01	
5.1670038997e+02	2.9390183021e-01	
5.1680013559e+02	2.9411625007e-01	
5.1690061029e+02	2.9430093415e-01	
5.1700067958e+02	2.9447853072e-01	
5.1710035511e+02	2.9460233784e-01	
5.1720042033e+02	2.9467372791e-01	
5.1730011980e+02	2.9470350405e-01	
5.1740023798e+02	2.9469498862e-01	
5.1750002934e+02	2.9464863126e-01	
5.1760027908e+02	2.9460120268e-01	
5.1770025434e+02	2.9456804193e-01	
5.1780074184e+02	2.9454535778e-01	
5.1790026423e+02	2.9452774904e-01	
5.1800036459e+02	2.9451470104e-01	
5.1810032357e+02	2.9450785184e-01	
5.1820017720e+02	2.9450448030e-01	
5.1830071366e+02	2.9450466992e-01	
5.1840047151e+02	2.9450733662e-01	
5.1850024019e+02	2.9451063339e-01	
5.1860005804e+02	2.9451224634e-01	
5.1870071501e+02	2.9451185559e-01	
5.1880074733e+02	2.9451387055e-01	
5.1890018935e+02	2.9451198244e-01	
5.1900058408e+02	2.9451474557e-01	
5.1910045642e+02	2.9452076940e-01	
5.1920059334e+02	2.9453272456e-01	
5.1930026393e+02	2.9454339309e-01	
5.1940025413e+02	2.9455631036e-01	
5.1950059007e+02	2.9456844895e-01	
5.1960052507e+02	2.9457886508e-01	
5.1970007041e+02	2.9459383550e-01	
5.1980000964e+02	2.9460812750e-01	
5.1990035548e+02	2.9462312970e-01	
5.2000016003e+02	2.9463481514e-01	
5.2010038679e+02	2.9462806763e-01	
5.2020021476e+02	2.9458929484e-01	
5.2030042716e+02	2.9453676693e-01	
5.2040026614e+02	2.9447109794e-01	
5.2050051631e+02	2.9438849239e-01	
5.2060043223e+02	2.9429165724e-01	
5.2070004044e+02	2.9419056250e-01	
5.2080012658e+02	2.9406415473e-01	
5.2090071154e+02	2.9392401443e-01	
5.2100031492e+02	2.9378602544e-01	
5.2110048110e+02	2.9364212948e-01	
5.2120049140e+02	2.9349354515e-01	
5.2130038308e+02	2.9333924574e-01	
5.2140019216e+02	2.9318011423e-01	
5.2150070689e+02	2.9303097163e-01	
5.2160046667e+02	2.9289131723e-01	
5.2170026098e+02	2.9277050002e-01	
5.2180012839e+02	2.9270913820e-01	
5.2190010686e+02	2.9270126710e-01	
5.2200023432e+02	2.9274545949e-01	
5.2210054775e+02	2.9282814683e-01	
5.2220032609e+02	2.9293969575e-01	
5.2230035642e+02	2.9307994317e-01	
5.2240067057e+02	2.9324497988e-01	
5.2250053476e+02	2.9342391663e-01	
5.2260073474e+02	2.9361803148e-01	
5.2270052577e+02	2.9382022153e-01	
5.2280069242e+02	2.9403657763e-01	
5.2290047750e+02	2.9425994738e-01	
5.2300066422e+02	2.9448807974e-01	
5.2310045873e+02	2.9471373400e-01	
5.2320008588e+02	2.9490041939e-01	
5.2330008933e+02	2.9505993193e-01	
5.2340047210e+02	2.9517590722e-01	
5.2350047347e+02	2.9523908753e-01	
5.2360011270e+02	2.9525567285e-01	
5.2370017419e+02	2.9523549509e-01	
5.2380067339e+02	2.9517752503e-01	
5.2390011510e+02	2.9512675846e-01	
5.2400004778e+02	2.9508865984e-01	
5.2410049800e+02	2.9505903439e-01	
5.2420074224e+02	2.9504048295e-01	
5.2430006403e+02	2.9502407453e-01	
5.2440000304e+02	2.9501128153e-01	
5.2450059300e+02	2.9500395622e-01	
5.2460037127e+02	2.9500030602e-01	
5.2470012771e+02	2.9499819950e-01	
5.2480065165e+02	2.9499621083e-01	
5.2490048208e+02	2.9499504817e-01	
5.2500040703e+02	2.9499090961e-01	
5.2510046436e+02	2.9498386455e-01	
5.2520069154e+02	2.9498116145e-01	
5.2530036890e+02	2.9498061421e-01	
5.2540028347e+02	2.9498289637e-01	
5.2550046789e+02	2.9498915599e-01	
5.2560019048e+02	2.9499843252e-01	
5.2570023717e+02	2.9500495796e-01	
5.2580063370e+02	2.9501434078e-01	
5.2590063236e+02	2.9502160565e-01	
5.2600024384e+02	2.9503478553e-01	
5.2610025157e+02	2.9505061248e-01	
5.2620066764e+02	2.9506779168e-01	
5.2630043838e+02	2.9507676263e-01	
5.2640059534e+02	2.9504801361e-01	
5.2650035577e+02	2.9500914970e-01	
5.2660050306e+02	2.9495532475e-01	
5.2670028035e+02	2.9488343517e-01	
5.2680047234e+02	2.9479995202e-01	
5.2690033451e+02	2.9470564840e-01	
5.2700065272e+02	2.9459769938e-01	
5.2710069235e+02	2.9446968100e-01	
5.2720048054e+02	2.9433248439e-01	
5.2730005011e+02	2.9419374190e-01	
5.2740018828e+02	2.9405006808e-01	
5.2750017678e+02	2.9390091818e-01	
5.2760005238e+02	2.9374651213e-01	
5.2770060121e+02	2.9358738882e-01	
5.2780036175e+02	2.9344276832e-01	
5.2790012398e+02	2.9330549088e-01	
5.2800067787e+02	2.9319277246e-01	
5.2810056185e+02	2.9314130390e-01	
5.2820056392e+02	2.9314711720e-01	
5.2830072139e+02	2.9320424059e-01	
5.2840031576e+02	2.9329780792e-01	
5.2850013420e+02	2.9342181797e-01	
5.2860021001e+02	2.9357424527e-01	
5.2870057469e+02	2.9374533607e-01	
5.2880049369e+02	2.9393167744e-01	
5.2890075268e+02	2.9412972606e-01	
5.2900060599e+02	2.9434222049e-01	
5.2910006561e+02	2.9456295259e-01	
5.2920069076e+02	2.9480151732e-01	
5.2930016829e+02	2.9503850024e-01	
5.2940076613e+02	2.9527019694e-01	
5.2950032330e+02	2.9545914535e-01	
5.2960025819e+02	2.9560473622e-01	
5.2970057449e+02	2.9571280322e-01	
5.2980051257e+02	2.9576848872e-01	
5.2990009221e+02	2.9577555890e-01	
5.3000009774e+02	2.9574132832e-01	
5.3010054503e+02	2.9567447270e-01	
5.3020069785e+02	2.9561769133e-01	
5.3030058702e+02	2.9557168715e-01	
5.3040024510e+02	2.9554221329e-01	
5.3050045895e+02	2.9551544507e-01	
5.3060050807e+02	2.9549597134e-01	
5.3070042695e+02	2.9548122517e-01	
5.3080025290e+02	2.9547060153e-01	
5.3090002446e+02	2.9546301375e-01	
5.3100053057e+02	2.9545625375e-01	
5.3110031039e+02	2.9544925885e-01	
5.3120015310e+02	2.9544035433e-01	
5.3130009744e+02	2.9543221204e-01	
5.3140018081e+02	2.9542257893e-01	
5.3150044009e+02	2.9541580627e-01	
5.3160015507e+02	2.9541203482e-01	
5.3170011277e+02	2.9541164597e-01	
5.3180034551e+02	2.9541566585e-01	
5.3190012088e+02	2.9542183545e-01	
5.3200022478e+02	2.9542487228e-01	
5.3210068250e+02	2.9542971904e-01	
5.3220074533e+02	2.9543527525e-01	
5.3230042334e+02	2.9544489968e-01	
5.3240049986e+02	2.9546416786e-01	
5.3250020578e+02	2.9547899424e-01	
5.3260069901e+02	2.9547443380e-01	
5.3270001224e+02	2.9544983946e-01	
5.3280047999e+02	2.9540780231e-01	
5.3290056275e+02	2.9534663027e-01	
5.3300027906e+02	2.9527595497e-01	
5.3310041364e+02	2.9518612429e-01	
5.3320022292e+02	2.9509259427e-01	
5.3330049278e+02	2.9498057505e-01	
5.3340048869e+02	2.9485165486e-01	
5.3350023832e+02	2.9471515262e-01	
5.3360052847e+02	2.9457545964e-01	
5.3370063846e+02	2.9443125541e-01	
5.3380060530e+02	2.9428124844e-01	
5.3390046470e+02	2.9412591071e-01	
5.3400025355e+02	2.9396999707e-01	
5.3410001113e+02	2.9382720950e-01	
5.3420052711e+02	2.9369094063e-01	
5.3430034070e+02	2.9358952260e-01	
5.3440024079e+02	2.9354796610e-01	
5.3450026573e+02	2.9356756832e-01	
5.3460045290e+02	2.9363799372e-01	
5.3470008264e+02	2.9374419379e-01	
5.3480069955e+02	2.9388239157e-01	
5.3490006421e+02	2.9404386796e-01	
5.3500048022e+02	2.9422401277e-01	
5.3510045472e+02	2.9441584715e-01	
5.3520000620e+02	2.9461960944e-01	
5.3530068947e+02	2.9483933841e-01	
5.3540021446e+02	2.9507185178e-01	
5.3550013191e+02	2.9531046179e-01	
5.3560045479e+02	2.9555529464e-01	
5.3570027463e+02	2.9577723901e-01	
5.3580054103e+02	2.9598188648e-01	
5.3590040786e+02	2.9612661117e-01	
5.3600065828e+02	2.9623441891e-01	
5.3610053376e+02	2.9628533130e-01	
5.3620005459e+02	2.9628669128e-01	
5.3630000494e+02	2.9623682235e-01	
5.3640040116e+02	2.9616279706e-01	
5.3650050796e+02	2.9609943480e-01	
5.3660035646e+02	2.9605105059e-01	
5.3670073346e+02	2.9601344583e-01	
5.3680016399e+02	2.9598516324e-01	
5.3690018918e+02	2.9595950135e-01	
5.3700008980e+02	2.9593957083e-01	
5.3710065398e+02	2.9592491668e-01	
5.3720041961e+02	2.9591301952e-01	
5.3730017628e+02	2.9590274155e-01	
5.3740071351e+02	2.9589217116e-01	
5.3750057005e+02	2.9587977110e-01	
5.3760053472e+02	2.9586509042e-01	
5.3770064547e+02	2.9585447039e-01	
5.3780018436e+02	2.9584387967e-01	
5.3790069448e+02	2.9583758392e-01	
5.3800069817e+02	2.9583715454e-01	
5.3810022142e+02	2.9583911612e-01	
5.3820005029e+02	2.9584190195e-01	
5.3830021203e+02	2.9584344131e-01	
5.3840073151e+02	2.9584398631e-01	
5.3850008729e+02	2.9584737542e-01	
5.3860060388e+02	2.9585289405e-01	
5.3870074944e+02	2.9586903977e-01	
5.3880051446e+02	2.9587680894e-01	
5.3890016006e+02	2.9587773091e-01	
5.3900018180e+02	2.9584846370e-01	
5.3910058258e+02	2.9580058402e-01	
5.3920060146e+02	2.9574736659e-01	
5.3930025753e+02	2.9567163620e-01	
5.3940033552e+02	2.9558004141e-01	
5.3950009278e+02	2.9548233313e-01	
5.3960031522e+02	2.9536649069e-01	
5.3970026819e+02	2.9523675898e-01	
5.3980073481e+02	2.9509962185e-01	
5.3990023845e+02	2.9496114184e-01	
5.4000032263e+02	2.9481651064e-01	
5.4010026960e+02	2.9466601593e-01	
5.4020011431e+02	2.9451033826e-01	
5.4030064489e+02	2.9435516641e-01	
5.4040040052e+02	2.9421222687e-01	
5.4050017098e+02	2.9407790646e-01	
5.4060074622e+02	2.9398605385e-01	
5.4070066415e+02	2.9395481378e-01	
5.4080071334e+02	2.9398719164e-01	
5.4090017703e+02	2.9406925393e-01	
5.4100059837e+02	2.9418963034e-01	
5.4110050154e+02	2.9433834877e-01	
5.4120067294e+02	2.9450866721e-01	
5.4130038105e+02	2.9469582686e-01	
5.4140041172e+02	2.9489515426e-01	
5.4150002293e+02	2.9510579789e-01	
5.4160076996e+02	2.9533348647e-01	
5.4170036071e+02	2.9557635010e-01	
5.4180034630e+02	2.9583951780e-01	
5.4190073910e+02	2.9609869416e-01	
5.4200053611e+02	2.9632589127e-01	
5.4210073280e+02	2.9650470834e-01	
5.4220053210e+02	2.9664688056e-01	
5.4230071726e+02	2.9675134959e-01	
5.4240053085e+02	2.9680218750e-01	
5.4250075747e+02	2.9680118107e-01	
5.4260065096e+02	2.9673751682e-01	
5.4270023565e+02	2.9666131005e-01	
5.4280029734e+02	2.9659538170e-01	
5.4290010615e+02	2.9654445780e-01	
5.4300044890e+02	2.9650056203e-01	
5.4310060374e+02	2.9646810568e-01	
5.4320060455e+02	2.9643946498e-01	
5.4330048716e+02	2.9641534368e-01	
5.4340028962e+02	2.9639591602e-01	
5.4350005057e+02	2.9637835929e-01	
5.4360055897e+02	2.9636079365e-01	
5.4370035402e+02	2.9634303094e-01	
5.4380022472e+02	2.9632649114e-01	
5.4390020969e+02	2.9630870563e-01	
5.4400034680e+02	2.9629178168e-01	
5.4410067295e+02	2.9627623369e-01	
5.4420046687e+02	2.9626681866e-01	
5.4430051536e+02	2.9626785893e-01	
5.4440008814e+02	2.9626576410e-01	
5.4450073495e+02	2.9626446132e-01	
5.4460019142e+02	2.9626293649e-01	
5.4470000395e+02	2.9625940999e-01	
5.4480019351e+02	2.9625843587e-01	
5.4490000255e+02	2.9626622129e-01	
5.4500021420e+02	2.9627388903e-01	
5.4510001302e+02	2.9629210775e-01	
5.4520036834e+02	2.9628461402e-01	
5.4530032169e+02	2.9624776867e-01	
5.4540065614e+02	2.9620121706e-01	
5.4550061187e+02	2.9613438849e-01	
5.4560020848e+02	2.9605555270e-01	
5.4570023074e+02	2.9596385845e-01	
5.4580069685e+02	2.9586064565e-01	
5.4590011287e+02	2.9574174320e-01	
5.4600002371e+02	2.9561105569e-01	
5.4610045353e+02	2.9547439662e-01	
5.4620067946e+02	2.9533426792e-01	
5.4630073779e+02	2.9518895335e-01	
5.4640066463e+02	2.9503795733e-01	
5.4650049509e+02	2.9488196577e-01	
5.4660026799e+02	2.9472981178e-01	
5.4670002276e+02	2.9458718572e-01	
5.4680054905e+02	2.9445307715e-01	
5.4690038570e+02	2.9437149759e-01	
5.4700032156e+02	2.9435084504e-01	
5.4710039480e+02	2.9439508713e-01	
5.4720064274e+02	2.9449024090e-01	
5.4730034535e+02	2.9462182719e-01	
5.4740028972e+02	2.9478060905e-01	
5.4750050825e+02	2.9496232737e-01	
5.4760026860e+02	2.9515290851e-01	
5.4770035604e+02	2.9536251220e-01	
5.4780002752e+02	2.9558703525e-01	
5.4790006772e+02	2.9583243668e-01	
5.4800049557e+02	2.9608704398e-01	
5.4810054952e+02	2.9634879247e-01	
5.4820023197e+02	2.9660322321e-01	
5.4830076245e+02	2.9683660045e-01	
5.4840011524e+02	2.9701554952e-01	
5.4850062223e+02	2.9715799360e-01	
5.4860074281e+02	2.9726256476e-01	
5.4870049528e+02	2.9731264711e-01	
5.4880066431e+02	2.9730605894e-01	
5.4890050423e+02	2.9723699905e-01	
5.4900004002e+02	2.9716104629e-01	
5.4910005756e+02	2.9709648467e-01	
5.4920058265e+02	2.9703972187e-01	
5.4930013721e+02	2.9699820262e-01	
5.4940026447e+02	2.9695897608e-01	
5.4950024289e+02	2.9692444046e-01	
5.4960010929e+02	2.9689627906e-01	
5.4970065194e+02	2.9687218811e-01	
5.4980040909e+02	2.9684968114e-01	
5.4990017008e+02	2.9682709286e-01	
5.5000072467e+02	2.9680412315e-01	
5.5010061124e+02	2.9677925143e-01	
5.5020061847e+02	2.9675469803e-01	
5.5030003032e+02	2.9673336359e-01	
5.5040038953e+02	2.9671576158e-01	
5.5050022183e+02	2.9670443555e-01	
5.5060031424e+02	2.9669764190e-01	
5.5070069814e+02	2.9669425981e-01	
5.5080063850e+02	2.9668739939e-01	
5.5090015358e+02	2.9667710249e-01	
5.5100002839e+02	2.9667231488e-01	
5.5110028338e+02	2.9666672820e-01	
5.5120015990e+02	2.9666958454e-01	
5.5130044095e+02	2.9667597302e-01	
5.5140025162e+02	2.9668471363e-01	
5.5150053708e+02	2.9666694736e-01	
5.5160042260e+02	2.9663074656e-01	
5.5170069141e+02	2.9657082339e-01	
5.5180058474e+02	2.9650456866e-01	
5.5190012270e+02	2.9641824870e-01	
5.5200009010e+02	2.9632061727e-01	
5.5210050568e+02	2.9621762653e-01	
5.5220063398e+02	2.9609718448e-01	
5.5230050178e+02	2.9596408990e-01	
5.5240014021e+02	2.9583059324e-01	
5.5250033640e+02	2.9569025388e-01	
5.5260037118e+02	2.9554509876e-01	
5.5270027938e+02	2.9539461477e-01	
5.5280009726e+02	2.9523944547e-01	
5.5290061399e+02	2.9508990448e-01	
5.5300036899e+02	2.9495103980e-01	
5.5310015163e+02	2.9482307519e-01	
5.5320000088e+02	2.9474982871e-01	
5.5330070757e+02	2.9474101420e-01	
5.5340005368e+02	2.9479892395e-01	
5.5350033244e+02	2.9490459433e-01	
5.5360007129e+02	2.9504745769e-01	
5.5370005722e+02	2.9521866708e-01	
5.5380032238e+02	2.9540863681e-01	
5.5390013381e+02	2.9561387909e-01	
5.5400027728e+02	2.9583193244e-01	
5.5410000900e+02	2.9606811613e-01	
5.5420011324e+02	2.9631492759e-01	
5.5430060794e+02	2.9657863715e-01	
5.5440073041e+02	2.9684155431e-01	
5.5450047949e+02	2.9710005701e-01	
5.5460016541e+02	2.9732151863e-01	
5.5470022720e+02	2.9750585466e-01	
5.5480066729e+02	2.9764204549e-01	
5.5490072399e+02	2.9773881280e-01	
5.5500041613e+02	2.9778674790e-01	
5.5510052842e+02	2.9777247807e-01	
5.5520031562e+02	2.9770112766e-01	
5.5530056181e+02	2.9762324219e-01	
5.5540053423e+02	2.9755341537e-01	
5.5550026495e+02	2.9749904322e-01	
5.5560054085e+02	2.9744833094e-01	
5.5570064000e+02	2.9740583564e-01	
5.5580059611e+02	2.9736688032e-01	
5.5590044669e+02	2.9733197715e-01	
5.5600022992e+02	2.9730001697e-01	
5.5610073443e+02	2.9726769159e-01	
5.5620049921e+02	2.9723486386e-01	
5.5630031348e+02	2.9720156869e-01	
5.5640021613e+02	2.9716906151e-01	
5.5650024552e+02	2.9713784326e-01	
5.5660043929e+02	2.9710880837e-01	
5.5670007833e+02	2.9708331935e-01	
5.5680070734e+02	2.9707047893e-01	
5.5690008654e+02	2.9705834197e-01	
5.5700051971e+02	2.9704758100e-01	
5.5710051361e+02	2.9703598554e-01	
5.5720008654e+02	2.9702288451e-01	
5.5730002331e+02	2.9701503723e-01	
5.5740034376e+02	2.9700645074e-01	
5.5750028796e+02	2.9700674469e-01	
5.5760063851e+02	2.9701147666e-01	
5.5770043707e+02	2.9701114128e-01	
5.5780065319e+02	2.9697906207e-01	
5.5790047153e+02	2.9693399045e-01	
5.5800067540e+02	2.9687891161e-01	
5.5810050710e+02	2.9679966016e-01	
5.5820075118e+02	2.9670907234e-01	
5.5830066219e+02	2.9660841972e-01	
5.5840026673e+02	2.9650681684e-01	
5.5850035025e+02	2.9638359373e-01	
5.5860017800e+02	2.9624958261e-01	
5.5870053589e+02	2.9611597580e-01	
5.5880070218e+02	2.9597611367e-01	
5.5890071319e+02	2.9583141001e-01	
5.5900060284e+02	2.9568157436e-01	
5.5910040873e+02	2.9552733340e-01	
5.5920017005e+02	2.9538241736e-01	
5.5930067634e+02	2.9524427637e-01	
5.5940046668e+02	2.9512236086e-01	
5.5950033015e+02	2.9505951250e-01	
5.5960030546e+02	2.9506471026e-01	
5.5970043056e+02	2.9513795449e-01	
5.5980074241e+02	2.9525528755e-01	
5.5990051991e+02	2.9540988089e-01	
5.6000055007e+02	2.9559167043e-01	
5.6010010363e+02	2.9579256156e-01	
5.6020073016e+02	2.9600586589e-01	
5.6030016587e+02	2.9623396023e-01	
5.6040072580e+02	2.9647262107e-01	
5.6050012379e+02	2.9672347330e-01	
5.6060068487e+02	2.9698175668e-01	
5.6070009768e+02	2.9724920949e-01	
5.6080067071e+02	2.9750583998e-01	
5.6090028717e+02	2.9771776753e-01	
5.6100028080e+02	2.9789421873e-01	
5.6110065471e+02	2.9802966393e-01	
5.6120064832e+02	2.9812335821e-01	
5.6130028098e+02	2.9816891217e-01	
5.6140033740e+02	2.9815175266e-01	
5.6150007278e+02	2.9807384787e-01	
5.6160027164e+02	2.9799961504e-01	
5.6170020196e+02	2.9793494478e-01	
5.6180065054e+02	2.9787553530e-01	
5.6190014095e+02	2.9782748177e-01	
5.6200021388e+02	2.9777867237e-01	
5.6210014970e+02	2.9773426872e-01	
5.6220073654e+02	2.9769406248e-01	
5.6230051160e+02	2.9765579348e-01	
5.6240026436e+02	2.9761628930e-01	
5.6250003372e+02	2.9757613474e-01	
5.6260060969e+02	2.9753804467e-01	
5.6270053019e+02	2.9749808508e-01	
5.6280058380e+02	2.9745882892e-01	
5.6290005367e+02	2.9742428104e-01	
5.6300048308e+02	2.9739883968e-01	
5.6310039630e+02	2.9737940686e-01	
5.6320058024e+02	2.9736485700e-01	
5.6330030320e+02	2.9734938598e-01	
5.6340035099e+02	2.9733673294e-01	
5.6350074915e+02	2.9732103592e-01	
5.6360074977e+02	2.9731040328e-01	
5.6370036350e+02	2.9729831607e-01	
5.6380037383e+02	2.9730021019e-01	
5.6390001279e+02	2.9730382125e-01	
5.6400055538e+02	2.9729583882e-01	
5.6410070276e+02	2.9726166112e-01	
5.6420045459e+02	2.9720840822e-01	
5.6430059428e+02	2.9713213533e-01	
5.6440036520e+02	2.9704878323e-01	
5.6450055196e+02	2.9695837339e-01	
5.6460041004e+02	2.9686134394e-01	
5.6470072530e+02	2.9675645386e-01	
5.6480000604e+02	2.9663451730e-01	
5.6490054992e+02	2.9650097762e-01	
5.6500011925e+02	2.9637014702e-01	
5.6510025813e+02	2.9623192451e-01	
5.6520024710e+02	2.9608894907e-01	
5.6530012007e+02	2.9594089577e-01	
5.6540066565e+02	2.9578883826e-01	
5.6550042272e+02	2.9564780467e-01	
5.6560018110e+02	2.9551451984e-01	
5.6570073037e+02	2.9539951158e-01	
5.6580060910e+02	2.9534829799e-01	
5.6590060606e+02	2.9536964138e-01	
5.6600000533e+02	2.9545799995e-01	
5.6610034954e+02	2.9559082190e-01	
5.6620016467e+02	2.9575735555e-01	
5.6630023772e+02	2.9594929802e-01	
5.6640060025e+02	2.9616699895e-01	
5.6650051776e+02	2.9638771243e-01	
5.6660000927e+02	2.9661334093e-01	
5.6670062916e+02	2.9685956499e-01	
5.6680008936e+02	2.9711258874e-01	
5.6690071580e+02	2.9737820262e-01	
5.6700019527e+02	2.9763677073e-01	
5.6710001085e+02	2.9788539130e-01	
5.6720033770e+02	2.9810024689e-01	
5.6730026386e+02	2.9827866039e-01	
5.6740057237e+02	2.9841556640e-01	
5.6750050373e+02	2.9850383708e-01	
5.6760007782e+02	2.9854719512e-01	
5.6770007927e+02	2.9852470512e-01	
5.6780052360e+02	2.9844634902e-01	
5.6790067403e+02	2.9837214743e-01	
5.6800056143e+02	2.9830391657e-01	
5.6810021844e+02	2.9824894490e-01	
5.6820043172e+02	2.9819353034e-01	
5.6830047818e+02	2.9814260731e-01	
5.6840039389e+02	2.9809626986e-01	
5.6850021673e+02	2.9805230906e-01	
5.6860073498e+02	2.9800820475e-01	
5.6870048706e+02	2.9796284313e-01	
5.6880026231e+02	2.9791677999e-01	
5.6890009981e+02	2.9787013275e-01	
5.6900003832e+02	2.9782519507e-01	
5.6910011594e+02	2.9778267442e-01	
5.6920036995e+02	2.9774589054e-01	
5.6930008029e+02	2.9772066038e-01	
5.6940003409e+02	2.9769720416e-01	
5.6950026370e+02	2.9767894494e-01	
5.6960003668e+02	2.9766081564e-01	
5.6970013884e+02	2.9764651204e-01	
5.6980059528e+02	2.9762532063e-01	
5.6990065717e+02	2.9761161769e-01	
5.7000033459e+02	2.9760481487e-01	
5.7010041092e+02	2.9759925431e-01	
5.7020011714e+02	2.9759978583e-01	
5.7030060122e+02	2.9758840115e-01	
5.7040068048e+02	2.9754557660e-01	
5.7050036652e+02	2.9748666883e-01	
5.7060044283e+02	2.9741591611e-01	
5.7070015383e+02	2.9733158979e-01	
5.7080028419e+02	2.9723542854e-01	
5.7090009033e+02	2.9714071849e-01	
5.7100035810e+02	2.9703591927e-01	
5.7110035275e+02	2.9691503512e-01	
5.7120010193e+02	2.9678535352e-01	
5.7130039255e+02	2.9665598669e-01	
5.7140050394e+02	2.9652036129e-01	
5.7150047052e+02	2.9637998538e-01	
5.7160032714e+02	2.9623460314e-01	
5.7170011273e+02	2.9608812583e-01	
5.7180061678e+02	2.9594945790e-01	
5.7190037847e+02	2.9581951889e-01	
5.7200018692e+02	2.9571396018e-01	
5.7210008117e+02	2.9567463054e-01	
5.7220009969e+02	2.9571337931e-01	
5.7230028014e+02	2.9581708706e-01	
5.7240065913e+02	2.9596181250e-01	
5.7250051450e+02	2.9614296599e-01	
5.7260063325e+02	2.9635230608e-01	
5.7270028472e+02	2.9657021644e-01	
5.7280025484e+02	2.9679386795e-01	
5.7290056973e+02	2.9702874952e-01	
5.7300048280e+02	2.9727612019e-01	
5.7310000547e+02	2.9753063392e-01	
5.7320069741e+02	2.9779014340e-01	
5.7330024329e+02	2.9805669099e-01	
5.7340005774e+02	2.9829960849e-01	
5.7350031577e+02	2.9850879815e-01	
5.7360017516e+02	2.9868306953e-01	
5.7370041907e+02	2.9881792300e-01	
5.7380028906e+02	2.9890465710e-01	
5.7390056968e+02	2.9894304621e-01	
5.7400051454e+02	2.9890510478e-01	
5.7410014689e+02	2.9882551653e-01	
5.7420025205e+02	2.9874845424e-01	
5.7430009948e+02	2.9868382021e-01	
5.7440047604e+02	2.9862171196e-01	
5.7450065848e+02	2.9856634869e-01	
5.7460067958e+02	2.9851035823e-01	
5.7470057632e+02	2.9845827193e-01	
5.7480038664e+02	2.9840834590e-01	
5.7490014880e+02	2.9835773399e-01	
5.7500065133e+02	2.9830511430e-01	
5.7510043356e+02	2.9825295814e-01	
5.7520028455e+02	2.9820335370e-01	
5.7530024292e+02	2.9815212802e-01	
5.7540034664e+02	2.9810645840e-01	
5.7550063282e+02	2.9806763237e-01	
5.7560038091e+02	2.9803997746e-01	
5.7570037800e+02	2.9801628062e-01	
5.7580065616e+02	2.9799260597e-01	
5.7590048217e+02	2.9797063708e-01	
5.7600064181e+02	2.9795053311e-01	
5.7610039103e+02	2.9793076611e-01	
5.7620051450e+02	2.9791490674e-01	
5.7630025581e+02	2.9790460997e-01	
5.7640039824e+02	2.9790396280e-01	
5.7650015976e+02	2.9791001643e-01	
5.7660057458e+02	2.9788995161e-01	
5.7670058638e+02	2.9784085795e-01	
5.7680020736e+02	2.9777132873e-01	
5.7690022110e+02	2.9769930232e-01	
5.7700063826e+02	2.9761433733e-01	
5.7710071065e+02	2.9751872613e-01	
5.7720046349e+02	2.9742526301e-01	
5.7730068268e+02	2.9732186661e-01	
5.7740063330e+02	2.9720351093e-01	
5.7750034407e+02	2.9707803642e-01	
5.7760060209e+02	2.9695149628e-01	
5.7770068709e+02	2.9681892141e-01	
5.7780063209e+02	2.9668168362e-01	
5.7790047346e+02	2.9653960156e-01	
5.7800025037e+02	2.9639837569e-01	
5.7810000231e+02	2.9626414838e-01	
5.7820051841e+02	2.9613724866e-01	
5.7830033773e+02	2.9604176534e-01	
5.7840024926e+02	2.9601823610e-01	
5.7850029134e+02	2.9607609320e-01	
5.7860050150e+02	2.9619093606e-01	
5.7870016029e+02	2.9635052912e-01	
5.7880005483e+02	2.9654961144e-01	
5.7890021788e+02	2.9677592236e-01	
5.7900068037e+02	2.9700215765e-01	
5.7910070620e+02	2.9723028612e-01	
5.7920031338e+02	2.9747115742e-01	
5.7930028667e+02	2.9772025458e-01	
5.7940064555e+02	2.9798021498e-01	
5.7950062961e+02	2.9824508788e-01	
5.7960024192e+02	2.9850196063e-01	
5.7970003244e+02	2.9874264098e-01	
5.7980022228e+02	2.9895700464e-01	
5.7990001562e+02	2.9913221449e-01	
5.8000019570e+02	2.9926809188e-01	
5.8010000515e+02	2.9935205052e-01	
5.8020022861e+02	2.9937859057e-01	
5.8030012023e+02	2.9932102447e-01	
5.8040046274e+02	2.9923968502e-01	
5.8050052158e+02	2.9916534908e-01	
5.8060032829e+02	2.9909781054e-01	
5.8070066975e+02	2.9903513685e-01	
5.8080006963e+02	2.9897404993e-01	
5.8090006754e+02	2.9891763323e-01	
5.8100069782e+02	2.9886238384e-01	
5.8110049676e+02	2.9880817599e-01	
5.8120025394e+02	2.9875280047e-01	
5.8130000791e+02	2.9869602477e-01	
5.8140054836e+02	2.9863905097e-01	
5.8150041386e+02	2.9858257380e-01	
5.8160039307e+02	2.9853203231e-01	
5.8170052382e+02	2.9848312633e-01	
5.8180008799e+02	2.9844927328e-01	
5.8190062971e+02	2.9841716207e-01	
5.8200067086e+02	2.9839153246e-01	
5.8210023705e+02	2.9836250434e-01	
5.8220011423e+02	2.9833700846e-01	
5.8230032921e+02	2.9831128423e-01	
5.8240013706e+02	2.9829276040e-01	
5.8250032241e+02	2.9827550270e-01	
5.8260012782e+02	2.9825652645e-01	
5.8270033646e+02	2.9826084706e-01	
5.8280013047e+02	2.9825853563e-01	
5.8290047658e+02	2.9823498740e-01	
5.8300042157e+02	2.9818051866e-01	
5.8310074853e+02	2.9812087075e-01	
5.8320069770e+02	2.9804307691e-01	
5.8330028883e+02	2.9796120498e-01	
5.8340030674e+02	2.9787000471e-01	
5.8350000965e+02	2.9777494688e-01	
5.8360018343e+02	2.9767355537e-01	
5.8370009291e+02	2.9755971437e-01	
5.8380052240e+02	2.9743862620e-01	
5.8390074904e+02	2.9731718704e-01	
5.8400005660e+02	2.9718881848e-01	
5.8410073286e+02	2.9705460557e-01	
5.8420056013e+02	2.9691695198e-01	
5.8430032951e+02	2.9678255884e-01	
5.8440008043e+02	2.9665626800e-01	
5.8450060200e+02	2.9653555803e-01	
5.8460043322e+02	2.9645217481e-01	
5.8470036302e+02	2.9644671443e-01	
5.8480042962e+02	2.9652396212e-01	
5.8490067041e+02	2.9665492387e-01	
5.8500036545e+02	2.9683523347e-01	
5.8510030183e+02	2.9705069631e-01	
5.8520051206e+02	2.9727813728e-01	
5.8530026401e+02	2.9750980823e-01	
5.8540034354e+02	2.9774290493e-01	
5.8550000787e+02	2.9798122868e-01	
5.8560004168e+02	2.9823617280e-01	
5.8570046399e+02	2.9849639351e-01	
5.8580051332e+02	2.9875587512e-01	
5.8590019211e+02	2.9901592498e-01	
5.8600071397e+02	2.9926150532e-01	
5.8610005855e+02	2.9948132046e-01	
5.8620055812e+02	2.9965670563e-01	
5.8630067225e+02	2.9979093168e-01	
5.8640041927e+02	2.9986956074e-01	
5.8650058388e+02	2.9988399848e-01	
5.8660042068e+02	2.9981716852e-01	
5.8670071265e+02	2.9973458184e-01	
5.8680072626e+02	2.9965757998e-01	
5.8690049335e+02	2.9958494176e-01	
5.8700004723e+02	2.9952195109e-01	
5.8710017146e+02	2.9945577436e-01	
5.8720014627e+02	2.9939281708e-01	
5.8730000919e+02	2.9933248229e-01	
5.8740054840e+02	2.9927296185e-01	
5.8750030171e+02	2.9921333925e-01	
5.8760005832e+02	2.9915326325e-01	
5.8770060796e+02	2.9909363301e-01	
5.8780048895e+02	2.9903482220e-01	
5.8790048993e+02	2.9898092070e-01	
5.8800064865e+02	2.9893840051e-01	
5.8810024649e+02	2.9890340057e-01	
5.8820007072e+02	2.9886722975e-01	
5.8830015462e+02	2.9883837562e-01	
5.8840052965e+02	2.9880812850e-01	
5.8850046107e+02	2.9878024790e-01	
5.8860073458e+02	2.9874964708e-01	
5.8870060433e+02	2.9873061265e-01	
5.8880008223e+02	2.9871011945e-01	
5.8890072771e+02	2.9870825174e-01	
5.8900022692e+02	2.9870798111e-01	
5.8910003088e+02	2.9871478483e-01	
5.8920030885e+02	2.9867363688e-01	
5.8930018771e+02	2.9862093014e-01	
5.8940045060e+02	2.9855694398e-01	
5.8950033888e+02	2.9848033962e-01	
5.8960063709e+02	2.9840144487e-01	
5.8970059901e+02	2.9831392729e-01	
5.8980025068e+02	2.9821967318e-01	
5.8990037785e+02	2.9812052584e-01	
5.9000024538e+02	2.9801132137e-01	
5.9010063851e+02	2.9789690984e-01	
5.9020008226e+02	2.9777991078e-01	
5.9030011753e+02	2.9765429036e-01	
5.9040002344e+02	2.9752502744e-01	
5.9050058852e+02	2.9739099016e-01	
5.9060035151e+02	2.9726340026e-01	
5.9070010249e+02	2.9714387636e-01	
5.9080063060e+02	2.9702866118e-01	
5.9090047477e+02	2.9696438098e-01	
5.9100042385e+02	2.9705723759e-01	
5.9110051596e+02	2.9715231955e-01	
5.9120003362e+02	2.9725206968e-01	
5.9130052048e+02	2.9741549937e-01	
5.9140049954e+02	2.9763854298e-01	
5.9150075770e+02	2.9786883617e-01	
5.9160056207e+02	2.9810400570e-01	
5.9170069845e+02	2.9834186693e-01	
5.9180042314e+02	2.9858695560e-01	
5.9190052079e+02	2.9883858730e-01	
5.9200023534e+02	2.9909589073e-01	
5.9210035010e+02	2.9935849606e-01	
5.9220009240e+02	2.9962087803e-01	
5.9230054824e+02	2.9987404120e-01	
5.9240060045e+02	3.0009617406e-01	
5.9250026079e+02	3.0026640298e-01	
5.9260031267e+02	3.0039614174e-01	
5.9270000088e+02	3.0046803416e-01	
5.9280011017e+02	3.0046852986e-01	
5.9290065595e+02	3.0039066514e-01	
5.9300014009e+02	3.0030500683e-01	
5.9310011151e+02	3.0022385587e-01	
5.9320059649e+02	3.0014843401e-01	
5.9330011721e+02	3.0007969228e-01	
5.9340021324e+02	3.0001086225e-01	
5.9350016609e+02	2.9994414094e-01	
5.9360001341e+02	2.9987910855e-01	
5.9370054340e+02	2.9981463458e-01	
5.9380029396e+02	2.9974990208e-01	
5.9390005429e+02	2.9968527517e-01	
5.9400061415e+02	2.9962495680e-01	
5.9410051163e+02	2.9956624333e-01	
5.9420053538e+02	2.9951209988e-01	
5.9430072302e+02	2.9947431253e-01	
5.9440035545e+02	2.9943635531e-01	
5.9450021990e+02	2.9939954965e-01	
5.9460034940e+02	2.9936810778e-01	
5.9470001308e+02	2.9933858979e-01	
5.9480076138e+02	2.9930892636e-01	
5.9490032671e+02	2.9928553486e-01	
5.9500025595e+02	2.9926034056e-01	
5.9510056907e+02	2.9924887865e-01	
5.9520050646e+02	2.9923168296e-01	
5.9530007161e+02	2.9923405433e-01	
5.9540064155e+02	2.9921885894e-01	
5.9550007358e+02	2.9920781305e-01	
5.9560065915e+02	2.9915242562e-01	
5.9570008650e+02	2.9908090896e-01	
5.9580068120e+02	2.9901090580e-01	
5.9590015610e+02	2.9893199172e-01	
5.9600006544e+02	2.9884797340e-01	
5.9610042838e+02	2.9875377747e-01	
5.9620050984e+02	2.9865629533e-01	
5.9630033656e+02	2.9855165690e-01	
5.9640069451e+02	2.9844121850e-01	
5.9650010935e+02	2.9832589443e-01	
5.9660011999e+02	2.9820341511e-01	
5.9670000758e+02	2.9807727047e-01	
5.9680056072e+02	2.9794764414e-01	
5.9690031845e+02	2.9782481287e-01	
5.9700007055e+02	2.9783370444e-01	
5.9710060627e+02	2.9790610137e-01	
5.9720046443e+02	2.9798785744e-01	
5.9730043381e+02	2.9808270885e-01	
5.9740055241e+02	2.9817859726e-01	
5.9750010231e+02	2.9827667606e-01	
5.9760062744e+02	2.9837272404e-01	
5.9770065001e+02	2.9846546259e-01	
5.9780019581e+02	2.9855693039e-01	
5.9790005079e+02	2.9876318729e-01	
5.9800024195e+02	2.9900322264e-01	
5.9810002470e+02	2.9925314734e-01	
5.9820018362e+02	2.9950764126e-01	
5.9830073668e+02	2.9977089841e-01	
5.9840014201e+02	3.0003447260e-01	
5.9850070783e+02	3.0030380699e-01	
5.9860031573e+02	3.0056548312e-01	
5.9870030158e+02	3.0077788438e-01	
5.9880066853e+02	3.0094398830e-01	
5.9890065608e+02	3.0106026976e-01	
5.9900028363e+02	3.0112072882e-01	
5.9910033593e+02	3.0110555026e-01	
5.9920006809e+02	3.0101798179e-01	
5.9930026429e+02	3.0092701388e-01	
5.9940019260e+02	3.0084126435e-01	
5.9950063989e+02	3.0076283420e-01	
5.9960012820e+02	3.0068931362e-01	
5.9970019719e+02	3.0061875726e-01	
5.9980012923e+02	3.0054938132e-01	
5.9990071243e+02	3.0048086960e-01	
6.0000048397e+02	3.0041405587e-01	
6.0010023288e+02	3.0034752317e-01	
6.0020074828e+02	3.0028184365e-01	
6.0030056912e+02	3.0022164473e-01	
6.0040048412e+02	3.0016515704e-01	
6.0050053164e+02	3.0011733865e-01	
6.0060074914e+02	3.0008066855e-01	
6.0070041706e+02	3.0004352704e-01	
6.0080032259e+02	3.0001280299e-01	
6.0090049847e+02	2.9997936697e-01	
6.0100021310e+02	2.9995238731e-01	
6.0110025234e+02	2.9992489001e-01	
6.0120064184e+02	2.9990699483e-01	
6.0130063390e+02	2.9988850635e-01	
6.0140023927e+02	2.9986738930e-01	
6.0150024145e+02	2.9986788745e-01	
6.0160065261e+02	2.9987656139e-01	
6.0170040754e+02	2.9987409325e-01	
6.0180054782e+02	2.9983051320e-01	
6.0190029331e+02	2.9977963582e-01	
6.0200042740e+02	2.9978876880e-01	
6.0210019354e+02	2.9977469697e-01	
6.0220037643e+02	2.9969583354e-01	
6.0230023170e+02	2.9955126991e-01	
6.0240054508e+02	2.9938630450e-01	
6.0250058174e+02	2.9928974671e-01	
6.0260036878e+02	2.9918767208e-01	
6.0270069272e+02	2.9907978413e-01	
6.0280007923e+02	2.9896508916e-01	
6.0290006631e+02	2.9884476818e-01	
6.0300068724e+02	2.9871981031e-01	
6.0310047903e+02	2.9869922892e-01	
6.0320023261e+02	2.9872345284e-01	
6.0330073704e+02	2.9877699705e-01	
6.0340053132e+02	2.9885107991e-01	
6.0350040451e+02	2.9893420878e-01	
6.0360039521e+02	2.9902435010e-01	
6.0370054126e+02	2.9912436073e-01	
6.0380012432e+02	2.9922026476e-01	
6.0390068862e+02	2.9931463967e-01	
6.0400075550e+02	2.9940632172e-01	
6.0410035034e+02	2.9949468396e-01	
6.0420025904e+02	2.9958041636e-01	
6.0430050819e+02	2.9973806982e-01	
6.0440035228e+02	2.9998889885e-01	
6.0450057583e+02	3.0024816494e-01	
6.0460042068e+02	3.0051166448e-01	
6.0470066998e+02	3.0078394182e-01	
6.0480047809e+02	3.0106311326e-01	
6.0490001887e+02	3.0131144050e-01	
6.0500071199e+02	3.0151794232e-01	
6.0510024212e+02	3.0168026488e-01	
6.0520016899e+02	3.0178422465e-01	
6.0530050402e+02	3.0183446674e-01	
6.0540050015e+02	3.0180384359e-01	
6.0550018021e+02	3.0170675500e-01	
6.0560032898e+02	3.0160975680e-01	
6.0570021526e+02	3.0151859231e-01	
6.0580062593e+02	3.0143574130e-01	
6.0590008258e+02	3.0135802986e-01	
6.0600012567e+02	3.0128558086e-01	
6.0610003805e+02	3.0121374077e-01	
6.0620060786e+02	3.0114274982e-01	
6.0630037247e+02	3.0107420009e-01	
6.0640012084e+02	3.0100707168e-01	
6.0650064217e+02	3.0094214497e-01	
6.0660047523e+02	3.0088452889e-01	
6.0670040878e+02	3.0083224971e-01	
6.0680048106e+02	3.0079413631e-01	
6.0690072938e+02	3.0075740058e-01	
6.0700043369e+02	3.0072663482e-01	
6.0710038114e+02	3.0069857118e-01	
6.0720060418e+02	3.0067223197e-01	
6.0730037046e+02	3.0064898467e-01	
6.0740046583e+02	3.0063133023e-01	
6.0750014732e+02	3.0060612385e-01	
6.0760019972e+02	3.0058763962e-01	
6.0770064198e+02	3.0058485369e-01	
6.0780071229e+02	3.0056888820e-01	
6.0790041279e+02	3.0057977996e-01	
6.0800011029e+02	3.0058979642e-01	
6.0810018412e+02	3.0064420865e-01	
6.0820063666e+02	3.0069617739e-01	
6.0830070604e+02	3.0070540580e-01	
6.0840041099e+02	3.0068147774e-01	
6.0850053627e+02	3.0058494750e-01	
6.0860033845e+02	3.0042876210e-01	
6.0870060330e+02	3.0023617335e-01	
6.0880059608e+02	3.0004931197e-01	
6.0890034457e+02	2.9990522117e-01	
6.0900063567e+02	2.9979799195e-01	
6.0910074647e+02	2.9968008479e-01	
6.0920071016e+02	2.9959118379e-01	
6.0930056376e+02	2.9955477020e-01	
6.0940034599e+02	2.9954737054e-01	
6.0950009651e+02	2.9957124624e-01	
6.0960060425e+02	2.9962446531e-01	
6.0970040826e+02	2.9969974856e-01	
6.0980029752e+02	2.9978593186e-01	
6.0990031054e+02	2.9987671658e-01	
6.1000048503e+02	2.9997561275e-01	
6.1010010217e+02	3.0006912767e-01	
6.1020070650e+02	3.0016254508e-01	
6.1030005902e+02	3.0025283229e-01	
6.1040046311e+02	3.0034014404e-01	
6.1050042620e+02	3.0042576435e-01	
6.1060073393e+02	3.0053097863e-01	
6.1070063986e+02	3.0078173785e-01	
6.1080015546e+02	3.0104382952e-01	
6.1090006433e+02	3.0131717443e-01	
6.1100037954e+02	3.0159164259e-01	
6.1110018613e+02	3.0186905158e-01	
6.1120043587e+02	3.0211806187e-01	
6.1130028775e+02	3.0231687038e-01	
6.1140052491e+02	3.0246219332e-01	
6.1150038907e+02	3.0256187793e-01	
6.1160066472e+02	3.0259693284e-01	
6.1170060549e+02	3.0254813426e-01	
6.1180023442e+02	3.0244324918e-01	
6.1190033678e+02	3.0234052817e-01	
6.1200018210e+02	3.0224434242e-01	
6.1210055690e+02	3.0215669160e-01	
6.1220073549e+02	3.0207420663e-01	
6.1230000124e+02	3.0200069899e-01	
6.1240064581e+02	3.0192599466e-01	
6.1250045265e+02	3.0185359322e-01	
6.1260021143e+02	3.0178395842e-01	
6.1270071041e+02	3.0171664683e-01	
6.1280048865e+02	3.0165374791e-01	
6.1290033500e+02	3.0160001382e-01	
6.1300028813e+02	3.0155378323e-01	
6.1310038617e+02	3.0152223129e-01	
6.1320066627e+02	3.0149116891e-01	
6.1330040786e+02	3.0146386129e-01	
6.1340039808e+02	3.0143795862e-01	
6.1350066906e+02	3.0142119510e-01	
6.1360048770e+02	3.0140450068e-01	
6.1370063982e+02	3.0138511995e-01	
6.1380038157e+02	3.0137519374e-01	
6.1390049768e+02	3.0136364185e-01	
6.1400023187e+02	3.0134758565e-01	
6.1410036740e+02	3.0135396111e-01	
6.1420012204e+02	3.0136505595e-01	
6.1430052923e+02	3.0139937911e-01	
6.1440053411e+02	3.0148907380e-01	
6.1450014893e+02	3.0153129785e-01	
6.1460015722e+02	3.0153143157e-01	
6.1470056970e+02	3.0149435840e-01	
6.1480063828e+02	3.0138196453e-01	
6.1490038834e+02	3.0121480246e-01	
6.1500060569e+02	3.0101225251e-01	
6.1510055551e+02	3.0082128034e-01	
6.1520026657e+02	3.0067466883e-01	
6.1530052587e+02	3.0056753323e-01	
6.1540060929e+02	3.0044705519e-01	
6.1550055173e+02	3.0035353144e-01	
6.1560039040e+02	3.0031582027e-01	
6.1570016420e+02	3.0030785328e-01	
6.1580066275e+02	3.0033115976e-01	
6.1590042490e+02	3.0038376280e-01	
6.1600023970e+02	3.0045706602e-01	
6.1610014608e+02	3.0054551601e-01	
6.1620018243e+02	3.0063826584e-01	
6.1630038632e+02	3.0073545748e-01	
6.1640003846e+02	3.0082694463e-01	
6.1650068370e+02	3.0092013980e-01	
6.1660008177e+02	3.0100967637e-01	
6.1670053674e+02	3.0109607998e-01	
6.1680055487e+02	3.0118091528e-01	
6.1690015423e+02	3.0137718208e-01	
6.1700011959e+02	3.0163292485e-01	
6.1710047051e+02	3.0190497213e-01	
6.1720044676e+02	3.0218249165e-01	
6.1730005146e+02	3.0246103306e-01	
6.1740061286e+02	3.0274145413e-01	
6.1750001782e+02	3.0297430659e-01	
6.1760057718e+02	3.0316715481e-01	
6.1770074907e+02	3.0330894990e-01	
6.1780055130e+02	3.0339367501e-01	
6.1790000470e+02	3.0341645623e-01	
6.1800065464e+02	3.0334754571e-01	
6.1810023341e+02	3.0323571247e-01	
6.1820029037e+02	3.0312765956e-01	
6.1830009579e+02	3.0302756850e-01	
6.1840043537e+02	3.0293521683e-01	
6.1850058424e+02	3.0285248699e-01	
6.1860057790e+02	3.0277676801e-01	
6.1870045363e+02	3.0270223806e-01	
6.1880024944e+02	3.0263046974e-01	
6.1890000350e+02	3.0256270951e-01	
6.1900050413e+02	3.0249894115e-01	
6.1910029039e+02	3.0244309190e-01	
6.1920015108e+02	3.0239547901e-01	
6.1930012482e+02	3.0235882509e-01	
6.1940024962e+02	3.0233476668e-01	
6.1950056244e+02	3.0231232620e-01	
6.1960034221e+02	3.0229207710e-01	
6.1970037603e+02	3.0227917899e-01	
6.1980069572e+02	3.0226483868e-01	
6.1990056743e+02	3.0225449811e-01	
6.2000001064e+02	3.0225122249e-01	
6.2010057949e+02	3.0223653822e-01	
6.2020075976e+02	3.0223196481e-01	
6.2030056037e+02	3.0223603123e-01	
6.2040076447e+02	3.0224119317e-01	
6.2050055238e+02	3.0225907821e-01	
6.2060011302e+02	3.0224321879e-01	
6.2070005261e+02	3.0223749489e-01	
6.2080037480e+02	3.0227250443e-01	
6.2090031989e+02	3.0226747084e-01	
6.2100067240e+02	3.0221467249e-01	
6.2110068520e+02	3.0208711194e-01	
6.2120038409e+02	3.0190883259e-01	
6.2130055493e+02	3.0175235604e-01	
6.2140046272e+02	3.0165073055e-01	
6.2150013745e+02	3.0154531017e-01	
6.2160036547e+02	3.0143391856e-01	
6.2170042258e+02	3.0131065161e-01	
6.2180034490e+02	3.0118513118e-01	
6.2190016977e+02	3.0105840296e-01	
6.2200068626e+02	3.0097518127e-01	
6.2210043394e+02	3.0099712413e-01	
6.2220020158e+02	3.0104937649e-01	
6.2230002824e+02	3.0112374973e-01	
6.2240070455e+02	3.0120968605e-01	
6.2250001346e+02	3.0130582362e-01	
6.2260024772e+02	3.0140074304e-01	
6.2270069186e+02	3.0149141805e-01	
6.2280062279e+02	3.0158415232e-01	
6.2290006721e+02	3.0167242500e-01	
6.2300057379e+02	3.0180195478e-01	
6.2310064762e+02	3.0204716031e-01	
6.2320030624e+02	3.0230155379e-01	
6.2330033436e+02	3.0256586481e-01	
6.2340075104e+02	3.0284296526e-01	
6.2350001783e+02	3.0311900149e-01	
6.2360046850e+02	3.0340757547e-01	
6.2370020406e+02	3.0367222902e-01	
6.2380031799e+02	3.0390684803e-01	
6.2390003839e+02	3.0408737954e-01	
6.2400014862e+02	3.0421411949e-01	
6.2410065835e+02	3.0428570101e-01	
6.2420005452e+02	3.0429498950e-01	
6.2430065027e+02	3.0421490659e-01	
6.2440017984e+02	3.0409482835e-01	
6.2450019242e+02	3.0397671293e-01	
6.2460071394e+02	3.0387107863e-01	
6.2470026405e+02	3.0377442576e-01	
6.2480038429e+02	3.0369092974e-01	
6.2490035549e+02	3.0361334452e-01	
6.2500021500e+02	3.0353840164e-01	
6.2510000090e+02	3.0346764805e-01	
6.2520050129e+02	3.0340201378e-01	
6.2530025471e+02	3.0334376689e-01	
6.2540005004e+02	3.0329523950e-01	
6.2550067748e+02	3.0325359072e-01	
6.2560067390e+02	3.0322973329e-01	
6.2570007405e+02	3.0320898701e-01	
6.2580042054e+02	3.0319447409e-01	
6.2590023939e+02	3.0318670539e-01	
6.2600031765e+02	3.0318146058e-01	
6.2610068682e+02	3.0317954903e-01	
6.2620061229e+02	3.0317817196e-01	
6.2630011304e+02	3.0317289131e-01	
6.2640074369e+02	3.0317591904e-01	
6.2650021593e+02	3.0317396629e-01	
6.2660008020e+02	3.0317671115e-01	
6.2670034990e+02	3.0317572517e-01	
6.2680014721e+02	3.0319768656e-01	
6.2690041745e+02	3.0319559012e-01	
6.2700028925e+02	3.0315340294e-01	
6.2710054579e+02	3.0309295552e-01	
6.2720042846e+02	3.0303255129e-01	
6.2730072183e+02	3.0295751924e-01	
6.2740067974e+02	3.0287095657e-01	
6.2750032843e+02	3.0278379423e-01	
6.2760045363e+02	3.0268604617e-01	
6.2770032044e+02	3.0257959103e-01	
6.2780071402e+02	3.0247353770e-01	
6.2790015713e+02	3.0235485625e-01	
6.2800018906e+02	3.0222978611e-01	
6.2810009237e+02	3.0210070456e-01	
6.2820065480e+02	3.0197052584e-01	
6.2830041486e+02	3.0184185211e-01	
6.2840016278e+02	3.0171304880e-01	
6.2850068738e+02	3.0163171091e-01	
6.2860052760e+02	3.0170775410e-01	
6.2870047225e+02	3.0179302267e-01	
6.2880055950e+02	3.0188956214e-01	
6.2890007193e+02	3.0198079140e-01	
6.2900055319e+02	3.0207261135e-01	
6.2910052646e+02	3.0229705158e-01	
6.2920001803e+02	3.0253876248e-01	
6.2930057693e+02	3.0278048696e-01	
6.2940070711e+02	3.0303043494e-01	
6.2950042554e+02	3.0329021034e-01	
6.2960051689e+02	3.0356240696e-01	
6.2970022521e+02	3.0384241501e-01	
6.2980033383e+02	3.0413171858e-01	
6.2990007003e+02	3.0442017816e-01	
6.3000051832e+02	3.0467829770e-01	
6.3010056362e+02	3.0489789632e-01	
6.3020021775e+02	3.0506433277e-01	
6.3030026415e+02	3.0518318371e-01	
6.3040071306e+02	3.0524003623e-01	
6.3050005285e+02	3.0522907299e-01	
6.3060059518e+02	3.0513212738e-01	
6.3070007652e+02	3.0500339234e-01	
6.3080004574e+02	3.0487853025e-01	
6.3090052891e+02	3.0476320139e-01	
6.3100004573e+02	3.0466253071e-01	
6.3110013847e+02	3.0457686105e-01	
6.3120008832e+02	3.0449854319e-01	
6.3130068313e+02	3.0442510859e-01	
6.3140045986e+02	3.0435840203e-01	
6.3150020766e+02	3.0430165417e-01	
6.3160071511e+02	3.0425150956e-01	
6.3170052109e+02	3.0420974841e-01	
6.3180041443e+02	3.0417980380e-01	
6.3190043356e+02	3.0416935566e-01	
6.3200061621e+02	3.0416248275e-01	
6.3210024337e+02	3.0415911237e-01	
6.3220010218e+02	3.0415874265e-01	
6.3230022569e+02	3.0416064065e-01	
6.3240064511e+02	3.0416703439e-01	
6.3250062502e+02	3.0417257450e-01	
6.3260018393e+02	3.0418561406e-01	
6.3270010679e+02	3.0418974109e-01	
6.3280041363e+02	3.0419880516e-01	
6.3290034494e+02	3.0419680760e-01	
6.3300068360e+02	3.0420984990e-01	
6.3310046760e+02	3.0421319533e-01	
6.3320066851e+02	3.0421887427e-01	
6.3330047312e+02	3.0417809654e-01	
6.3340066468e+02	3.0411938391e-01	
6.3350048568e+02	3.0405631663e-01	
6.3360072075e+02	3.0397852660e-01	
6.3370062468e+02	3.0389064436e-01	
6.3380022410e+02	3.0379704160e-01	
6.3390030453e+02	3.0369573261e-01	
6.3400013142e+02	3.0358947138e-01	
6.3410049038e+02	3.0347831302e-01	
6.3420065609e+02	3.0335180939e-01	
6.3430066289e+02	3.0322084725e-01	
6.3440054753e+02	3.0308841882e-01	
6.3450034771e+02	3.0295619123e-01	
6.3460010276e+02	3.0282370211e-01	
6.3470060207e+02	3.0268945603e-01	
6.3480038435e+02	3.0256069548e-01	
6.3490023861e+02	3.0250789100e-01	
6.3500020354e+02	3.0257644807e-01	
6.3510031718e+02	3.0269849541e-01	
6.3520061661e+02	3.0288485134e-01	
6.3530038100e+02	3.0310417042e-01	
6.3540039746e+02	3.0334298847e-01	
6.3550069795e+02	3.0358527438e-01	
6.3560054892e+02	3.0383118139e-01	
6.3570073607e+02	3.0408469506e-01	
6.3580051486e+02	3.0434993107e-01	
6.3590066989e+02	3.0462793259e-01	
6.3600044415e+02	3.0491045061e-01	
6.3610062089e+02	3.0520913362e-01	
6.3620040192e+02	3.0550109787e-01	
6.3630000371e+02	3.0574211795e-01	
6.3640075752e+02	3.0594780899e-01	
6.3650034600e+02	3.0610399456e-01	
6.3660032925e+02	3.0619914989e-01	
6.3670071812e+02	3.0623752882e-01	
6.3680000212e+02	3.0620883410e-01	
6.3690049189e+02	3.0609109634e-01	
6.3700068395e+02	3.0595005404e-01	
6.3710060892e+02	3.0581649580e-01	
6.3720029834e+02	3.0569223876e-01	
6.3730053592e+02	3.0558524008e-01	
6.3740060108e+02	3.0549360975e-01	
6.3750052983e+02	3.0541480977e-01	
6.3760035964e+02	3.0534622908e-01	
6.3770012869e+02	3.0528575532e-01	
6.3780062508e+02	3.0523288849e-01	
6.3790038751e+02	3.0518925404e-01	
6.3800020476e+02	3.0515609459e-01	
6.3810011565e+02	3.0514368536e-01	
6.3820015852e+02	3.0513677728e-01	
6.3830037093e+02	3.0513873677e-01	
6.3840003340e+02	3.0514402568e-01	
6.3850069085e+02	3.0515267068e-01	
6.3860010265e+02	3.0516724897e-01	
6.3870057306e+02	3.0518089475e-01	
6.3880060809e+02	3.0519389555e-01	
6.3890022576e+02	3.0519970158e-01	
6.3900021095e+02	3.0521404494e-01	
6.3910058319e+02	3.0522417422e-01	
6.3920058182e+02	3.0524121596e-01	
6.3930020968e+02	3.0525942487e-01	
6.3940073667e+02	3.0526332008e-01	
6.3950009406e+02	3.0525329160e-01	
6.3960060674e+02	3.0521352009e-01	
6.3970073401e+02	3.0515374463e-01	
6.3980049410e+02	3.0508879248e-01	
6.3990067170e+02	3.0500647323e-01	
6.4000052254e+02	3.0491852128e-01	
6.4010007364e+02	3.0481913248e-01	
6.4020011015e+02	3.0471495903e-01	
6.4030065330e+02	3.0460406253e-01	
6.4040022299e+02	3.0448459254e-01	
6.4050035967e+02	3.0435378843e-01	
6.4060034355e+02	3.0421465730e-01	
6.4070021145e+02	3.0410861927e-01	
6.4080000124e+02	3.0400110763e-01	
6.4090050236e+02	3.0390310333e-01	
6.4100025415e+02	3.0384966600e-01	
6.4110004522e+02	3.0384991903e-01	
6.4120066586e+02	3.0391041656e-01	
6.4130065313e+02	3.0399890697e-01	
6.4140004185e+02	3.0409718706e-01	
6.4150037457e+02	3.0419379625e-01	
6.4160017765e+02	3.0427828389e-01	
6.4170023815e+02	3.0440555629e-01	
6.4180058774e+02	3.0465111431e-01	
6.4190049207e+02	3.0490114279e-01	
6.4200073681e+02	3.0515752002e-01	
6.4210057649e+02	3.0542974427e-01	
6.4220002323e+02	3.0571016910e-01	
6.4230063617e+02	3.0600038952e-01	
6.4240010256e+02	3.0629616542e-01	
6.4250068345e+02	3.0658127027e-01	
6.4260021631e+02	3.0682942184e-01	
6.4270012902e+02	3.0701716731e-01	
6.4280042543e+02	3.0715512684e-01	
6.4290034620e+02	3.0723594988e-01	
6.4300067567e+02	3.0725443233e-01	
6.4310066662e+02	3.0719880886e-01	
6.4320034265e+02	3.0706963940e-01	
6.4330048806e+02	3.0691614697e-01	
6.4340037174e+02	3.0677031829e-01	
6.4350002448e+02	3.0664038620e-01	
6.4360023071e+02	3.0652458609e-01	
6.4370027059e+02	3.0642798926e-01	
6.4380018028e+02	3.0635025735e-01	
6.4390074750e+02	3.0628451637e-01	
6.4400050972e+02	3.0622741260e-01	
6.4410025582e+02	3.0617996627e-01	
6.4420002427e+02	3.0614320781e-01	
6.4430060479e+02	3.0612279072e-01	
6.4440053518e+02	3.0611665205e-01	
6.4450060398e+02	3.0612005045e-01	
6.4460009413e+02	3.0612540046e-01	
6.4470054901e+02	3.0613514427e-01	
6.4480049232e+02	3.0614839171e-01	
6.4490071101e+02	3.0615635157e-01	
6.4500047283e+02	3.0617125541e-01	
6.4510056365e+02	3.0618342480e-01	
6.4520024065e+02	3.0620746374e-01	
6.4530028869e+02	3.0622519384e-01	
6.4540072671e+02	3.0623657744e-01	
6.4550001568e+02	3.0625904957e-01	
6.4560048951e+02	3.0628247236e-01	
6.4570017943e+02	3.0628992029e-01	
6.4580024625e+02	3.0625930297e-01	
6.4590069238e+02	3.0621851206e-01	
6.4600075604e+02	3.0615713908e-01	
6.4610045597e+02	3.0608718117e-01	
6.4620057693e+02	3.0599907473e-01	
6.4630037557e+02	3.0596356009e-01	
6.4640063779e+02	3.0594688748e-01	
6.4650062932e+02	3.0588255315e-01	
6.4660037788e+02	3.0579370133e-01	
6.4670066744e+02	3.0570878690e-01	
6.4680002285e+02	3.0563619580e-01	
6.4690073602e+02	3.0554961379e-01	
6.4700058760e+02	3.0545117636e-01	
6.4710036771e+02	3.0534123680e-01	
6.4720011600e+02	3.0524959498e-01	
6.4730062148e+02	3.0520536935e-01	
6.4740042290e+02	3.0522102571e-01	
6.4750030918e+02	3.0529552872e-01	
6.4760031883e+02	3.0539646256e-01	
6.4770048960e+02	3.0550515417e-01	
6.4780010273e+02	3.0560924433e-01	
6.4790070274e+02	3.0570269306e-01	
6.4800005077e+02	3.0580303493e-01	
6.4810045022e+02	3.0592337055e-01	
6.4820040861e+02	3.0604267878e-01	
6.4830071156e+02	3.0623588212e-01	
6.4840061265e+02	3.0651319907e-01	
6.4850012340e+02	3.0679817023e-01	
6.4860002742e+02	3.0709990822e-01	
6.4870033783e+02	3.0740478445e-01	
6.4880013822e+02	3.0769323092e-01	
6.4890038113e+02	3.0791727752e-01	
6.4900022672e+02	3.0809274606e-01	
6.4910045815e+02	3.0821597057e-01	
6.4920031706e+02	3.0827794358e-01	
6.4930058758e+02	3.0828084587e-01	
6.4940052387e+02	3.0821116273e-01	
6.4950014957e+02	3.0806226757e-01	
6.4960024929e+02	3.0789967394e-01	
6.4970009258e+02	3.0774532714e-01	
6.4980046334e+02	3.0760595246e-01	
6.4990063798e+02	3.0748364229e-01	
6.5000065261e+02	3.0738297285e-01	
6.5010054352e+02	3.0730403961e-01	
6.5020034825e+02	3.0723921358e-01	
6.5030010505e+02	3.0718430082e-01	
6.5040060200e+02	3.0713981686e-01	
6.5050037791e+02	3.0710741414e-01	
6.5060022157e+02	3.0709370020e-01	
6.5070017165e+02	3.0708716781e-01	
6.5080026625e+02	3.0709133627e-01	
6.5090054262e+02	3.0709602875e-01	
6.5100028024e+02	3.0710281036e-01	
6.5110026616e+02	3.0711026323e-01	
6.5120053257e+02	3.0712050983e-01	
6.5130034649e+02	3.0712990359e-01	
6.5140049376e+02	3.0714770776e-01	
6.5150023069e+02	3.0715530773e-01	
6.5160034204e+02	3.0717364096e-01	
6.5170007159e+02	3.0720118826e-01	
6.5180020256e+02	3.0720542881e-01	
6.5190073223e+02	3.0723583313e-01	
6.5200035303e+02	3.0725411287e-01	
6.5210035199e+02	3.0720358112e-01	
6.5220073217e+02	3.0720784016e-01	
6.5230073289e+02	3.0725199246e-01	
6.5240037343e+02	3.0728291836e-01	
6.5250043858e+02	3.0729959055e-01	
6.5260018591e+02	3.0729683598e-01	
6.5270040136e+02	3.0727448291e-01	
6.5280035077e+02	3.0720421789e-01	
6.5290006227e+02	3.0711330819e-01	
6.5300031903e+02	3.0703224052e-01	
6.5310039971e+02	3.0695638725e-01	
6.5320034009e+02	3.0686791948e-01	
6.5330017720e+02	3.0676727037e-01	
6.5340069920e+02	3.0665559229e-01	
6.5350044582e+02	3.0657250455e-01	
6.5360020599e+02	3.0654045817e-01	
6.5370001840e+02	3.0657547836e-01	
6.5380067353e+02	3.0666634957e-01	
6.5390070772e+02	3.0678048976e-01	
6.5400015520e+02	3.0689931528e-01	
6.5410055907e+02	3.0701205763e-01	
6.5420044411e+02	3.0711402757e-01	
6.5430059736e+02	3.0722406396e-01	
6.5440028762e+02	3.0735489612e-01	
6.5450030076e+02	3.0747682184e-01	
6.5460066251e+02	3.0758548951e-01	
6.5470062551e+02	3.0768475950e-01	
6.5480020071e+02	3.0785222176e-01	
6.5490017161e+02	3.0815367626e-01	
6.5500055073e+02	3.0846843297e-01	
6.5510032637e+02	3.0873797982e-01	
6.5520050058e+02	3.0895986998e-01	
6.5530027958e+02	3.0912715587e-01	
6.5540044653e+02	3.0923284975e-01	
6.5550024387e+02	3.0928799664e-01	
6.5560045632e+02	3.0926995331e-01	
6.5570033886e+02	3.0918311583e-01	
6.5580067414e+02	3.0901751880e-01	
6.5590072713e+02	3.0884687425e-01	
6.5600052894e+02	3.0868527359e-01	
6.5610010942e+02	3.0854020758e-01	
6.5620025492e+02	3.0841228113e-01	
6.5630024646e+02	3.0830673717e-01	
6.5640012057e+02	3.0822382245e-01	
6.5650066487e+02	3.0815645348e-01	
6.5660041719e+02	3.0810170914e-01	
6.5670016613e+02	3.0805780054e-01	
6.5680070076e+02	3.0802487180e-01	
6.5690055964e+02	3.0800957068e-01	
6.5700053145e+02	3.0799998012e-01	
6.5710065414e+02	3.0799822968e-01	
6.5720020979e+02	3.0799667129e-01	
6.5730074231e+02	3.0799803077e-01	
6.5740001490e+02	3.0799994351e-01	
6.5750032985e+02	3.0800841069e-01	
6.5760019659e+02	3.0801609713e-01	
6.5770040097e+02	3.0802388531e-01	
6.5780019839e+02	3.0804120863e-01	
6.5790037355e+02	3.0806021383e-01	
6.5800016911e+02	3.0807272439e-01	
6.5810036820e+02	3.0812894768e-01	
6.5820015087e+02	3.0825505719e-01	
6.5830048229e+02	3.0835584064e-01	
6.5840041390e+02	3.0843953649e-01	
6.5850072874e+02	3.0850355554e-01	
6.5860066721e+02	3.0854883188e-01	
6.5870024910e+02	3.0857646807e-01	
6.5880025928e+02	3.0859064463e-01	
6.5890071610e+02	3.0858564736e-01	
6.5900012581e+02	3.0855870859e-01	
6.5910003403e+02	3.0847968828e-01	
6.5920046323e+02	3.0838563463e-01	
6.5930068683e+02	3.0830898150e-01	
6.5940074059e+02	3.0823136681e-01	
6.5950066052e+02	3.0814110313e-01	
6.5960048369e+02	3.0803878030e-01	
6.5970024839e+02	3.0792870106e-01	
6.5980074455e+02	3.0785604358e-01	
6.5990051078e+02	3.0783956102e-01	
6.6000033585e+02	3.0789596365e-01	
6.6010025857e+02	3.0800215715e-01	
6.6020031724e+02	3.0812948725e-01	
6.6030054930e+02	3.0826002295e-01	
6.6040023502e+02	3.0838002690e-01	
6.6050016147e+02	3.0848943441e-01	
6.6060036130e+02	3.0860973352e-01	
6.6070010259e+02	3.0874863034e-01	
6.6080017115e+02	3.0887324521e-01	
6.6090059231e+02	3.0898739652e-01	
6.6100061773e+02	3.0909973177e-01	
6.6110025777e+02	3.0920102678e-01	
6.6120029584e+02	3.0930142357e-01	
6.6130074385e+02	3.0948079118e-01	
6.6140047136e+02	3.0975713489e-01	
6.6150057726e+02	3.0995240526e-01	
6.6160029002e+02	3.1011333968e-01	
6.6170039269e+02	3.1021766093e-01	
6.6180012927e+02	3.1025502641e-01	
6.6190028453e+02	3.1022200248e-01	
6.6200011413e+02	3.1011232275e-01	
6.6210040054e+02	3.0993348889e-01	
6.6220040983e+02	3.0975554073e-01	
6.6230017267e+02	3.0958720897e-01	
6.6240047281e+02	3.0943605244e-01	
6.6250058899e+02	3.0930366293e-01	
6.6260055753e+02	3.0919402515e-01	
6.6270041525e+02	3.0910544377e-01	
6.6280019958e+02	3.0903574652e-01	
6.6290069869e+02	3.0897957774e-01	
6.6300045084e+02	3.0893424634e-01	
6.6310024477e+02	3.0889978323e-01	
6.6320011929e+02	3.0887873813e-01	
6.6330011292e+02	3.0886836399e-01	
6.6340026349e+02	3.0885868426e-01	
6.6350060788e+02	3.0885011020e-01	
6.6360042447e+02	3.0884689262e-01	
6.6370050028e+02	3.0884387931e-01	
6.6380010534e+02	3.0884724901e-01	
6.6390002563e+02	3.0884987484e-01	
6.6400028778e+02	3.0884934561e-01	
6.6410014626e+02	3.0898638151e-01	
6.6420038568e+02	3.0912443753e-01	
6.6430024762e+02	3.0925611075e-01	
6.6440051506e+02	3.0938678264e-01	
6.6450030720e+02	3.0952269514e-01	
6.6460056978e+02	3.0962783170e-01	
6.6470043454e+02	3.0970266325e-01	
6.6480068464e+02	3.0975885584e-01	
6.6490056155e+02	3.0980377361e-01	
6.6500008555e+02	3.0982946173e-01	
6.6510004159e+02	3.0983847630e-01	
6.6520044852e+02	3.0983193878e-01	
6.6530057118e+02	3.0979855325e-01	
6.6540043731e+02	3.0971242585e-01	
6.6550007448e+02	3.0961753297e-01	
6.6560026744e+02	3.0954462922e-01	
6.6570029653e+02	3.0946522863e-01	
6.6580019802e+02	3.0937312759e-01	
6.6590000901e+02	3.0926892974e-01	
6.6600051792e+02	3.0916040955e-01	
6.6610026477e+02	3.0909991599e-01	
6.6620003791e+02	3.0910056631e-01	
6.6630062718e+02	3.0917657421e-01	
6.6640057025e+02	3.0929797125e-01	
6.6650065566e+02	3.0943814948e-01	
6.6660016605e+02	3.0957832281e-01	
6.6670064504e+02	3.0970665045e-01	
6.6680061579e+02	3.0982370573e-01	
6.6690010467e+02	3.0995426375e-01	
6.6700066076e+02	3.1010051452e-01	
6.6710002240e+02	3.1023126608e-01	
6.6720050355e+02	3.1034749650e-01	
6.6730059188e+02	3.1046420173e-01	
6.6740029714e+02	3.1057649049e-01	
6.6750040265e+02	3.1067342134e-01	
6.6760013530e+02	3.1076820927e-01	
6.6770057587e+02	3.1083586135e-01	
6.6780061359e+02	3.1090282395e-01	
6.6790026022e+02	3.1104526005e-01	
6.6800029938e+02	3.1113949078e-01	
6.6810074150e+02	3.1116414893e-01	
6.6820007519e+02	3.1111724570e-01	
6.6830061319e+02	3.1098519796e-01	
6.6840009116e+02	3.1079574301e-01	
6.6850005772e+02	3.1061067844e-01	
6.6860053694e+02	3.1043316231e-01	
6.6870004951e+02	3.1027978387e-01	
6.6880013873e+02	3.1014280659e-01	
6.6890008639e+02	3.1002851960e-01	
6.6900067995e+02	3.0993506210e-01	
6.6910045567e+02	3.0985969550e-01	
6.6920020267e+02	3.0979781932e-01	
6.6930070919e+02	3.0975116387e-01	
6.6940051408e+02	3.0971897188e-01	
6.6950040612e+02	3.0969680331e-01	
6.6960042370e+02	3.0968014951e-01	
6.6970060452e+02	3.0966361079e-01	
6.6980022969e+02	3.0965040115e-01	
6.6990008626e+02	3.0964113981e-01	
6.7000020729e+02	3.0968551736e-01	
6.7010062403e+02	3.0979973397e-01	
6.7020060113e+02	3.0991822238e-01	
6.7030015723e+02	3.1004828165e-01	
6.7040007733e+02	3.1018498456e-01	
6.7050038147e+02	3.1031856221e-01	
6.7060031012e+02	3.1045358419e-01	
6.7070064615e+02	3.1058725568e-01	
6.7080042442e+02	3.1071204683e-01	
6.7090061856e+02	3.1079671907e-01	
6.7100041699e+02	3.1087060608e-01	
6.7110060293e+02	3.1092913073e-01	
6.7120041896e+02	3.1096605841e-01	
6.7130064967e+02	3.1099087335e-01	
6.7140054997e+02	3.1099733367e-01	
6.7150014647e+02	3.1099021028e-01	
6.7160022510e+02	3.1094887000e-01	
6.7170005164e+02	3.1086003606e-01	
6.7180040738e+02	3.1076286932e-01	
6.7190056946e+02	3.1069209970e-01	
6.7200057388e+02	3.1061083567e-01	
6.7210045724e+02	3.1051704512e-01	
6.7220025667e+02	3.1041129212e-01	
6.7230001083e+02	3.1030781592e-01	
6.7240050951e+02	3.1025889281e-01	
6.7250029105e+02	3.1027816884e-01	
6.7260014428e+02	3.1037147439e-01	
6.7270010788e+02	3.1050831208e-01	
6.7280021990e+02	3.1066076280e-01	
6.7290051743e+02	3.1081203727e-01	
6.7300027968e+02	3.1094729419e-01	
6.7310029366e+02	3.1107322876e-01	
6.7320059141e+02	3.1121865580e-01	
6.7330043947e+02	3.1137139843e-01	
6.7340062355e+02	3.1150401134e-01	
6.7350039917e+02	3.1163634372e-01	
6.7360055089e+02	3.1175705777e-01	
6.7370032176e+02	3.1186574355e-01	
6.7380049499e+02	3.1195949997e-01	
6.7390027144e+02	3.1205869184e-01	
6.7400064226e+02	3.1212892777e-01	
6.7410061197e+02	3.1214479884e-01	
6.7420019319e+02	3.1214166330e-01	
6.7430016959e+02	3.1209680759e-01	
6.7440055218e+02	3.1205263768e-01	
6.7450059340e+02	3.1198960175e-01	
6.7460031724e+02	3.1183773953e-01	
6.7470050652e+02	3.1163732422e-01	
6.7480042926e+02	3.1144556160e-01	
6.7490011476e+02	3.1126400163e-01	
6.7500034866e+02	3.1110419641e-01	
6.7510041084e+02	3.1096333737e-01	
6.7520033786e+02	3.1084499355e-01	
6.7530016695e+02	3.1074809481e-01	
6.7540068559e+02	3.1066898420e-01	
6.7550043161e+02	3.1060643371e-01	
6.7560019351e+02	3.1055913137e-01	
6.7570001001e+02	3.1052790247e-01	
6.7580067154e+02	3.1050636197e-01	
6.7590071422e+02	3.1048369086e-01	
6.7600017220e+02	3.1048067976e-01	
6.7610058867e+02	3.1059082309e-01	
6.7620048806e+02	3.1070791001e-01	
6.7630065733e+02	3.1082267164e-01	
6.7640036505e+02	3.1093207970e-01	
6.7650039719e+02	3.1104571548e-01	
6.7660001192e+02	3.1117471253e-01	
6.7670076475e+02	3.1130776491e-01	
6.7680036348e+02	3.1143479966e-01	
6.7690035919e+02	3.1156859238e-01	
6.7700076402e+02	3.1169971483e-01	
6.7710050517e+02	3.1181205084e-01	
6.7720063130e+02	3.1189712795e-01	
6.7730036389e+02	3.1196601139e-01	
6.7740048627e+02	3.1201668875e-01	
6.7750024209e+02	3.1205337353e-01	
6.7760041602e+02	3.1207033344e-01	
6.7770026386e+02	3.1207770638e-01	
6.7780057146e+02	3.1206648020e-01	
6.7790060495e+02	3.1201766605e-01	
6.7800039059e+02	3.1192668868e-01	
6.7810071035e+02	3.1183207120e-01	
6.7820009043e+02	3.1176230314e-01	
6.7830007237e+02	3.1167981464e-01	
6.7840069003e+02	3.1158388991e-01	
6.7850047912e+02	3.1147672400e-01	
6.7860022979e+02	3.1138011399e-01	
6.7870073151e+02	3.1134447115e-01	
6.7880052264e+02	3.1138423855e-01	
6.7890039202e+02	3.1149558038e-01	
6.7900037825e+02	3.1164793906e-01	
6.7910051919e+02	3.1181316350e-01	
6.7920009660e+02	3.1197229717e-01	
6.7930065468e+02	3.1211645332e-01	
6.7940071485e+02	3.1225477959e-01	
6.7950030263e+02	3.1240870860e-01	
6.7960020398e+02	3.1256654656e-01	
6.7970044553e+02	3.1271118643e-01	
6.7980028185e+02	3.1284789184e-01	
6.7990049745e+02	3.1297385300e-01	
6.8000033429e+02	3.1307924537e-01	
6.8010057550e+02	3.1318322242e-01	
6.8020037225e+02	3.1326510130e-01	
6.8030067364e+02	3.1333219857e-01	
6.8040057601e+02	3.1334604697e-01	
6.8050009254e+02	3.1333690631e-01	
6.8060000694e+02	3.1328366580e-01	
6.8070033079e+02	3.1319225587e-01	
6.8080031754e+02	3.1304697881e-01	
6.8090075050e+02	3.1282258966e-01	
6.8100013398e+02	3.1255272066e-01	
6.8110001553e+02	3.1229187097e-01	
6.8120041878e+02	3.1210406682e-01	
6.8130062052e+02	3.1193693291e-01	
6.8140065683e+02	3.1179293681e-01	
6.8150056442e+02	3.1167067135e-01	
6.8160038066e+02	3.1157001069e-01	
6.8170014304e+02	3.1148876687e-01	
6.8180063928e+02	3.1142478797e-01	
6.8190040794e+02	3.1137846987e-01	
6.8200023775e+02	3.1134564877e-01	
6.8210016744e+02	3.1138122120e-01	
6.8220023518e+02	3.1146735576e-01	
6.8230047836e+02	3.1156233535e-01	
6.8240017708e+02	3.1166827554e-01	
6.8250011832e+02	3.1178341410e-01	
6.8260033457e+02	3.1189177883e-01	
6.8270009365e+02	3.1199861123e-01	
6.8280018153e+02	3.1210703744e-01	
6.8290062367e+02	3.1223404107e-01	
6.8300067158e+02	3.1236100707e-01	
6.8310033543e+02	3.1248197487e-01	
6.8320039851e+02	3.1261112815e-01	
6.8330009177e+02	3.1273369392e-01	
6.8340055321e+02	3.1283152690e-01	
6.8350061171e+02	3.1292619537e-01	
6.8360027896e+02	3.1298655406e-01	
6.8370033839e+02	3.1303343292e-01	
6.8380003469e+02	3.1306409167e-01	
6.8390015259e+02	3.1308165549e-01	
6.8400070943e+02	3.1308140101e-01	
6.8410020921e+02	3.1306735780e-01	
6.8420020039e+02	3.1301290800e-01	
6.8430070224e+02	3.1291924715e-01	
6.8440023385e+02	3.1283062161e-01	
6.8450033884e+02	3.1275932928e-01	
6.8460029846e+02	3.1267618151e-01	
6.8470014976e+02	3.1257986615e-01	
6.8480068022e+02	3.1247051091e-01	
6.8490042862e+02	3.1238292613e-01	
6.8500018442e+02	3.1236304557e-01	
