0.0000000000e+00	2.0000000000e-01	
1.0037651534e-01	2.2879133737e-01	
2.0032651861e-01	2.4876079320e-01	
3.0013717726e-01	2.6007993974e-01	
4.0029201433e-01	2.6842993143e-01	
5.0005077571e-01	2.7743301204e-01	
6.0027380988e-01	2.8432613254e-01	
7.0017158713e-01	2.9031887098e-01	
8.0018288798e-01	2.9852840641e-01	
9.0029656485e-01	3.0575957328e-01	
1.0004545728e+00	3.0964212128e-01	
1.1000085067e+00	3.1347419876e-01	
1.2003320245e+00	3.2005864869e-01	
1.3001088427e+00	3.2798468121e-01	
1.4001372300e+00	3.3619759682e-01	
1.5007091810e+00	3.4786144288e-01	
1.6004272960e+00	3.5894344873e-01	
1.7004566938e+00	3.6817186395e-01	
1.8005196008e+00	3.8078684973e-01	
1.9001422571e+00	3.9027802484e-01	
2.0001620043e+00	3.9650294277e-01	
2.1002103750e+00	3.9878014572e-01	
2.2000745014e+00	3.9659752734e-01	
2.3001043836e+00	3.8971627498e-01	
2.4001769454e+00	3.7832428793e-01	
2.5002385669e+00	3.6419872167e-01	
2.6002714393e+00	3.6769606143e-01	
2.7002957653e+00	3.6975401824e-01	
2.8003627002e+00	3.6885488041e-01	
2.9001461669e+00	3.6403402103e-01	
3.0001271961e+00	3.5507275175e-01	
3.1000089680e+00	3.5704403941e-01	
3.2002746676e+00	3.5983263801e-01	
3.3002608198e+00	3.6221643564e-01	
3.4000743972e+00	3.6371768403e-01	
3.5002180196e+00	3.6384659414e-01	
3.6003928976e+00	3.6221016396e-01	
3.7002691158e+00	3.5869319122e-01	
3.8003162623e+00	3.6845366176e-01	
3.9001537780e+00	3.9007711194e-01	
4.0001845629e+00	4.0707310228e-01	
4.1003289802e+00	4.1452474605e-01	
4.2003458948e+00	4.0224561244e-01	
4.3002409569e+00	3.7534399018e-01	
4.4000577246e+00	3.7932943585e-01	
4.5001787006e+00	3.8308517862e-01	
4.6001999982e+00	3.8656856056e-01	
4.7005164506e+00	3.8973555495e-01	
4.8006651389e+00	3.9231199154e-01	
4.9006058141e+00	3.9448175906e-01	
5.0000811918e+00	4.5054883184e-01	
5.1004751565e+00	5.9296211229e-01	
5.2002805477e+00	7.4915998924e-01	
5.3001205551e+00	1.1650503312e+00	
5.4002469306e+00	1.6722430210e+00	
5.5001963134e+00	1.6516265529e+00	
5.6003788055e+00	1.3528587710e+00	
5.7002713626e+00	1.1077413296e+00	
5.8002336461e+00	1.0444104387e+00	
5.9002962845e+00	1.2453650770e+00	
6.0002128742e+00	1.3719987738e+00	
6.1000180501e+00	1.4697732478e+00	
6.2001170102e+00	1.6935352483e+00	
6.3000358711e+00	2.1819920067e+00	
6.4002773912e+00	2.2659177951e+00	
6.5000134939e+00	2.9916196675e+00	
6.6001687057e+00	4.4228650706e+00	
6.7002386132e+00	5.1659787191e+00	
6.8000094732e+00	6.3079968807e+00	
6.9001040286e+00	6.2733875765e+00	
7.0000333179e+00	6.1656926996e+00	
7.1001073087e+00	7.5167917589e+00	
7.2000316341e+00	7.8132813644e+00	
7.3003375198e+00	8.2612422303e+00	
7.4000941787e+00	8.6844634063e+00	
7.5002122335e+00	1.0445705478e+01	
7.6002100602e+00	1.3005556569e+01	
7.7003976301e+00	2.1042516718e+01	
7.8000809545e+00	1.9269126791e+01	
7.9000687782e+00	2.6706636611e+01	
8.0003990774e+00	2.3305889571e+01	
8.1000165630e+00	2.4893887294e+01	
8.2000144753e+00	2.9578083506e+01	
8.3001582741e+00	4.1909890380e+01	
8.4000851870e+00	3.9705716480e+01	
8.5000855885e+00	4.9336362506e+01	
8.6002928895e+00	4.2833161612e+01	
8.7000691365e+00	4.0920672848e+01	
8.8000402961e+00	4.0525015686e+01	
8.9002628406e+00	7.4054248522e+01	
9.0002577645e+00	6.5955983915e+01	
9.1002976093e+00	8.0074954453e+01	
9.2002852356e+00	5.7518187978e+01	
9.3003075715e+00	5.4186968641e+01	
9.4002451460e+00	7.5950332672e+01	
9.5001821903e+00	7.9335161564e+01	
9.6002267220e+00	6.5725264006e+01	
9.7001931691e+00	1.0622509927e+02	
9.8002910854e+00	1.6521484055e+02	
9.9001939125e+00	1.0671527499e+02	
1.0000170838e+01	1.1818246292e+02	
1.0100273274e+01	1.0046558221e+02	
1.0200038951e+01	2.3795245237e+02	
1.0300099772e+01	1.8766951914e+02	
1.0400122228e+01	1.5105629248e+02	
1.0500012986e+01	2.5366871561e+02	
1.0600193567e+01	1.2710839665e+02	
1.0700127304e+01	1.1160840045e+02	
1.0800166359e+01	1.7529723536e+02	
1.0900357145e+01	1.1062671152e+02	
1.1000125214e+01	1.1225124772e+02	
1.1100185118e+01	7.1654842891e+01	
1.1200184377e+01	7.9866257257e+01	
1.1300065550e+01	1.2915736090e+02	
1.1400194641e+01	1.2033005450e+02	
1.1500343793e+01	7.4513133916e+01	
1.1600323027e+01	1.2406705009e+02	
1.1700121894e+01	1.4982675224e+02	
1.1800015853e+01	1.6291831703e+02	
1.1900250828e+01	1.1577485314e+02	
1.2000038033e+01	1.4458981696e+02	
1.2100175002e+01	1.8291697605e+02	
1.2200116483e+01	1.8662753953e+02	
1.2300200407e+01	1.3376707020e+02	
1.2400114038e+01	1.8739131541e+02	
1.2500078493e+01	2.2326413293e+02	
1.2600353413e+01	1.7667052138e+02	
1.2700308414e+01	2.6389761432e+02	
1.2800236299e+01	1.7985530121e+02	
1.2900032411e+01	1.5573391133e+02	
1.3000247465e+01	1.3037350872e+02	
1.3100233381e+01	1.0094989039e+02	
1.3200044650e+01	1.1927491912e+02	
1.3300201653e+01	1.3196086918e+02	
1.3400075508e+01	1.1247322423e+02	
1.3500208054e+01	1.0112014505e+02	
1.3600054399e+01	1.1065177017e+02	
1.3700318840e+01	1.5903498908e+02	
1.3800188953e+01	1.1843716772e+02	
1.3900220300e+01	1.9177971691e+02	
1.4000183292e+01	2.5456889766e+02	
1.4100394720e+01	1.7464143112e+02	
1.4200017799e+01	1.3419223039e+02	
1.4300309513e+01	1.0415805474e+02	
1.4400289403e+01	9.0410467145e+01	
1.4500059797e+01	1.0875401697e+02	
1.4600307654e+01	1.1304892932e+02	
1.4700080926e+01	1.0756771537e+02	
1.4800361352e+01	9.0196274215e+01	
1.4900039423e+01	9.8052764191e+01	
1.5000373879e+01	9.6889165517e+01	
1.5100400930e+01	1.1840387768e+02	
1.5200285696e+01	1.1384503172e+02	
1.5300073731e+01	9.6158590573e+01	
1.5400048667e+01	1.1275093016e+02	
1.5500052491e+01	2.4285219311e+02	
1.5600304886e+01	1.1138384011e+02	
1.5700291353e+01	1.1947327606e+02	
1.5800456032e+01	1.0486045391e+02	
1.5900204661e+01	1.9568986077e+02	
1.6000276616e+01	1.6286717739e+02	
1.6100085775e+01	1.1470868689e+02	
1.6200061503e+01	1.0099118289e+02	
1.6300109122e+01	1.1614544743e+02	
1.6400437119e+01	9.7082808675e+01	
1.6500055131e+01	8.8861869552e+01	
1.6600108096e+01	8.1187716559e+01	
1.6700170791e+01	6.7988944056e+01	
1.6800300260e+01	1.0233163781e+02	
1.6900457143e+01	8.7378352682e+01	
1.7000012904e+01	9.2644563280e+01	
1.7100268736e+01	1.1513305498e+02	
1.7200288795e+01	8.6047248906e+01	
1.7300405165e+01	7.7250216706e+01	
1.7400304017e+01	6.2231124356e+01	
1.7500229108e+01	6.3239803611e+01	
1.7600216526e+01	7.5966448131e+01	
1.7700018962e+01	8.1385084801e+01	
1.7800154930e+01	6.1610608911e+01	
1.7900240901e+01	7.1189208426e+01	
1.8000025364e+01	9.9569799312e+01	
1.8100189753e+01	1.0124585933e+02	
1.8200142972e+01	9.3965402956e+01	
1.8300325754e+01	9.1517696875e+01	
1.8400140921e+01	9.8350817759e+01	
1.8500339393e+01	1.3523773846e+02	
1.8600026419e+01	1.7333386252e+02	
1.8700250959e+01	1.2405528587e+02	
1.8800219159e+01	1.1212303838e+02	
1.8900261049e+01	1.2887449967e+02	
1.9000164792e+01	2.5622233898e+02	
1.9100095769e+01	2.1904989111e+02	
1.9200397730e+01	1.5811703042e+02	
1.9300161984e+01	1.5107895078e+02	
1.9400189979e+01	1.3460939125e+02	
1.9500061490e+01	1.1964043806e+02	
1.9600322458e+01	1.0786962964e+02	
1.9700046816e+01	9.6039925490e+01	
1.9800257661e+01	9.0616380871e+01	
1.9900217190e+01	1.0364086355e+02	
2.0000329631e+01	1.0529565436e+02	
2.0100485407e+01	9.2404304719e+01	
2.0200023251e+01	1.3455935777e+02	
2.0300210957e+01	1.4542086925e+02	
2.0400276708e+01	1.4257790292e+02	
2.0500230640e+01	8.5383269657e+01	
2.0600143165e+01	8.7702001322e+01	
2.0700031116e+01	7.4442279228e+01	
2.0800411040e+01	6.6110847191e+01	
2.0900201880e+01	7.0843658833e+01	
2.1000381636e+01	8.1474392700e+01	
2.1100023193e+01	9.1054620184e+01	
2.1200501622e+01	9.2864996985e+01	
2.1300381930e+01	9.3584335158e+01	
2.1400226369e+01	9.4790041620e+01	
2.1500427323e+01	9.2246458716e+01	
2.1600078568e+01	8.8608459168e+01	
2.1700407604e+01	7.5388444454e+01	
2.1800122452e+01	6.5259016463e+01	
2.1900016026e+01	5.9997431544e+01	
2.2000434122e+01	5.7367922233e+01	
2.2100030307e+01	5.5953139687e+01	
2.2200126216e+01	6.3574582686e+01	
2.2300413642e+01	5.0436161012e+01	
2.2400360905e+01	3.4387304925e+01	
2.2500411245e+01	4.5039675141e+01	
2.2600516077e+01	4.2794934225e+01	
2.2700148319e+01	5.4076895502e+01	
2.2800375985e+01	6.3347019144e+01	
2.2900246091e+01	8.3529492073e+01	
2.3000433188e+01	9.5785745586e+01	
2.3100510789e+01	1.5214616149e+02	
2.3200395572e+01	1.2923691432e+02	
2.3300270276e+01	1.4593933596e+02	
2.3400132518e+01	1.0233617400e+02	
2.3500488231e+01	1.0121705427e+02	
2.3600319602e+01	9.2851569258e+01	
2.3700220531e+01	8.6512336527e+01	
2.3800291779e+01	7.4809206043e+01	
2.3900175875e+01	5.6560143352e+01	
2.4000340722e+01	5.5932094239e+01	
2.4100048282e+01	5.1505505651e+01	
2.4200191710e+01	5.2651850320e+01	
2.4300224231e+01	4.7660704239e+01	
2.4400189646e+01	4.7687333590e+01	
2.4500162055e+01	4.5317749717e+01	
2.4600367919e+01	4.0238456005e+01	
2.4700234381e+01	3.3264647478e+01	
2.4800366881e+01	3.0811905760e+01	
2.4900253226e+01	2.8406415849e+01	
2.5000463594e+01	3.3412299171e+01	
2.5100309976e+01	3.5451042983e+01	
2.5200356796e+01	3.5138193495e+01	
2.5300366526e+01	5.4422606014e+01	
2.5400099121e+01	5.4018111051e+01	
2.5500028637e+01	6.2764915328e+01	
2.5600148455e+01	5.9830283323e+01	
2.5700209694e+01	6.1773956554e+01	
2.5800077836e+01	7.0875501800e+01	
2.5900341343e+01	7.1522778687e+01	
2.6000469720e+01	7.0112520098e+01	
2.6100209177e+01	6.6178699372e+01	
2.6200212781e+01	4.9489714052e+01	
2.6300365602e+01	4.8481838247e+01	
2.6400173790e+01	4.8733488848e+01	
2.6500109616e+01	4.8990533359e+01	
2.6600086331e+01	4.8841912967e+01	
2.6700282301e+01	4.6336584140e+01	
2.6800092386e+01	4.1503001300e+01	
2.6900216207e+01	4.1008221950e+01	
2.7000246720e+01	4.3549722220e+01	
2.7100146242e+01	4.4458147778e+01	
2.7200257454e+01	4.7018728656e+01	
2.7300007250e+01	5.0515539933e+01	
2.7400158602e+01	5.1370836020e+01	
2.7500029554e+01	5.4815359204e+01	
2.7600500759e+01	5.6648972574e+01	
2.7700269177e+01	5.5758497140e+01	
2.7800460367e+01	5.2438115589e+01	
2.7900504436e+01	4.7397583666e+01	
2.8000114140e+01	4.3191646981e+01	
2.8100386914e+01	5.1189117688e+01	
2.8200207824e+01	6.6936071482e+01	
2.8300170267e+01	6.6144482039e+01	
2.8400076120e+01	4.5242624149e+01	
2.8500493640e+01	4.0469645343e+01	
2.8600124581e+01	3.7910877304e+01	
2.8700476245e+01	4.1153847036e+01	
2.8800488330e+01	4.4231114783e+01	
2.8900237139e+01	4.3361373467e+01	
2.9000516464e+01	3.6067269133e+01	
2.9100311483e+01	3.7242265959e+01	
2.9200497036e+01	3.8951067298e+01	
2.9300385154e+01	3.9946830806e+01	
2.9400019486e+01	3.9793464279e+01	
2.9500214918e+01	3.8760782734e+01	
2.9600102542e+01	3.7989914969e+01	
2.9700021788e+01	4.0131987737e+01	
2.9800028008e+01	4.0530365859e+01	
2.9900364318e+01	4.2888934491e+01	
3.0000491069e+01	4.5941869303e+01	
3.0100357829e+01	4.8682368234e+01	
3.0200322022e+01	5.0579574451e+01	
3.0300393725e+01	5.0803562260e+01	
3.0400148336e+01	4.9598922504e+01	
3.0500410723e+01	4.6609477365e+01	
3.0600521590e+01	4.5257083101e+01	
3.0700313898e+01	4.6986825793e+01	
3.0800172924e+01	5.1901944798e+01	
3.0900233672e+01	5.1814607422e+01	
3.1000368515e+01	4.8788767644e+01	
3.1100205907e+01	4.8113323851e+01	
3.1200264706e+01	8.1110070173e+01	
3.1300305578e+01	7.7494507263e+01	
3.1400321124e+01	7.3153145990e+01	
3.1500207198e+01	6.3303416503e+01	
3.1600168215e+01	6.3973876270e+01	
3.1700305138e+01	6.1416754739e+01	
3.1800117196e+01	5.7402241129e+01	
3.1900440585e+01	5.9126881071e+01	
3.2000498268e+01	5.1995452359e+01	
3.2100313961e+01	6.0132614819e+01	
3.2200065962e+01	6.1841425392e+01	
3.2300110305e+01	5.8336302457e+01	
3.2400526873e+01	5.5196201019e+01	
3.2500193675e+01	5.2325915893e+01	
3.2600126818e+01	5.1816402880e+01	
3.2700437386e+01	5.2807084257e+01	
3.2800484378e+01	5.3479170016e+01	
3.2900355366e+01	5.3867429459e+01	
3.3000283222e+01	5.4079197379e+01	
3.3100057028e+01	5.4123556656e+01	
3.3200165491e+01	5.3967080760e+01	
3.3300505115e+01	5.3518957974e+01	
3.3400080869e+01	5.5061374287e+01	
3.3500001368e+01	6.4229372332e+01	
3.3600028476e+01	6.7277476077e+01	
3.3700252751e+01	7.2135155348e+01	
3.3800490640e+01	6.9925505349e+01	
3.3900359761e+01	7.6615583395e+01	
3.4000364937e+01	7.5372767219e+01	
3.4100148937e+01	7.7783365425e+01	
3.4200151817e+01	6.2820959671e+01	
3.4300046284e+01	7.2558015126e+01	
3.4400116676e+01	7.0228330427e+01	
3.4500267445e+01	6.1126440263e+01	
3.4600373520e+01	5.8209640886e+01	
3.4700354567e+01	5.9269077355e+01	
3.4800505391e+01	6.3558815847e+01	
3.4900164058e+01	6.1524657053e+01	
3.5000335983e+01	5.9775150530e+01	
3.5100210915e+01	6.0871964698e+01	
3.5200469200e+01	6.1672304248e+01	
3.5300528174e+01	5.6524671570e+01	
3.5400089276e+01	5.7801107559e+01	
3.5500267396e+01	5.2966360719e+01	
3.5600361181e+01	4.9472107546e+01	
3.5700191786e+01	4.9284018477e+01	
3.5800211570e+01	4.5991550355e+01	
3.5900056886e+01	4.3166709949e+01	
3.6000187694e+01	4.1102325068e+01	
3.6100020410e+01	4.0055932499e+01	
3.6200379484e+01	3.7162436529e+01	
3.6300324865e+01	3.6498956328e+01	
3.6400037980e+01	3.4423461706e+01	
3.6500279718e+01	3.3110322721e+01	
3.6600348857e+01	3.2602527661e+01	
3.6700114124e+01	3.5612384200e+01	
3.6800357246e+01	3.7993454037e+01	
3.6900163411e+01	3.9370504457e+01	
3.7000214397e+01	3.8787968700e+01	
3.7100411123e+01	3.7763341726e+01	
3.7200480168e+01	3.7769895758e+01	
3.7300035661e+01	3.9890745325e+01	
3.7400020669e+01	3.8613135902e+01	
3.7500177759e+01	3.8457335178e+01	
3.7600485331e+01	3.8742780628e+01	
3.7700397226e+01	3.8772780714e+01	
3.7800399587e+01	3.8331677810e+01	
3.7900346751e+01	3.7655105826e+01	
3.8000280789e+01	3.5899831472e+01	
3.8100468035e+01	3.3637303775e+01	
3.8200133132e+01	3.5624784621e+01	
3.8300334960e+01	3.7871528939e+01	
3.8400106126e+01	4.1957860779e+01	
3.8500017570e+01	5.4466270549e+01	
3.8600419005e+01	5.4283062354e+01	
3.8700199541e+01	3.8937395670e+01	
3.8800431227e+01	3.8667988937e+01	
3.8900180775e+01	4.1260709306e+01	
3.9000143105e+01	3.9899502962e+01	
3.9100172090e+01	4.1136822082e+01	
3.9200323087e+01	4.1408101170e+01	
3.9300137852e+01	4.0470935065e+01	
3.9400375286e+01	3.9235091257e+01	
3.9500522104e+01	3.7392260319e+01	
3.9600114354e+01	3.4583308845e+01	
3.9700049318e+01	3.5340773207e+01	
3.9800402250e+01	4.2058807804e+01	
3.9900181266e+01	4.7749126761e+01	
4.0000203688e+01	5.0546248408e+01	
4.0100431238e+01	4.8519335670e+01	
4.0200256653e+01	4.3046230083e+01	
4.0300036480e+01	4.7137528296e+01	
4.0400227471e+01	5.3497088820e+01	
4.0500482639e+01	5.6029484776e+01	
4.0600426156e+01	5.4287144225e+01	
4.0700435533e+01	5.0243286691e+01	
4.0800390984e+01	4.6246202022e+01	
4.0900426910e+01	4.1456863588e+01	
4.1000069056e+01	3.6537976870e+01	
4.1100238782e+01	3.6943091226e+01	
4.1200306741e+01	4.4064611893e+01	
4.1300266358e+01	5.2894538395e+01	
4.1400103079e+01	6.1484034273e+01	
4.1500260255e+01	6.5223519121e+01	
4.1600094857e+01	6.4546980227e+01	
4.1700193506e+01	6.5440495946e+01	
4.1800257303e+01	6.2784716974e+01	
4.1900087077e+01	5.9368374660e+01	
4.2000075898e+01	5.2889599677e+01	
4.2100002930e+01	5.0404602143e+01	
4.2200432371e+01	5.3083434130e+01	
4.2300268572e+01	5.5523745595e+01	
4.2400158747e+01	5.7513022263e+01	
4.2500266120e+01	5.8485306083e+01	
4.2600058606e+01	5.6892142885e+01	
4.2700432974e+01	5.6977501212e+01	
4.2800089926e+01	5.8267743869e+01	
4.2900482462e+01	5.7559208831e+01	
4.3000156286e+01	5.5006007479e+01	
4.3100127345e+01	5.4706827434e+01	
4.3200448254e+01	5.3085046070e+01	
4.3300232111e+01	5.1076590093e+01	
4.3400210717e+01	4.9690048228e+01	
4.3500280472e+01	4.7964853383e+01	
4.3600011861e+01	4.6343853280e+01	
4.3700045735e+01	4.5018194773e+01	
4.3800415073e+01	4.3933098333e+01	
4.3900459834e+01	4.1841379316e+01	
4.4000454179e+01	3.8753288438e+01	
4.4100286779e+01	3.5489179276e+01	
4.4200515613e+01	3.3788084459e+01	
4.4300276723e+01	3.3705750779e+01	
4.4400168920e+01	3.3339120817e+01	
4.4500177227e+01	3.0589331410e+01	
4.4600268491e+01	2.7266712214e+01	
4.4700003222e+01	3.3129927056e+01	
4.4800376352e+01	3.2573642288e+01	
4.4900102430e+01	2.6839369900e+01	
4.5000268363e+01	2.7716897352e+01	
4.5100126424e+01	2.8137773666e+01	
4.5200007135e+01	2.9090417190e+01	
4.5300474737e+01	2.9483160574e+01	
4.5400456776e+01	2.9513948376e+01	
4.5500482276e+01	3.1952816678e+01	
4.5600503222e+01	3.4900813918e+01	
4.5700398091e+01	3.4320980878e+01	
4.5800376659e+01	3.6873986715e+01	
4.5900241441e+01	3.6507422334e+01	
4.6000483463e+01	3.6133174261e+01	
4.6100501054e+01	3.4695306806e+01	
4.6200498690e+01	3.4594451406e+01	
4.6300349896e+01	3.3194991999e+01	
4.6400175975e+01	3.2569129675e+01	
4.6500426485e+01	3.2093894767e+01	
4.6600056580e+01	3.0865152485e+01	
4.6700184479e+01	3.1377021967e+01	
4.6800241858e+01	3.3258554895e+01	
4.6900070902e+01	3.4434624405e+01	
4.7000429248e+01	3.5109118720e+01	
4.7100357558e+01	3.8058293362e+01	
4.7200505339e+01	4.6341733897e+01	
4.7300190353e+01	5.3706669137e+01	
4.7400442917e+01	5.8530588863e+01	
4.7500136344e+01	5.8837080258e+01	
4.7600295423e+01	5.2451739608e+01	
4.7700075561e+01	4.3755182013e+01	
4.7800417228e+01	3.9766271308e+01	
4.7900242585e+01	3.9665448972e+01	
4.8000040598e+01	3.6785022863e+01	
4.8100188441e+01	3.3813560191e+01	
4.8200345710e+01	3.5295046467e+01	
4.8300323573e+01	3.8313731447e+01	
4.8400209907e+01	3.4702279498e+01	
4.8500524253e+01	3.2573898512e+01	
4.8600180593e+01	3.1672668181e+01	
4.8700217027e+01	3.0402036350e+01	
4.8800310027e+01	2.8715781874e+01	
4.8900345595e+01	2.7219875491e+01	
4.9000331955e+01	2.6740295287e+01	
4.9100242487e+01	2.5944774344e+01	
4.9200091279e+01	2.4679709278e+01	
4.9300244024e+01	2.6339198483e+01	
4.9400215475e+01	2.7546863352e+01	
4.9500277105e+01	2.7685381282e+01	
4.9600454287e+01	2.7641254560e+01	
4.9700177445e+01	2.6319923633e+01	
4.9800523230e+01	2.6898819160e+01	
4.9900442293e+01	2.6232816309e+01	
5.0000410081e+01	2.5595971207e+01	
5.0100394237e+01	2.5348998517e+01	
5.0200381033e+01	2.4284378135e+01	
5.0300455952e+01	2.3447295566e+01	
5.0400526194e+01	2.2633272028e+01	
5.0500137957e+01	2.2767075586e+01	
5.0600482263e+01	2.3800180434e+01	
5.0700328760e+01	2.4597693946e+01	
5.0800207179e+01	2.5211640793e+01	
5.0900020953e+01	2.5640324298e+01	
5.1000339089e+01	2.5714434618e+01	
5.1100220623e+01	2.5414059129e+01	
5.1200164119e+01	2.4966294512e+01	
5.1300046716e+01	2.4810898951e+01	
5.1400521819e+01	2.4400950094e+01	
5.1500431316e+01	2.3883393115e+01	
5.1600304897e+01	2.3546299725e+01	
5.1700243856e+01	2.4633736566e+01	
5.1800315381e+01	2.5552059230e+01	
5.1900426893e+01	2.6168679548e+01	
5.2000456109e+01	2.6546240431e+01	
5.2100304405e+01	2.6594596933e+01	
5.2200437706e+01	2.6321543508e+01	
5.2300461396e+01	2.5879245638e+01	
5.2400528873e+01	2.5246614053e+01	
5.2500475552e+01	2.4724440835e+01	
5.2600422739e+01	2.4061461476e+01	
5.2700374198e+01	2.3296418595e+01	
5.2800373770e+01	2.4006163033e+01	
5.2900468522e+01	2.5019521870e+01	
5.3000228355e+01	2.5747365089e+01	
5.3100003747e+01	2.6504318281e+01	
5.3200333620e+01	3.1213837024e+01	
5.3300214042e+01	3.0587261450e+01	
5.3400145004e+01	4.6804983235e+01	
5.3500072116e+01	5.4988507222e+01	
5.3600005310e+01	6.4851047679e+01	
5.3700017568e+01	5.1033755219e+01	
5.3800092540e+01	3.3330059601e+01	
5.3900183261e+01	3.9410050677e+01	
5.4000282950e+01	4.0429820639e+01	
5.4100413194e+01	3.2933312489e+01	
5.4200490386e+01	2.5217952560e+01	
5.4300477102e+01	2.4402221908e+01	
5.4400498409e+01	2.4694683742e+01	
5.4500463635e+01	2.4719992015e+01	
5.4600303083e+01	2.4580129205e+01	
5.4700018786e+01	2.4273647728e+01	
5.4800143726e+01	2.3820218880e+01	
5.4900141937e+01	2.3283442398e+01	
5.5000214502e+01	2.3992553043e+01	
5.5100294223e+01	2.5662555898e+01	
5.5200289127e+01	2.4401675278e+01	
5.5300285755e+01	2.4071765304e+01	
5.5400185231e+01	2.5190630829e+01	
5.5500026982e+01	2.6554661929e+01	
5.5600376453e+01	2.7190499537e+01	
5.5700124305e+01	2.6360124655e+01	
5.5800407999e+01	2.4039442272e+01	
5.5900173836e+01	2.1331120420e+01	
5.6000352823e+01	2.0819501611e+01	
5.6100355274e+01	2.0124191895e+01	
5.6200272324e+01	1.9922300093e+01	
5.6300184646e+01	2.0340460740e+01	
5.6400140934e+01	2.0695337899e+01	
5.6500115001e+01	2.0793216374e+01	
5.6600132953e+01	2.0542216204e+01	
5.6700208415e+01	2.4190131296e+01	
5.6800293971e+01	2.7768892897e+01	
5.6900442742e+01	3.1653249236e+01	
5.7000182813e+01	3.3069585483e+01	
5.7100124901e+01	3.5500075737e+01	
5.7200224954e+01	3.7541716863e+01	
5.7300244705e+01	3.9359556107e+01	
5.7400247204e+01	4.0257349305e+01	
5.7500308796e+01	3.3284943544e+01	
5.7600428303e+01	2.4984647638e+01	
5.7700068192e+01	1.8012852448e+01	
5.7800280555e+01	1.8117831978e+01	
5.7900055070e+01	1.8172993581e+01	
5.8000398192e+01	1.8435878509e+01	
5.8100181981e+01	1.8964311877e+01	
5.8200326242e+01	1.9806202781e+01	
5.8300380695e+01	2.0752034638e+01	
5.8400376452e+01	2.2273011735e+01	
5.8500407307e+01	2.1920132541e+01	
5.8600430915e+01	2.1805658672e+01	
5.8700370344e+01	2.2407683823e+01	
5.8800301527e+01	2.3400106442e+01	
5.8900156977e+01	2.3754420329e+01	
5.9000060203e+01	2.1082416433e+01	
5.9100023595e+01	2.1690861523e+01	
5.9200118057e+01	2.1641907464e+01	
5.9300356639e+01	2.2454639179e+01	
5.9400171365e+01	2.2760209293e+01	
5.9500145967e+01	2.3445094665e+01	
5.9600210413e+01	2.4399564204e+01	
5.9700406426e+01	2.3192165915e+01	
5.9800116132e+01	2.6072076404e+01	
5.9900336578e+01	2.7186274749e+01	
6.0000001728e+01	2.6992086709e+01	
6.0100196422e+01	3.0838008504e+01	
6.0200317525e+01	3.1101436565e+01	
6.0300292215e+01	3.2249518125e+01	
6.0400205090e+01	3.2672694860e+01	
6.0500068362e+01	3.0470326689e+01	
6.0600408378e+01	2.7948399687e+01	
6.0700148944e+01	2.6598603929e+01	
6.0800359902e+01	3.0525718449e+01	
6.0900500505e+01	2.7804178288e+01	
6.1000489345e+01	2.1442836484e+01	
6.1100398539e+01	1.9822809848e+01	
6.1200254885e+01	1.8024609948e+01	
6.1300036889e+01	1.6281322318e+01	
6.1400243883e+01	1.8217139950e+01	
6.1500399297e+01	1.8553598995e+01	
6.1600475886e+01	1.6913442875e+01	
6.1700457970e+01	1.7264215643e+01	
6.1800379242e+01	1.7632204444e+01	
6.1900307654e+01	1.8256564251e+01	
6.2000193141e+01	1.9337261256e+01	
6.2100031280e+01	2.1050645766e+01	
6.2200334303e+01	2.2813254793e+01	
6.2300137322e+01	2.4088008021e+01	
6.2400023613e+01	2.3064439131e+01	
6.2500509235e+01	2.0504140820e+01	
6.2600510183e+01	2.1333201812e+01	
6.2700505502e+01	2.2365131608e+01	
6.2800452168e+01	2.3603178960e+01	
6.2900514362e+01	2.5612972563e+01	
6.3000154857e+01	2.8751153010e+01	
6.3100303160e+01	3.2640348956e+01	
6.3200498989e+01	3.6138521290e+01	
6.3300297943e+01	3.9355975020e+01	
6.3400159447e+01	4.1736101373e+01	
6.3500011877e+01	4.3154845096e+01	
6.3600467046e+01	4.4262361337e+01	
6.3700354972e+01	4.4591315738e+01	
6.3800251645e+01	4.3382018798e+01	
6.3900084008e+01	4.0530176740e+01	
6.4000422771e+01	3.6338767753e+01	
6.4100304128e+01	3.1639791424e+01	
6.4200182365e+01	3.2742906817e+01	
6.4300145772e+01	4.0187370569e+01	
6.4400169701e+01	4.5633796088e+01	
6.4500190349e+01	4.8540489136e+01	
6.4600230708e+01	4.7184306149e+01	
6.4700300764e+01	4.1325068056e+01	
6.4800326695e+01	3.2401812324e+01	
6.4900304561e+01	3.0245518112e+01	
6.5000218847e+01	3.3301868211e+01	
6.5100117504e+01	3.5839114954e+01	
6.5200060246e+01	3.7199890503e+01	
6.5300081113e+01	3.8074490818e+01	
6.5400192291e+01	3.7661766168e+01	
6.5500376083e+01	3.6127590542e+01	
6.5600530683e+01	3.5715290333e+01	
6.5700153208e+01	3.3209309941e+01	
6.5800366173e+01	2.6506252702e+01	
6.5900088022e+01	2.3661473795e+01	
6.6000528721e+01	2.0783322180e+01	
6.6100015204e+01	1.9765534874e+01	
6.6200048189e+01	1.8729572907e+01	
6.6300057847e+01	1.8178685144e+01	
6.6400112735e+01	1.7978702792e+01	
6.6500098084e+01	1.8751544004e+01	
6.6600053106e+01	2.0429690746e+01	
6.6700529840e+01	2.2591005129e+01	
6.6800440538e+01	2.3938865061e+01	
6.6900250366e+01	2.4547699553e+01	
6.7000038387e+01	2.2700723470e+01	
6.7100396122e+01	2.1278569563e+01	
6.7200206309e+01	2.0512377189e+01	
6.7300492204e+01	1.9348968347e+01	
6.7400194235e+01	1.8162342573e+01	
6.7500354603e+01	1.7301924872e+01	
6.7600483218e+01	1.6868480541e+01	
6.7700001796e+01	1.7155816800e+01	
6.7800417451e+01	1.7898810084e+01	
6.7900254563e+01	1.8411292180e+01	
6.8000098605e+01	1.8848792273e+01	
6.8100031524e+01	1.9673917051e+01	
6.8200514490e+01	2.3840170831e+01	
6.8300417674e+01	2.7307183935e+01	
6.8400372879e+01	2.6833630420e+01	
6.8500379010e+01	2.8115687106e+01	
6.8600423898e+01	3.1950249869e+01	
6.8700492709e+01	3.3242402185e+01	
6.8800031265e+01	3.5458837332e+01	
6.8900136888e+01	3.6564684530e+01	
6.9000298953e+01	3.5647450149e+01	
6.9100474407e+01	3.3636492971e+01	
6.9200122048e+01	2.9394602186e+01	
6.9300281159e+01	4.3721878587e+01	
6.9400445398e+01	5.0803745752e+01	
6.9500023251e+01	5.4318508093e+01	
6.9600105288e+01	5.4747469419e+01	
6.9700183582e+01	5.4957708984e+01	
6.9800269493e+01	5.4483761615e+01	
6.9900372757e+01	5.2913190257e+01	
7.0000508255e+01	5.3329659945e+01	
7.0100145650e+01	5.0072794181e+01	
7.0200285353e+01	4.9172300365e+01	
7.0300336411e+01	4.8003865336e+01	
7.0400386147e+01	4.6633788632e+01	
7.0500478187e+01	4.4419177290e+01	
7.0600091913e+01	4.1437640790e+01	
7.0700237492e+01	3.7017934441e+01	
7.0800323629e+01	3.3564865747e+01	
7.0900372831e+01	3.3177280985e+01	
7.1000384869e+01	2.9739159280e+01	
7.1100305423e+01	2.9037572771e+01	
7.1200176765e+01	2.8978727373e+01	
7.1300001303e+01	2.6130577174e+01	
7.1400372064e+01	2.5852733812e+01	
7.1500273585e+01	2.4627882492e+01	
7.1600220625e+01	2.1628388391e+01	
7.1700163982e+01	2.3185980275e+01	
7.1800099699e+01	2.4609265478e+01	
7.1900042298e+01	2.5276645326e+01	
7.2000014813e+01	2.4306720800e+01	
7.2100023496e+01	2.2073621344e+01	
7.2200115458e+01	2.1098483179e+01	
7.2300303301e+01	2.1941170436e+01	
7.2400001963e+01	2.3173599906e+01	
7.2500202758e+01	3.0850760690e+01	
7.2600470253e+01	3.0507167018e+01	
7.2700228019e+01	2.7491637299e+01	
7.2800510455e+01	2.3652038509e+01	
7.2900259545e+01	2.0097273632e+01	
7.3000053471e+01	2.0565965242e+01	
7.3100354109e+01	2.0364025571e+01	
7.3200072993e+01	1.8400095542e+01	
7.3300357482e+01	1.6030626859e+01	
7.3400123889e+01	1.5077621931e+01	
7.3500413980e+01	1.7426786353e+01	
7.3600091770e+01	2.1167135890e+01	
7.3700219871e+01	2.1461619911e+01	
7.3800305745e+01	2.3101037517e+01	
7.3900381229e+01	2.1079153845e+01	
7.4000460599e+01	1.8817270768e+01	
7.4100516390e+01	1.9930587037e+01	
7.4200037651e+01	2.1139750083e+01	
7.4300079273e+01	2.1424956150e+01	
7.4400090482e+01	2.3421187944e+01	
7.4500038709e+01	2.6425581106e+01	
7.4600479388e+01	2.6793725745e+01	
7.4700409094e+01	2.9364301120e+01	
7.4800346559e+01	2.7559666332e+01	
7.4900279417e+01	2.7182224232e+01	
7.5000193105e+01	3.2655546122e+01	
7.5100129394e+01	3.4830106460e+01	
7.5200073466e+01	3.2777974572e+01	
7.5300069053e+01	3.2061283584e+01	
7.5400122098e+01	3.0528836718e+01	
7.5500221572e+01	2.9392313381e+01	
7.5600355779e+01	2.9036188215e+01	
7.5700033727e+01	2.9846469992e+01	
7.5800309763e+01	2.9370615983e+01	
7.5900053483e+01	2.6831529374e+01	
7.6000362708e+01	2.4220524157e+01	
7.6100159558e+01	2.4866920214e+01	
7.6200484349e+01	2.5311694300e+01	
7.6300228087e+01	2.3938875031e+01	
7.6400446086e+01	2.1249854729e+01	
7.6500109691e+01	1.8622557108e+01	
7.6600260997e+01	1.9582660618e+01	
7.6700403776e+01	2.1116096788e+01	
7.6800026095e+01	2.2290576623e+01	
7.6900203402e+01	2.3560151165e+01	
7.7000331398e+01	2.5012583799e+01	
7.7100412945e+01	2.6588481937e+01	
7.7200520800e+01	2.7618780810e+01	
7.7300095719e+01	2.8441875696e+01	
7.7400113777e+01	2.9088974042e+01	
7.7500064050e+01	2.8908217063e+01	
7.7600504555e+01	2.9638635382e+01	
7.7700402730e+01	3.0746559193e+01	
7.7800314715e+01	3.1738526169e+01	
7.7900132215e+01	3.1695874771e+01	
7.8000440663e+01	3.0982824637e+01	
7.8100233279e+01	2.9047976752e+01	
7.8200084566e+01	2.6847113475e+01	
7.8300004055e+01	2.5407972359e+01	
7.8400488886e+01	3.0086774294e+01	
7.8500486971e+01	3.3554842312e+01	
7.8600508017e+01	3.3656882702e+01	
7.8700022515e+01	3.4080766345e+01	
7.8800181269e+01	3.5734888191e+01	
7.8900445128e+01	3.4401952436e+01	
7.9000258449e+01	2.8949633915e+01	
7.9100146697e+01	2.9610640227e+01	
7.9200085493e+01	3.1555155121e+01	
7.9300039423e+01	3.3207505270e+01	
7.9400512240e+01	3.3580115488e+01	
7.9500422237e+01	3.1788704648e+01	
7.9600255629e+01	2.8442460541e+01	
7.9700050177e+01	2.2677301099e+01	
7.9800340119e+01	2.1748054292e+01	
7.9900107073e+01	1.9489658859e+01	
8.0000382062e+01	1.9307021432e+01	
8.0100066302e+01	1.9385414181e+01	
8.0200248240e+01	2.0777438150e+01	
8.0300358903e+01	2.2422249341e+01	
8.0400381887e+01	2.4455572716e+01	
8.0500325768e+01	2.6379905214e+01	
8.0600232994e+01	2.9050547578e+01	
8.0700118720e+01	3.2287480273e+01	
8.0800525263e+01	3.5107928208e+01	
8.0900362857e+01	3.6111608687e+01	
8.1000223291e+01	3.3608352303e+01	
8.1100098140e+01	3.0077805697e+01	
8.1200493394e+01	3.5052012108e+01	
8.1300371772e+01	4.5575513414e+01	
8.1400276324e+01	5.1449678196e+01	
8.1500234610e+01	4.2156683942e+01	
8.1600214966e+01	3.8113747483e+01	
8.1700275530e+01	4.1861674605e+01	
8.1800400637e+01	4.0368160033e+01	
8.1900032240e+01	3.6733809267e+01	
8.2000186848e+01	3.0459196040e+01	
8.2100314487e+01	2.3645755732e+01	
8.2200455781e+01	2.3190676277e+01	
8.2300091262e+01	2.2679419646e+01	
8.2400261911e+01	2.2158058350e+01	
8.2500435923e+01	2.3433053337e+01	
8.2600115426e+01	2.3756502762e+01	
8.2700344000e+01	2.0291925193e+01	
8.2800532865e+01	1.8494619318e+01	
8.2900211275e+01	1.7315180826e+01	
8.3000427477e+01	1.9241771572e+01	
8.3100109835e+01	2.1684476764e+01	
8.3200285343e+01	2.3807109964e+01	
8.3300369849e+01	2.5274523265e+01	
8.3400407918e+01	2.6336753301e+01	
8.3500391072e+01	2.6823273919e+01	
8.3600262081e+01	2.6355715624e+01	
8.3700043132e+01	2.5134044818e+01	
8.3800299567e+01	2.5803268992e+01	
8.3900013051e+01	3.0341994309e+01	
8.4000259920e+01	2.9052349745e+01	
8.4100476541e+01	3.1523363418e+01	
8.4200154978e+01	3.4631432077e+01	
8.4300374959e+01	4.0138475325e+01	
8.4400087417e+01	4.0586486796e+01	
8.4500333996e+01	4.1525116525e+01	
8.4600055990e+01	3.8551285025e+01	
8.4700375835e+01	3.9768507339e+01	
8.4800292591e+01	4.1711682589e+01	
8.4900283529e+01	4.7955544500e+01	
8.5000296591e+01	4.8935758465e+01	
8.5100331633e+01	5.2472057184e+01	
8.5200457631e+01	5.4904031982e+01	
8.5300104301e+01	5.6655962990e+01	
8.5400320557e+01	5.3945051910e+01	
8.5500080989e+01	5.7800806750e+01	
8.5600448979e+01	6.2094554323e+01	
8.5700329994e+01	6.4904564814e+01	
8.5800177745e+01	6.6778804302e+01	
8.5900028902e+01	6.7975946228e+01	
8.6000378835e+01	6.8690530449e+01	
8.6100144519e+01	6.9133299520e+01	
8.6200411765e+01	6.9935128717e+01	
8.6300175769e+01	7.1381369874e+01	
8.6400408560e+01	7.3590449195e+01	
8.6500080167e+01	7.6126087452e+01	
8.6600221511e+01	7.8371142275e+01	
8.6700279930e+01	7.9567020311e+01	
8.6800283670e+01	7.7970545124e+01	
8.6900211376e+01	7.2050162809e+01	
8.7000132510e+01	6.2007382531e+01	
8.7100070276e+01	4.9731602268e+01	
8.7200017592e+01	4.9119308867e+01	
8.7300457955e+01	4.5318979403e+01	
8.7400302865e+01	3.6802002840e+01	
8.7500124729e+01	3.4451806241e+01	
8.7600437563e+01	3.2424563481e+01	
8.7700206759e+01	3.7986186997e+01	
8.7800032149e+01	4.3803796286e+01	
8.7900492320e+01	4.7000894194e+01	
8.8000527673e+01	4.8944037693e+01	
8.8100159245e+01	4.8965054325e+01	
8.8200418075e+01	4.9601244642e+01	
8.8300174906e+01	4.6919607226e+01	
8.8400478144e+01	4.2969759521e+01	
8.8500305343e+01	3.7674404712e+01	
8.8600170272e+01	3.7242699669e+01	
8.8700047452e+01	3.3533639734e+01	
8.8800409936e+01	2.7924308261e+01	
8.8900192729e+01	2.2929193260e+01	
8.9000519962e+01	2.0767312570e+01	
8.9100336824e+01	1.9904164848e+01	
8.9200136479e+01	2.0223426111e+01	
8.9300482928e+01	2.2285228820e+01	
8.9400241608e+01	2.3468083784e+01	
8.9500332459e+01	2.4207688025e+01	
8.9600282993e+01	2.4533328449e+01	
8.9700167689e+01	2.4967756126e+01	
8.9800500265e+01	2.5760232240e+01	
8.9900274781e+01	2.5972089037e+01	
9.0000484621e+01	2.5040961044e+01	
9.0100137836e+01	2.3022026653e+01	
9.0200382419e+01	2.0515897804e+01	
9.0300097970e+01	1.9636995030e+01	
9.0400305150e+01	1.8631672272e+01	
9.0500437902e+01	1.8381395495e+01	
9.0600038941e+01	1.8046092644e+01	
9.0700218601e+01	1.7583687274e+01	
9.0800405745e+01	1.7529554398e+01	
9.0900065182e+01	1.7304408463e+01	
9.1000267806e+01	1.7368147703e+01	
9.1100054014e+01	1.6513046482e+01	
9.1200475722e+01	1.6205413580e+01	
9.1300446793e+01	1.6397930362e+01	
9.1400491647e+01	1.6542130434e+01	
9.1500072080e+01	1.6962653852e+01	
9.1600211024e+01	1.7296382584e+01	
9.1700439979e+01	1.7720801161e+01	
9.1800223442e+01	1.8079518632e+01	
9.1900006754e+01	1.8337588832e+01	
9.2000318690e+01	2.0136022570e+01	
9.2100144025e+01	2.3002255090e+01	
9.2200527411e+01	2.5739412798e+01	
9.2300386480e+01	2.7577279179e+01	
9.2400202743e+01	2.7676225891e+01	
9.2500003572e+01	2.6811946083e+01	
9.2600286297e+01	2.4926727364e+01	
9.2700472758e+01	2.5754395617e+01	
9.2800042470e+01	2.5982783418e+01	
9.2900072207e+01	2.5330295609e+01	
9.3000064128e+01	2.4668688077e+01	
9.3100525989e+01	2.5752706618e+01	
9.3200370762e+01	2.6241871661e+01	
9.3300161977e+01	2.6368648216e+01	
9.3400461385e+01	2.5839116124e+01	
9.3500248578e+01	2.7081599609e+01	
9.3600037232e+01	3.0588394970e+01	
9.3700402718e+01	3.3821076567e+01	
9.3800293184e+01	3.5954794214e+01	
9.3900198216e+01	3.5309554123e+01	
9.4000122272e+01	3.3777457137e+01	
9.4100022059e+01	3.1163172644e+01	
9.4200410512e+01	2.8829393058e+01	
9.4300317751e+01	2.7381247681e+01	
9.4400284631e+01	2.9196990215e+01	
9.4500281955e+01	3.3048609682e+01	
9.4600358500e+01	3.3597728050e+01	
9.4700499944e+01	3.4585449196e+01	
9.4800158539e+01	3.5538245073e+01	
9.4900373758e+01	3.4808203680e+01	
9.5000077419e+01	3.3520208878e+01	
9.5100325259e+01	3.2352260241e+01	
9.5200036317e+01	3.1483278135e+01	
9.5300318541e+01	3.1350597978e+01	
9.5400087671e+01	3.0309049398e+01	
9.5500421956e+01	3.0588612960e+01	
9.5600220466e+01	3.2040205194e+01	
9.5700481637e+01	3.3393029382e+01	
9.5800167686e+01	3.4666035628e+01	
9.5900312481e+01	3.6034478588e+01	
9.6000387305e+01	3.6924766202e+01	
9.6100397406e+01	3.7183306754e+01	
9.6200373228e+01	3.6729390821e+01	
9.6300336852e+01	3.6353319673e+01	
9.6400253806e+01	3.6079217213e+01	
9.6500171304e+01	2.1862871509e+01	
9.6600091702e+01	2.0833395788e+01	
9.6700504190e+01	2.0762330073e+01	
9.6800351846e+01	2.0639902454e+01	
9.6900200091e+01	2.0483083084e+01	
9.7000070803e+01	2.0300010284e+01	
9.7100491163e+01	2.0083889517e+01	
9.7200377196e+01	1.9896167658e+01	
9.7300291303e+01	1.9826286241e+01	
9.7400237171e+01	1.9790427609e+01	
9.7500260402e+01	1.9713034340e+01	
9.7600390126e+01	1.9552230920e+01	
9.7700057683e+01	2.2719024083e+01	
9.7800299171e+01	2.3270043277e+01	
9.7900061235e+01	2.3548895959e+01	
9.8000394543e+01	2.9626218544e+01	
9.8100242717e+01	1.9147530116e+01	
9.8200075263e+01	1.8547559624e+01	
9.8300488246e+01	1.8466112120e+01	
9.8400412500e+01	2.1913982727e+01	
9.8500340236e+01	2.7285904650e+01	
9.8600229907e+01	3.4154176886e+01	
9.8700100538e+01	4.2501139607e+01	
9.8800433193e+01	5.3040285377e+01	
9.8900142246e+01	5.8957755355e+01	
9.9000309921e+01	5.6511900305e+01	
9.9100385952e+01	5.3829659178e+01	
9.9200373866e+01	4.9665314945e+01	
9.9300277757e+01	4.4801029136e+01	
9.9400156749e+01	3.9203189252e+01	
9.9500026943e+01	3.3786787311e+01	
9.9600432713e+01	3.2598836380e+01	
9.9700279798e+01	3.3363423597e+01	
9.9800106176e+01	3.4358029392e+01	
9.9900475844e+01	3.5888261128e+01	
1.0000033528e+02	3.7231307570e+01	
1.0010025416e+02	3.6975765949e+01	
1.0020024875e+02	3.5409876907e+01	
1.0030025742e+02	3.2870341118e+01	
1.0040029089e+02	2.9616620956e+01	
1.0050036777e+02	2.5978327191e+01	
1.0060051216e+02	3.0506177762e+01	
1.0070019871e+02	3.8836297659e+01	
1.0080049106e+02	4.0824872426e+01	
1.0090030606e+02	4.1938407966e+01	
1.0100013234e+02	3.9388905903e+01	
1.0110051000e+02	3.4257263984e+01	
1.0120033514e+02	3.0979079335e+01	
1.0130017089e+02	2.8505677687e+01	
1.0140002044e+02	2.6666155288e+01	
1.0150041921e+02	2.2106668250e+01	
1.0160025320e+02	2.1681735698e+01	
1.0170002421e+02	1.7820264883e+01	
1.0180027824e+02	2.0548036534e+01	
1.0190048233e+02	2.3276259343e+01	
1.0200006630e+02	2.5757021643e+01	
1.0210012560e+02	2.7629201281e+01	
1.0220012567e+02	2.8221919086e+01	
1.0230005599e+02	2.6751863032e+01	
1.0240045547e+02	2.3870821943e+01	
1.0250033330e+02	2.0284296948e+01	
1.0260021393e+02	1.6932391409e+01	
1.0270009549e+02	1.6003244328e+01	
1.0280044135e+02	1.6369708265e+01	
1.0290016585e+02	1.6480656618e+01	
1.0300036659e+02	1.7207068275e+01	
1.0310049758e+02	1.6226217110e+01	
1.0320010467e+02	1.5766455259e+01	
1.0330030568e+02	1.5932080963e+01	
1.0340009674e+02	1.6585121541e+01	
1.0350050812e+02	1.6684273498e+01	
1.0360044177e+02	1.6697432855e+01	
1.0370000419e+02	1.5893722897e+01	
1.0380022072e+02	1.7286302206e+01	
1.0390048933e+02	1.8898199469e+01	
1.0400028451e+02	2.0212229147e+01	
1.0410014010e+02	2.1302221039e+01	
1.0420004769e+02	2.2362070989e+01	
1.0430049124e+02	4.5522988958e+01	
1.0440039988e+02	3.1576065295e+01	
1.0450023929e+02	3.4742032890e+01	
1.0460004481e+02	2.2830402184e+01	
1.0470038637e+02	2.4903368082e+01	
1.0480020487e+02	2.6709432332e+01	
1.0490004834e+02	2.7743148836e+01	
1.0500028655e+02	2.7469976464e+01	
1.0510041679e+02	2.6615522555e+01	
1.0520047018e+02	2.7447858172e+01	
1.0530044855e+02	2.7616786746e+01	
1.0540040721e+02	2.6606119441e+01	
1.0550033662e+02	3.1784912274e+01	
1.0560020030e+02	3.7347563908e+01	
1.0570002732e+02	4.2220665022e+01	
1.0580039334e+02	4.5356520389e+01	
1.0590024167e+02	4.6923116748e+01	
1.0600006503e+02	4.7859292682e+01	
1.0610046381e+02	4.7415132929e+01	
1.0620038541e+02	4.2242108235e+01	
1.0630032637e+02	3.4064807874e+01	
1.0640026734e+02	3.1480192326e+01	
1.0650024169e+02	3.3660632188e+01	
1.0660025300e+02	3.5606465982e+01	
1.0670030014e+02	3.7119561506e+01	
1.0680040650e+02	3.8449733315e+01	
1.0690003697e+02	3.9318080836e+01	
1.0700025302e+02	3.8550579484e+01	
1.0710052304e+02	3.4561182643e+01	
1.0720032022e+02	2.8502179507e+01	
1.0730009659e+02	2.2610071021e+01	
1.0740042606e+02	1.7673941820e+01	
1.0750021160e+02	1.6859026679e+01	
1.0760051547e+02	1.5435796652e+01	
1.0770030127e+02	1.7244042089e+01	
1.0780001611e+02	1.8864033476e+01	
1.0790026011e+02	2.0138982990e+01	
1.0800001059e+02	1.9920928784e+01	
1.0810031244e+02	1.7913207625e+01	
1.0820004637e+02	1.7333900090e+01	
1.0830024252e+02	1.8089497340e+01	
1.0840036916e+02	1.8630883055e+01	
1.0850040475e+02	1.8288141365e+01	
1.0860037821e+02	1.7228422853e+01	
1.0870025061e+02	1.5264597385e+01	
1.0880052909e+02	1.3434680883e+01	
1.0890022861e+02	1.3797128098e+01	
1.0900048380e+02	1.4375319122e+01	
1.0910020608e+02	1.3734289919e+01	
1.0920041795e+02	1.5629985551e+01	
1.0930005684e+02	1.6017302840e+01	
1.0940026511e+02	1.4934307894e+01	
1.0950046848e+02	1.5292774400e+01	
1.0960014471e+02	1.5592851243e+01	
1.0970041512e+02	1.5838266512e+01	
1.0980024930e+02	1.6089280756e+01	
1.0990013365e+02	1.6288024278e+01	
1.1000007370e+02	1.6445300564e+01	
1.1010006358e+02	1.6581229476e+01	
1.1020016815e+02	1.6601674949e+01	
1.1030037365e+02	1.5854172473e+01	
1.1040011547e+02	1.5049801552e+01	
1.1050042404e+02	1.5519439339e+01	
1.1060017008e+02	1.5905244232e+01	
1.1070040799e+02	1.5961866546e+01	
1.1080015365e+02	1.6330932584e+01	
1.1090047261e+02	1.6692516071e+01	
1.1100030468e+02	1.7522132544e+01	
1.1110014064e+02	1.8944189054e+01	
1.1120048207e+02	1.9873526878e+01	
1.1130028671e+02	1.9705002676e+01	
1.1140010741e+02	1.9895405854e+01	
1.1150038383e+02	2.0057593545e+01	
1.1160006691e+02	2.0735357459e+01	
1.1170023648e+02	2.2396292681e+01	
1.1180035746e+02	2.4183113880e+01	
1.1190037266e+02	2.4806908935e+01	
1.1200036286e+02	2.4036875203e+01	
1.1210030807e+02	2.2115308488e+01	
1.1220023180e+02	2.0716363829e+01	
1.1230012688e+02	2.1523760225e+01	
1.1240049499e+02	2.2222539098e+01	
1.1250035182e+02	2.3054165282e+01	
1.1260024771e+02	2.3960637171e+01	
1.1270016487e+02	2.4804526957e+01	
1.1280012075e+02	2.5466690024e+01	
1.1290015471e+02	2.5940755925e+01	
1.1300031938e+02	2.5176380841e+01	
1.1310002447e+02	2.2940092440e+01	
1.1320027927e+02	2.0485152853e+01	
1.1330053253e+02	1.8704294331e+01	
1.1340027732e+02	2.0789734880e+01	
1.1350006951e+02	2.0262034991e+01	
1.1360045688e+02	1.7842120260e+01	
1.1370036685e+02	1.6482618486e+01	
1.1380031103e+02	1.5548188511e+01	
1.1390027595e+02	1.4672511606e+01	
1.1400027050e+02	1.5070549077e+01	
1.1410025150e+02	1.5182482986e+01	
1.1420018666e+02	1.5199967852e+01	
1.1430012189e+02	1.5405551694e+01	
1.1440047898e+02	1.6366484309e+01	
1.1450017599e+02	2.0074087076e+01	
1.1460033440e+02	2.3908092806e+01	
1.1470040119e+02	1.5334783759e+01	
1.1480040069e+02	1.6019162153e+01	
1.1490033820e+02	1.6889658418e+01	
1.1500017769e+02	1.8156084017e+01	
1.1510002652e+02	1.8780907792e+01	
1.1520041497e+02	1.9914714820e+01	
1.1530021946e+02	2.0441624252e+01	
1.1540000138e+02	2.1641322529e+01	
1.1550033408e+02	2.2930110532e+01	
1.1560017972e+02	2.3622426644e+01	
1.1570003684e+02	2.3901684337e+01	
1.1580041870e+02	2.4287648734e+01	
1.1590027575e+02	2.5245864919e+01	
1.1600013948e+02	2.5912336222e+01	
1.1610007730e+02	2.6145097981e+01	
1.1620011412e+02	2.5914259809e+01	
1.1630030258e+02	2.6410185028e+01	
1.1640001866e+02	2.6849306472e+01	
1.1650029242e+02	2.6998156327e+01	
1.1660005962e+02	2.6731228003e+01	
1.1670046449e+02	2.6081359601e+01	
1.1680040453e+02	2.5053308408e+01	
1.1690036207e+02	2.3913215250e+01	
1.1700028065e+02	2.2836270679e+01	
1.1710017468e+02	2.1969897657e+01	
1.1720004547e+02	2.1853084866e+01	
1.1730041174e+02	2.4094311964e+01	
1.1740022470e+02	2.5608526133e+01	
1.1750005719e+02	2.6268899304e+01	
1.1760043527e+02	2.7302019444e+01	
1.1770026179e+02	2.8569308228e+01	
1.1780005204e+02	3.0257190980e+01	
1.1790029202e+02	3.2130073065e+01	
1.1800041291e+02	3.3962290990e+01	
1.1810045063e+02	3.5743803758e+01	
1.1820045488e+02	3.7240699986e+01	
1.1830041592e+02	3.8039223937e+01	
1.1840030760e+02	3.8630948040e+01	
1.1850016095e+02	3.9555787963e+01	
1.1860051715e+02	3.9374204547e+01	
1.1870031265e+02	3.8472162847e+01	
1.1880008316e+02	3.7501843508e+01	
1.1890038695e+02	3.6525024513e+01	
1.1900020071e+02	3.4954200873e+01	
1.1910008581e+02	3.2625863618e+01	
1.1920004580e+02	2.9774849509e+01	
1.1930009954e+02	2.6577194540e+01	
1.1940021787e+02	2.3343049430e+01	
1.1950042041e+02	2.3028714824e+01	
1.1960020043e+02	2.1973696988e+01	
1.1970001913e+02	2.0886019435e+01	
1.1980041806e+02	2.1642449647e+01	
1.1990029172e+02	2.2224343078e+01	
1.2000009650e+02	2.1556826813e+01	
1.2010040041e+02	2.0017927457e+01	
1.2020022169e+02	1.8334690463e+01	
1.2030008244e+02	1.8334817997e+01	
1.2040040023e+02	1.8961084130e+01	
1.2050012836e+02	1.9399255848e+01	
1.2060028475e+02	1.9430658617e+01	
1.2070035911e+02	1.9038851841e+01	
1.2080035449e+02	1.9423704351e+01	
1.2090036333e+02	1.9638343320e+01	
1.2100035699e+02	1.9468031593e+01	
1.2110032112e+02	1.9053465834e+01	
1.2120023802e+02	1.8685476117e+01	
1.2130012533e+02	1.9064306325e+01	
1.2140005203e+02	1.9308996442e+01	
1.2150045619e+02	1.9477152289e+01	
1.2160029008e+02	1.9625599189e+01	
1.2170010466e+02	1.9756363845e+01	
1.2180040751e+02	1.9859894067e+01	
1.2190023227e+02	1.9930635667e+01	
1.2200014816e+02	1.9950332010e+01	
1.2210014074e+02	1.9888760785e+01	
1.2220022356e+02	2.0554185923e+01	
1.2230037884e+02	2.1029446637e+01	
1.2240005062e+02	2.1287169360e+01	
1.2250029276e+02	2.1420249660e+01	
1.2260052254e+02	2.1479631871e+01	
1.2270023859e+02	2.4012444852e+01	
1.2280007751e+02	2.6525487892e+01	
1.2290002319e+02	2.8709500658e+01	
1.2300048357e+02	3.1337675096e+01	
1.2310037429e+02	3.3945867997e+01	
1.2320024476e+02	3.6097847312e+01	
1.2330010014e+02	3.7506097325e+01	
1.2340053065e+02	3.7993753141e+01	
1.2350040091e+02	3.6670913032e+01	
1.2360025638e+02	3.4176232696e+01	
1.2370009607e+02	3.1250166207e+01	
1.2380048277e+02	2.9589223083e+01	
1.2390028399e+02	3.0826941427e+01	
1.2400000879e+02	3.1514829332e+01	
1.2410018091e+02	3.2356470587e+01	
1.2420030222e+02	3.3345213383e+01	
1.2430044337e+02	3.4092398092e+01	
1.2440051258e+02	3.4648443357e+01	
1.2450047859e+02	3.5061937182e+01	
1.2460037637e+02	3.5043023298e+01	
1.2470015357e+02	3.7770687373e+01	
1.2480040932e+02	3.9059426297e+01	
1.2490022174e+02	3.8656557098e+01	
1.2500014251e+02	3.7276220779e+01	
1.2510011808e+02	3.5560977626e+01	
1.2520011540e+02	3.5312200184e+01	
1.2530014330e+02	3.4365002051e+01	
1.2540022764e+02	3.3150799843e+01	
1.2550039886e+02	3.1427899881e+01	
1.2560010324e+02	3.0629819178e+01	
1.2570034417e+02	2.9000393298e+01	
1.2580007838e+02	2.7248229732e+01	
1.2590042310e+02	2.5147708981e+01	
1.2600034113e+02	2.2746822682e+01	
1.2610039232e+02	2.1817918305e+01	
1.2620046016e+02	2.1841240857e+01	
1.2630046085e+02	2.1666666778e+01	
1.2640034779e+02	2.0714225699e+01	
1.2650022100e+02	2.2020037841e+01	
1.2660010797e+02	2.6949209164e+01	
1.2670002285e+02	3.1354102340e+01	
1.2680048485e+02	3.3022387120e+01	
1.2690036215e+02	3.1467325586e+01	
1.2700014475e+02	2.7901553722e+01	
1.2710034819e+02	3.3380396933e+01	
1.2720051134e+02	3.8048478601e+01	
1.2730010912e+02	3.8391791237e+01	
1.2740020358e+02	3.5297880811e+01	
1.2750021653e+02	3.3547140788e+01	
1.2760015908e+02	3.9470350270e+01	
1.2770003409e+02	4.4760489980e+01	
1.2780037265e+02	4.8905214124e+01	
1.2790020511e+02	5.1847107710e+01	
1.2800007874e+02	5.3805320451e+01	
1.2810052655e+02	5.4825211667e+01	
1.2810052655e+02	5.4825211667e+01	
1.2820047707e+02	5.4762227895e+01	
1.2830048763e+02	5.3611403874e+01	
1.2840008617e+02	5.0916212588e+01	
1.2850025396e+02	4.7364993759e+01	
1.2860043164e+02	4.3099545681e+01	
1.2870011797e+02	3.8478850360e+01	
1.2880040260e+02	3.3871818904e+01	
1.2890021440e+02	2.9554950248e+01	
1.2900010989e+02	2.5735054951e+01	
1.2910003862e+02	2.4524915163e+01	
1.2920047847e+02	2.3447514770e+01	
1.2930035124e+02	2.2511974710e+01	
1.2940023394e+02	2.1465497322e+01	
1.2950013548e+02	2.1035212603e+01	
1.2960004622e+02	2.0945261640e+01	
1.2970045394e+02	2.1081261822e+01	
1.2980027216e+02	2.1373234643e+01	
1.2990006859e+02	2.2168438903e+01	
1.3000040334e+02	2.3618740691e+01	
1.3010021293e+02	2.5869442462e+01	
1.3020049300e+02	2.8400737154e+01	
1.3030013864e+02	3.0749171930e+01	
1.3040023007e+02	3.2260486200e+01	
1.3050025835e+02	3.2521787361e+01	
1.3060018387e+02	3.1949774623e+01	
1.3070003376e+02	3.1217771505e+01	
1.3080042812e+02	3.0507539271e+01	
1.3090029290e+02	3.0665739064e+01	
1.3100019546e+02	3.1866166780e+01	
1.3110012080e+02	3.4012596580e+01	
1.3120003510e+02	3.6543745842e+01	
1.3130048808e+02	3.7964121638e+01	
1.3140040644e+02	3.7667786266e+01	
1.3150036578e+02	3.5742984327e+01	
1.3160034197e+02	3.2859277684e+01	
1.3170029941e+02	3.0311771089e+01	
1.3180030520e+02	2.8937650340e+01	
1.3190040969e+02	2.8370129163e+01	
1.3200008244e+02	2.8128382974e+01	
1.3210037058e+02	2.7937489551e+01	
1.3220017780e+02	2.7782366733e+01	
1.3230004522e+02	2.8187980701e+01	
1.3240049922e+02	2.9401498528e+01	
1.3250040916e+02	3.1158375648e+01	
1.3260029476e+02	3.3723823602e+01	
1.3270020752e+02	3.6386643036e+01	
1.3280013924e+02	3.7092764234e+01	
1.3290003108e+02	3.5499216754e+01	
1.3300037509e+02	3.1374106130e+01	
1.3310009688e+02	2.6007862562e+01	
1.3320025855e+02	2.2239594449e+01	
1.3330031569e+02	2.0490622074e+01	
1.3340025810e+02	1.7795049060e+01	
1.3350012424e+02	1.8163912686e+01	
1.3360045296e+02	1.8298189172e+01	
1.3370019911e+02	1.8084340241e+01	
1.3380038959e+02	1.7412521974e+01	
1.3390006986e+02	1.7702219073e+01	
1.3400033153e+02	1.9963474948e+01	
1.3410013803e+02	2.1338295756e+01	
1.3420044615e+02	2.1046585455e+01	
1.3430019994e+02	1.8457718281e+01	
1.3440045958e+02	1.7177329514e+01	
1.3450020894e+02	1.8346552670e+01	
1.3460002997e+02	1.8235178067e+01	
1.3470039521e+02	1.6999425314e+01	
1.3480031457e+02	1.6096659606e+01	
1.3490031041e+02	1.6090245964e+01	
1.3500036560e+02	1.5899352640e+01	
1.3510052809e+02	1.6599587391e+01	
1.3520024162e+02	1.6861644975e+01	
1.3530052842e+02	1.6996941078e+01	
1.3540040529e+02	1.5688398866e+01	
1.3550035852e+02	1.6385621239e+01	
1.3560039069e+02	1.6107011155e+01	
1.3570047448e+02	1.6247828465e+01	
1.3580001763e+02	1.6659205575e+01	
1.3590007893e+02	1.6955540113e+01	
1.3600010333e+02	1.8300726904e+01	
1.3610008011e+02	2.0320524294e+01	
1.3620000172e+02	2.2433650996e+01	
1.3630039102e+02	2.4879782246e+01	
1.3640014256e+02	2.8498825942e+01	
1.3650033306e+02	3.1505309576e+01	
1.3660048774e+02	3.2307450416e+01	
1.3670014006e+02	3.0377273701e+01	
1.3680030278e+02	2.6827479418e+01	
1.3690042276e+02	2.2763581569e+01	
1.3700048518e+02	1.8680127695e+01	
1.3710047035e+02	1.8248395896e+01	
1.3720046080e+02	1.9445328637e+01	
1.3730043768e+02	2.0830691446e+01	
1.3740040724e+02	2.2292585439e+01	
1.3750031869e+02	2.3748889444e+01	
1.3760019090e+02	2.5107550408e+01	
1.3770004879e+02	2.6234449430e+01	
1.3780041629e+02	2.7129135765e+01	
1.3790030500e+02	2.7717849236e+01	
1.3800024698e+02	2.7941159028e+01	
1.3810022777e+02	2.7786420825e+01	
1.3820026871e+02	2.7420325635e+01	
1.3830043132e+02	2.7069430406e+01	
1.3840020075e+02	2.6795268597e+01	
1.3850005079e+02	2.6802075672e+01	
1.3860048052e+02	2.7103368983e+01	
1.3870042154e+02	2.6752314890e+01	
1.3880038502e+02	2.5703842338e+01	
1.3890033216e+02	2.3852143219e+01	
1.3900027239e+02	2.1511468371e+01	
1.3910019036e+02	2.2118867548e+01	
1.3920009958e+02	2.3115882148e+01	
1.3930046158e+02	2.3992980268e+01	
1.3940029618e+02	2.4723584933e+01	
1.3950008703e+02	2.5169572413e+01	
1.3960039205e+02	2.5228480154e+01	
1.3970010888e+02	2.4848441046e+01	
1.3980026353e+02	2.4885272538e+01	
1.3990037582e+02	2.5277057630e+01	
1.4000043256e+02	2.5997509606e+01	
1.4010042336e+02	2.6884774041e+01	
1.4020037958e+02	2.7113324588e+01	
1.4030030896e+02	2.6314266467e+01	
1.4040022950e+02	2.4607380747e+01	
1.4050009458e+02	2.2069364327e+01	
1.4060041963e+02	2.0245018025e+01	
1.4070014139e+02	1.8847487227e+01	
1.4080043734e+02	1.8153692145e+01	
1.4090031083e+02	1.7100896043e+01	
1.4100023728e+02	1.6659729296e+01	
1.4110013612e+02	1.8411440013e+01	
1.4120001189e+02	2.0353792004e+01	
1.4130043781e+02	2.2528540679e+01	
1.4140040037e+02	2.6040085569e+01	
1.4150038321e+02	2.8876327845e+01	
1.4160038733e+02	3.1426669533e+01	
1.4170045147e+02	3.1883855172e+01	
1.4180051522e+02	3.0552944667e+01	
1.4190007996e+02	2.8219771983e+01	
1.4200021174e+02	2.5441941549e+01	
1.4210041879e+02	2.3477428468e+01	
1.4220014848e+02	2.1759404633e+01	
1.4230046648e+02	2.0253338400e+01	
1.4240028149e+02	1.9152829514e+01	
1.4250007150e+02	1.8597538311e+01	
1.4260042670e+02	1.9025457423e+01	
1.4270030482e+02	1.9332885459e+01	
1.4280013614e+02	1.9533336446e+01	
1.4290044974e+02	1.9759433114e+01	
1.4300017672e+02	2.0098408224e+01	
1.4310035775e+02	2.0654389444e+01	
1.4320050513e+02	2.1457424559e+01	
1.4330009935e+02	2.2386236451e+01	
1.4340019902e+02	2.3302511986e+01	
1.4350022446e+02	2.4095497222e+01	
1.4360013496e+02	2.4566921818e+01	
1.4370048685e+02	2.4472255893e+01	
1.4380029269e+02	2.3690031431e+01	
1.4390014283e+02	2.4346005380e+01	
1.4400004631e+02	2.5391103901e+01	
1.4410047571e+02	2.6451405015e+01	
1.4420038026e+02	2.7369721931e+01	
1.4430033485e+02	2.9983876499e+01	
1.4440038384e+02	2.9292265253e+01	
1.4450051544e+02	2.8583198753e+01	
1.4460020974e+02	3.1199922168e+01	
1.4470047247e+02	2.8181573372e+01	
1.4480024482e+02	2.9410937760e+01	
1.4490010638e+02	2.7644450721e+01	
1.4500009348e+02	2.8060107745e+01	
1.4510016483e+02	2.7702708293e+01	
1.4520016075e+02	2.5672145411e+01	
1.4530010682e+02	2.6000629243e+01	
1.4540002851e+02	2.5347979769e+01	
1.4550046917e+02	2.3137000220e+01	
1.4560035065e+02	2.3368055609e+01	
1.4570021008e+02	2.2897342033e+01	
1.4580009283e+02	2.1980293184e+01	
1.4590045361e+02	2.0756104126e+01	
1.4600021224e+02	1.9770269485e+01	
1.4610045310e+02	1.9805484846e+01	
1.4620012668e+02	2.2062296501e+01	
1.4630029971e+02	2.4624248291e+01	
1.4640036406e+02	2.7522869870e+01	
1.4650033536e+02	2.9396071396e+01	
1.4660026363e+02	2.9517819849e+01	
1.4670018938e+02	2.7765264270e+01	
1.4680013861e+02	2.5099487912e+01	
1.4690008929e+02	2.8771073218e+01	
1.4700006247e+02	3.3227896065e+01	
1.4710004266e+02	4.0776297289e+01	
1.4720000519e+02	4.5623204809e+01	
1.4730048983e+02	4.2221832408e+01	
1.4740042935e+02	3.3599232293e+01	
1.4750044543e+02	2.4891562351e+01	
1.4760000359e+02	2.1103347060e+01	
1.4770016854e+02	2.0876981826e+01	
1.4780035567e+02	2.1430674230e+01	
1.4790005253e+02	2.1996650572e+01	
1.4800035008e+02	2.2857756743e+01	
1.4810017235e+02	2.5273180621e+01	
1.4820006257e+02	2.4256568999e+01	
1.4830051048e+02	2.1868001049e+01	
1.4840044359e+02	2.0970569400e+01	
1.4850034471e+02	2.0898559026e+01	
1.4860019211e+02	2.0821710152e+01	
1.4870003294e+02	2.0785997769e+01	
1.4880043364e+02	2.0610648954e+01	
1.4890036775e+02	2.1402847526e+01	
1.4900031088e+02	2.3046650577e+01	
1.4910023023e+02	2.3743372118e+01	
1.4920015148e+02	2.6457592313e+01	
1.4930010830e+02	2.9856067079e+01	
1.4940002023e+02	3.2850297932e+01	
1.4950036581e+02	3.4645044480e+01	
1.4960005437e+02	3.5726961928e+01	
1.4970021515e+02	3.6305206795e+01	
1.4980034383e+02	3.5144544226e+01	
1.4990043059e+02	3.3084066248e+01	
1.5000047420e+02	3.5423903630e+01	
1.5010046546e+02	3.7419406367e+01	
1.5020043935e+02	3.8431083442e+01	
1.5030044019e+02	3.7871433587e+01	
1.5040048672e+02	3.5826515525e+01	
1.5050007807e+02	3.2309198927e+01	
1.5060024116e+02	2.8311881102e+01	
1.5070046727e+02	2.4279466650e+01	
1.5080021326e+02	2.3938343504e+01	
1.5090005126e+02	2.4118112663e+01	
1.5100051999e+02	2.4669195629e+01	
1.5110001556e+02	2.4955996561e+01	
1.5120010660e+02	2.4661794724e+01	
1.5130025032e+02	2.5791926391e+01	
1.5140040114e+02	2.5456209599e+01	
1.5150001110e+02	2.4560092208e+01	
1.5160019772e+02	2.4163982431e+01	
1.5170038337e+02	2.3091146677e+01	
1.5180002066e+02	2.2400081864e+01	
1.5190016519e+02	2.1763411136e+01	
1.5200013843e+02	2.0701444320e+01	
1.5210049963e+02	2.0351124823e+01	
1.5220025380e+02	1.9539529672e+01	
1.5230049949e+02	2.0105570936e+01	
1.5240014659e+02	2.3236078368e+01	
1.5250021029e+02	2.7085926243e+01	
1.5260017142e+02	3.1458054480e+01	
1.5270007343e+02	3.5341140338e+01	
1.5280043585e+02	3.6931821879e+01	
1.5290025129e+02	3.6168678477e+01	
1.5300004653e+02	3.3903913231e+01	
1.5310034090e+02	3.1843003882e+01	
1.5320005730e+02	2.9630790793e+01	
1.5330029870e+02	2.6998874903e+01	
1.5340008695e+02	2.4392794358e+01	
1.5350048207e+02	2.5234102165e+01	
1.5360040365e+02	2.2989507593e+01	
1.5370043122e+02	1.7862113667e+01	
1.5380002502e+02	1.6014214071e+01	
1.5390026733e+02	1.3838181342e+01	
1.5400008686e+02	1.3698154095e+01	
1.5410053080e+02	1.3884098859e+01	
1.5420003086e+02	1.7354200113e+01	
1.5430015786e+02	2.1289439915e+01	
1.5440035690e+02	2.4832132533e+01	
1.5450007290e+02	2.6814263215e+01	
1.5460036112e+02	2.7666306685e+01	
1.5470013105e+02	2.7280887378e+01	
1.5480048296e+02	2.7240038423e+01	
1.5490033154e+02	2.7886262463e+01	
1.5500017074e+02	2.8412653925e+01	
1.5510052644e+02	3.6423165440e+01	
1.5520029131e+02	4.4938143011e+01	
1.5530002616e+02	4.3466373885e+01	
1.5540032061e+02	4.3926047439e+01	
1.5550000671e+02	5.1349147344e+01	
1.5560013366e+02	6.1813261358e+01	
1.5570016031e+02	6.7681363074e+01	
1.5580014379e+02	6.5771650125e+01	
1.5590010453e+02	6.1480637797e+01	
1.5600001518e+02	5.1174666651e+01	
1.5610044501e+02	3.9664106335e+01	
1.5620025074e+02	3.7933592512e+01	
1.5630049765e+02	3.6283031629e+01	
1.5640015888e+02	3.4233019118e+01	
1.5650038312e+02	3.0340799910e+01	
1.5660015284e+02	2.6221684360e+01	
1.5670053373e+02	2.6187011198e+01	
1.5680043739e+02	2.6433945191e+01	
1.5690037410e+02	2.4186234992e+01	
1.5700038531e+02	2.4076653753e+01	
1.5710000648e+02	2.3917569383e+01	
1.5720033130e+02	2.2669471831e+01	
1.5730019459e+02	2.3293638376e+01	
1.5740005786e+02	2.3092462012e+01	
1.5750050000e+02	2.3115776107e+01	
1.5760034408e+02	2.4079159703e+01	
1.5770015186e+02	2.5146549355e+01	
1.5780044311e+02	2.4815670749e+01	
1.5790013817e+02	2.3798905361e+01	
1.5800034192e+02	2.2730388789e+01	
1.5810002277e+02	2.2879342490e+01	
1.5820022375e+02	2.6965494670e+01	
1.5830025443e+02	3.0600557690e+01	
1.5840012265e+02	3.4207015639e+01	
1.5850041241e+02	3.7673328109e+01	
1.5860010871e+02	4.1125301450e+01	
1.5870029689e+02	4.4699327034e+01	
1.5880038605e+02	4.7267039824e+01	
1.5890044029e+02	4.8445496835e+01	
1.5900051876e+02	4.9440217562e+01	
1.5910011170e+02	4.8956517195e+01	
1.5920022809e+02	4.8763115923e+01	
1.5930032156e+02	4.6170512131e+01	
1.5940036664e+02	4.1937057323e+01	
1.5950046453e+02	3.5301561949e+01	
1.5960013099e+02	2.8800123503e+01	
1.5970032390e+02	2.2338159820e+01	
1.5980047179e+02	1.9762552776e+01	
1.5990008460e+02	2.0435164844e+01	
1.6000027021e+02	2.0583776913e+01	
1.6010042093e+02	2.0148147551e+01	
1.6020010238e+02	1.9502967550e+01	
1.6030044972e+02	2.4261750095e+01	
1.6040041933e+02	2.9942350226e+01	
1.6050001157e+02	3.4402713548e+01	
1.6060023572e+02	3.7334330640e+01	
1.6070045475e+02	3.7601066158e+01	
1.6080011347e+02	3.5191924005e+01	
1.6090031328e+02	3.2256778284e+01	
1.6100001210e+02	3.5333014540e+01	
1.6110028684e+02	4.0373544460e+01	
1.6120000499e+02	4.5372177248e+01	
1.6130020115e+02	5.0268717659e+01	
1.6140032097e+02	5.5760669454e+01	
1.6150040879e+02	6.1914757558e+01	
1.6160051385e+02	6.6469920760e+01	
1.6170012765e+02	6.5235844363e+01	
1.6180024956e+02	5.9438792021e+01	
1.6190019496e+02	5.1397401557e+01	
1.6200007957e+02	5.3801626848e+01	
1.6210049465e+02	5.7761674607e+01	
1.6220032237e+02	6.3418885812e+01	
1.6230006023e+02	6.6616910663e+01	
1.6240026999e+02	6.4798878370e+01	
1.6250041463e+02	5.4428057213e+01	
1.6260004847e+02	4.1875382729e+01	
1.6270026526e+02	3.0875693658e+01	
1.6280044503e+02	3.1497965200e+01	
1.6290051998e+02	3.1017120056e+01	
1.6300007584e+02	2.8721397679e+01	
1.6310024885e+02	2.6592934071e+01	
1.6320051554e+02	2.7444604795e+01	
1.6330031821e+02	2.6574924840e+01	
1.6340010756e+02	2.4882018873e+01	
1.6350048369e+02	2.5718121616e+01	
1.6360039948e+02	2.5471669496e+01	
1.6370037691e+02	2.4973859741e+01	
1.6380038614e+02	2.6365422275e+01	
1.6390045409e+02	2.7647984464e+01	
1.6400004089e+02	2.2505228067e+01	
1.6410020332e+02	2.0016152588e+01	
1.6420034498e+02	2.3203969926e+01	
1.6430002447e+02	2.7253880104e+01	
1.6440024239e+02	3.0499422294e+01	
1.6450037845e+02	3.2875059559e+01	
1.6460045786e+02	3.4800006798e+01	
1.6470000473e+02	3.6022955241e+01	
1.6480013591e+02	3.5414190063e+01	
1.6490028215e+02	3.6083261718e+01	
1.6500046191e+02	3.5159535866e+01	
1.6510012969e+02	3.3688931909e+01	
1.6520022774e+02	3.2398318703e+01	
1.6530019610e+02	2.9827636369e+01	
1.6540008393e+02	2.5505138161e+01	
1.6550046306e+02	2.3062549954e+01	
1.6560029515e+02	2.4858113300e+01	
1.6570008078e+02	2.6934143947e+01	
1.6580039227e+02	3.0669306235e+01	
1.6590021287e+02	3.4554823846e+01	
1.6600014184e+02	3.7519092000e+01	
1.6610014639e+02	3.8082041622e+01	
1.6620014568e+02	3.8496380390e+01	
1.6630019093e+02	3.7091001862e+01	
1.6640030008e+02	3.1346664268e+01	
1.6650050870e+02	2.3947950457e+01	
1.6660024842e+02	2.0867294910e+01	
1.6670001606e+02	1.8561245608e+01	
1.6680031718e+02	1.5583510295e+01	
1.6690010788e+02	1.5656752372e+01	
1.6700051145e+02	1.8743935454e+01	
1.6710047616e+02	2.2154218234e+01	
1.6720000915e+02	2.5456849566e+01	
1.6730007684e+02	2.8924060750e+01	
1.6740011310e+02	3.1780767208e+01	
1.6750015649e+02	3.2772733531e+01	
1.6760021529e+02	3.1984399169e+01	
1.6770023859e+02	2.9995819660e+01	
1.6780019753e+02	2.8292270260e+01	
1.6790012696e+02	2.7731563994e+01	
1.6800050890e+02	2.8194181191e+01	
1.6810029932e+02	2.9129277823e+01	
1.6820009174e+02	2.9902791376e+01	
1.6830036735e+02	3.0791116483e+01	
1.6840005775e+02	3.2482131855e+01	
1.6850021257e+02	3.0869383546e+01	
1.6860026307e+02	2.6855951698e+01	
1.6870027621e+02	2.5031385828e+01	
1.6880030021e+02	2.4803348324e+01	
1.6890039834e+02	2.4946554221e+01	
1.6900000872e+02	2.5454736339e+01	
1.6910016468e+02	2.5382963625e+01	
1.6920033753e+02	2.4352517780e+01	
1.6930051448e+02	2.3257145295e+01	
1.6940021451e+02	2.3695645052e+01	
1.6950052029e+02	2.4028694127e+01	
1.6960029527e+02	2.4002533031e+01	
1.6970002675e+02	2.3482626108e+01	
1.6980026752e+02	2.5143306687e+01	
1.6990005782e+02	2.4414477105e+01	
1.7000053595e+02	2.4078622579e+01	
1.7010052340e+02	2.3489094848e+01	
1.7020053325e+02	2.3880974665e+01	
1.7030053442e+02	2.3607452729e+01	
1.7040053120e+02	2.4060780477e+01	
1.7050051456e+02	2.4021730952e+01	
1.7060044616e+02	2.3602320976e+01	
1.7070027933e+02	2.2804431477e+01	
1.7080052278e+02	1.4597906715e+01	
1.7090006376e+02	1.2903214098e+01	
1.7100051647e+02	1.4279706855e+01	
1.7110036345e+02	1.5303299837e+01	
1.7120016397e+02	1.6020078030e+01	
1.7130046197e+02	1.6853751967e+01	
1.7140017775e+02	2.0812824148e+01	
1.7150033729e+02	2.5770804112e+01	
1.7160045030e+02	3.2601752799e+01	
1.7170002677e+02	4.1468788987e+01	
1.7180017156e+02	5.2465204405e+01	
1.7190032577e+02	6.0392068553e+01	
1.7200043611e+02	6.1557043164e+01	
1.7210003998e+02	5.6323802746e+01	
1.7220022456e+02	4.9441638672e+01	
1.7230048512e+02	3.8155176914e+01	
1.7240022909e+02	2.6592766898e+01	
1.7250051706e+02	2.1877369124e+01	
1.7260034128e+02	1.8095085809e+01	
1.7270028119e+02	1.4209291766e+01	
1.7280032878e+02	1.4769460000e+01	
1.7290045051e+02	1.5313214517e+01	
1.7300007019e+02	1.6412150722e+01	
1.7310032965e+02	1.6299407656e+01	
1.7320018715e+02	1.7701610767e+01	
1.7330014599e+02	1.8101974655e+01	
1.7340009165e+02	1.8475495768e+01	
1.7350053699e+02	1.9688893804e+01	
1.7360040630e+02	2.0512504886e+01	
1.7370029743e+02	2.1312685396e+01	
1.7380023373e+02	2.2396230737e+01	
1.7390015833e+02	2.4025709371e+01	
1.7400045846e+02	2.6677892404e+01	
1.7410007278e+02	2.9671640383e+01	
1.7420015736e+02	3.2343230139e+01	
1.7430023549e+02	3.4844135789e+01	
1.7440023576e+02	3.6958813023e+01	
1.7450015998e+02	3.8728787461e+01	
1.7460003009e+02	4.0032308565e+01	
1.7470035788e+02	4.0058913518e+01	
1.7480007996e+02	3.7673175381e+01	
1.7490032987e+02	3.3270824897e+01	
1.7500052337e+02	2.8996347598e+01	
1.7510010960e+02	2.9099510917e+01	
1.7520014967e+02	2.8812257826e+01	
1.7530012455e+02	2.8162769635e+01	
1.7540012912e+02	2.7611797889e+01	
1.7550017158e+02	2.6428955094e+01	
1.7560029049e+02	2.5591273595e+01	
1.7570050544e+02	2.4834834322e+01	
1.7580027317e+02	2.4419965747e+01	
1.7590014187e+02	2.5684926666e+01	
1.7600007710e+02	2.4580685986e+01	
1.7610011270e+02	2.4995453796e+01	
1.7620024548e+02	2.7869275900e+01	
1.7630044479e+02	2.3560571199e+01	
1.7640012288e+02	2.6086345258e+01	
1.7650033808e+02	2.7435115602e+01	
1.7660049053e+02	2.7880228437e+01	
1.7670012621e+02	2.5758647412e+01	
1.7680028019e+02	2.6114463449e+01	
1.7690043574e+02	2.9632602489e+01	
1.7700003114e+02	3.0249312344e+01	
1.7710011780e+02	3.0974589511e+01	
1.7720019277e+02	3.2566673570e+01	
1.7730029990e+02	3.2734099509e+01	
1.7740043628e+02	3.2747716313e+01	
1.7750050906e+02	3.1481054614e+01	
1.7760044580e+02	3.0429642463e+01	
1.7770028232e+02	2.9002895664e+01	
1.7780005056e+02	3.0791602286e+01	
1.7790038208e+02	3.3700882388e+01	
1.7800019740e+02	3.5478031366e+01	
1.7810047846e+02	3.4627609708e+01	
1.7820013844e+02	3.0302358908e+01	
1.7830031335e+02	3.4118506345e+01	
1.7840003124e+02	3.9933988961e+01	
1.7850038507e+02	4.4800830147e+01	
1.7860029447e+02	4.6551256332e+01	
1.7870019847e+02	4.4185279518e+01	
1.7880016393e+02	3.8806664660e+01	
1.7890018769e+02	3.4002408788e+01	
1.7900024095e+02	3.1527295573e+01	
1.7910037415e+02	2.9986689548e+01	
1.7920010131e+02	2.7568932353e+01	
1.7930042072e+02	2.5429661161e+01	
1.7940027763e+02	2.4133345146e+01	
1.7950024242e+02	2.2589180850e+01	
1.7960028674e+02	2.1126858507e+01	
1.7970030672e+02	2.0098454203e+01	
1.7980030954e+02	1.9021427438e+01	
1.7990022931e+02	1.7937186807e+01	
1.8000011205e+02	1.7047053595e+01	
1.8010002114e+02	2.0734238889e+01	
1.8020049466e+02	2.5129165385e+01	
1.8030041708e+02	2.9444606818e+01	
1.8040026109e+02	3.3030673801e+01	
1.8050053312e+02	3.5556713466e+01	
1.8060013291e+02	3.7065559777e+01	
1.8070009312e+02	3.7758693115e+01	
1.8080048482e+02	3.7614700351e+01	
1.8090031306e+02	3.6841798401e+01	
1.8100010345e+02	3.5796951112e+01	
1.8110038142e+02	3.4644400767e+01	
1.8120010832e+02	3.4082883228e+01	
1.8130029314e+02	3.4353444037e+01	
1.8140046985e+02	3.5348900665e+01	
1.8150013543e+02	3.5934727592e+01	
1.8160030962e+02	3.5423637103e+01	
1.8170043598e+02	3.3956581990e+01	
1.8180050279e+02	3.2531412799e+01	
1.8190003102e+02	3.0123413000e+01	
1.8200013324e+02	2.7530853652e+01	
1.8210031080e+02	2.5426465366e+01	
1.8220002457e+02	2.3757130848e+01	
1.8230033948e+02	2.2017129199e+01	
1.8240019221e+02	2.1320769708e+01	
1.8250014529e+02	2.1127922982e+01	
1.8260021784e+02	2.0771692476e+01	
1.8270042211e+02	2.0080010305e+01	
1.8280013053e+02	2.0160563211e+01	
1.8290037328e+02	1.9938981020e+01	
1.8300003319e+02	2.0176111108e+01	
1.8310016264e+02	2.0389765983e+01	
1.8320026504e+02	2.0892192557e+01	
1.8330036379e+02	2.1246116741e+01	
1.8340048558e+02	2.2424424604e+01	
1.8350001483e+02	2.3836277893e+01	
1.8360000854e+02	2.5928367359e+01	
1.8370037754e+02	2.9449397773e+01	
1.8380015568e+02	3.3750115716e+01	
1.8390045163e+02	3.6745806643e+01	
1.8400021117e+02	3.6929664566e+01	
1.8410047763e+02	3.5527281275e+01	
1.8420020431e+02	3.4013369947e+01	
1.8430045088e+02	3.2769835969e+01	
1.8440016407e+02	3.2101615108e+01	
1.8450041908e+02	3.1550089319e+01	
1.8460008478e+02	3.1184124760e+01	
1.8470023677e+02	3.1021141943e+01	
1.8480038830e+02	3.0968669246e+01	
1.8490002599e+02	3.1540409934e+01	
1.8500022870e+02	3.2563680579e+01	
1.8510047734e+02	3.4561388335e+01	
1.8520026386e+02	3.6502081655e+01	
1.8530013312e+02	3.8146657125e+01	
1.8540013004e+02	3.8088692393e+01	
1.8550024038e+02	3.5518609380e+01	
1.8560043473e+02	3.1409481386e+01	
1.8570018575e+02	2.8376716485e+01	
1.8580002499e+02	2.6950547211e+01	
1.8590042436e+02	2.5920830265e+01	
1.8600031170e+02	2.5110011050e+01	
1.8610021352e+02	2.4596562943e+01	
1.8620010253e+02	2.4420170441e+01	
1.8630052120e+02	2.4781854343e+01	
1.8640035674e+02	2.6241778929e+01	
1.8650012722e+02	2.8295484869e+01	
1.8660042187e+02	2.8842010939e+01	
1.8670006694e+02	2.7403070393e+01	
1.8680012262e+02	2.4367807127e+01	
1.8690013309e+02	2.4629720619e+01	
1.8700010075e+02	2.5279012585e+01	
1.8710000148e+02	2.7352065568e+01	
1.8720038796e+02	2.8804728415e+01	
1.8730018632e+02	2.8541648745e+01	
1.8740050032e+02	2.6656104121e+01	
1.8750027823e+02	2.5172680461e+01	
1.8760006615e+02	2.5586697743e+01	
1.8770038696e+02	2.4744047446e+01	
1.8780012701e+02	2.2772976383e+01	
1.8790040409e+02	1.9947525546e+01	
1.8800017603e+02	1.8322387616e+01	
1.8810052751e+02	2.0150414225e+01	
1.8820037579e+02	2.2086589750e+01	
1.8830022561e+02	2.4307731505e+01	
1.8840011080e+02	2.6008461251e+01	
1.8850004943e+02	2.6297016887e+01	
1.8860000102e+02	2.5433095293e+01	
1.8870053423e+02	2.4474147400e+01	
1.8880007821e+02	2.2689669938e+01	
1.8890025141e+02	2.0863123740e+01	
1.8900049717e+02	1.9331713580e+01	
1.8910025945e+02	1.8035360856e+01	
1.8920053445e+02	1.6981687462e+01	
1.8930024300e+02	1.8018511746e+01	
1.8940049473e+02	1.1814650013e+01	
1.8950019490e+02	1.2270666112e+01	
1.8960040881e+02	1.3198690931e+01	
1.8970001155e+02	1.4686728230e+01	
1.8980000617e+02	1.6375245273e+01	
1.8990039987e+02	1.8170319277e+01	
1.9000020790e+02	1.9582404991e+01	
1.9010045493e+02	2.1411679754e+01	
1.9020005237e+02	2.1729982789e+01	
1.9030004536e+02	1.9916356103e+01	
1.9040044656e+02	1.5941221706e+01	
1.9050023000e+02	1.6075041497e+01	
1.9060050849e+02	1.6431430905e+01	
1.9070021722e+02	1.8682582915e+01	
1.9080048153e+02	2.3317498676e+01	
1.9090028032e+02	2.6692433433e+01	
1.9100011067e+02	2.6614452809e+01	
1.9110050254e+02	2.2823499702e+01	
1.9120041941e+02	2.2388371755e+01	
1.9130041060e+02	2.1241343746e+01	
1.9140047607e+02	2.0086389116e+01	
1.9150012363e+02	2.0999170623e+01	
1.9160042373e+02	2.2270043766e+01	
1.9170019123e+02	2.4064717451e+01	
1.9180002988e+02	2.5508021887e+01	
1.9190051252e+02	2.5979393371e+01	
1.9200003731e+02	2.5077792043e+01	
1.9210019855e+02	2.2661942005e+01	
1.9220042539e+02	2.3230663665e+01	
1.9230016603e+02	2.5942685458e+01	
1.9240003179e+02	2.8488339139e+01	
1.9250045845e+02	3.0111412302e+01	
1.9260033196e+02	3.0823970909e+01	
1.9270019146e+02	3.1557390720e+01	
1.9280006475e+02	3.2583423298e+01	
1.9290040375e+02	3.4692418498e+01	
1.9300012124e+02	3.7898627638e+01	
1.9310021884e+02	4.1435240680e+01	
1.9320020749e+02	4.3528390732e+01	
1.9330015161e+02	4.5275411549e+01	
1.9340006204e+02	4.6579662569e+01	
1.9350043859e+02	4.6280409831e+01	
1.9360017431e+02	4.4948371093e+01	
1.9370036913e+02	4.3222786941e+01	
1.9380049175e+02	4.1868745259e+01	
1.9390003039e+02	4.1007749502e+01	
1.9400009951e+02	3.9360567143e+01	
1.9410016035e+02	3.7121523789e+01	
1.9420019953e+02	3.4968280511e+01	
1.9430023361e+02	3.2444994502e+01	
1.9440033608e+02	3.5215882813e+01	
1.9450051592e+02	4.0840219486e+01	
1.9460020013e+02	4.1158093369e+01	
1.9470044016e+02	3.4710739232e+01	
1.9480018047e+02	3.1710452634e+01	
1.9490052525e+02	2.8589139082e+01	
1.9500045290e+02	2.8617858068e+01	
1.9510051061e+02	2.8059909529e+01	
1.9520009367e+02	2.7839805475e+01	
1.9530028912e+02	2.7138195904e+01	
1.9540004704e+02	2.6868739586e+01	
1.9550035789e+02	2.6367510178e+01	
1.9560013514e+02	2.6157493807e+01	
1.9570038251e+02	2.5882589078e+01	
1.9580050802e+02	2.5752706567e+01	
1.9590052096e+02	2.5686684329e+01	
1.9600044454e+02	2.6657963294e+01	
1.9610031198e+02	2.9973453098e+01	
1.9620009590e+02	3.3230671767e+01	
1.9630030731e+02	3.5733749935e+01	
1.9640042691e+02	3.6724637153e+01	
1.9650043899e+02	3.7520376699e+01	
1.9660034846e+02	3.8183148742e+01	
1.9670022593e+02	3.8201982965e+01	
1.9680018355e+02	3.8614578076e+01	
1.9690018370e+02	3.9252531782e+01	
1.9700019856e+02	3.9374705879e+01	
1.9710020570e+02	3.9654886588e+01	
1.9720018970e+02	4.2211014853e+01	
1.9730022502e+02	4.4584082641e+01	
1.9740035943e+02	4.7145520188e+01	
1.9750001102e+02	4.9514502723e+01	
1.9760030228e+02	5.1403734597e+01	
1.9770015536e+02	5.1865632103e+01	
1.9780013721e+02	4.9318454541e+01	
1.9790025731e+02	4.6554012084e+01	
1.9800053003e+02	4.6552264415e+01	
1.9810034793e+02	4.5720706018e+01	
1.9820024437e+02	4.2445359823e+01	
1.9830021342e+02	4.3816487300e+01	
1.9840021711e+02	4.3284832665e+01	
1.9850016448e+02	4.0879430601e+01	
1.9860007986e+02	4.1273712098e+01	
1.9870003147e+02	4.0514011819e+01	
1.9880050684e+02	3.9911288507e+01	
1.9890044191e+02	4.2181960010e+01	
1.9900033572e+02	4.6845901524e+01	
1.9910021883e+02	5.1203656601e+01	
1.9920003178e+02	5.5482559838e+01	
1.9930021587e+02	5.7749778006e+01	
1.9940024771e+02	5.6974867555e+01	
1.9950017702e+02	5.2998953488e+01	
1.9960006787e+02	4.8603484367e+01	
1.9970045614e+02	4.2075770845e+01	
1.9980028496e+02	4.1997558174e+01	
1.9990007942e+02	4.0285886535e+01	
2.0000034833e+02	3.7540703993e+01	
2.0010003697e+02	2.3255896235e+01	
2.0020026126e+02	2.0770237393e+01	
2.0030048842e+02	1.9349241827e+01	
2.0040015960e+02	2.0208714457e+01	
2.0050039987e+02	2.0259453641e+01	
2.0060011916e+02	1.9968474983e+01	
2.0070036753e+02	1.9915854643e+01	
2.0080014831e+02	1.9544003346e+01	
2.0090002814e+02	1.8996513083e+01	
2.0100052159e+02	1.8281674221e+01	
2.0110002179e+02	1.7617444475e+01	
2.0120013675e+02	1.6947565168e+01	
2.0130035942e+02	1.6833782269e+01	
2.0140017613e+02	1.6757865361e+01	
2.0150009483e+02	1.8903204322e+01	
2.0160053516e+02	2.1207188516e+01	
2.0170039354e+02	2.3126238931e+01	
2.0180026148e+02	2.3902827594e+01	
2.0190013870e+02	2.4108418864e+01	
2.0200002398e+02	2.5679745446e+01	
2.0210038336e+02	2.4921160371e+01	
2.0220010126e+02	2.3624386058e+01	
2.0230019926e+02	2.3204284329e+01	
2.0240016649e+02	2.3183454631e+01	
2.0250002425e+02	2.3288691235e+01	
2.0260037323e+02	2.3352685733e+01	
2.0270016821e+02	2.3334006488e+01	
2.0280042585e+02	2.3520263233e+01	
2.0290006651e+02	2.3985452437e+01	
2.0300018013e+02	2.5382642517e+01	
2.0310026441e+02	2.6627085667e+01	
2.0320037507e+02	2.7536349198e+01	
2.0330000366e+02	2.8258374277e+01	
2.0340011239e+02	2.9508927502e+01	
2.0350018447e+02	3.0269321522e+01	
2.0360030515e+02	2.9188240067e+01	
2.0370047987e+02	2.7138936070e+01	
2.0380021796e+02	2.4227395821e+01	
2.0390007155e+02	2.1813286141e+01	
2.0400003481e+02	2.0062602963e+01	
2.0410013945e+02	1.8915002506e+01	
2.0420028963e+02	1.8158131867e+01	
2.0430049198e+02	1.8696555636e+01	
2.0440022974e+02	1.9380031614e+01	
2.0450002861e+02	2.0215137134e+01	
2.0460039171e+02	2.0306385565e+01	
2.0470032774e+02	1.9075431945e+01	
2.0480040354e+02	2.0628703310e+01	
2.0490051549e+02	2.2842006302e+01	
2.0500009001e+02	2.5250714741e+01	
2.0510017085e+02	2.7588130103e+01	
2.0520024327e+02	3.0147883344e+01	
2.0530026211e+02	3.3098169788e+01	
2.0540016734e+02	3.6266313554e+01	
2.0550049824e+02	3.9027978546e+01	
2.0560022377e+02	4.1004592399e+01	
2.0570044879e+02	4.1709568600e+01	
2.0580004722e+02	4.0642376925e+01	
2.0590010812e+02	3.7652534351e+01	
2.0600010397e+02	3.2877637897e+01	
2.0610003573e+02	3.1503020708e+01	
2.0620040932e+02	3.3103614147e+01	
2.0630019514e+02	3.3867029821e+01	
2.0640048021e+02	3.3914064967e+01	
2.0650023287e+02	3.3370768650e+01	
2.0660003855e+02	3.2482953647e+01	
2.0670036576e+02	3.1992313013e+01	
2.0680018240e+02	3.6834759792e+01	
2.0690007101e+02	4.1316298952e+01	
2.0700000824e+02	4.4831155200e+01	
2.0710000332e+02	4.7394195859e+01	
2.0720010443e+02	4.9193990942e+01	
2.0730032705e+02	5.0385123570e+01	
2.0740007417e+02	5.1205101357e+01	
2.0750047155e+02	5.2473040813e+01	
2.0760049113e+02	5.4510727759e+01	
2.0770004816e+02	5.6342095766e+01	
2.0780011043e+02	5.6214202232e+01	
2.0790010302e+02	5.3831226615e+01	
2.0800052134e+02	4.9908048153e+01	
2.0810035583e+02	4.4593787825e+01	
2.0820016985e+02	3.8898140704e+01	
2.0830046003e+02	3.3170505617e+01	
2.0840019609e+02	3.0264024039e+01	
2.0850048123e+02	2.8730525128e+01	
2.0860021641e+02	2.9185087228e+01	
2.0870042452e+02	3.0164616224e+01	
2.0880051052e+02	3.0582664579e+01	
2.0890049734e+02	3.0114256985e+01	
2.0900042134e+02	2.9130720284e+01	
2.0910034950e+02	2.7898714552e+01	
2.0920019431e+02	2.6625984351e+01	
2.0930042602e+02	2.6465823844e+01	
2.0940003833e+02	2.7001099734e+01	
2.0950021796e+02	2.7226387355e+01	
2.0960048191e+02	2.6899759852e+01	
2.0970034685e+02	2.6077426426e+01	
2.0980030558e+02	2.4884806766e+01	
2.0990027334e+02	2.5440769240e+01	
2.1000025276e+02	2.5334467393e+01	
2.1010024224e+02	2.4201139150e+01	
2.1020029380e+02	2.2438296594e+01	
2.1030040809e+02	2.0606495472e+01	
2.1040048158e+02	1.9687886102e+01	
2.1050002189e+02	1.9561183503e+01	
2.1060014106e+02	1.9579087944e+01	
2.1070041564e+02	1.9630674093e+01	
2.1080032382e+02	1.9656144462e+01	
2.1090026042e+02	1.9721086578e+01	
2.1100024929e+02	2.0233144254e+01	
2.1110033960e+02	2.0852053555e+01	
2.1120038854e+02	2.1987893975e+01	
2.1130041227e+02	2.0664111332e+01	
2.1140046834e+02	1.7182487209e+01	
2.1150001270e+02	1.8175005852e+01	
2.1160012099e+02	1.9090266470e+01	
2.1170016970e+02	1.9882370578e+01	
2.1180003171e+02	2.0771638041e+01	
2.1190033952e+02	2.1662146891e+01	
2.1200006252e+02	2.2540102477e+01	
2.1210030878e+02	2.3443757577e+01	
2.1220053037e+02	2.4077020641e+01	
2.1230012603e+02	2.4615312285e+01	
2.1240020687e+02	2.5571509386e+01	
2.1250026263e+02	2.7781758772e+01	
2.1260033367e+02	3.0280201293e+01	
2.1270036552e+02	3.2412838912e+01	
2.1280030528e+02	3.3856141704e+01	
2.1290014971e+02	3.4631879700e+01	
2.1300051396e+02	3.4708846827e+01	
2.1310042593e+02	3.3890816389e+01	
2.1320043313e+02	3.2214688995e+01	
2.1330046280e+02	3.0346203607e+01	
2.1340000204e+02	2.8638485369e+01	
2.1350010150e+02	2.7139478830e+01	
2.1360032092e+02	2.6136409650e+01	
2.1370015462e+02	2.6328189430e+01	
2.1380003978e+02	2.6075477144e+01	
2.1390050564e+02	2.5461011519e+01	
2.1400047669e+02	2.4422510287e+01	
2.1410050493e+02	2.3378368081e+01	
2.1420008840e+02	2.2464686858e+01	
2.1430018886e+02	2.1685588879e+01	
2.1440025110e+02	2.0979519084e+01	
2.1450033437e+02	2.0727922985e+01	
2.1460037854e+02	2.0561367628e+01	
2.1470034675e+02	2.2257013304e+01	
2.1480026530e+02	2.4246339659e+01	
2.1490014629e+02	2.7308437094e+01	
2.1500005834e+02	2.8623009420e+01	
2.1510042196e+02	2.8515583877e+01	
2.1520012181e+02	2.1549871292e+01	
2.1530019117e+02	2.1956462795e+01	
2.1540021238e+02	2.2707626452e+01	
2.1550025464e+02	2.3607874011e+01	
2.1560025615e+02	2.3451122052e+01	
2.1570019964e+02	2.3194695953e+01	
2.1580002400e+02	2.3742705645e+01	
2.1590037064e+02	2.4226829217e+01	
2.1600018248e+02	2.4394334791e+01	
2.1610005858e+02	2.4440475477e+01	
2.1620002647e+02	2.4530363879e+01	
2.1630053171e+02	2.4813108473e+01	
2.1640050441e+02	2.5333626896e+01	
2.1650047569e+02	2.5372311694e+01	
2.1660047562e+02	2.4758722954e+01	
2.1670004024e+02	2.3415128206e+01	
2.1680020436e+02	2.1351947101e+01	
2.1690044711e+02	1.8740384641e+01	
2.1700019198e+02	1.8355481068e+01	
2.1710005809e+02	1.8316219313e+01	
2.1720009019e+02	1.8334154914e+01	
2.1730016116e+02	1.8246217655e+01	
2.1740017893e+02	1.8047582863e+01	
2.1750015928e+02	1.7629735126e+01	
2.1760014597e+02	1.5081464364e+01	
2.1770011132e+02	1.6414737988e+01	
2.1780048293e+02	2.0782731867e+01	
2.1790021297e+02	2.5796817255e+01	
2.1800040723e+02	3.1599947033e+01	
2.1810053174e+02	3.8944763268e+01	
2.1820004088e+02	4.7446876355e+01	
2.1830048799e+02	5.4060057667e+01	
2.1840026854e+02	5.6280664504e+01	
2.1850048186e+02	5.3816395781e+01	
2.1860012700e+02	4.6953554694e+01	
2.1870028654e+02	3.9782199616e+01	
2.1880040771e+02	3.1568414899e+01	
2.1890048143e+02	2.4434838487e+01	
2.1900051835e+02	2.0854776848e+01	
2.1910052704e+02	1.7644530728e+01	
2.1920006086e+02	1.6854382656e+01	
2.1930014791e+02	1.6403013268e+01	
2.1940019701e+02	1.5598049317e+01	
2.1950023228e+02	1.4317028838e+01	
2.1960031184e+02	1.7589897827e+01	
2.1970046369e+02	2.1610606143e+01	
2.1980018570e+02	2.6964918965e+01	
2.1990000043e+02	3.0212805894e+01	
2.2000045510e+02	3.4583593328e+01	
2.2010049715e+02	3.7056944639e+01	
2.2020007112e+02	3.7410001683e+01	
2.2030022710e+02	3.5890531711e+01	
2.2040043304e+02	3.3377162474e+01	
2.2050016260e+02	3.0492190822e+01	
2.2060041560e+02	2.8278156324e+01	
2.2070008775e+02	2.7443450028e+01	
2.2080031583e+02	2.7804582348e+01	
2.2090007105e+02	2.8937427023e+01	
2.2100031954e+02	2.9028480919e+01	
2.2110048816e+02	2.8600219814e+01	
2.2120010739e+02	2.8206934502e+01	
2.2130027112e+02	2.1196819634e+01	
2.2140043616e+02	1.8880972623e+01	
2.2150050282e+02	1.6078666421e+01	
2.2160048924e+02	1.4098223528e+01	
2.2170044432e+02	1.2326400979e+01	
2.2180040447e+02	1.1105488666e+01	
2.2190030538e+02	1.1474264239e+01	
2.2200014134e+02	1.1597050501e+01	
2.2210052138e+02	1.1282706445e+01	
2.2220041932e+02	1.3514352452e+01	
2.2230035069e+02	1.4861466611e+01	
2.2240027262e+02	1.5209336481e+01	
2.2250017029e+02	1.5498817603e+01	
2.2260004756e+02	1.5679334554e+01	
2.2270048963e+02	1.5660661937e+01	
2.2280042442e+02	1.5504188974e+01	
2.2290046826e+02	1.5522933911e+01	
2.2300015006e+02	1.5387966250e+01	
2.2310049077e+02	1.7248819467e+01	
2.2320036639e+02	2.1745954580e+01	
2.2330028441e+02	2.4972388374e+01	
2.2340025467e+02	2.7529496523e+01	
2.2350039182e+02	2.9970741340e+01	
2.2360013288e+02	3.3015791425e+01	
2.2370038523e+02	3.5698292305e+01	
2.2380002659e+02	3.7756021240e+01	
2.2390020861e+02	3.9690993184e+01	
2.2400039436e+02	3.9755066185e+01	
2.2410003324e+02	3.6377111056e+01	
2.2420012861e+02	3.3765017478e+01	
2.2430009274e+02	3.2392819659e+01	
2.2440040217e+02	3.0960920981e+01	
2.2450010308e+02	3.0108122892e+01	
2.2460033886e+02	2.8624657510e+01	
2.2470006835e+02	2.6682498818e+01	
2.2480029754e+02	2.3553765222e+01	
2.2490039010e+02	2.2985037834e+01	
2.2500032303e+02	2.4326555005e+01	
2.2510020633e+02	2.4289394324e+01	
2.2520015245e+02	2.2856121116e+01	
2.2530016521e+02	2.0178425497e+01	
2.2540017938e+02	1.7188771999e+01	
2.2550012933e+02	1.5038722261e+01	
2.2560011029e+02	1.5271332521e+01	
2.2570017835e+02	1.5609763166e+01	
2.2580031343e+02	1.6066277345e+01	
2.2590003660e+02	1.6446867379e+01	
2.2600029344e+02	1.6363113534e+01	
2.2610050569e+02	1.5757968919e+01	
2.2620019172e+02	1.4837198008e+01	
2.2630048456e+02	1.5506141953e+01	
2.2640043290e+02	1.3808322421e+01	
2.2650004845e+02	1.5249360925e+01	
2.2660019998e+02	1.7303636484e+01	
2.2670030838e+02	1.8460572858e+01	
2.2680040031e+02	1.8933872807e+01	
2.2690043406e+02	1.6085582632e+01	
2.2700040321e+02	1.2147457207e+01	
2.2710037169e+02	1.2690527891e+01	
2.2720029910e+02	1.3733039729e+01	
2.2730012730e+02	1.4888266166e+01	
2.2740032830e+02	1.7237622822e+01	
2.2750039523e+02	1.9993612644e+01	
2.2760040401e+02	2.2636042337e+01	
2.2770042413e+02	2.4436786172e+01	
2.2780046516e+02	2.8127888898e+01	
2.2790040727e+02	3.0799529110e+01	
2.2800022571e+02	3.1178298014e+01	
2.2810043523e+02	2.9025755568e+01	
2.2820006630e+02	2.5195909089e+01	
2.2830026172e+02	2.4687851341e+01	
2.2840043255e+02	2.2762982365e+01	
2.2850002593e+02	2.1690165081e+01	
2.2860014180e+02	2.0244268485e+01	
2.2870023767e+02	1.8670379938e+01	
2.2880034373e+02	1.8570037851e+01	
2.2890051481e+02	2.0049505987e+01	
2.2900020679e+02	2.1774319955e+01	
2.2910038929e+02	2.3381221047e+01	
2.2920051153e+02	2.4051736963e+01	
2.2930019581e+02	2.4809007989e+01	
2.2940000509e+02	2.4785699483e+01	
2.2950044685e+02	2.8312328779e+01	
2.2960039058e+02	3.2238518493e+01	
2.2970041148e+02	3.5420690836e+01	
2.2980007292e+02	3.7747132779e+01	
2.2990044994e+02	3.8767094995e+01	
2.3000036472e+02	3.8520756652e+01	
2.3010024607e+02	3.7499480660e+01	
2.3020017688e+02	3.5929043350e+01	
2.3030020553e+02	3.4390386601e+01	
2.3040022340e+02	3.3796879909e+01	
2.3050017340e+02	3.3405963256e+01	
2.3060013731e+02	3.2065556833e+01	
2.3070005496e+02	3.0165740051e+01	
2.3080043548e+02	3.0728945446e+01	
2.3090012019e+02	3.4103661655e+01	
2.3100019772e+02	3.6901233781e+01	
2.3110022169e+02	3.8533826699e+01	
2.3120026381e+02	3.8441905982e+01	
2.3130029177e+02	3.6434082559e+01	
2.3140025092e+02	3.3175471162e+01	
2.3150007405e+02	2.8534542237e+01	
2.3160034822e+02	2.3366920740e+01	
2.3170013683e+02	2.2653992964e+01	
2.3180002988e+02	2.6465878222e+01	
2.3190049473e+02	2.9848971921e+01	
2.3200034227e+02	3.2179853447e+01	
2.3210009061e+02	3.3330099767e+01	
2.3220034868e+02	3.3619301177e+01	
2.3230018958e+02	3.3430153156e+01	
2.3240020983e+02	3.2559825437e+01	
2.3250030760e+02	3.1383567778e+01	
2.3260043554e+02	3.0313333884e+01	
2.3270012850e+02	2.9527977992e+01	
2.3280002016e+02	2.8417363082e+01	
2.3290011690e+02	2.7616545489e+01	
2.3300026594e+02	2.7206784856e+01	
2.3310036716e+02	2.7021490834e+01	
2.3320037770e+02	2.7040699840e+01	
2.3330027587e+02	2.7146570312e+01	
2.3340014600e+02	2.7125332722e+01	
2.3350001670e+02	2.8919449164e+01	
2.3360037214e+02	3.2975342876e+01	
2.3370004209e+02	3.3257109310e+01	
2.3380005498e+02	3.5679908097e+01	
2.3390040638e+02	2.7778394954e+01	
2.3400012787e+02	1.1064064028e+01	
2.3410042658e+02	1.1718965368e+01	
2.3420023509e+02	1.2439361578e+01	
2.3430000468e+02	1.2971077492e+01	
2.3440019907e+02	1.3502991592e+01	
2.3450031617e+02	1.3790008437e+01	
2.3460040937e+02	1.4151496497e+01	
2.3470000107e+02	1.4339861010e+01	
2.3480021038e+02	1.4177301840e+01	
2.3490049324e+02	1.3903936172e+01	
2.3500022720e+02	1.3809199948e+01	
2.3510048986e+02	1.3709670672e+01	
2.3520032275e+02	1.3820105230e+01	
2.3530025462e+02	1.4687032948e+01	
2.3540031946e+02	1.4928209951e+01	
2.3550051805e+02	1.4741992828e+01	
2.3560018066e+02	1.8036593304e+01	
2.3570039623e+02	2.1287795582e+01	
2.3580016325e+02	2.3287555923e+01	
2.3590003367e+02	2.4685142122e+01	
2.3600000994e+02	2.4689166453e+01	
2.3610048250e+02	2.0920539276e+01	
2.3620048589e+02	1.7364251349e+01	
2.3630007431e+02	2.6966962942e+01	
2.3640016099e+02	3.2398179247e+01	
2.3650022213e+02	2.9080116611e+01	
2.3660035994e+02	2.8688495487e+01	
2.3670006812e+02	3.4275992182e+01	
2.3680022770e+02	3.9819875775e+01	
2.3690023601e+02	4.4067570525e+01	
2.3700013273e+02	4.6287079478e+01	
2.3710052052e+02	4.6153177975e+01	
2.3720036651e+02	4.5173880547e+01	
2.3730016690e+02	4.3715669869e+01	
2.3740031022e+02	4.1132759888e+01	
2.3750028367e+02	3.6765703916e+01	
2.3760020837e+02	3.0845796259e+01	
2.3770017186e+02	2.5306004776e+01	
2.3780015858e+02	2.3910186008e+01	
2.3790010380e+02	2.3812686405e+01	
2.3800047269e+02	2.2760400537e+01	
2.3810022702e+02	2.0398576050e+01	
2.3820051915e+02	1.6918761704e+01	
2.3830036216e+02	1.5698482222e+01	
2.3840031653e+02	1.3728451627e+01	
2.3850028774e+02	1.3880376408e+01	
2.3860025366e+02	1.4258238855e+01	
2.3870024643e+02	1.4566825846e+01	
2.3880032868e+02	1.4217967246e+01	
2.3890006453e+02	1.4596331516e+01	
2.3900052601e+02	1.6611667301e+01	
2.3910000692e+02	1.7615918726e+01	
2.3920003852e+02	1.7635102020e+01	
2.3930013398e+02	1.7423079013e+01	
2.3940026652e+02	1.7290314744e+01	
2.3950042883e+02	1.6837604832e+01	
2.3960001121e+02	1.6055000948e+01	
2.3970011290e+02	1.5481787942e+01	
2.3980006942e+02	1.3791340365e+01	
2.3990034229e+02	1.4771802280e+01	
2.4000043833e+02	1.5689673178e+01	
2.4010051906e+02	1.6948533485e+01	
2.4020004393e+02	1.6975424261e+01	
2.4030003001e+02	1.6906695294e+01	
2.4040037094e+02	1.6655401745e+01	
2.4050047858e+02	1.8537063546e+01	
2.4060048073e+02	2.1083753493e+01	
2.4070001205e+02	2.3584793661e+01	
2.4080012957e+02	2.5850103209e+01	
2.4090021111e+02	2.7635782664e+01	
2.4100020649e+02	2.9012115304e+01	
2.4110020217e+02	3.0213708047e+01	
2.4120023927e+02	3.1565139926e+01	
2.4130043769e+02	3.3665655825e+01	
2.4140020023e+02	3.6504551231e+01	
2.4150000999e+02	3.8042771030e+01	
2.4160041982e+02	3.7540685949e+01	
2.4170035619e+02	3.5547964603e+01	
2.4180042180e+02	3.2648260949e+01	
2.4190014371e+02	2.9534670945e+01	
2.4200005248e+02	2.6439249592e+01	
2.4210006289e+02	2.3664622570e+01	
2.4220011977e+02	2.1340849075e+01	
2.4230026148e+02	1.5527664111e+01	
2.4240051708e+02	2.0177797521e+01	
2.4250024879e+02	1.8752042071e+01	
2.4260049850e+02	1.5108509807e+01	
2.4270017457e+02	1.5425075551e+01	
2.4280023886e+02	1.5478568869e+01	
2.4290021115e+02	1.5200910611e+01	
2.4300016120e+02	1.4534426497e+01	
2.4310010299e+02	1.3679766290e+01	
2.4320050565e+02	1.5282172996e+01	
2.4330026237e+02	1.7267889961e+01	
2.4340041209e+02	1.9497330503e+01	
2.4350040993e+02	2.1548326365e+01	
2.4360030233e+02	2.3003955075e+01	
2.4370016883e+02	2.3540575667e+01	
2.4380004230e+02	2.2831906507e+01	
2.4390043778e+02	2.0683350113e+01	
2.4400026133e+02	1.8249847899e+01	
2.4410005815e+02	2.0730413879e+01	
2.4420040727e+02	2.3154004037e+01	
2.4430028407e+02	2.4166700388e+01	
2.4440024820e+02	2.3140154703e+01	
2.4450024974e+02	2.1450728117e+01	
2.4460023997e+02	1.8340087842e+01	
2.4470026755e+02	1.7598845378e+01	
2.4480038893e+02	1.7287186685e+01	
2.4490008370e+02	1.6003801392e+01	
2.4500038525e+02	1.4816868503e+01	
2.4510022804e+02	1.4637480788e+01	
2.4520010797e+02	1.5265296600e+01	
2.4530006717e+02	1.5758313632e+01	
2.4540015572e+02	1.6032322965e+01	
2.4550036608e+02	1.5890817844e+01	
2.4560053554e+02	1.6050616265e+01	
2.4570014951e+02	1.6073619827e+01	
2.4580026709e+02	1.6636618263e+01	
2.4590034947e+02	1.7210839863e+01	
2.4600038231e+02	1.8148039392e+01	
2.4610039931e+02	1.6589758524e+01	
2.4620034691e+02	1.7244456251e+01	
2.4630017965e+02	1.7773194897e+01	
2.4640034452e+02	1.8158570054e+01	
2.4650037462e+02	1.8260054902e+01	
2.4660032976e+02	1.8212123592e+01	
2.4670022106e+02	1.8006450279e+01	
2.4680002556e+02	1.7671369134e+01	
2.4690029863e+02	1.7219891735e+01	
2.4700000241e+02	1.7796789366e+01	
2.4710019510e+02	1.8650088769e+01	
2.4720036340e+02	1.9566575889e+01	
2.4730049956e+02	2.1571436927e+01	
2.4740007645e+02	2.2795632843e+01	
2.4750015249e+02	2.2613515065e+01	
2.4760028027e+02	2.2674129323e+01	
2.4770043557e+02	2.3235940722e+01	
2.4780008927e+02	1.9946132510e+01	
2.4790034590e+02	2.0451335751e+01	
2.4800015510e+02	1.8235213515e+01	
2.4810005218e+02	1.8851249614e+01	
2.4820010673e+02	1.9270204256e+01	
2.4830025209e+02	1.9489510011e+01	
2.4840047887e+02	1.9512983877e+01	
2.4850030892e+02	1.9497132698e+01	
2.4860023336e+02	1.9338178344e+01	
2.4870024149e+02	1.8986024641e+01	
2.4880033876e+02	2.3291830592e+01	
2.4890007342e+02	2.5957071023e+01	
2.4900037387e+02	3.0227745551e+01	
2.4910008019e+02	3.4270315860e+01	
2.4920030926e+02	3.8807445241e+01	
2.4930049132e+02	4.3573583844e+01	
2.4940003522e+02	4.7723370896e+01	
2.4950003324e+02	5.0459446850e+01	
2.4960051305e+02	5.4368623407e+01	
2.4970035666e+02	5.7413416191e+01	
2.4980016926e+02	5.7706187862e+01	
2.4990048573e+02	5.4589353728e+01	
2.5000017223e+02	4.8497558947e+01	
2.5010028502e+02	4.0095235609e+01	
2.5020033587e+02	3.1269172966e+01	
2.5030034873e+02	2.3931667658e+01	
2.5040030317e+02	2.2507871269e+01	
2.5050021603e+02	1.9230242600e+01	
2.5060009814e+02	2.0387036314e+01	
2.5070051784e+02	2.2757651821e+01	
2.5080043198e+02	2.4508252345e+01	
2.5090042532e+02	2.4121452597e+01	
2.5100049885e+02	2.2500163327e+01	
2.5110007187e+02	1.9751376360e+01	
2.5120021773e+02	1.8194211302e+01	
2.5130042174e+02	1.6369050921e+01	
2.5140016027e+02	1.4866670117e+01	
2.5150052945e+02	1.5432297812e+01	
2.5160041528e+02	1.5154851932e+01	
2.5170039135e+02	1.4407495754e+01	
2.5180049450e+02	1.4685857953e+01	
2.5190014749e+02	1.6248005734e+01	
2.5200033192e+02	1.7507038021e+01	
2.5210048532e+02	1.8544766465e+01	
2.5220003948e+02	1.9570308020e+01	
2.5230010956e+02	2.1853679426e+01	
2.5240007399e+02	2.4862655993e+01	
2.5250052220e+02	2.7736747222e+01	
2.5260024506e+02	3.0495285783e+01	
2.5270041347e+02	3.3138702741e+01	
2.5280045267e+02	3.5735424313e+01	
2.5290037227e+02	3.8341040935e+01	
2.5300020126e+02	4.0985474168e+01	
2.5310050452e+02	4.3740756640e+01	
2.5320026154e+02	4.6659883018e+01	
2.5330002394e+02	4.9736017706e+01	
2.5340030181e+02	5.2864271145e+01	
2.5350008063e+02	5.3913690726e+01	
2.5360040628e+02	5.1228068736e+01	
2.5370025027e+02	4.4998178327e+01	
2.5380009527e+02	3.5774558504e+01	
2.5390050414e+02	2.8364032459e+01	
2.5400041048e+02	2.6999568632e+01	
2.5410030034e+02	2.2092300352e+01	
2.5420027504e+02	2.0646916876e+01	
2.5430036770e+02	1.8064617218e+01	
2.5440002846e+02	1.6223574322e+01	
2.5450024879e+02	1.6347981750e+01	
2.5460048932e+02	1.6623551617e+01	
2.5470026590e+02	1.6620004079e+01	
2.5480015209e+02	1.6431935021e+01	
2.5490020945e+02	1.6894162153e+01	
2.5500039078e+02	1.8474478566e+01	
2.5510014197e+02	1.9522681296e+01	
2.5520051151e+02	2.0196316903e+01	
2.5530041233e+02	2.0766834626e+01	
2.5540026850e+02	2.1696371891e+01	
2.5550008169e+02	2.3462428516e+01	
2.5560032170e+02	2.5781445331e+01	
2.5570048597e+02	2.8167330050e+01	
2.5580052837e+02	2.9895369349e+01	
2.5590045439e+02	3.3345053882e+01	
2.5600027187e+02	3.6416608461e+01	
2.5610001595e+02	3.8557656809e+01	
2.5620026674e+02	3.8599708624e+01	
2.5630053001e+02	3.6963489957e+01	
2.5640020276e+02	3.3945837449e+01	
2.5650034219e+02	3.0403657400e+01	
2.5660045945e+02	2.7518973777e+01	
2.5670004973e+02	2.6379790337e+01	
2.5680016054e+02	2.7999515792e+01	
2.5690027469e+02	2.7779176983e+01	
2.5700040698e+02	2.6007401954e+01	
2.5710052034e+02	2.4902223791e+01	
2.5720015054e+02	2.3936097124e+01	
2.5730039068e+02	2.1857894436e+01	
2.5740017742e+02	1.6193272193e+01	
2.5750003060e+02	1.4839161491e+01	
2.5760048440e+02	1.4717531052e+01	
2.5770047179e+02	1.5921816141e+01	
2.5780005491e+02	1.6312897002e+01	
2.5790031116e+02	1.7962559189e+01	
2.5800012764e+02	1.9406045543e+01	
2.5810040973e+02	1.9633853946e+01	
2.5820010610e+02	2.5047472257e+01	
2.5830030610e+02	2.8974492898e+01	
2.5840046955e+02	2.9954066812e+01	
2.5850007168e+02	2.6545568526e+01	
2.5860014665e+02	2.5098629784e+01	
2.5870016338e+02	2.4791605030e+01	
2.5880004390e+02	2.4913585334e+01	
2.5890031700e+02	2.4632293832e+01	
2.5900047993e+02	2.3487879318e+01	
2.5910002073e+02	1.6227309652e+01	
2.5920002246e+02	1.5993099591e+01	
2.5930043414e+02	1.5520854038e+01	
2.5940022796e+02	1.6820793192e+01	
2.5950052630e+02	1.6809015070e+01	
2.5960029028e+02	1.7693564010e+01	
2.5970009317e+02	1.8360337959e+01	
2.5980046979e+02	1.8252905702e+01	
2.5990035735e+02	1.6690173140e+01	
2.6000022788e+02	1.4531992597e+01	
2.6010013558e+02	1.3919470801e+01	
2.6020015708e+02	1.4029028998e+01	
2.6030025546e+02	1.4392428281e+01	
2.6040044308e+02	1.4972901259e+01	
2.6050018638e+02	1.5329404130e+01	
2.6060001437e+02	1.5431417666e+01	
2.6070043441e+02	1.5257546691e+01	
2.6080040502e+02	1.4819005718e+01	
2.6090049396e+02	1.4796574411e+01	
2.6100014158e+02	1.5529772932e+01	
2.6110042325e+02	1.5839848798e+01	
2.6120019708e+02	1.5347272675e+01	
2.6130004823e+02	1.4889234744e+01	
2.6140045979e+02	1.7276404162e+01	
2.6150030996e+02	2.1630077867e+01	
2.6160015244e+02	2.5743961786e+01	
2.6170050322e+02	2.9499111882e+01	
2.6180025492e+02	3.2795602334e+01	
2.6190038513e+02	3.5547960136e+01	
2.6200034618e+02	3.7728680303e+01	
2.6210021101e+02	4.0013366564e+01	
2.6220003132e+02	4.2536883982e+01	
2.6230030413e+02	4.3309786373e+01	
2.6240051582e+02	4.2243313644e+01	
2.6250011495e+02	3.9402234094e+01	
2.6260012637e+02	3.4853445880e+01	
2.6270004770e+02	2.9676128238e+01	
2.6280047600e+02	2.4809166419e+01	
2.6290034997e+02	2.0700438183e+01	
2.6300015686e+02	1.8929642289e+01	
2.6310043503e+02	1.7132592102e+01	
2.6320019551e+02	1.7044358160e+01	
2.6330001858e+02	1.6948220871e+01	
2.6340048145e+02	1.6428256614e+01	
2.6350047301e+02	1.5669876394e+01	
2.6360050386e+02	1.4873700921e+01	
2.6370002109e+02	1.4131077347e+01	
2.6380017210e+02	1.3793682954e+01	
2.6390041761e+02	1.5831059907e+01	
2.6400023565e+02	1.9419195952e+01	
2.6410012540e+02	2.3622244959e+01	
2.6420010229e+02	2.7002603641e+01	
2.6430014153e+02	2.8638109132e+01	
2.6440023786e+02	2.8580767631e+01	
2.6450031936e+02	2.7721684439e+01	
2.6460045771e+02	2.6732833040e+01	
2.6470009764e+02	2.5695014966e+01	
2.6480025518e+02	2.5062842188e+01	
2.6490037794e+02	2.4711000248e+01	
2.6500041086e+02	1.9907698957e+01	
2.6510031742e+02	1.8692112033e+01	
2.6520009070e+02	1.7034875706e+01	
2.6530036081e+02	1.6176555936e+01	
2.6540000235e+02	1.5901589668e+01	
2.6550010959e+02	1.5163289073e+01	
2.6560010281e+02	1.4039118705e+01	
2.6570001234e+02	1.3914744783e+01	
2.6580044400e+02	1.5570970833e+01	
2.6590033330e+02	1.7100527074e+01	
2.6600016651e+02	1.8488821102e+01	
2.6610045425e+02	1.9752403063e+01	
2.6620019087e+02	2.0909802063e+01	
2.6630052741e+02	2.2004868785e+01	
2.6640040803e+02	2.3047521482e+01	
2.6650039441e+02	2.3590243468e+01	
2.6660042526e+02	2.2497524822e+01	
2.6670053013e+02	2.0124910860e+01	
2.6680024977e+02	1.7233161747e+01	
2.6690012268e+02	1.4348834172e+01	
2.6700007884e+02	1.2886137035e+01	
2.6710013349e+02	1.2384571249e+01	
2.6720025683e+02	1.3866794782e+01	
2.6730047896e+02	1.6027377710e+01	
2.6740024032e+02	1.8570521314e+01	
2.6750006485e+02	2.1253089819e+01	
2.6760000646e+02	2.4606493738e+01	
2.6770045014e+02	2.8354869323e+01	
2.6780028678e+02	3.2255916780e+01	
2.6790005712e+02	3.4745639616e+01	
2.6800035648e+02	3.6255584471e+01	
2.6810009819e+02	3.6609979745e+01	
2.6820032422e+02	3.5119594222e+01	
2.6830044018e+02	3.3253222156e+01	
2.6840040886e+02	3.1694269705e+01	
2.6850028342e+02	3.0711440532e+01	
2.6860008050e+02	2.9848037544e+01	
2.6870033660e+02	2.8108154507e+01	
2.6880005586e+02	2.6130697708e+01	
2.6890030325e+02	2.3632466748e+01	
2.6900002809e+02	2.0376462194e+01	
2.6910025236e+02	1.6708047804e+01	
2.6920048088e+02	1.5090756074e+01	
2.6930020791e+02	1.5556921214e+01	
2.6940051718e+02	1.5222415777e+01	
2.6950027531e+02	1.4305112999e+01	
2.6960007922e+02	1.3152828726e+01	
2.6970046925e+02	1.1878913542e+01	
2.6980040378e+02	1.0615019570e+01	
2.6990039112e+02	1.0591498346e+01	
2.7000046791e+02	1.0556388268e+01	
2.7010012368e+02	1.0719937476e+01	
2.7020039005e+02	1.2460983531e+01	
2.7030022044e+02	1.4147221764e+01	
2.7040011733e+02	1.5345370828e+01	
2.7050002587e+02	1.5823539130e+01	
2.7060044744e+02	1.5800451175e+01	
2.7070035478e+02	1.5498672345e+01	
2.7080025406e+02	1.1322965545e+01	
2.7090017253e+02	1.1361003169e+01	
2.7100003616e+02	1.1338416739e+01	
2.7110035367e+02	1.1264250214e+01	
2.7120001465e+02	1.1252647589e+01	
2.7130011830e+02	1.1270133196e+01	
2.7140008802e+02	1.1348289185e+01	
2.7150041170e+02	1.1508743439e+01	
2.7160008777e+02	1.1684577274e+01	
2.7170025056e+02	1.1654099747e+01	
2.7180036316e+02	1.1392568701e+01	
2.7190042009e+02	1.0974699896e+01	
2.7200041380e+02	1.0469921522e+01	
2.7210038454e+02	9.9897118553e+00	
2.7220036090e+02	1.0072337894e+01	
2.7230032900e+02	1.0162237042e+01	
2.7240028430e+02	1.0238865392e+01	
2.7250019729e+02	1.0276779487e+01	
2.7260008613e+02	1.0238047692e+01	
2.7270004260e+02	1.0088726891e+01	
2.7280009790e+02	9.9788806300e+00	
2.7290028203e+02	1.0253673404e+01	
2.7300005361e+02	1.1158202356e+01	
2.7310042192e+02	1.1301711341e+01	
2.7320031079e+02	1.0945879188e+01	
2.7330025281e+02	1.0381048763e+01	
2.7340024961e+02	1.0623716535e+01	
2.7350036461e+02	1.1028575582e+01	
2.7360003830e+02	1.1744722016e+01	
2.7370035712e+02	1.2698891728e+01	
2.7380023310e+02	1.3617484598e+01	
2.7390019257e+02	1.4343642270e+01	
2.7400011831e+02	1.4936438976e+01	
2.7410002067e+02	1.5590176847e+01	
2.7420046304e+02	1.7343505048e+01	
2.7430034303e+02	1.9369296779e+01	
2.7440012333e+02	2.1495368159e+01	
2.7450031580e+02	2.3762238779e+01	
2.7460041899e+02	2.6021417876e+01	
2.7470049221e+02	2.8082633483e+01	
2.7480050822e+02	2.9910424839e+01	
2.7490042775e+02	3.1840195457e+01	
2.7500027129e+02	3.4034279327e+01	
2.7510006922e+02	3.5831213665e+01	
2.7520037331e+02	3.6595142472e+01	
2.7530014113e+02	3.6283512689e+01	
2.7540038958e+02	3.5666683784e+01	
2.7550005206e+02	3.5463157329e+01	
2.7560020512e+02	3.4406508192e+01	
2.7570032299e+02	3.1569892280e+01	
2.7580044045e+02	2.7592777373e+01	
2.7590002101e+02	2.2996037961e+01	
2.7600013612e+02	1.8366295755e+01	
2.7610026714e+02	1.5682392143e+01	
2.7620044178e+02	1.7454924729e+01	
2.7630014362e+02	2.0872707519e+01	
2.7640049646e+02	2.4401676017e+01	
2.7650045853e+02	2.6963321028e+01	
2.7660000286e+02	2.7623015925e+01	
2.7670016792e+02	2.5323251047e+01	
2.7680043403e+02	2.2393254076e+01	
2.7690023563e+02	1.8070891637e+01	
2.7700004407e+02	1.5580624741e+01	
2.7710033241e+02	1.4696549754e+01	
2.7720003649e+02	1.6547936595e+01	
2.7730024301e+02	1.8616439708e+01	
2.7740042215e+02	2.0943092538e+01	
2.7750004324e+02	2.3332767575e+01	
2.7760009121e+02	2.4718906019e+01	
2.7770000485e+02	1.9594620388e+01	
2.7780035246e+02	1.3584633891e+01	
2.7790011754e+02	1.3147242991e+01	
2.7800030642e+02	1.3203214275e+01	
2.7810039316e+02	1.3214915937e+01	
2.7820037722e+02	1.2972470653e+01	
2.7830027328e+02	1.2642698536e+01	
2.7840020306e+02	1.2689379400e+01	
2.7850015455e+02	1.3135841283e+01	
2.7860005656e+02	1.3424724315e+01	
2.7870045889e+02	1.3627909935e+01	
2.7880038435e+02	1.3818372854e+01	
2.7890039605e+02	1.3799878897e+01	
2.7900047956e+02	1.3743102256e+01	
2.7910002641e+02	1.3620970474e+01	
2.7920016763e+02	1.3388839052e+01	
2.7930035878e+02	1.3942292788e+01	
2.7940005355e+02	1.4304203131e+01	
2.7950036760e+02	1.4527255677e+01	
2.7960021730e+02	1.4633167342e+01	
2.7970014882e+02	1.4650287765e+01	
2.7980015141e+02	1.4613775940e+01	
2.7990017436e+02	1.4506328173e+01	
2.8000023849e+02	1.4317575393e+01	
2.8010044996e+02	1.4068286818e+01	
2.8020026779e+02	1.4490756451e+01	
2.8030019627e+02	1.4690254691e+01	
2.8040018217e+02	1.4671908106e+01	
2.8050017572e+02	1.5106321998e+01	
2.8060014949e+02	1.6847851579e+01	
2.8070007538e+02	1.8716794478e+01	
2.8080046476e+02	2.0653270864e+01	
2.8090020436e+02	2.2617779439e+01	
2.8100039181e+02	2.4674289074e+01	
2.8110047653e+02	2.6500090644e+01	
2.8120045022e+02	2.7959958232e+01	
2.8130033485e+02	2.8980900561e+01	
2.8140015717e+02	2.9910327240e+01	
2.8150049198e+02	3.1009032910e+01	
2.8160018840e+02	3.1043411050e+01	
2.8170038622e+02	3.0025517218e+01	
2.8180003373e+02	2.8184176254e+01	
2.8190020275e+02	2.5733391750e+01	
2.8200036832e+02	2.2847858555e+01	
2.8210001374e+02	1.9629334362e+01	
2.8220020947e+02	1.8083570546e+01	
2.8230043980e+02	1.6148466258e+01	
2.8240019418e+02	1.4842283267e+01	
2.8250002118e+02	1.3725744939e+01	
2.8260044318e+02	1.4950680141e+01	
2.8270039264e+02	1.5913528377e+01	
2.8280043554e+02	1.6122132910e+01	
2.8290004238e+02	1.6009388156e+01	
2.8300027771e+02	1.6291111878e+01	
2.8310009498e+02	1.8319243733e+01	
2.8320049702e+02	2.2053219943e+01	
2.8330040234e+02	2.6364263621e+01	
2.8340029005e+02	3.0282745184e+01	
2.8350016596e+02	3.2106874783e+01	
2.8360005634e+02	3.2785926807e+01	
2.8370045049e+02	3.3887751690e+01	
2.8380025779e+02	3.4717604884e+01	
2.8390001017e+02	3.5394326444e+01	
2.8400035185e+02	3.5530019116e+01	
2.8410004627e+02	2.8987232599e+01	
2.8420016367e+02	2.2533831154e+01	
2.8430013234e+02	1.8341775173e+01	
2.8440003895e+02	1.8984979075e+01	
2.8450045282e+02	1.9016310488e+01	
2.8460027621e+02	1.8394527377e+01	
2.8470005710e+02	1.7942767144e+01	
2.8480028284e+02	1.7300806404e+01	
2.8490051322e+02	1.7140560546e+01	
2.8500024624e+02	1.6847661271e+01	
2.8510053070e+02	1.6248471092e+01	
2.8520030028e+02	1.4943212476e+01	
2.8530012717e+02	1.5170094833e+01	
2.8540000633e+02	1.5378800555e+01	
2.8550048245e+02	1.4241194057e+01	
2.8560051971e+02	1.2906346824e+01	
2.8570010024e+02	1.2811262134e+01	
2.8580032853e+02	1.2666199567e+01	
2.8590007328e+02	1.2484367312e+01	
2.8600040916e+02	1.2337037282e+01	
2.8610031183e+02	1.2931319769e+01	
2.8620032052e+02	1.3149634988e+01	
2.8630038141e+02	1.2821067783e+01	
2.8640044564e+02	1.2529597244e+01	
2.8650053410e+02	1.3534336159e+01	
2.8660005565e+02	1.3631211959e+01	
2.8670009201e+02	1.5227201403e+01	
2.8680003320e+02	1.6911700980e+01	
2.8690042077e+02	1.8430656896e+01	
2.8700023654e+02	1.9980561320e+01	
2.8710051331e+02	2.1966431512e+01	
2.8720016862e+02	2.4347085555e+01	
2.8730028692e+02	2.7271231639e+01	
2.8740028796e+02	3.0870132801e+01	
2.8750019061e+02	3.5057621841e+01	
2.8760000845e+02	3.9356977407e+01	
2.8770028267e+02	4.2682492562e+01	
2.8780046907e+02	4.4178843793e+01	
2.8790006540e+02	4.3920467564e+01	
2.8800016534e+02	4.4355831286e+01	
2.8810031681e+02	4.4457959570e+01	
2.8820000275e+02	4.4510045854e+01	
2.8830027095e+02	4.0791106807e+01	
2.8840004194e+02	3.4982959839e+01	
2.8850035946e+02	2.9368499445e+01	
2.8860012147e+02	2.4052154388e+01	
2.8870043737e+02	2.0700325863e+01	
2.8880026706e+02	1.7488289266e+01	
2.8890015542e+02	1.6886122153e+01	
2.8900010025e+02	1.7075041632e+01	
2.8910009980e+02	1.6669396793e+01	
2.8920018852e+02	1.6524288435e+01	
2.8930034764e+02	1.8378818730e+01	
2.8940005624e+02	1.6896116551e+01	
2.8950036492e+02	1.7579609780e+01	
2.8960009343e+02	1.8166975571e+01	
2.8970033732e+02	1.8590048699e+01	
2.8980011568e+02	1.8753225816e+01	
2.8990049407e+02	1.8655370453e+01	
2.9000036620e+02	1.8383500265e+01	
2.9010028143e+02	1.7924356250e+01	
2.9020018398e+02	1.7571194732e+01	
2.9030051495e+02	1.8346276789e+01	
2.9040015487e+02	1.8259070598e+01	
