0.0000000000e+00	2.0000000000e-01	
1.0043926741e-01	2.3170099687e-01	
2.0036340053e-01	2.5834926181e-01	
3.0062471088e-01	2.8095710216e-01	
4.0008016691e-01	2.9893755215e-01	
5.0019647289e-01	3.1319215078e-01	
6.0048549981e-01	3.2577044580e-01	
7.0043482873e-01	3.4179258207e-01	
8.0017382556e-01	3.5972859684e-01	
9.0051800777e-01	3.7626307656e-01	
1.0002083624e+00	3.9087263244e-01	
1.1000364276e+00	4.0344381759e-01	
1.2001070001e+00	4.1469417935e-01	
1.3005135810e+00	4.3106403004e-01	
1.4005840880e+00	4.4517437692e-01	
1.5003449133e+00	4.5716817921e-01	
1.6004413041e+00	4.6741840893e-01	
1.7003809456e+00	4.8275109747e-01	
1.8006134947e+00	4.9721561443e-01	
1.9004232106e+00	5.1070907470e-01	
2.0006046444e+00	5.2287888885e-01	
2.1005001733e+00	5.3275800991e-01	
2.2002069333e+00	5.4050470914e-01	
2.3005187425e+00	5.4627384551e-01	
2.4001679860e+00	5.5008055047e-01	
2.5006413742e+00	5.5204474758e-01	
2.6000570535e+00	5.5280572665e-01	
2.7005612961e+00	5.6525732057e-01	
2.8003194408e+00	5.7577092619e-01	
2.9001530970e+00	5.8448338010e-01	
3.0002231810e+00	5.9146219155e-01	
3.1000470465e+00	5.9679481922e-01	
3.2004445460e+00	6.0067179355e-01	
3.3002902804e+00	6.0321924598e-01	
3.4004009025e+00	6.0467903165e-01	
3.5002942471e+00	6.0526882742e-01	
3.6001294870e+00	6.0521512062e-01	
3.7000644582e+00	6.0475556849e-01	
3.8002573010e+00	6.0412815694e-01	
3.9001860780e+00	6.0345933871e-01	
4.0006684228e+00	6.0294058033e-01	
4.1004565641e+00	6.0278683078e-01	
4.2003425735e+00	6.0318573382e-01	
4.3004327994e+00	6.0528090529e-01	
4.4000912675e+00	6.1087977261e-01	
4.5001121027e+00	6.1729084576e-01	
4.6005690440e+00	6.2370072617e-01	
4.7007423688e+00	6.3038472590e-01	
4.8007017667e+00	6.3772733577e-01	
4.9002426394e+00	6.4434151215e-01	
5.0001063446e+00	6.4924272775e-01	
5.1003184394e+00	6.5364254559e-01	
5.2002105226e+00	6.5751458051e-01	
5.3005776049e+00	6.6076915832e-01	
5.4001071642e+00	6.6324867307e-01	
5.5003022859e+00	6.6488487052e-01	
5.6005857563e+00	6.6556974533e-01	
5.7004200174e+00	6.6526489639e-01	
5.8006190222e+00	6.6395175146e-01	
5.9000096332e+00	6.6168245082e-01	
6.0000658372e+00	6.5848370063e-01	
6.1002887617e+00	6.5445367693e-01	
6.2001970417e+00	6.4975164969e-01	
6.3006068186e+00	6.4442413719e-01	
6.4003902568e+00	6.3867950598e-01	
6.5003670733e+00	6.3259678559e-01	
6.6000546418e+00	6.2640660724e-01	
6.7002706553e+00	6.2034143481e-01	
6.8005255430e+00	6.1473269718e-01	
6.9003102881e+00	6.0972562792e-01	
7.0004396340e+00	6.0538576881e-01	
7.1003887956e+00	6.0183044954e-01	
7.2002770399e+00	5.9913973373e-01	
7.3002200270e+00	5.9738793621e-01	
7.4003298954e+00	5.9663482785e-01	
7.5007108892e+00	5.9693359172e-01	
7.6007100408e+00	5.9831579009e-01	
7.7003647483e+00	6.0057334947e-01	
7.8004671880e+00	6.0193530363e-01	
7.9006646502e+00	6.0219366298e-01	
8.0002672812e+00	6.0243188617e-01	
8.1001793618e+00	6.0274582443e-01	
8.2004177031e+00	6.0305494145e-01	
8.3003012208e+00	6.0327114818e-01	
8.4006263322e+00	6.0331057559e-01	
8.5000699825e+00	6.0308409354e-01	
8.6001426926e+00	6.0247665206e-01	
8.7002568012e+00	6.0131841400e-01	
8.8005380762e+00	5.9956874671e-01	
8.9004556456e+00	5.9756018050e-01	
9.0001628021e+00	5.9529109100e-01	
9.1004684186e+00	5.9273863365e-01	
9.2002209156e+00	5.8993791368e-01	
9.3002396506e+00	5.8688271056e-01	
9.4000427981e+00	5.8361360423e-01	
9.5004464048e+00	5.8013860647e-01	
9.6003260960e+00	5.7654584513e-01	
9.7004985861e+00	5.7286087304e-01	
9.8004810830e+00	5.6916174357e-01	
9.9004341323e+00	5.6551025180e-01	
1.0000515929e+01	5.6197406237e-01	
1.0100211904e+01	5.5864760700e-01	
1.0200338818e+01	5.5557513935e-01	
1.0300358604e+01	5.5284099689e-01	
1.0400389251e+01	5.5049726821e-01	
1.0500543588e+01	5.4859150894e-01	
1.0600203959e+01	5.4717119332e-01	
1.0700164445e+01	5.4624607846e-01	
1.0800509944e+01	5.4582820068e-01	
1.0900541667e+01	5.4514159574e-01	
1.1000267751e+01	5.4397936088e-01	
1.1100697898e+01	5.4269868846e-01	
1.1200650543e+01	5.4129059690e-01	
1.1300179364e+01	5.3972016396e-01	
1.1400077511e+01	5.3795232118e-01	
1.1500390373e+01	5.3610970709e-01	
1.1600478850e+01	5.3419732959e-01	
1.1700449809e+01	5.3219226664e-01	
1.1800417845e+01	5.3004762936e-01	
1.1900501381e+01	5.2777133680e-01	
1.2000164061e+01	5.2529968943e-01	
1.2100218208e+01	5.2259851276e-01	
1.2200146750e+01	5.1969441696e-01	
1.2300109756e+01	5.1660375252e-01	
1.2400269240e+01	5.1334974722e-01	
1.2500142402e+01	5.0998506468e-01	
1.2600544879e+01	5.0652490041e-01	
1.2700350235e+01	5.0305713038e-01	
1.2800376635e+01	4.9960657620e-01	
1.2900143306e+01	4.9624665604e-01	
1.3000468413e+01	4.9301082879e-01	
1.3100198247e+01	4.8999604699e-01	
1.3200144858e+01	4.8723521136e-01	
1.3300466350e+01	4.8478156236e-01	
1.3400627376e+01	4.8267799959e-01	
1.3500057285e+01	4.8087062240e-01	
1.3600255326e+01	4.7935752865e-01	
1.3700645297e+01	4.7824068990e-01	
1.3800599258e+01	4.7777602251e-01	
1.3900166963e+01	4.7756978831e-01	
1.4000139659e+01	4.7763015482e-01	
1.4100579860e+01	4.7718707071e-01	
1.4200752898e+01	4.7653667764e-01	
1.4300017103e+01	4.7580188660e-01	
1.4400348296e+01	4.7496459458e-01	
1.4500270280e+01	4.7403129647e-01	
1.4600578026e+01	4.7298720898e-01	
1.4700623334e+01	4.7180853144e-01	
1.4800508571e+01	4.7037736539e-01	
1.4900345518e+01	4.6870343330e-01	
1.5000251461e+01	4.6680686244e-01	
1.5100350236e+01	4.6492098641e-01	
1.5200109451e+01	4.6322227190e-01	
1.5300341343e+01	4.6134855541e-01	
1.5400538752e+01	4.5936277403e-01	
1.5500213704e+01	4.5730442404e-01	
1.5600184276e+01	4.5517388843e-01	
1.5700613276e+01	4.5298089606e-01	
1.5800375860e+01	4.5076239274e-01	
1.5900289234e+01	4.4851740143e-01	
1.6000524759e+01	4.4627542530e-01	
1.6100599562e+01	4.4406633330e-01	
1.6200011008e+01	4.4192003358e-01	
1.6300234529e+01	4.3982577948e-01	
1.6400099939e+01	4.3783092448e-01	
1.6500424966e+01	4.3594181669e-01	
1.6600670814e+01	4.3419270608e-01	
1.6700252069e+01	4.3261421319e-01	
1.6800674437e+01	4.3116281349e-01	
1.6900626820e+01	4.2984350126e-01	
1.7000165773e+01	4.2866408148e-01	
1.7100079054e+01	4.2761998213e-01	
1.7200432119e+01	4.2654561718e-01	
1.7300423207e+01	4.2541679347e-01	
1.7400500632e+01	4.2425430191e-01	
1.7500117055e+01	4.2305160918e-01	
1.7600064181e+01	4.2177961919e-01	
1.7700374957e+01	4.2045295177e-01	
1.7800389780e+01	4.1908914006e-01	
1.7900206105e+01	4.1767248695e-01	
1.8000619227e+01	4.1617382360e-01	
1.8100360592e+01	4.1459619303e-01	
1.8200248626e+01	4.1291543070e-01	
1.8300410675e+01	4.1112113167e-01	
1.8400321330e+01	4.0921975305e-01	
1.8500136293e+01	4.0721167154e-01	
1.8600013552e+01	4.0510096591e-01	
1.8700112151e+01	4.0289738892e-01	
1.8800598263e+01	4.0064759945e-01	
1.8900348107e+01	3.9841671882e-01	
1.9000177649e+01	3.9622057353e-01	
1.9100256315e+01	3.9409287749e-01	
1.9200101965e+01	3.9208292832e-01	
1.9300533235e+01	3.9010203710e-01	
1.9400397781e+01	3.8811500754e-01	
1.9500507935e+01	3.8614873712e-01	
1.9600345863e+01	3.8521037071e-01	
1.9700035675e+01	3.8420806225e-01	
1.9800392012e+01	3.8308458960e-01	
1.9900146218e+01	3.8186327276e-01	
2.0000096503e+01	3.8054404282e-01	
2.0100340845e+01	3.7913156316e-01	
2.0200216737e+01	3.7767634401e-01	
2.0300518285e+01	3.7797228235e-01	
2.0400524653e+01	3.7823936184e-01	
2.0500559685e+01	3.7842744089e-01	
2.0600249621e+01	3.7855495462e-01	
2.0700254791e+01	3.7861363435e-01	
2.0800595746e+01	3.7859541277e-01	
2.0900600593e+01	3.7848095057e-01	
2.1000363829e+01	3.7824404298e-01	
2.1100682739e+01	3.7787565340e-01	
2.1200279231e+01	3.7737540793e-01	
2.1300647714e+01	3.7673188304e-01	
2.1400556681e+01	3.7595156555e-01	
2.1500155695e+01	3.7503715091e-01	
2.1600256046e+01	3.7398641208e-01	
2.1700349264e+01	3.7281304490e-01	
2.1800598934e+01	3.7152719647e-01	
2.1900521160e+01	3.7012907463e-01	
2.2000286052e+01	3.6863476676e-01	
2.2100061666e+01	3.6705996241e-01	
2.2200017203e+01	3.6542050275e-01	
2.2300323378e+01	3.6373127509e-01	
2.2400494696e+01	3.6201621306e-01	
2.2500031220e+01	3.6029598911e-01	
2.2600406890e+01	3.5855101140e-01	
2.2700450017e+01	3.5685669381e-01	
2.2800301391e+01	3.5590507245e-01	
2.2900082996e+01	3.5532474301e-01	
2.3000610800e+01	3.5467034093e-01	
2.3100598493e+01	3.5395910082e-01	
2.3200111538e+01	3.5320155124e-01	
2.3300679543e+01	3.5239728416e-01	
2.3400159640e+01	3.5157415266e-01	
2.3500070863e+01	3.5072967607e-01	
2.3600204787e+01	3.4987270573e-01	
2.3700712124e+01	3.4901172691e-01	
2.3800006417e+01	3.4816714779e-01	
2.3900382096e+01	3.4732543958e-01	
2.4000398363e+01	3.4650444151e-01	
2.4100142108e+01	3.4570839148e-01	
2.4200406898e+01	3.4490788806e-01	
2.4300585621e+01	3.4407582844e-01	
2.4400116651e+01	3.4323894057e-01	
2.4500486014e+01	3.4240654609e-01	
2.4600477473e+01	3.4159798689e-01	
2.4700244874e+01	3.4082122024e-01	
2.4800593697e+01	3.4007937243e-01	
2.4900370156e+01	3.3938982951e-01	
2.5000400578e+01	3.3875479615e-01	
2.5100206123e+01	3.3818439692e-01	
2.5200600026e+01	3.3767973050e-01	
2.5300452980e+01	3.3724974524e-01	
2.5400581413e+01	3.3689195637e-01	
2.5500505699e+01	3.3660774744e-01	
2.5600392810e+01	3.3639387918e-01	
2.5700403225e+01	3.3624567370e-01	
2.5800013933e+01	3.3615841130e-01	
2.5900036497e+01	3.3609873022e-01	
2.6000624433e+01	3.3604854853e-01	
2.6100531430e+01	3.3599816987e-01	
2.6200550264e+01	3.3594262093e-01	
2.6300063887e+01	3.3581933199e-01	
2.6400601026e+01	3.3555001741e-01	
2.6500041379e+01	3.3509280587e-01	
2.6600661701e+01	3.3446802849e-01	
2.6700217567e+01	3.3367249994e-01	
2.6800011321e+01	3.3549203850e-01	
2.6900126462e+01	3.3862507273e-01	
2.7000545819e+01	3.4238930627e-01	
2.7100573430e+01	3.4584591735e-01	
2.7200288100e+01	3.4902663147e-01	
2.7300485776e+01	3.5199019925e-01	
2.7400553436e+01	3.5475419250e-01	
2.7500606581e+01	3.5735961168e-01	
2.7600093235e+01	3.5982842171e-01	
2.7700491865e+01	3.6222788409e-01	
2.7800589291e+01	3.6455365309e-01	
2.7900544771e+01	3.6682775199e-01	
2.8000523531e+01	3.6906367028e-01	
2.8100037111e+01	3.7125356384e-01	
2.8200543018e+01	3.7342637793e-01	
2.8300267135e+01	3.7554090927e-01	
2.8400031342e+01	3.7758291034e-01	
2.8500008329e+01	3.7952265378e-01	
2.8600373297e+01	3.8185927662e-01	
2.8700634246e+01	3.8533496769e-01	
2.8800288624e+01	3.8882461237e-01	
2.8900148058e+01	3.9228965300e-01	
2.9000361347e+01	3.9565029745e-01	
2.9100402928e+01	3.9882001732e-01	
2.9200398483e+01	4.0163522719e-01	
2.9300463445e+01	4.0396535326e-01	
2.9400710805e+01	4.0570521166e-01	
2.9500507716e+01	4.0678447527e-01	
2.9600644740e+01	4.0727279033e-01	
2.9700440373e+01	4.0656016668e-01	
2.9800684781e+01	4.0461263968e-01	
2.9900050586e+01	4.0154119592e-01	
3.0000212234e+01	4.0017311204e-01	
3.0100664016e+01	4.0426048059e-01	
3.0200702377e+01	4.0447687308e-01	
3.0300405659e+01	4.0624784011e-01	
3.0400563744e+01	4.0494186571e-01	
3.0500541336e+01	4.0248469135e-01	
3.0600453153e+01	3.9933144730e-01	
3.0700428406e+01	3.9540204544e-01	
3.0800588414e+01	3.9318054369e-01	
3.0900392603e+01	3.9777082622e-01	
3.1000652105e+01	4.0292464233e-01	
3.1100218602e+01	4.0932264276e-01	
3.1200548592e+01	4.1593391354e-01	
3.1300495352e+01	4.2272185156e-01	
3.1400240139e+01	4.2974983741e-01	
3.1500607363e+01	4.3714423845e-01	
3.1600467113e+01	4.4489675710e-01	
3.1700641816e+01	4.5314223253e-01	
3.1800636880e+01	4.6190159866e-01	
3.1900609551e+01	4.7160188391e-01	
3.2000061950e+01	5.0849001187e-01	
3.2100477542e+01	5.8069074588e-01	
3.2200669496e+01	6.5665755057e-01	
3.2300079920e+01	7.3324153327e-01	
3.2400197460e+01	8.0837697249e-01	
3.2500451965e+01	8.7812847191e-01	
3.2600222849e+01	9.3973652399e-01	
3.2700303433e+01	1.0121947558e+00	
3.2800026192e+01	1.0792892642e+00	
3.2900184195e+01	1.1375999407e+00	
3.3000696240e+01	1.1871090575e+00	
3.3100094398e+01	1.2284438083e+00	
3.3200592176e+01	1.2624212551e+00	
3.3300645403e+01	1.2886850116e+00	
3.3400318857e+01	1.3079346994e+00	
3.3500405712e+01	1.3210234560e+00	
3.3600272758e+01	1.3285405140e+00	
3.3700034674e+01	1.3313543840e+00	
3.3800501442e+01	1.3304461616e+00	
3.3900425678e+01	1.3267458692e+00	
3.4000599884e+01	1.3210414669e+00	
3.4100499112e+01	1.3127206571e+00	
3.4200291431e+01	1.3021858725e+00	
3.4300149736e+01	1.2899962179e+00	
3.4400205819e+01	1.2767008581e+00	
3.4500626099e+01	1.2628323423e+00	
3.4600290995e+01	1.2490437331e+00	
3.4700027024e+01	1.2356652042e+00	
3.4800001175e+01	1.2229317274e+00	
3.4900394319e+01	1.2109125987e+00	
3.5000069946e+01	1.1996936040e+00	
3.5100477507e+01	1.1879511225e+00	
3.5200447038e+01	1.1727393433e+00	
3.5300127652e+01	1.1558190327e+00	
3.5400337817e+01	1.1372118935e+00	
3.5500520724e+01	1.1565101330e+00	
3.5600091436e+01	1.2486202597e+00	
3.5700556077e+01	1.3379531921e+00	
3.5800588034e+01	1.4439098160e+00	
3.5900242186e+01	1.5631342515e+00	
3.6000311403e+01	1.6767330819e+00	
3.6100009611e+01	1.7766617071e+00	
3.6200479216e+01	1.8515185151e+00	
3.6300263473e+01	1.8946737106e+00	
3.6400362444e+01	1.9054611882e+00	
3.6500067701e+01	1.8836040768e+00	
3.6600165748e+01	1.8321654030e+00	
3.6700688975e+01	1.7546762808e+00	
3.6800334195e+01	1.6612002305e+00	
3.6900621948e+01	1.5569505133e+00	
3.7000298890e+01	1.4493521022e+00	
3.7100188747e+01	1.3597777251e+00	
3.7200431312e+01	1.3172659788e+00	
3.7300484545e+01	1.2623789964e+00	
3.7400505003e+01	1.1984847289e+00	
3.7500625519e+01	1.1299116097e+00	
3.7600396755e+01	1.3371079747e+00	
3.7700020714e+01	1.6085885042e+00	
3.7800269789e+01	1.9822827436e+00	
3.7900027103e+01	2.3599066226e+00	
3.8000147695e+01	2.6477826817e+00	
3.8100108437e+01	2.9389504196e+00	
3.8200069718e+01	3.2492605460e+00	
3.8300219205e+01	3.5435928982e+00	
3.8400026646e+01	3.8025656106e+00	
3.8500285340e+01	4.0477430195e+00	
3.8600464953e+01	4.4186443785e+00	
3.8700699258e+01	4.7591777866e+00	
3.8800392480e+01	5.0583818826e+00	
3.8900325517e+01	5.2996994062e+00	
3.9000586822e+01	5.4679747440e+00	
3.9100479023e+01	5.5656096383e+00	
3.9200706361e+01	5.6641922105e+00	
3.9300488951e+01	5.8021643667e+00	
3.9400514255e+01	5.9357993318e+00	
3.9500483640e+01	6.0029502198e+00	
3.9600025388e+01	6.0217288005e+00	
3.9700627050e+01	6.0094987508e+00	
3.9800177271e+01	5.9845384327e+00	
3.9900218372e+01	5.9655513561e+00	
4.0000195438e+01	5.8988584517e+00	
4.0100214041e+01	5.6754518354e+00	
4.0200420225e+01	5.3076166899e+00	
4.0300294850e+01	4.8496371867e+00	
4.0400580105e+01	4.5918339496e+00	
4.0500107392e+01	4.5559024884e+00	
4.0600366347e+01	4.5008502499e+00	
4.0700180621e+01	4.4279078657e+00	
4.0800352607e+01	4.5613315791e+00	
4.0900455878e+01	4.6650691608e+00	
4.1000009948e+01	4.8269295249e+00	
4.1100534878e+01	4.5126481146e+00	
4.1200235076e+01	4.6157759544e+00	
4.1300510169e+01	5.2196781684e+00	
4.1400221228e+01	6.1012170459e+00	
4.1500204496e+01	6.6105415988e+00	
4.1600584601e+01	6.5010441038e+00	
4.1700151713e+01	6.8609323728e+00	
4.1800402876e+01	8.0568484131e+00	
4.1900075513e+01	9.3811946797e+00	
4.2000664114e+01	1.1301935178e+01	
4.2100111358e+01	1.3192202197e+01	
4.2200546216e+01	1.4922302892e+01	
4.2300325231e+01	1.6475180273e+01	
4.2400697576e+01	1.7868727296e+01	
4.2500372515e+01	1.9018113646e+01	
4.2600383087e+01	1.9853410589e+01	
4.2700460423e+01	2.0325198981e+01	
4.2800368703e+01	2.0465171079e+01	
4.2900601798e+01	2.0121307296e+01	
4.3000517453e+01	1.9294528694e+01	
4.3100292011e+01	1.8149659656e+01	
4.3200032427e+01	1.6701764394e+01	
4.3300571775e+01	1.4964226506e+01	
4.3400636645e+01	1.3193702859e+01	
4.3500373365e+01	1.1571208619e+01	
4.3600544715e+01	1.0160519590e+01	
4.3700076349e+01	8.9705516399e+00	
4.3800414032e+01	7.9324894963e+00	
4.3900390196e+01	6.9823530474e+00	
4.4000262612e+01	6.1510812167e+00	
4.4100121009e+01	6.8437699648e+00	
4.4200102188e+01	7.5783196484e+00	
4.4300468860e+01	8.4115345838e+00	
4.4400012956e+01	9.3207536777e+00	
4.4500276150e+01	1.0894793752e+01	
4.4600157240e+01	1.2297318900e+01	
4.4700421283e+01	1.3439953561e+01	
4.4800460878e+01	1.4268969913e+01	
4.4900431072e+01	1.4335465277e+01	
4.5000366212e+01	1.3378740470e+01	
4.5100342755e+01	1.3624002696e+01	
4.5200426795e+01	1.4016191100e+01	
4.5300686678e+01	1.4368063837e+01	
4.5400313857e+01	1.4645110061e+01	
4.5500482626e+01	1.4835296330e+01	
4.5600054254e+01	1.6047904909e+01	
4.5700495366e+01	1.5923137488e+01	
4.5800427058e+01	1.6031380941e+01	
4.5900489837e+01	1.2864881358e+01	
4.6000048303e+01	1.1792308138e+01	
4.6100092383e+01	1.2025972525e+01	
4.6200593959e+01	1.2053689830e+01	
4.6300413130e+01	1.1955354057e+01	
4.6400271538e+01	1.1718120008e+01	
4.6500357516e+01	1.1388771255e+01	
4.6600161850e+01	1.1025436057e+01	
4.6700445356e+01	1.0684675027e+01	
4.6800613247e+01	1.0419689153e+01	
4.6900119725e+01	1.1754989942e+01	
4.7000434222e+01	1.3811584937e+01	
4.7100484335e+01	1.4544431351e+01	
4.7200500838e+01	1.1956676918e+01	
4.7300598250e+01	1.4320897605e+01	
4.7400357317e+01	1.7926755653e+01	
4.7500568815e+01	1.8338186023e+01	
4.7600082189e+01	1.8707366689e+01	
4.7700425090e+01	2.0205677568e+01	
4.7800332345e+01	2.2199327997e+01	
4.7900610310e+01	2.3070245273e+01	
4.8000112060e+01	2.2328555278e+01	
4.8100229101e+01	2.4951945562e+01	
4.8200364355e+01	2.4852493310e+01	
4.8300490778e+01	2.5561838903e+01	
4.8400688982e+01	2.5263907511e+01	
4.8500315278e+01	2.4102142298e+01	
4.8600120957e+01	2.1938134297e+01	
4.8700149793e+01	2.0915353514e+01	
4.8800003425e+01	1.9286740242e+01	
4.8900201866e+01	1.8236781222e+01	
4.9000673215e+01	1.8181811433e+01	
4.9100040545e+01	2.4532548235e+01	
4.9200484364e+01	2.7711212473e+01	
4.9300556910e+01	2.0496362283e+01	
4.9400099532e+01	2.1751049890e+01	
4.9500019333e+01	2.0978450391e+01	
4.9600589661e+01	1.9869568681e+01	
4.9700166312e+01	1.9310921501e+01	
4.9800140077e+01	1.9385855498e+01	
4.9900492717e+01	1.8904646449e+01	
5.0000119751e+01	2.2659533413e+01	
5.0100440175e+01	2.7857445538e+01	
5.0200159435e+01	3.0233511171e+01	
5.0300007861e+01	2.8118501795e+01	
5.0400245722e+01	2.6767586935e+01	
5.0500367594e+01	2.4403807659e+01	
5.0600064290e+01	2.1601280558e+01	
5.0700432932e+01	2.3483541310e+01	
5.0800226704e+01	2.7415929191e+01	
5.0900339221e+01	3.0690731197e+01	
5.1000160732e+01	3.1426514685e+01	
5.1100029619e+01	3.1638708204e+01	
5.1200003472e+01	3.1826180994e+01	
5.1300303598e+01	2.7228122541e+01	
5.1400520738e+01	2.0180623352e+01	
5.1500162726e+01	1.9109929655e+01	
5.1600078849e+01	1.9465290941e+01	
5.1700383284e+01	2.0377268222e+01	
5.1800524269e+01	2.6459187776e+01	
5.1900467958e+01	2.4937880066e+01	
5.2000695291e+01	2.4037656882e+01	
5.2100489576e+01	2.3840175506e+01	
5.2200400598e+01	2.0005307326e+01	
5.2300405877e+01	1.9902173043e+01	
5.2400566903e+01	1.8602973872e+01	
5.2500335892e+01	1.8122664437e+01	
5.2600509259e+01	1.6670279677e+01	
5.2700534512e+01	2.0124792707e+01	
5.2800191992e+01	2.4602806072e+01	
5.2900174593e+01	2.9083885858e+01	
5.3000013740e+01	3.4586737753e+01	
5.3100131768e+01	4.0390706418e+01	
5.3200236443e+01	3.6871316439e+01	
5.3300295774e+01	3.4001626114e+01	
5.3400060450e+01	3.8368575036e+01	
5.3500480355e+01	3.2014660443e+01	
5.3600289210e+01	3.3345691826e+01	
5.3700263005e+01	2.5832617123e+01	
5.3800453369e+01	2.7248613744e+01	
5.3900292922e+01	2.6440169634e+01	
5.4000163255e+01	2.5333603313e+01	
5.4100372578e+01	3.1192745390e+01	
5.4200368837e+01	2.6338432010e+01	
5.4300377746e+01	2.6293043776e+01	
5.4400040412e+01	2.5636371571e+01	
5.4500592034e+01	3.3178889403e+01	
5.4600505911e+01	3.6421754156e+01	
5.4700319900e+01	3.7786266566e+01	
5.4800661712e+01	3.8306850023e+01	
5.4900289195e+01	2.4008371922e+01	
5.5000201153e+01	2.4289900955e+01	
5.5100091422e+01	2.3495589125e+01	
5.5200103099e+01	2.2531903949e+01	
5.5300594490e+01	1.9395747542e+01	
5.5400464297e+01	1.7875323166e+01	
5.5500616960e+01	2.0731910839e+01	
5.5600513418e+01	2.2551539399e+01	
5.5700620266e+01	2.1871369796e+01	
5.5800155664e+01	2.5462353141e+01	
5.5900624222e+01	2.8751482339e+01	
5.6000351864e+01	3.1251958031e+01	
5.6100506367e+01	3.3176749730e+01	
5.6200121456e+01	3.4416703323e+01	
5.6300121782e+01	3.4806164803e+01	
5.6400261380e+01	3.6678075567e+01	
5.6500201295e+01	4.6123434445e+01	
5.6600130357e+01	5.0432918782e+01	
5.6700408170e+01	4.9423774192e+01	
5.6800094965e+01	4.7746535417e+01	
5.6900183391e+01	4.4222541610e+01	
5.7000144579e+01	4.8342370026e+01	
5.7100430895e+01	6.2923059463e+01	
5.7200077012e+01	5.4771894564e+01	
5.7300065859e+01	4.5171904725e+01	
5.7400471272e+01	4.2038147986e+01	
5.7500192179e+01	4.2507088502e+01	
5.7600386235e+01	4.5756770026e+01	
5.7700639227e+01	5.8861287376e+01	
5.7800328631e+01	6.0515252067e+01	
5.7900664833e+01	6.1214159705e+01	
5.8000420654e+01	4.8529572341e+01	
5.8100383992e+01	4.3767107306e+01	
5.8200503815e+01	4.3608900700e+01	
5.8300020114e+01	4.3098717622e+01	
5.8400321579e+01	4.2015746472e+01	
5.8500158623e+01	4.0173885839e+01	
5.8600249569e+01	3.7503218948e+01	
5.8700198786e+01	3.4259817429e+01	
5.8800117327e+01	3.0840490070e+01	
5.8900151808e+01	2.7802025091e+01	
5.9000315125e+01	2.5062027194e+01	
5.9100121926e+01	2.7641694259e+01	
5.9200077395e+01	2.6674075967e+01	
5.9300561666e+01	2.4813605102e+01	
5.9400554374e+01	2.8401694383e+01	
5.9500040279e+01	2.3991515245e+01	
5.9600337421e+01	3.4793192951e+01	
5.9700225865e+01	3.5708608577e+01	
5.9800473093e+01	3.9382170215e+01	
5.9900164839e+01	4.0931315702e+01	
6.0000217962e+01	3.5404504077e+01	
6.0100259951e+01	3.4196129955e+01	
6.0200315216e+01	3.9227180801e+01	
6.0300378403e+01	3.1770349205e+01	
6.0400384098e+01	3.0453198071e+01	
6.0500385492e+01	3.0484786103e+01	
6.0600485951e+01	3.6757206381e+01	
6.0700155510e+01	3.8436463970e+01	
6.0800283745e+01	3.8903094109e+01	
6.0900421125e+01	3.2313244742e+01	
6.1000036688e+01	3.8131335542e+01	
6.1100095621e+01	3.7093961825e+01	
6.1200235974e+01	3.0827775806e+01	
6.1300269427e+01	2.9112841972e+01	
6.1400263908e+01	2.9373045439e+01	
6.1500126553e+01	2.7414668007e+01	
6.1600064001e+01	2.3951728054e+01	
6.1700143227e+01	2.7272435033e+01	
6.1800149488e+01	3.3956722450e+01	
6.1900591594e+01	7.0805784902e+01	
6.2000502590e+01	1.1997409142e+02	
6.2100625360e+01	1.1163060227e+02	
6.2200492038e+01	8.5043516432e+01	
6.2300294884e+01	9.6211721170e+01	
6.2400589372e+01	9.5100444991e+01	
6.2500524595e+01	6.5228715588e+01	
6.2600417559e+01	7.1136136358e+01	
6.2700062694e+01	6.7520091597e+01	
6.2800445770e+01	5.8983687898e+01	
6.2900569030e+01	5.0690504062e+01	
6.3000185909e+01	5.5600493052e+01	
6.3100507374e+01	5.0408257915e+01	
6.3200300828e+01	5.2085610544e+01	
6.3300442569e+01	5.0481841386e+01	
6.3400133603e+01	4.7414691774e+01	
6.3500174984e+01	4.4980092216e+01	
6.3600564382e+01	4.4948159313e+01	
6.3700605403e+01	4.4607773155e+01	
6.3800436325e+01	4.8113339652e+01	
6.3900239046e+01	4.0282068799e+01	
6.4000250915e+01	4.2727109382e+01	
6.4100500546e+01	4.5510552844e+01	
6.4200358412e+01	4.9265577514e+01	
6.4300581909e+01	5.3374981349e+01	
6.4400515812e+01	5.8767480418e+01	
6.4500447222e+01	5.9747536940e+01	
6.4600118312e+01	5.7282143445e+01	
6.4700320029e+01	5.2907143838e+01	
6.4800363407e+01	4.6779671989e+01	
6.4900446740e+01	4.0802818184e+01	
6.5000171149e+01	3.6390094504e+01	
6.5100517426e+01	3.2949097674e+01	
6.5200534019e+01	2.9524139589e+01	
6.5300252150e+01	3.0005540968e+01	
6.5400132376e+01	3.1862079430e+01	
6.5500334148e+01	3.3423539544e+01	
6.5600596113e+01	3.3907980620e+01	
6.5700569892e+01	3.3482923493e+01	
6.5800076206e+01	3.5362456766e+01	
6.5900074614e+01	3.4781305996e+01	
6.6000082690e+01	4.1441217759e+01	
6.6100442867e+01	3.7034260533e+01	
6.6200302148e+01	3.8775533674e+01	
6.6300281133e+01	4.2163668995e+01	
6.6400257893e+01	4.9973990746e+01	
6.6500024479e+01	6.1685739998e+01	
6.6600028337e+01	6.6117948559e+01	
6.6700576110e+01	6.9042774035e+01	
6.6800224653e+01	6.8570989500e+01	
6.6900149601e+01	6.9150483182e+01	
6.7000624327e+01	6.9751688934e+01	
6.7100613074e+01	6.1225791287e+01	
6.7200418632e+01	5.8717425239e+01	
6.7300145071e+01	4.9672577393e+01	
6.7400571378e+01	3.5036874444e+01	
6.7500019200e+01	3.7789710505e+01	
6.7600188705e+01	4.2514185583e+01	
6.7700613278e+01	3.5552017747e+01	
6.7800238632e+01	3.0237500669e+01	
6.7900264751e+01	2.6325688506e+01	
6.8000099469e+01	2.2194157735e+01	
6.8100117068e+01	2.3840828414e+01	
6.8200322220e+01	2.9933870100e+01	
6.8300134905e+01	3.5494677162e+01	
6.8400282241e+01	5.0024376517e+01	
6.8500246555e+01	4.9087484158e+01	
6.8600214067e+01	5.7187554542e+01	
6.8700356003e+01	5.2679464425e+01	
6.8800568254e+01	4.6640146237e+01	
6.8900454494e+01	5.2486225515e+01	
6.9000249813e+01	4.8953696230e+01	
6.9100107105e+01	5.8876300623e+01	
6.9200490826e+01	7.5672688061e+01	
6.9300519575e+01	1.0582982581e+02	
6.9400161692e+01	9.3482285380e+01	
6.9500086672e+01	1.4042239573e+02	
6.9600546354e+01	7.2308578845e+01	
6.9700018759e+01	4.1968508969e+01	
6.9800230494e+01	4.0217771017e+01	
6.9900446696e+01	3.5269131590e+01	
7.0000625532e+01	3.3263979850e+01	
7.0100609751e+01	3.3654378626e+01	
7.0200492880e+01	4.0541507674e+01	
7.0300030219e+01	4.4702193691e+01	
7.0400385672e+01	3.9402050272e+01	
7.0500312083e+01	4.2908472367e+01	
7.0600320255e+01	4.4769782065e+01	
7.0700350876e+01	3.9723983864e+01	
7.0800392458e+01	3.8054387109e+01	
7.0900019916e+01	4.0462843584e+01	
7.1000211996e+01	2.9127111591e+01	
7.1100454055e+01	2.6192801900e+01	
7.1200414776e+01	4.2072407851e+01	
7.1300045647e+01	4.6710118688e+01	
7.1400605359e+01	4.2693509972e+01	
7.1500369241e+01	3.4726858717e+01	
7.1600147732e+01	3.0639037322e+01	
7.1700196700e+01	3.3172984279e+01	
7.1800245979e+01	3.4519517668e+01	
7.1900092386e+01	2.8570697056e+01	
7.2000223506e+01	2.8021081489e+01	
7.2100098412e+01	2.4827154778e+01	
7.2200088387e+01	2.8479418655e+01	
7.2300532800e+01	2.8343615496e+01	
7.2400341751e+01	2.6734893563e+01	
7.2500497669e+01	3.0969563909e+01	
7.2600334858e+01	3.7969607108e+01	
7.2700317827e+01	3.3830355112e+01	
7.2800553979e+01	4.0373203336e+01	
7.2900434779e+01	4.6030940443e+01	
7.3000566087e+01	5.0632610656e+01	
7.3100545235e+01	4.0847316740e+01	
7.3200359007e+01	3.6697155994e+01	
7.3300343675e+01	4.8037432381e+01	
7.3400568589e+01	5.2448028986e+01	
7.3500543060e+01	5.4103521957e+01	
7.3600473784e+01	5.3427985654e+01	
7.3700001139e+01	5.5548654015e+01	
7.3800399911e+01	4.8337582094e+01	
7.3900664613e+01	4.5400883903e+01	
7.4000043853e+01	4.4094733465e+01	
7.4100622979e+01	3.5754211110e+01	
7.4200265410e+01	3.3943229101e+01	
7.4300232142e+01	3.6865214759e+01	
7.4400557018e+01	3.6726665851e+01	
7.4500001803e+01	4.0691058192e+01	
7.4600497540e+01	4.8719237129e+01	
7.4700308215e+01	5.0198195939e+01	
7.4800268663e+01	4.1936088033e+01	
7.4900550198e+01	3.9425055390e+01	
7.5000500707e+01	3.6453721567e+01	
7.5100275162e+01	3.2477775635e+01	
7.5200037517e+01	2.7809801585e+01	
7.5300208811e+01	2.8447404550e+01	
7.5400105721e+01	3.5340246770e+01	
7.5500495896e+01	4.4390100753e+01	
7.5600562440e+01	4.6106930267e+01	
7.5700495183e+01	4.8585935602e+01	
7.5800025845e+01	3.9829183010e+01	
7.5900091752e+01	4.3596287607e+01	
7.6000382669e+01	6.8715494957e+01	
7.6100371895e+01	6.6619883457e+01	
7.6200611292e+01	7.0377443256e+01	
7.6300489486e+01	5.5028792257e+01	
7.6400159135e+01	5.5196654994e+01	
7.6500590334e+01	7.7618943115e+01	
7.6600124414e+01	7.8639827844e+01	
7.6700566429e+01	8.7441821664e+01	
7.6800068923e+01	8.1963544635e+01	
7.6900326045e+01	7.9656257149e+01	
7.7000590777e+01	5.9758738291e+01	
7.7100328336e+01	5.0029874430e+01	
7.7200322800e+01	5.1555590935e+01	
7.7300365138e+01	5.2860502852e+01	
7.7400266976e+01	5.4291565223e+01	
7.7500136607e+01	5.4546922711e+01	
7.7600302901e+01	5.4489908859e+01	
7.7700510868e+01	5.1556608801e+01	
7.7800415164e+01	5.8765949580e+01	
7.7900053484e+01	6.5237309330e+01	
7.8000423826e+01	7.5986947815e+01	
7.8100250238e+01	8.4193695081e+01	
7.8200243765e+01	6.8365007867e+01	
7.8300398835e+01	6.1817037412e+01	
7.8400126499e+01	6.2734656196e+01	
7.8500540174e+01	5.3664304806e+01	
7.8600226241e+01	5.1894856217e+01	
7.8700073988e+01	6.0792930121e+01	
7.8800072267e+01	4.8574005266e+01	
7.8900106228e+01	3.9311355060e+01	
7.9000167487e+01	3.4028433480e+01	
7.9100117056e+01	3.2803760278e+01	
7.9200280674e+01	2.8852210262e+01	
7.9300400506e+01	2.9391891888e+01	
7.9400266993e+01	3.1576352604e+01	
7.9500129092e+01	3.2888968782e+01	
7.9600494095e+01	3.3784684452e+01	
7.9700606864e+01	4.1947259739e+01	
7.9800037427e+01	3.9582253118e+01	
7.9900433393e+01	6.2800520625e+01	
8.0000498038e+01	7.4492176444e+01	
8.0100179734e+01	8.6976091800e+01	
8.0200146733e+01	9.2301290350e+01	
8.0300332234e+01	7.2601905880e+01	
8.0400139044e+01	6.6390002386e+01	
8.0500300552e+01	5.6309637867e+01	
8.0600202133e+01	4.7252215824e+01	
8.0700547742e+01	3.7590660776e+01	
8.0800041621e+01	3.2038189191e+01	
8.0900068255e+01	3.0056010711e+01	
8.1000033166e+01	2.6400464613e+01	
8.1100092880e+01	2.9055302707e+01	
8.1200140060e+01	3.3217552183e+01	
8.1300160115e+01	3.6058195830e+01	
8.1400425917e+01	4.3330410516e+01	
8.1500610064e+01	3.8746596539e+01	
8.1600026163e+01	3.7794377114e+01	
8.1700458309e+01	3.3387643923e+01	
8.1800599377e+01	3.0763382557e+01	
8.1900115731e+01	3.0838763220e+01	
8.2000081188e+01	3.5046754507e+01	
8.2100064851e+01	3.9542931193e+01	
8.2200325313e+01	6.0192137790e+01	
8.2300068330e+01	6.9742976339e+01	
8.2400316009e+01	7.8837650161e+01	
8.2500350115e+01	8.3823910557e+01	
8.2600024968e+01	8.2531903199e+01	
8.2700289296e+01	6.6531662867e+01	
8.2800480544e+01	4.9636166163e+01	
8.2900066526e+01	4.6277948598e+01	
8.3000530976e+01	4.8203731808e+01	
8.3100052683e+01	4.5069248901e+01	
8.3200628760e+01	5.0568000225e+01	
8.3300552891e+01	5.4356965074e+01	
8.3400304629e+01	7.2347129350e+01	
8.3500263455e+01	9.5260634760e+01	
8.3600435886e+01	5.0479453553e+01	
8.3700208682e+01	3.3526202294e+01	
8.3800286600e+01	2.9040213201e+01	
8.3900630852e+01	2.9648392249e+01	
8.4000211188e+01	3.2908136663e+01	
8.4100103155e+01	3.5514297359e+01	
8.4200065082e+01	3.2647643135e+01	
8.4300573883e+01	2.7270519104e+01	
8.4400296646e+01	2.5894257128e+01	
8.4500566210e+01	2.7891843227e+01	
8.4600036881e+01	2.8748462262e+01	
8.4700004832e+01	2.8789479696e+01	
8.4800076772e+01	2.7254011251e+01	
8.4900159047e+01	3.5300149442e+01	
8.5000026175e+01	4.0459682802e+01	
8.5100289372e+01	5.6956249800e+01	
8.5200093955e+01	6.4146716479e+01	
8.5300139286e+01	6.9927998382e+01	
8.5400503937e+01	7.2835421160e+01	
8.5500494541e+01	6.6896056359e+01	
8.5600154537e+01	6.0224028328e+01	
8.5700579354e+01	5.3374203469e+01	
8.5800304174e+01	5.1690375851e+01	
8.5900586246e+01	5.0799680223e+01	
8.6000511641e+01	6.0041851094e+01	
8.6100317852e+01	5.6528066666e+01	
8.6200026182e+01	5.8382754963e+01	
8.6300016334e+01	5.8309634892e+01	
8.6400340516e+01	5.9494578095e+01	
8.6500125415e+01	5.6412906420e+01	
8.6600167590e+01	6.2889212522e+01	
8.6700560873e+01	6.7880125991e+01	
8.6800633887e+01	6.9822813212e+01	
8.6900194865e+01	7.4089965805e+01	
8.7000123314e+01	7.0025204877e+01	
8.7100365752e+01	7.4296454225e+01	
8.7200293726e+01	6.8661889262e+01	
8.7300083731e+01	5.6940882056e+01	
8.7400143997e+01	4.4364011747e+01	
8.7500486723e+01	6.9669733100e+01	
8.7600493262e+01	6.8516975073e+01	
8.7700284586e+01	1.2620157761e+02	
8.7800374540e+01	9.0735862438e+01	
8.7900479198e+01	7.5806792460e+01	
8.8000108728e+01	6.6499672650e+01	
8.8100065098e+01	5.6023767600e+01	
8.8200552724e+01	4.6740742447e+01	
8.8300627036e+01	4.8209564872e+01	
8.8400004363e+01	5.2365483644e+01	
8.8500223176e+01	4.8460769772e+01	
8.8600528255e+01	5.0442937215e+01	
8.8700395396e+01	5.0937094854e+01	
8.8800070162e+01	6.2307867312e+01	
8.8900221038e+01	7.1002844991e+01	
8.9000341368e+01	8.7772075052e+01	
8.9100103885e+01	8.4802694485e+01	
8.9200625150e+01	4.3485442233e+01	
8.9300468820e+01	3.8135738350e+01	
8.9400196540e+01	4.2491231894e+01	
8.9500400770e+01	5.8847318373e+01	
8.9600567845e+01	1.0486814232e+02	
8.9700559177e+01	7.1300514835e+01	
8.9800080850e+01	6.2766097259e+01	
8.9900510385e+01	5.1839404996e+01	
9.0000018868e+01	4.5804937952e+01	
9.0100039656e+01	4.8529963833e+01	
9.0200202667e+01	5.8452384098e+01	
9.0300592933e+01	5.1374805167e+01	
9.0400270316e+01	4.4446648573e+01	
9.0500405395e+01	4.5235126789e+01	
9.0600290103e+01	4.3254482403e+01	
9.0700366487e+01	4.4188865724e+01	
9.0800064442e+01	4.4070333410e+01	
9.0900473405e+01	4.3085635071e+01	
9.1000523651e+01	4.1757268079e+01	
9.1100373451e+01	4.0744022899e+01	
9.1200157270e+01	3.8953131856e+01	
9.1300633457e+01	3.9377241759e+01	
9.1400244681e+01	4.3973938507e+01	
9.1500225224e+01	4.7380647781e+01	
9.1600497247e+01	4.5152706128e+01	
9.1700361620e+01	3.9514000700e+01	
9.1800546619e+01	3.1750563082e+01	
9.1900612067e+01	3.6709909482e+01	
9.2000597033e+01	3.9758439076e+01	
9.2100546368e+01	4.1807781089e+01	
9.2200670411e+01	4.2647555922e+01	
9.2300413167e+01	4.4020974335e+01	
9.2400585489e+01	4.8623079015e+01	
9.2500566901e+01	4.0227357889e+01	
9.2600336902e+01	5.9241212099e+01	
9.2700590284e+01	6.9234272100e+01	
9.2800398039e+01	5.5192325589e+01	
9.2900491090e+01	5.2274365061e+01	
9.3000505230e+01	6.1748715225e+01	
9.3100414669e+01	6.6682346363e+01	
9.3200541049e+01	5.6780536672e+01	
9.3300423024e+01	6.2060810026e+01	
9.3400099139e+01	4.5297143153e+01	
9.3500232331e+01	6.1814401825e+01	
9.3600480319e+01	8.0549450668e+01	
9.3700630326e+01	8.7793363187e+01	
9.3800606781e+01	1.0990200952e+02	
9.3900544551e+01	1.1408703919e+02	
9.4000127634e+01	1.1110545284e+02	
9.4100157215e+01	1.0965460384e+02	
9.4200335541e+01	9.6191701651e+01	
9.4300112899e+01	6.8976441488e+01	
9.4400305304e+01	5.8647582153e+01	
9.4500455380e+01	5.3318327892e+01	
9.4600066340e+01	4.7180543961e+01	
9.4700564225e+01	4.0861863379e+01	
9.4800117266e+01	4.3436817055e+01	
9.4900096853e+01	4.0934344188e+01	
9.5000585364e+01	4.7631887959e+01	
9.5100409018e+01	5.4116309313e+01	
9.5200345458e+01	4.2500054096e+01	
9.5300436386e+01	4.9014070343e+01	
9.5400358567e+01	5.3694952436e+01	
9.5500544000e+01	5.7090412073e+01	
9.5600624296e+01	5.9648232940e+01	
9.5700266003e+01	6.1372271523e+01	
9.5800664633e+01	6.2182374828e+01	
9.5900319175e+01	6.2342950125e+01	
9.6000105756e+01	6.0088312017e+01	
9.6100146792e+01	5.2710070502e+01	
9.6200614572e+01	4.2813756791e+01	
9.6300396956e+01	3.3042084996e+01	
9.6400417648e+01	3.8672638115e+01	
9.6500348150e+01	4.3109649074e+01	
9.6600626335e+01	4.6454576924e+01	
9.6700231030e+01	4.8184572183e+01	
9.6800296272e+01	4.8077796596e+01	
9.6900282129e+01	4.6816882729e+01	
9.7000070579e+01	4.3911383364e+01	
9.7100586536e+01	3.8992780635e+01	
9.7200255572e+01	3.4058707688e+01	
9.7300625134e+01	4.7142229795e+01	
9.7400010003e+01	4.4163601973e+01	
9.7500149448e+01	5.0376818411e+01	
9.7600186580e+01	5.5072732650e+01	
9.7700039830e+01	5.2044222624e+01	
9.7800072512e+01	5.2638441085e+01	
9.7900511919e+01	5.3563205881e+01	
9.8000367336e+01	5.5806293641e+01	
9.8100355126e+01	5.5231480901e+01	
9.8200563648e+01	5.4458857691e+01	
9.8300277122e+01	5.3186986154e+01	
9.8400511579e+01	5.1507236756e+01	
9.8500137096e+01	4.8299981786e+01	
9.8600110578e+01	3.9069184214e+01	
9.8700214749e+01	4.3398809754e+01	
9.8800374298e+01	4.7606374709e+01	
9.8900663325e+01	4.5784004960e+01	
9.9000458750e+01	5.1388845793e+01	
9.9100412538e+01	4.7656909322e+01	
9.9200566084e+01	4.5323782500e+01	
9.9300241234e+01	4.0202060311e+01	
9.9400198716e+01	4.1430191849e+01	
9.9500033686e+01	6.3356342578e+01	
9.9600009513e+01	8.3898912174e+01	
9.9700548359e+01	1.3951374247e+02	
9.9800595476e+01	1.8943348906e+02	
9.9900099616e+01	1.4688767243e+02	
1.0000054787e+02	1.4085457767e+02	
1.0010024547e+02	8.7124499425e+01	
1.0020012495e+02	7.9587047000e+01	
1.0030013509e+02	6.7636913769e+01	
1.0040004828e+02	6.8919423570e+01	
1.0050003035e+02	5.5474425259e+01	
1.0060036582e+02	5.7784747369e+01	
1.0070016597e+02	4.7634734907e+01	
1.0080040119e+02	5.9160486895e+01	
1.0090006930e+02	6.6694965014e+01	
1.0100056200e+02	6.1198565161e+01	
1.0110019365e+02	5.5508392499e+01	
1.0120008219e+02	5.2847909305e+01	
1.0130011685e+02	5.2705616097e+01	
1.0140026727e+02	5.0743689105e+01	
1.0150020281e+02	4.7002553105e+01	
1.0160024798e+02	4.3639546939e+01	
1.0170006193e+02	4.0042570261e+01	
1.0180033766e+02	3.5918167166e+01	
1.0190011108e+02	3.9424560158e+01	
1.0200052204e+02	4.5221963784e+01	
1.0210064653e+02	5.1682121824e+01	
1.0220064031e+02	5.4794621432e+01	
1.0230054418e+02	5.7946000981e+01	
1.0240059503e+02	5.9218696064e+01	
1.0250019919e+02	6.0784709673e+01	
1.0260013045e+02	6.1313267272e+01	
1.0270053891e+02	6.1073802918e+01	
1.0280047993e+02	5.9670742901e+01	
1.0290056060e+02	5.8034550334e+01	
1.0300061622e+02	5.2198222867e+01	
1.0310032692e+02	4.3423157788e+01	
1.0320005786e+02	3.4292868142e+01	
1.0330007956e+02	3.2967202167e+01	
1.0340057056e+02	3.1173306530e+01	
1.0350022091e+02	2.8637214442e+01	
1.0360037296e+02	2.9759476641e+01	
1.0370012583e+02	3.0271260482e+01	
1.0380022285e+02	3.2355728262e+01	
1.0390030181e+02	3.1451436083e+01	
1.0400026731e+02	3.3031382471e+01	
1.0410023628e+02	3.3995046303e+01	
1.0420048607e+02	4.2190772489e+01	
1.0430038228e+02	5.2772979672e+01	
1.0440024231e+02	5.6698396938e+01	
1.0450000022e+02	5.9253410121e+01	
1.0460053749e+02	5.7107841928e+01	
1.0470032275e+02	5.6532495363e+01	
1.0480053037e+02	5.5210952453e+01	
1.0490003524e+02	4.7021180853e+01	
1.0500018713e+02	4.3431243326e+01	
1.0510032261e+02	4.3878922433e+01	
1.0520052375e+02	4.1736519647e+01	
1.0530013468e+02	3.6689702967e+01	
1.0540054113e+02	3.9064250738e+01	
1.0550022014e+02	4.0347659552e+01	
1.0560045152e+02	4.1206257465e+01	
1.0570059173e+02	3.5510033530e+01	
1.0580006743e+02	3.1304186435e+01	
1.0590032813e+02	3.8623821260e+01	
1.0600017323e+02	3.9135985041e+01	
1.0610053476e+02	4.2559542875e+01	
1.0620048869e+02	4.5734722694e+01	
1.0630061663e+02	4.4931771150e+01	
1.0640030868e+02	4.2057267361e+01	
1.0650044661e+02	3.8529762551e+01	
1.0660001336e+02	3.4475045469e+01	
1.0670036939e+02	3.5837711087e+01	
1.0680012683e+02	4.5606406127e+01	
1.0690027062e+02	6.4645945585e+01	
1.0700051600e+02	6.0015045460e+01	
1.0710051529e+02	7.4196786396e+01	
1.0720062370e+02	7.0355232512e+01	
1.0730020537e+02	7.1635020844e+01	
1.0740023610e+02	6.7914044601e+01	
1.0750063793e+02	6.9427669561e+01	
1.0760046876e+02	7.0101504317e+01	
1.0770002371e+02	5.3188467897e+01	
1.0780056345e+02	5.2909448112e+01	
1.0790021600e+02	5.4777029771e+01	
1.0800048700e+02	5.2871980366e+01	
1.0810054552e+02	4.9454240890e+01	
1.0820031265e+02	4.7769033741e+01	
1.0830020447e+02	4.7404338414e+01	
1.0840012340e+02	4.1132316082e+01	
1.0850053588e+02	4.3278032627e+01	
1.0860051407e+02	4.3317143957e+01	
1.0870043575e+02	4.2652707111e+01	
1.0880002051e+02	5.5859043951e+01	
1.0890016100e+02	6.2795890174e+01	
1.0900016098e+02	6.5156638014e+01	
1.0910045719e+02	6.5113476339e+01	
1.0920054283e+02	5.7475566803e+01	
1.0930023634e+02	4.9731076251e+01	
1.0940026346e+02	4.3410757879e+01	
1.0950049480e+02	4.3101241377e+01	
1.0960060464e+02	4.2650398995e+01	
1.0970020959e+02	4.1718081716e+01	
1.0980000953e+02	4.0831614360e+01	
1.0990064542e+02	3.9224405766e+01	
1.1000007244e+02	3.8047209051e+01	
1.1010033462e+02	3.3585014608e+01	
1.1020026941e+02	3.4208040965e+01	
1.1030027309e+02	3.2790594057e+01	
1.1040057229e+02	3.9465117462e+01	
1.1050047032e+02	4.8214936294e+01	
1.1060021095e+02	4.6742168479e+01	
1.1070023556e+02	4.8518245783e+01	
1.1080023749e+02	4.8336630373e+01	
1.1090059349e+02	4.9902509411e+01	
1.1100011665e+02	5.0065364721e+01	
1.1110033351e+02	5.1840074792e+01	
1.1120012405e+02	4.6167980400e+01	
1.1130029522e+02	4.4173551918e+01	
1.1140025876e+02	3.8727609357e+01	
1.1150055366e+02	3.9615888395e+01	
1.1160027200e+02	4.4706648921e+01	
1.1170018594e+02	4.7633300937e+01	
1.1180037756e+02	5.1303939313e+01	
1.1190003578e+02	4.0124999991e+01	
1.1200037316e+02	3.5247549310e+01	
1.1210052923e+02	3.7305639441e+01	
1.1220009908e+02	3.9830603390e+01	
1.1230044676e+02	3.9099543077e+01	
1.1240008797e+02	3.5682193943e+01	
1.1250062773e+02	3.0786542269e+01	
1.1260026244e+02	2.6811452730e+01	
1.1270053005e+02	2.7979286052e+01	
1.1280042595e+02	3.0366100316e+01	
1.1290058032e+02	3.3686788114e+01	
1.1300059187e+02	3.3278978803e+01	
1.1310059582e+02	3.2893618673e+01	
1.1320044819e+02	3.8762804506e+01	
1.1330048277e+02	4.2000666647e+01	
1.1340044677e+02	4.1411180735e+01	
1.1350062370e+02	4.2434276182e+01	
1.1360009473e+02	4.3675692413e+01	
1.1370057174e+02	4.5129843728e+01	
1.1380036850e+02	4.5827609382e+01	
1.1390041492e+02	4.6017709615e+01	
1.1400027659e+02	4.5569609133e+01	
1.1410012953e+02	4.4513048571e+01	
1.1420053678e+02	4.3104917320e+01	
1.1430026753e+02	5.5028520988e+01	
1.1440027111e+02	7.2993583883e+01	
1.1450021008e+02	7.9006253223e+01	
1.1460023552e+02	8.2508868418e+01	
1.1470029385e+02	8.5212936386e+01	
1.1480050426e+02	5.2168074473e+01	
1.1490010753e+02	3.7504854907e+01	
1.1500027487e+02	3.3619736610e+01	
1.1510049624e+02	3.7516743265e+01	
1.1520023142e+02	4.9737776163e+01	
1.1530002844e+02	6.6780855943e+01	
1.1540011055e+02	7.1748230149e+01	
1.1550041095e+02	6.5275374451e+01	
1.1560007469e+02	4.5447144639e+01	
1.1570009063e+02	4.6214791288e+01	
1.1580004899e+02	4.7111249003e+01	
1.1590022793e+02	4.8652178856e+01	
1.1600027788e+02	5.3779156170e+01	
1.1610055257e+02	5.9318937854e+01	
1.1620044001e+02	6.0582230103e+01	
1.1630033332e+02	6.1380465401e+01	
1.1640000166e+02	6.4505873066e+01	
1.1650018283e+02	6.4723685191e+01	
1.1660021304e+02	5.6078270355e+01	
1.1670037212e+02	6.1623190715e+01	
1.1680042560e+02	7.2553247292e+01	
1.1690056358e+02	8.7440976583e+01	
1.1700020497e+02	9.8130959062e+01	
1.1710052870e+02	1.0384610899e+02	
1.1720019608e+02	1.0821240515e+02	
1.1730050724e+02	1.1656330250e+02	
1.1740022207e+02	1.2662461679e+02	
1.1750026572e+02	1.3677685795e+02	
1.1760035727e+02	1.4030110403e+02	
1.1770033421e+02	1.4812634541e+02	
1.1780005091e+02	1.5502435174e+02	
1.1790053588e+02	1.4393019359e+02	
1.1800040054e+02	1.1472621840e+02	
1.1810012889e+02	1.0054898542e+02	
1.1820024389e+02	8.7231831203e+01	
1.1830002526e+02	7.4360095420e+01	
1.1840043447e+02	6.3737630251e+01	
1.1850049068e+02	5.5556391179e+01	
1.1860019381e+02	5.1701495986e+01	
1.1870011015e+02	4.9450946663e+01	
1.1880008570e+02	4.6596698351e+01	
1.1890046391e+02	4.3354816761e+01	
1.1900058387e+02	4.0004660368e+01	
1.1910014905e+02	3.6630977584e+01	
1.1920032090e+02	3.6453172167e+01	
1.1930060799e+02	3.8758465431e+01	
1.1940025628e+02	4.9584489770e+01	
1.1950025731e+02	1.1210678837e+02	
1.1960062322e+02	1.3002901754e+02	
1.1970063993e+02	1.0678418692e+02	
1.1980019865e+02	5.6841488967e+01	
1.1990003493e+02	4.7596067397e+01	
1.2000019122e+02	3.8353521272e+01	
1.2010065655e+02	4.2019406720e+01	
1.2020041509e+02	4.5995008968e+01	
1.2030040190e+02	4.7510059606e+01	
1.2040064317e+02	4.7545872151e+01	
1.2050013453e+02	4.7572838771e+01	
1.2060035038e+02	4.5159408006e+01	
1.2070002927e+02	5.2955142565e+01	
1.2080064339e+02	5.4158397335e+01	
1.2090066829e+02	5.4533399611e+01	
1.2100038407e+02	4.7873718886e+01	
1.2110058185e+02	4.3772699280e+01	
1.2120029823e+02	4.6468225191e+01	
1.2130024138e+02	4.5897088282e+01	
1.2140033651e+02	3.8716334919e+01	
1.2150065875e+02	3.5670326640e+01	
1.2160055655e+02	3.5466869183e+01	
1.2170008742e+02	3.5133899807e+01	
1.2180068166e+02	3.4905366443e+01	
1.2190038228e+02	3.4329599160e+01	
1.2200029682e+02	3.2317019637e+01	
1.2210017672e+02	2.9440220485e+01	
1.2220032959e+02	3.0140075017e+01	
1.2230022134e+02	3.1941173908e+01	
1.2240004953e+02	3.2557772572e+01	
1.2250032184e+02	3.1748643148e+01	
1.2260044916e+02	3.6804035361e+01	
1.2270045461e+02	3.7551963987e+01	
1.2280004402e+02	4.0016675010e+01	
1.2290058516e+02	3.8664502771e+01	
1.2300030106e+02	3.7406556282e+01	
1.2310023272e+02	4.1622212648e+01	
1.2320059831e+02	4.8965850115e+01	
1.2330029359e+02	5.1978010325e+01	
1.2340019826e+02	5.4906497906e+01	
1.2350050557e+02	5.9048058438e+01	
1.2360004271e+02	5.9460744271e+01	
1.2370029807e+02	6.0562443676e+01	
1.2380000634e+02	6.4108459602e+01	
1.2390059803e+02	6.4716407462e+01	
1.2400064783e+02	6.7285604427e+01	
1.2410056176e+02	6.5336544455e+01	
1.2420069318e+02	4.8426515730e+01	
1.2430060050e+02	4.8041067391e+01	
1.2440031890e+02	4.6216226813e+01	
1.2450051944e+02	4.4767970482e+01	
1.2460000649e+02	4.6101536337e+01	
1.2470024489e+02	4.6500245791e+01	
1.2480062456e+02	4.6369861757e+01	
1.2490063552e+02	4.3558169031e+01	
1.2500024334e+02	4.4377491091e+01	
1.2510047162e+02	4.4180094535e+01	
1.2520001093e+02	4.2860311058e+01	
1.2530031596e+02	3.8793801077e+01	
1.2540004647e+02	3.2983722052e+01	
1.2550056945e+02	2.7684227900e+01	
1.2560006068e+02	2.8571757774e+01	
1.2570059373e+02	2.9544213632e+01	
1.2580021946e+02	2.9208286353e+01	
1.2590051129e+02	3.2858242070e+01	
1.2600007243e+02	3.6335694302e+01	
1.2610053978e+02	3.9517471850e+01	
1.2620021765e+02	4.2004114147e+01	
1.2630006819e+02	4.3770950206e+01	
1.2640030950e+02	4.4988208867e+01	
1.2650046795e+02	4.5755427561e+01	
1.2660030230e+02	6.8312002074e+01	
1.2670043304e+02	6.4407172914e+01	
1.2680010827e+02	9.6605500572e+01	
1.2690036966e+02	6.5439709618e+01	
1.2700008341e+02	6.7741215326e+01	
1.2710003033e+02	8.1280920171e+01	
1.2720003935e+02	8.8415106260e+01	
1.2730052528e+02	7.2528660182e+01	
1.2740020474e+02	5.6502783428e+01	
1.2750063227e+02	5.6818517896e+01	
1.2760055102e+02	5.0330412300e+01	
1.2770047548e+02	4.3521859380e+01	
1.2780054895e+02	4.0345418067e+01	
1.2790067706e+02	3.4565055587e+01	
1.2800020545e+02	3.0799632310e+01	
1.2810049638e+02	2.9117127809e+01	
1.2820020376e+02	2.9009338522e+01	
1.2830044832e+02	2.9037444377e+01	
1.2840051847e+02	2.9600827709e+01	
1.2850066467e+02	3.0520437398e+01	
1.2860047624e+02	3.0946563854e+01	
1.2870066414e+02	3.0608504707e+01	
1.2880001620e+02	2.8620364787e+01	
1.2890011194e+02	2.5891661953e+01	
1.2900031599e+02	2.2609271475e+01	
1.2910021641e+02	2.1948456318e+01	
1.2920040744e+02	2.2969752641e+01	
1.2930049110e+02	2.3658713958e+01	
1.2940006918e+02	2.4472114340e+01	
1.2950059149e+02	2.4977096098e+01	
1.2960065639e+02	2.6127465444e+01	
1.2970033274e+02	2.9113997317e+01	
1.2980036918e+02	3.4637575455e+01	
1.2990017582e+02	3.3389204902e+01	
1.3000054352e+02	3.5250989574e+01	
1.3010066426e+02	3.5968803651e+01	
1.3020056133e+02	4.2892272035e+01	
1.3030011356e+02	4.3524260963e+01	
1.3040052271e+02	6.6076551690e+01	
1.3050026685e+02	6.7241598921e+01	
1.3060049388e+02	6.2440120033e+01	
1.3070044916e+02	5.8001717204e+01	
1.3080000082e+02	4.4477192250e+01	
1.3090046037e+02	2.9753453311e+01	
1.3100029791e+02	2.4929179998e+01	
1.3110027317e+02	2.2043746029e+01	
1.3120041678e+02	2.1758880886e+01	
1.3130067055e+02	2.0991684959e+01	
1.3140037939e+02	2.5122543714e+01	
1.3150034786e+02	3.0617528687e+01	
1.3160067862e+02	3.1497674352e+01	
1.3170061536e+02	3.9746168038e+01	
1.3180009324e+02	4.2556323967e+01	
1.3190054133e+02	5.7416625830e+01	
1.3200062346e+02	7.0126840320e+01	
1.3210031580e+02	7.5406395426e+01	
1.3220063600e+02	7.1550809867e+01	
1.3230006722e+02	6.3878875041e+01	
1.3240024166e+02	5.4205511400e+01	
1.3250036984e+02	4.3263140496e+01	
1.3260056829e+02	3.9739961243e+01	
1.3270023816e+02	3.9850425237e+01	
1.3280021869e+02	4.6105488417e+01	
1.3290067377e+02	4.7902300866e+01	
1.3300011249e+02	3.9265711914e+01	
1.3310044602e+02	3.5624423259e+01	
1.3320046209e+02	4.0393929097e+01	
1.3330036164e+02	3.7640751147e+01	
1.3340027324e+02	4.1018358691e+01	
1.3350027740e+02	4.0155424865e+01	
1.3360027933e+02	2.9023266247e+01	
1.3370005833e+02	2.8337780797e+01	
1.3380037879e+02	3.1400801743e+01	
1.3390049817e+02	3.3277805704e+01	
1.3400068248e+02	3.2667932798e+01	
1.3410044215e+02	3.6062320252e+01	
1.3420000457e+02	2.5849965358e+01	
1.3430033403e+02	3.4989152351e+01	
1.3440014244e+02	5.0838977486e+01	
1.3450025452e+02	7.0149164568e+01	
1.3460007349e+02	7.2156401459e+01	
1.3470020533e+02	1.0018281586e+02	
1.3480008801e+02	8.1289113494e+01	
1.3490060355e+02	8.0549972648e+01	
1.3500038020e+02	9.9239168502e+01	
1.3510066188e+02	9.3874417909e+01	
1.3520030662e+02	8.1091858527e+01	
1.3530020199e+02	6.6520529891e+01	
1.3540053310e+02	6.1762160428e+01	
1.3550048233e+02	5.4807399573e+01	
1.3560013257e+02	4.9689783533e+01	
1.3570036990e+02	4.8918326850e+01	
1.3580064548e+02	5.4545941291e+01	
1.3590040854e+02	6.3768001131e+01	
1.3600000240e+02	6.2591431830e+01	
1.3610047633e+02	5.6993513708e+01	
1.3620019051e+02	5.7899585124e+01	
1.3630021109e+02	4.9692108560e+01	
1.3640038729e+02	5.4584042928e+01	
1.3650036604e+02	5.5669767206e+01	
1.3660024526e+02	4.9709372562e+01	
1.3670011121e+02	4.9247763149e+01	
1.3680004084e+02	4.9443455386e+01	
1.3690008280e+02	4.7935123864e+01	
1.3700005304e+02	4.7758328579e+01	
1.3710071055e+02	4.7011758956e+01	
1.3720019109e+02	4.6948877574e+01	
1.3730036773e+02	4.5020214144e+01	
1.3740059508e+02	4.4345313978e+01	
1.3750028786e+02	4.2606493589e+01	
1.3760025415e+02	4.0809897583e+01	
1.3770049735e+02	3.9587267067e+01	
1.3780002118e+02	3.8283391648e+01	
1.3790057411e+02	3.7305777584e+01	
1.3800022940e+02	3.6213729433e+01	
1.3810045383e+02	3.4769433026e+01	
1.3820023595e+02	3.2751034564e+01	
1.3830008842e+02	3.0538402302e+01	
1.3840001066e+02	2.8095860539e+01	
1.3850038295e+02	2.5430263889e+01	
1.3860062533e+02	2.4978511782e+01	
1.3870020928e+02	2.5195080813e+01	
1.3880053658e+02	2.4459039357e+01	
1.3890035099e+02	2.6789679208e+01	
1.3900043086e+02	2.9710478463e+01	
1.3910023947e+02	3.0320281498e+01	
1.3920059590e+02	4.3813213976e+01	
1.3930011809e+02	4.0465125831e+01	
1.3940020990e+02	5.0951214849e+01	
1.3950069119e+02	5.9743017653e+01	
1.3960018104e+02	5.9857651755e+01	
1.3970018313e+02	5.5412629106e+01	
1.3980011414e+02	5.4268273069e+01	
1.3990004715e+02	5.5127942652e+01	
1.4000036499e+02	5.0766208330e+01	
1.4010025377e+02	3.9023604503e+01	
1.4020046480e+02	3.8826259003e+01	
1.4030020307e+02	3.8035612948e+01	
1.4040015153e+02	3.5662500845e+01	
1.4050020193e+02	3.0353315931e+01	
1.4060045122e+02	2.3975451373e+01	
1.4070028851e+02	2.6073022935e+01	
1.4080051057e+02	2.7001090311e+01	
1.4090048673e+02	2.9193895925e+01	
1.4100018160e+02	3.2735714392e+01	
1.4110051850e+02	3.8567081867e+01	
1.4120006376e+02	4.3251409927e+01	
1.4130036901e+02	4.5235726161e+01	
1.4140004522e+02	4.8441909973e+01	
1.4150060364e+02	5.4298270240e+01	
1.4160021001e+02	5.6623722758e+01	
1.4170042613e+02	5.6386979388e+01	
1.4180039053e+02	5.5246395746e+01	
1.4190024766e+02	5.6993012146e+01	
1.4200049748e+02	6.4675733209e+01	
1.4210013043e+02	6.9687395559e+01	
1.4220049982e+02	7.1043330809e+01	
1.4230029804e+02	7.3423643937e+01	
1.4240066211e+02	7.4261561768e+01	
1.4250017336e+02	7.2163252739e+01	
1.4260038168e+02	6.4245043988e+01	
1.4270028078e+02	5.1908809403e+01	
1.4280010940e+02	3.7785624243e+01	
1.4290045418e+02	3.1639474392e+01	
1.4300005311e+02	3.1761163906e+01	
1.4310026779e+02	3.6118958264e+01	
1.4320040531e+02	3.3425096114e+01	
1.4330049723e+02	3.1732705518e+01	
1.4340022651e+02	3.1965360182e+01	
1.4350029127e+02	3.1425693541e+01	
1.4360065606e+02	3.0589276653e+01	
1.4370062602e+02	2.9899238725e+01	
1.4380024576e+02	2.9723155430e+01	
1.4390027132e+02	2.9295603314e+01	
1.4400068089e+02	2.8643524397e+01	
1.4410041011e+02	2.7157437277e+01	
1.4420013601e+02	2.7194428981e+01	
1.4430042363e+02	2.5724191046e+01	
1.4440008881e+02	2.4224861000e+01	
1.4450001141e+02	2.4246275667e+01	
1.4460024427e+02	3.0726252792e+01	
1.4470000114e+02	3.3950280513e+01	
1.4480006525e+02	3.3347862621e+01	
1.4490060754e+02	3.1395269281e+01	
1.4500039584e+02	2.9481312399e+01	
1.4510028195e+02	2.7868472805e+01	
1.4520026020e+02	2.6441615436e+01	
1.4530041822e+02	3.8984022089e+01	
1.4540048461e+02	3.7351647159e+01	
1.4550054541e+02	3.4264318746e+01	
1.4560055015e+02	3.7336915908e+01	
1.4570051034e+02	3.8409503694e+01	
1.4580065471e+02	3.8258968325e+01	
1.4590059770e+02	3.8006228675e+01	
1.4600058742e+02	3.4972816962e+01	
1.4610002583e+02	2.6536916420e+01	
1.4620037270e+02	2.6384915968e+01	
1.4630023509e+02	2.6874647451e+01	
1.4640067598e+02	2.6141871448e+01	
1.4650023861e+02	2.8709600878e+01	
1.4660009948e+02	3.1022691027e+01	
1.4670025202e+02	3.1558413968e+01	
1.4680065512e+02	3.5165449121e+01	
1.4690060392e+02	3.7588653051e+01	
1.4700001925e+02	3.8411220168e+01	
1.4710024101e+02	3.7989138489e+01	
1.4720046843e+02	3.6460635854e+01	
1.4730066026e+02	3.6796631019e+01	
1.4740022964e+02	3.8716572011e+01	
1.4750066289e+02	3.7966444460e+01	
1.4760065863e+02	3.9355651649e+01	
1.4770030797e+02	3.9850032913e+01	
1.4780033215e+02	4.0139149679e+01	
1.4790001976e+02	4.0212995006e+01	
1.4800017784e+02	3.8344573591e+01	
1.4810030154e+02	3.7858267611e+01	
1.4820043877e+02	3.3920885580e+01	
1.4830049402e+02	3.4246862800e+01	
1.4840054199e+02	3.4396369810e+01	
1.4850067566e+02	3.3934211335e+01	
1.4860031739e+02	3.3049183808e+01	
1.4870023618e+02	3.1992020772e+01	
1.4880052867e+02	3.0692800547e+01	
1.4890063723e+02	2.9363862375e+01	
1.4900001590e+02	2.8413329037e+01	
1.4910018141e+02	2.7112535619e+01	
1.4920053867e+02	2.5887821792e+01	
1.4930026748e+02	2.6256983587e+01	
1.4940055008e+02	3.0786192891e+01	
1.4950001234e+02	3.4796906224e+01	
1.4960011380e+02	4.2076260209e+01	
1.4970045448e+02	4.0432311575e+01	
1.4980016261e+02	4.2314170985e+01	
1.4990026550e+02	2.7269853717e+01	
1.5000003984e+02	2.4949625304e+01	
1.5010070317e+02	2.6902505670e+01	
1.5020046629e+02	2.7197020506e+01	
1.5030014230e+02	2.6725461429e+01	
1.5040054615e+02	2.8914471771e+01	
1.5050044864e+02	3.0711113854e+01	
1.5060001984e+02	3.1832737432e+01	
1.5070041480e+02	3.8563569505e+01	
1.5080009130e+02	3.7874766978e+01	
1.5090011979e+02	4.1163369911e+01	
1.5100037923e+02	4.4159252181e+01	
1.5110032980e+02	3.8698627896e+01	
1.5120065936e+02	3.9401347783e+01	
1.5130021780e+02	3.6511807759e+01	
1.5140051015e+02	3.6865920850e+01	
1.5150018916e+02	3.8964391863e+01	
1.5160067162e+02	3.8472050492e+01	
1.5170016399e+02	3.6165897797e+01	
1.5180002521e+02	3.4293672420e+01	
1.5190057978e+02	4.0618053291e+01	
1.5200042375e+02	4.2770583533e+01	
1.5210059247e+02	4.5197057348e+01	
1.5220020962e+02	4.6429901191e+01	
1.5230003261e+02	4.6889655079e+01	
1.5240019060e+02	4.6890239685e+01	
1.5250016496e+02	4.6407904857e+01	
1.5260013882e+02	4.2505725557e+01	
1.5270028338e+02	3.7456886434e+01	
1.5280002395e+02	3.9347987189e+01	
1.5290015906e+02	4.3196438001e+01	
1.5300007148e+02	4.7958510948e+01	
1.5310023856e+02	4.6058677953e+01	
1.5320065067e+02	3.4433873502e+01	
1.5330060308e+02	2.7125938858e+01	
1.5340006602e+02	2.5169973118e+01	
1.5350019668e+02	2.5968300837e+01	
1.5360032224e+02	2.6046746134e+01	
1.5370032008e+02	2.8919152467e+01	
1.5380018977e+02	3.2490204018e+01	
1.5390012404e+02	3.8569466331e+01	
1.5400030795e+02	4.6203177328e+01	
1.5410022280e+02	5.1435634043e+01	
1.5420036442e+02	6.6060924354e+01	
1.5430014334e+02	7.2876015066e+01	
1.5440058089e+02	8.4191651378e+01	
1.5450018430e+02	1.0240192220e+02	
1.5460040590e+02	9.8458932721e+01	
1.5470028197e+02	1.2477028508e+02	
1.5480057578e+02	1.1217543847e+02	
1.5490053214e+02	1.1619466121e+02	
1.5500007595e+02	1.2954575624e+02	
1.5510065931e+02	1.2788364393e+02	
1.5520026673e+02	1.2332866325e+02	
1.5530027894e+02	1.2762295620e+02	
1.5540006846e+02	1.3758949481e+02	
1.5550037595e+02	1.2656581350e+02	
1.5560059457e+02	9.9673439320e+01	
1.5570006963e+02	6.7782805556e+01	
1.5580025280e+02	5.7767447240e+01	
1.5590046718e+02	4.6800511386e+01	
1.5600009201e+02	5.0074046084e+01	
1.5610030780e+02	5.1106578274e+01	
1.5620047018e+02	5.0619571083e+01	
1.5630052942e+02	4.9362039748e+01	
1.5640065586e+02	4.7736919383e+01	
1.5650013022e+02	4.9448011038e+01	
1.5660030207e+02	5.4652001627e+01	
1.5670034521e+02	7.1464443395e+01	
1.5680032175e+02	7.5008582889e+01	
1.5690049859e+02	7.2055480628e+01	
1.5700015499e+02	6.8734801287e+01	
1.5710003986e+02	6.7053057620e+01	
1.5720004758e+02	6.2596626908e+01	
1.5730045543e+02	5.7304932017e+01	
1.5740015225e+02	5.2930219339e+01	
1.5750013774e+02	4.7686213052e+01	
1.5760063142e+02	4.4425338899e+01	
1.5770034384e+02	3.9333915087e+01	
1.5780019032e+02	3.7254615317e+01	
1.5790036533e+02	3.3386174105e+01	
1.5800067388e+02	3.2684421092e+01	
1.5810065914e+02	3.5032832047e+01	
1.5820052128e+02	3.4872740602e+01	
1.5830059285e+02	3.8058266870e+01	
1.5840056004e+02	4.2872235818e+01	
1.5850002340e+02	3.6179051493e+01	
1.5860053197e+02	4.2300378637e+01	
1.5870058986e+02	4.2864907730e+01	
1.5880049154e+02	4.2147714253e+01	
1.5890027687e+02	4.0147216006e+01	
1.5900000445e+02	3.5024286923e+01	
1.5910045077e+02	3.5596676489e+01	
1.5920011709e+02	3.3994247290e+01	
1.5930017179e+02	3.1624406609e+01	
1.5940037347e+02	2.9848051434e+01	
1.5950002209e+02	2.5823512198e+01	
1.5960056202e+02	2.1028459973e+01	
1.5970061093e+02	2.1426146692e+01	
1.5980019905e+02	2.1547454597e+01	
1.5990066616e+02	2.2164672435e+01	
1.6000067983e+02	2.2516957376e+01	
1.6010031003e+02	2.4691100034e+01	
1.6020029188e+02	3.5382819706e+01	
1.6030024325e+02	4.1751248502e+01	
1.6040062994e+02	3.7806821075e+01	
1.6050043479e+02	2.9376527939e+01	
1.6060006571e+02	2.4664058352e+01	
1.6070057906e+02	2.7440711656e+01	
1.6080062879e+02	3.8243800416e+01	
1.6090011295e+02	4.1504209144e+01	
1.6100035232e+02	4.0112336960e+01	
1.6110027767e+02	4.4515178070e+01	
1.6120009226e+02	4.9909785128e+01	
1.6130064885e+02	5.4231552156e+01	
1.6140052100e+02	5.7172842586e+01	
1.6150066922e+02	5.7957110124e+01	
1.6160050713e+02	5.6407974518e+01	
1.6170021836e+02	4.7381397972e+01	
1.6180059218e+02	4.1046059972e+01	
1.6190025029e+02	3.0905611523e+01	
1.6200060435e+02	2.8042276199e+01	
1.6210027693e+02	2.9115069697e+01	
1.6220003169e+02	2.4853727127e+01	
1.6230055713e+02	2.4483722423e+01	
1.6240053236e+02	2.0171064961e+01	
1.6250045503e+02	2.2457182682e+01	
1.6260028977e+02	1.8607545120e+01	
1.6270005835e+02	1.8290894854e+01	
1.6280057857e+02	1.8484428506e+01	
1.6290052103e+02	1.9650623724e+01	
1.6300066158e+02	2.1069966144e+01	
1.6310035704e+02	2.2509297331e+01	
1.6320029300e+02	2.6243279309e+01	
1.6330019354e+02	3.0726594461e+01	
1.6340022016e+02	3.3463146211e+01	
1.6350030318e+02	3.4567540588e+01	
1.6360067017e+02	3.2156335534e+01	
1.6370014665e+02	3.5353382726e+01	
1.6380022278e+02	3.9813709382e+01	
1.6390042357e+02	4.2077580038e+01	
1.6400043320e+02	4.4228781220e+01	
1.6410004436e+02	4.6525342286e+01	
1.6420058968e+02	4.9554869744e+01	
1.6430064079e+02	5.0235338121e+01	
1.6440023045e+02	4.5633275909e+01	
1.6450020852e+02	4.8580677110e+01	
1.6460051549e+02	5.6483811596e+01	
1.6470062559e+02	5.7178431141e+01	
1.6480063821e+02	5.4092548354e+01	
1.6490005849e+02	5.0427525340e+01	
1.6500041150e+02	5.1676942221e+01	
1.6510016569e+02	5.1439550089e+01	
1.6520000199e+02	5.0328230724e+01	
1.6530049814e+02	4.9176634294e+01	
1.6540018552e+02	4.7605271579e+01	
1.6550001688e+02	4.5366261090e+01	
1.6560039367e+02	4.4309700437e+01	
1.6570062437e+02	4.1609089332e+01	
1.6580000986e+02	4.4368988077e+01	
1.6590013352e+02	4.7877116351e+01	
1.6600049205e+02	5.2126905959e+01	
1.6610042504e+02	5.7191517283e+01	
1.6620004419e+02	6.3204266568e+01	
1.6630028464e+02	6.9277852506e+01	
1.6640056494e+02	7.4989286804e+01	
1.6650033807e+02	8.0088972669e+01	
1.6660044635e+02	8.4432872655e+01	
1.6670039955e+02	8.6971109230e+01	
1.6680036268e+02	8.6607653639e+01	
1.6690030879e+02	8.1233925828e+01	
1.6700028347e+02	7.2470967821e+01	
1.6710009032e+02	6.1830932715e+01	
1.6720053093e+02	4.9984804668e+01	
1.6730017959e+02	5.7181150762e+01	
1.6740049315e+02	5.1015362890e+01	
1.6750028961e+02	3.9736203951e+01	
1.6760038905e+02	4.4728231765e+01	
1.6770043892e+02	3.9756121435e+01	
1.6780010784e+02	4.4299587328e+01	
1.6790062184e+02	4.1303115971e+01	
1.6800018508e+02	4.0836228969e+01	
1.6810015339e+02	3.9078428262e+01	
1.6820018530e+02	3.7228082605e+01	
1.6830021626e+02	3.6850014452e+01	
1.6840033579e+02	4.0883787043e+01	
1.6850053881e+02	3.8711955768e+01	
1.6860037900e+02	3.5939092175e+01	
1.6870063239e+02	3.7495752023e+01	
1.6880071406e+02	3.6400526843e+01	
1.6890068700e+02	3.2933014251e+01	
1.6900056435e+02	3.3558873091e+01	
1.6910054392e+02	3.2251639619e+01	
1.6920031935e+02	3.2528232616e+01	
1.6930068803e+02	3.1652692817e+01	
1.6940037329e+02	2.9987442507e+01	
1.6950011749e+02	3.0910069784e+01	
1.6960051035e+02	3.5837254390e+01	
1.6970000433e+02	3.7756722238e+01	
1.6980050152e+02	3.8085376831e+01	
1.6990062810e+02	4.1406830810e+01	
1.7000022012e+02	4.2260707870e+01	
1.7010044331e+02	4.3139871937e+01	
1.7020062184e+02	4.3999539804e+01	
1.7030051754e+02	4.3813122446e+01	
1.7040030712e+02	4.2322590193e+01	
1.7050018011e+02	3.9881425625e+01	
1.7060033321e+02	3.7018440017e+01	
1.7070027131e+02	3.4479572655e+01	
1.7080004081e+02	3.2123277810e+01	
1.7090042847e+02	3.0390399563e+01	
1.7100014423e+02	2.9407273065e+01	
1.7110034211e+02	3.1401375020e+01	
1.7120027592e+02	3.3665920696e+01	
1.7130017558e+02	3.3128460269e+01	
1.7140021904e+02	3.4634642315e+01	
1.7150043823e+02	3.6857874656e+01	
1.7160052123e+02	3.8693140852e+01	
1.7170038822e+02	4.4694718922e+01	
1.7180006035e+02	4.8778624962e+01	
1.7190027161e+02	5.2701148065e+01	
1.7200067880e+02	4.4031845165e+01	
1.7210020236e+02	3.9609777011e+01	
1.7220035108e+02	4.1593768645e+01	
1.7230051351e+02	3.9643089607e+01	
1.7240006540e+02	4.0282829206e+01	
1.7250049643e+02	4.0080283181e+01	
1.7260061353e+02	3.9293621682e+01	
1.7270011956e+02	3.8941434646e+01	
1.7280055042e+02	3.8027266218e+01	
1.7290024777e+02	3.6694544897e+01	
1.7300024251e+02	3.5645245224e+01	
1.7310010471e+02	3.4287095507e+01	
1.7320021439e+02	3.2816004785e+01	
1.7330060286e+02	3.1446990760e+01	
1.7340024049e+02	2.9988809914e+01	
1.7350001621e+02	2.8289104455e+01	
1.7360038094e+02	2.8434785689e+01	
1.7370004013e+02	3.3959266373e+01	
1.7380055451e+02	3.6829516438e+01	
1.7390006078e+02	3.5230991866e+01	
1.7400004531e+02	3.2508314496e+01	
1.7410000431e+02	2.9926380399e+01	
1.7420007354e+02	2.7596524904e+01	
1.7430036203e+02	2.6803281704e+01	
1.7440013540e+02	2.8661996552e+01	
1.7450048241e+02	3.0535347869e+01	
1.7460005484e+02	3.2281798222e+01	
1.7470032058e+02	3.2359861124e+01	
1.7480058973e+02	3.2403480440e+01	
1.7490003606e+02	3.2158702077e+01	
1.7500065208e+02	3.1881985591e+01	
1.7510001132e+02	3.5111812907e+01	
1.7520013314e+02	3.6033469099e+01	
1.7530031504e+02	3.4179706985e+01	
1.7540050870e+02	3.8225840448e+01	
1.7550028179e+02	5.0102554179e+01	
1.7560032867e+02	6.4055348221e+01	
1.7570002526e+02	7.7912651090e+01	
1.7580014945e+02	8.8745894110e+01	
1.7590016685e+02	8.4377639637e+01	
1.7600023310e+02	7.4021855373e+01	
1.7610043762e+02	5.9348867280e+01	
1.7620016415e+02	4.3950143952e+01	
1.7630016144e+02	4.0448240284e+01	
1.7640057554e+02	3.6126808176e+01	
1.7650021949e+02	3.3072504783e+01	
1.7660047144e+02	3.1508284814e+01	
1.7670010366e+02	3.1080674510e+01	
1.7680054309e+02	3.3428190730e+01	
1.7690060646e+02	3.8317030951e+01	
1.7700041341e+02	4.1684128738e+01	
1.7710003945e+02	4.4859694152e+01	
1.7720015841e+02	4.8545845334e+01	
1.7730013287e+02	5.2238849310e+01	
1.7740012237e+02	5.6237200496e+01	
1.7750021673e+02	5.9910736017e+01	
1.7760055072e+02	5.4020434536e+01	
1.7770024840e+02	4.7291440195e+01	
1.7780016591e+02	4.9617884336e+01	
1.7790041435e+02	5.0800597920e+01	
1.7800070227e+02	4.0959251714e+01	
1.7810021258e+02	3.1132879126e+01	
1.7820012393e+02	2.9646130434e+01	
1.7830055827e+02	3.0317807482e+01	
1.7840021865e+02	3.3887325769e+01	
1.7850061130e+02	3.5428759520e+01	
1.7860030139e+02	3.2652868400e+01	
1.7870007943e+02	3.5619699499e+01	
1.7880064083e+02	3.2501258671e+01	
1.7890044240e+02	3.2719975316e+01	
1.7900005968e+02	2.9864035385e+01	
1.7910031093e+02	2.9128694052e+01	
1.7920060696e+02	2.9019444177e+01	
1.7930009137e+02	2.5666027687e+01	
1.7940049657e+02	2.7363467645e+01	
1.7950061028e+02	2.6812506852e+01	
1.7960045419e+02	2.8898579428e+01	
1.7970010472e+02	4.6786133998e+01	
1.7980052452e+02	6.6846210745e+01	
1.7990054550e+02	7.4538872644e+01	
1.8000022332e+02	6.0036684814e+01	
1.8010013173e+02	6.8715110454e+01	
1.8020030855e+02	5.8047303317e+01	
1.8030007874e+02	5.1383625042e+01	
1.8040024841e+02	4.3368330012e+01	
1.8050033053e+02	2.9357614349e+01	
1.8060060674e+02	2.7274568468e+01	
1.8070057362e+02	2.7881991558e+01	
1.8080062155e+02	3.0215030755e+01	
1.8090068011e+02	3.3039300399e+01	
1.8100027588e+02	3.3884965663e+01	
1.8110055747e+02	3.6483572403e+01	
1.8120012042e+02	4.5580117405e+01	
1.8130043079e+02	5.1719950023e+01	
1.8140013429e+02	4.1983046606e+01	
1.8150068786e+02	3.6158400764e+01	
1.8160069211e+02	2.6788224163e+01	
1.8170052532e+02	2.1247917674e+01	
1.8180023586e+02	1.9309185313e+01	
1.8190031237e+02	1.8635860998e+01	
1.8200007144e+02	2.4147066694e+01	
1.8210036231e+02	2.9002719204e+01	
1.8220058767e+02	3.1686030685e+01	
1.8210036231e+02	2.9002719204e+01	
1.8220058767e+02	3.1686030685e+01	
1.8230007494e+02	3.5090540664e+01	
1.8240036736e+02	3.7726536345e+01	
1.8250045292e+02	3.7985251059e+01	
1.8260054790e+02	3.9269213155e+01	
1.8270052982e+02	4.0658145908e+01	
1.8280050835e+02	4.7455675847e+01	
1.8290055056e+02	5.2723997135e+01	
1.8300019406e+02	5.4897447935e+01	
1.8310031241e+02	5.0883930117e+01	
1.8320038155e+02	5.1981301533e+01	
1.8330055095e+02	5.3403145745e+01	
1.8340055058e+02	5.0438864774e+01	
1.8350003539e+02	5.0750747510e+01	
1.8360062772e+02	4.5177424260e+01	
1.8370023366e+02	4.0572122817e+01	
1.8380016133e+02	3.6481434170e+01	
1.8390015681e+02	3.0796262317e+01	
1.8400063638e+02	3.3486004907e+01	
1.8410041333e+02	3.2483755655e+01	
1.8420054842e+02	3.2433055958e+01	
1.8430009218e+02	3.0080770866e+01	
1.8440046018e+02	3.2031760604e+01	
1.8450024475e+02	3.1396393040e+01	
1.8460021233e+02	3.4708125987e+01	
1.8470042727e+02	3.4330997555e+01	
1.8480025804e+02	2.7551227472e+01	
1.8490043631e+02	2.5363033291e+01	
1.8500020032e+02	2.8197009704e+01	
1.8510006777e+02	2.5572347797e+01	
1.8520056537e+02	2.3875933008e+01	
1.8530065475e+02	2.2971832820e+01	
1.8540029578e+02	2.1862263187e+01	
1.8550039758e+02	2.2510713733e+01	
1.8560057713e+02	2.2709157300e+01	
1.8570044219e+02	2.2262770852e+01	
1.8580018599e+02	2.7091993130e+01	
1.8590001362e+02	2.8151392949e+01	
1.8600006644e+02	2.6511770798e+01	
1.8610053451e+02	2.4681806202e+01	
1.8620003001e+02	2.2940231187e+01	
1.8630065012e+02	2.1046164653e+01	
1.8640035461e+02	2.2261498223e+01	
1.8650004839e+02	3.4256702699e+01	
1.8660004165e+02	3.8632341362e+01	
1.8670000083e+02	4.0179303754e+01	
1.8680005558e+02	4.0412821808e+01	
1.8690028525e+02	3.9429625170e+01	
1.8700064883e+02	3.7729529819e+01	
1.8710017271e+02	3.5707535765e+01	
1.8720002421e+02	3.2477915698e+01	
1.8730029919e+02	3.1320258118e+01	
1.8740032080e+02	3.7373566352e+01	
1.8750023977e+02	4.2648405000e+01	
1.8760020167e+02	3.8255490075e+01	
1.8770017497e+02	3.8762197705e+01	
1.8780014697e+02	3.8919042763e+01	
1.8790007885e+02	3.8684405431e+01	
1.8800000121e+02	3.2972342749e+01	
1.8810055893e+02	3.2180666067e+01	
1.8820014249e+02	3.6643756976e+01	
1.8830050778e+02	3.9485551476e+01	
1.8840015034e+02	3.7635353807e+01	
1.8850044592e+02	3.7906968238e+01	
1.8860059883e+02	3.5389907811e+01	
1.8870044490e+02	3.2257117440e+01	
1.8880039916e+02	2.9113474898e+01	
1.8890059695e+02	2.5764165731e+01	
1.8900009114e+02	2.6251556447e+01	
1.8910053263e+02	3.1221724846e+01	
1.8920027764e+02	3.3419348747e+01	
1.8930000080e+02	3.4586155600e+01	
1.8940041311e+02	3.6824583245e+01	
1.8950061794e+02	5.2699654390e+01	
1.8960055505e+02	5.5285918712e+01	
1.8970004462e+02	5.1739317998e+01	
1.8980060002e+02	5.4921940301e+01	
1.8990063064e+02	5.3695482867e+01	
1.9000039704e+02	5.7444322233e+01	
1.9010010152e+02	5.8514741384e+01	
1.9020008833e+02	5.9001181283e+01	
1.9030021921e+02	5.5761533454e+01	
1.9040064725e+02	4.7382535848e+01	
1.9050053255e+02	3.9090785530e+01	
1.9060020055e+02	4.7929005578e+01	
1.9070020977e+02	5.4740621733e+01	
1.9080055409e+02	4.0342183310e+01	
1.9090004998e+02	4.4416971966e+01	
1.9100022904e+02	4.7260849539e+01	
1.9110037742e+02	4.0253651638e+01	
1.9120044722e+02	3.2150977289e+01	
1.9130055450e+02	2.8422733074e+01	
1.9140010631e+02	3.0929516757e+01	
1.9150031131e+02	3.4023670648e+01	
1.9160049366e+02	3.6023741680e+01	
1.9170036807e+02	3.6583175895e+01	
1.9180023693e+02	3.5594726590e+01	
1.9190023399e+02	3.5821188542e+01	
1.9200012457e+02	3.6897038202e+01	
1.9210044339e+02	3.6182861390e+01	
1.9220014408e+02	3.4253406643e+01	
1.9230029584e+02	3.6157373622e+01	
1.9240055284e+02	3.5020450300e+01	
1.9250025129e+02	4.3851635163e+01	
1.9260053285e+02	4.6170187105e+01	
1.9270037852e+02	4.5763805506e+01	
1.9280017721e+02	4.2878477898e+01	
1.9290051053e+02	4.8992297198e+01	
1.9300004786e+02	4.7918644849e+01	
1.9310044995e+02	4.5918246474e+01	
1.9320035507e+02	4.8540754160e+01	
1.9330026193e+02	5.4099730157e+01	
1.9340036587e+02	5.6682397833e+01	
1.9350037806e+02	5.8363143024e+01	
1.9360041607e+02	5.9486551330e+01	
1.9370051023e+02	5.8366299456e+01	
1.9380050192e+02	5.2435033157e+01	
1.9390051072e+02	4.6464914401e+01	
1.9400035154e+02	4.0630526546e+01	
1.9410025160e+02	3.6124131989e+01	
1.9420037906e+02	3.6023669443e+01	
1.9430019125e+02	3.6230174471e+01	
1.9440049439e+02	3.5481754171e+01	
1.9450053319e+02	2.5848887896e+01	
1.9460055076e+02	1.9878412411e+01	
1.9470055180e+02	1.9924508856e+01	
1.9480005031e+02	1.8930771340e+01	
1.9490000333e+02	2.3961393096e+01	
1.9500005907e+02	2.8195246396e+01	
1.9510001214e+02	2.7114789788e+01	
1.9520007457e+02	2.8547910810e+01	
1.9530043650e+02	3.1889568886e+01	
1.9540015447e+02	3.3274183070e+01	
1.9550002855e+02	3.0252575697e+01	
1.9560025422e+02	3.3225665062e+01	
1.9570033848e+02	4.0200858861e+01	
1.9580036360e+02	4.7738731397e+01	
1.9590014310e+02	5.3224405349e+01	
1.9600018856e+02	6.0771815282e+01	
1.9610062730e+02	6.7631323285e+01	
1.9620015251e+02	6.5526795350e+01	
1.9630052982e+02	6.4397498773e+01	
1.9640046694e+02	6.2965482212e+01	
1.9650016015e+02	6.9126751053e+01	
1.9660050639e+02	7.4366500864e+01	
1.9670032706e+02	7.8588957558e+01	
1.9680048346e+02	8.1934409076e+01	
1.9690037940e+02	8.3992694255e+01	
1.9700053917e+02	6.4658725325e+01	
1.9710029664e+02	4.0869351465e+01	
1.9720022837e+02	3.4280508748e+01	
1.9730045507e+02	3.5392564849e+01	
1.9740010422e+02	3.2406587572e+01	
1.9750061412e+02	2.8491710273e+01	
1.9760016561e+02	2.7272310919e+01	
1.9770013723e+02	2.5658447711e+01	
1.9780020296e+02	2.6837629390e+01	
1.9790062302e+02	2.9204428086e+01	
1.9800021362e+02	3.2021158819e+01	
1.9810021703e+02	3.4371183001e+01	
1.9820033118e+02	3.5677523918e+01	
1.9830033423e+02	3.5493128987e+01	
1.9840015225e+02	3.3722025342e+01	
1.9850020184e+02	3.2110348950e+01	
1.9860047553e+02	3.0437017504e+01	
1.9870058382e+02	3.3161431447e+01	
1.9880058586e+02	3.7860521278e+01	
1.9890043452e+02	4.1508245986e+01	
1.9900054741e+02	4.4839187468e+01	
1.9910057241e+02	4.8272863579e+01	
1.9920031069e+02	5.1492881648e+01	
1.9930032939e+02	5.3745332293e+01	
1.9940015478e+02	5.5270066729e+01	
1.9950064370e+02	5.6490493438e+01	
1.9960063581e+02	5.7489995451e+01	
1.9970024114e+02	5.8260766399e+01	
1.9980025238e+02	5.8822852375e+01	
1.9990006387e+02	5.9227922183e+01	
2.0000056775e+02	5.9528531570e+01	
2.0010067010e+02	5.9754131456e+01	
2.0020044679e+02	5.9926813961e+01	
2.0030057658e+02	6.0039819211e+01	
2.0040026037e+02	6.0117453157e+01	
2.0050002100e+02	5.3168306448e+01	
2.0060068035e+02	4.4880642522e+01	
2.0070055316e+02	3.7052443929e+01	
2.0080065834e+02	2.9966478060e+01	
2.0090003726e+02	2.3917612876e+01	
2.0100027528e+02	2.0474718949e+01	
2.0110017995e+02	1.9510259326e+01	
2.0120050860e+02	1.8652695408e+01	
2.0130044187e+02	1.8363291051e+01	
2.0140039919e+02	1.7865169482e+01	
2.0150026825e+02	1.7133625282e+01	
2.0160005383e+02	1.8333543598e+01	
2.0170055661e+02	2.0893579544e+01	
2.0180048099e+02	2.3085512260e+01	
2.0190007221e+02	2.3749582264e+01	
2.0200042457e+02	3.1854909980e+01	
2.0210034858e+02	4.4704401070e+01	
2.0220032542e+02	5.0233160966e+01	
2.0230038757e+02	5.3442776539e+01	
2.0240006133e+02	5.6153638274e+01	
2.0250046023e+02	5.6422897823e+01	
2.0260019276e+02	6.2344404211e+01	
2.0270019897e+02	6.5797391828e+01	
2.0280024986e+02	6.2118808414e+01	
2.0290053599e+02	5.6563398384e+01	
2.0300009963e+02	5.8878960496e+01	
2.0310023624e+02	5.1697425601e+01	
2.0320043282e+02	6.4002390206e+01	
2.0330026968e+02	5.6577315580e+01	
2.0340024984e+02	5.6298501349e+01	
2.0350032938e+02	4.0169844540e+01	
2.0360053985e+02	3.4179381637e+01	
2.0370027765e+02	2.6727793792e+01	
2.0380003535e+02	2.7080896395e+01	
2.0390002902e+02	2.5350770065e+01	
2.0400013505e+02	2.7046731670e+01	
2.0410045399e+02	3.0851251622e+01	
2.0420048886e+02	3.1965981433e+01	
2.0430042449e+02	4.0784374308e+01	
2.0440035808e+02	4.3475617567e+01	
2.0450046801e+02	4.2919707557e+01	
2.0460050458e+02	4.1144679808e+01	
2.0470002572e+02	4.3894757724e+01	
2.0480055036e+02	3.8723258751e+01	
2.0490036602e+02	3.7022865957e+01	
2.0500037894e+02	4.4867136241e+01	
2.0510026596e+02	4.8752600730e+01	
2.0520032859e+02	4.6317833307e+01	
2.0530025958e+02	5.2333157164e+01	
2.0540022409e+02	5.6349187726e+01	
2.0550035555e+02	4.3785713565e+01	
2.0560001673e+02	4.4317206457e+01	
2.0570060606e+02	5.3139679461e+01	
2.0580022658e+02	4.7596387150e+01	
2.0590033431e+02	4.3960111257e+01	
2.0600040274e+02	4.6234229713e+01	
2.0610056331e+02	3.9900737219e+01	
2.0620025160e+02	4.0027584801e+01	
2.0630023486e+02	4.0975048659e+01	
2.0640056771e+02	4.2864920399e+01	
2.0650050561e+02	4.1600481901e+01	
2.0660015489e+02	4.2280098781e+01	
2.0670046107e+02	5.1127992642e+01	
2.0680023434e+02	4.7764636604e+01	
2.0690031114e+02	5.1569029038e+01	
2.0700059152e+02	4.4709804234e+01	
2.0710019383e+02	3.2121397487e+01	
2.0720025262e+02	3.4240434397e+01	
2.0730027320e+02	3.4373470821e+01	
2.0740024835e+02	4.0755495431e+01	
2.0750008582e+02	4.3273005628e+01	
2.0760060150e+02	4.1958082192e+01	
2.0770001676e+02	4.7089219429e+01	
2.0780030813e+02	5.5519142051e+01	
2.0790028206e+02	6.5454093368e+01	
2.0800038608e+02	7.7536444946e+01	
2.0810055890e+02	8.8818599237e+01	
2.0820029342e+02	9.8115925928e+01	
2.0830046001e+02	1.0501195023e+02	
2.0840038253e+02	1.0272110712e+02	
2.0850054588e+02	8.9614164296e+01	
2.0860032884e+02	7.0610995903e+01	
2.0870057287e+02	5.1212844481e+01	
2.0880018252e+02	3.5431167639e+01	
2.0890050166e+02	3.5722927566e+01	
2.0900056003e+02	3.6971247623e+01	
2.0910047789e+02	3.7807367729e+01	
2.0920047350e+02	3.6979981019e+01	
2.0930007650e+02	3.7292987158e+01	
2.0940055375e+02	3.1330993555e+01	
2.0950005899e+02	3.3336628308e+01	
2.0960042350e+02	3.1392223047e+01	
2.0970063794e+02	3.1352135695e+01	
2.0980068161e+02	3.2172554856e+01	
2.0990060860e+02	2.7307526170e+01	
2.1000057282e+02	2.4408171502e+01	
2.1010006205e+02	2.6644919301e+01	
2.1020057744e+02	2.6863102826e+01	
2.1030016418e+02	2.8133088310e+01	
2.1040015271e+02	2.8320299908e+01	
2.1050054876e+02	2.7472512513e+01	
2.1060012794e+02	2.7542265229e+01	
2.1070024572e+02	2.4763817624e+01	
2.1080034522e+02	2.4161710865e+01	
2.1090034927e+02	2.6299523124e+01	
2.1100027738e+02	3.1260082592e+01	
2.1110024955e+02	4.5262126569e+01	
2.1120008380e+02	4.0245653994e+01	
2.1130000927e+02	3.5533266816e+01	
2.1140025064e+02	3.2722577690e+01	
2.1150037098e+02	3.1973446998e+01	
2.1160041137e+02	3.6464001740e+01	
2.1170047097e+02	3.9085779449e+01	
2.1180016890e+02	3.9838113271e+01	
2.1190037423e+02	3.9915486606e+01	
2.1200048874e+02	4.2327379513e+01	
2.1210060163e+02	4.3758047476e+01	
2.1220002919e+02	4.1124993083e+01	
2.1230036182e+02	4.0838961532e+01	
2.1240007028e+02	4.6506509051e+01	
2.1250024197e+02	4.5431784227e+01	
2.1260048848e+02	4.3801217003e+01	
2.1270032044e+02	4.4533846525e+01	
2.1280015577e+02	4.7883429237e+01	
2.1290046044e+02	5.1582017692e+01	
2.1300061518e+02	5.0148835880e+01	
2.1310004620e+02	4.8974408509e+01	
2.1320011783e+02	4.8521371913e+01	
2.1330009825e+02	4.7408947944e+01	
2.1340006058e+02	4.5576445686e+01	
2.1350010699e+02	4.2049631021e+01	
2.1360053964e+02	2.7420522810e+01	
2.1370026791e+02	2.5747199495e+01	
2.1380010014e+02	2.6178787360e+01	
2.1390033361e+02	2.4864790278e+01	
2.1400023981e+02	2.4032557465e+01	
2.1410038009e+02	2.2955069952e+01	
2.1420004296e+02	2.1753033909e+01	
2.1430037331e+02	2.8886076685e+01	
2.1440014371e+02	3.6910434325e+01	
2.1450042650e+02	4.0046322808e+01	
2.1460052977e+02	4.1761594048e+01	
2.1470047357e+02	4.2468159204e+01	
2.1480022395e+02	4.5316571340e+01	
2.1490018446e+02	4.6702349213e+01	
2.1500039353e+02	4.7402668735e+01	
2.1510061880e+02	4.7857078647e+01	
2.1520058369e+02	4.8195430646e+01	
2.1530004135e+02	4.6399250076e+01	
2.1540045920e+02	4.2010370870e+01	
2.1550005450e+02	4.2647183857e+01	
2.1560032747e+02	5.2950402431e+01	
2.1570026753e+02	5.9053698540e+01	
2.1580002827e+02	5.8599982279e+01	
2.1590025727e+02	5.8682669061e+01	
2.1600010187e+02	4.9402501718e+01	
2.1610043159e+02	3.5888494995e+01	
2.1620029649e+02	3.0086563590e+01	
2.1630037099e+02	3.0621735322e+01	
2.1640005590e+02	3.0150244140e+01	
2.1650059786e+02	2.8628146530e+01	
2.1660000277e+02	2.6117756411e+01	
2.1670018221e+02	2.5066342420e+01	
2.1680035139e+02	2.9599451553e+01	
2.1690054500e+02	2.9859656324e+01	
2.1700021535e+02	3.2229365144e+01	
2.1710023994e+02	4.7900272133e+01	
2.1720026525e+02	4.5593621741e+01	
2.1730054765e+02	5.0771874071e+01	
2.1740026691e+02	5.7728093402e+01	
2.1750001371e+02	5.3911412199e+01	
2.1760026999e+02	3.6641595745e+01	
2.1770037090e+02	3.3631413296e+01	
2.1780003758e+02	3.5715475261e+01	
2.1790045573e+02	3.8215117763e+01	
2.1800032142e+02	3.6499218625e+01	
2.1810003391e+02	3.2949125934e+01	
2.1820001541e+02	3.2111128284e+01	
2.1830019886e+02	3.4254237769e+01	
2.1840035039e+02	4.4681400831e+01	
2.1850059759e+02	5.5190624614e+01	
2.1860066981e+02	6.0681349877e+01	
2.1870019877e+02	5.6639037970e+01	
2.1880048140e+02	5.9631225470e+01	
2.1890046107e+02	6.4573205680e+01	
2.1900044230e+02	5.0731703645e+01	
2.1910058944e+02	4.7309825311e+01	
2.1920013258e+02	4.6022850202e+01	
2.1930020827e+02	3.8549058115e+01	
2.1940048851e+02	4.7825920058e+01	
2.1950048406e+02	4.4457043700e+01	
2.1960042945e+02	2.7306928508e+01	
2.1970035000e+02	3.4025516157e+01	
2.1980031297e+02	3.8554146618e+01	
2.1990044705e+02	3.7409614439e+01	
2.2000007752e+02	3.0744988169e+01	
2.2010002158e+02	2.9909607152e+01	
2.2020023743e+02	3.4058744869e+01	
2.2030011351e+02	3.3507394011e+01	
2.2040061880e+02	3.1831597358e+01	
2.2050028906e+02	3.4642010608e+01	
2.2060064095e+02	3.5641500670e+01	
2.2070004284e+02	3.6449696443e+01	
2.2080056038e+02	3.5574272764e+01	
2.2090001040e+02	3.2878567254e+01	
2.2100022594e+02	3.5975760042e+01	
2.2110012771e+02	3.6807669298e+01	
2.2120035407e+02	4.6237741714e+01	
2.2130003263e+02	5.7243395194e+01	
2.2140041630e+02	6.9482916442e+01	
2.2150020320e+02	8.1812816929e+01	
2.2160019494e+02	8.5300942406e+01	
2.2170034697e+02	7.9764169871e+01	
2.2180063373e+02	7.0935392903e+01	
2.2190045451e+02	6.1929871157e+01	
2.2200022331e+02	5.5898242464e+01	
2.2210000576e+02	3.9927205802e+01	
2.2220027724e+02	4.6135096512e+01	
2.2230026264e+02	4.3394274639e+01	
2.2240062257e+02	3.1276560995e+01	
2.2250039053e+02	3.0674568711e+01	
2.2260063295e+02	3.3879755408e+01	
2.2270004160e+02	3.6144694616e+01	
2.2280018860e+02	3.9300349005e+01	
2.2290060708e+02	3.9461533144e+01	
2.2300029010e+02	3.7903391574e+01	
2.2310046624e+02	3.6448090739e+01	
2.2320064321e+02	3.3456663617e+01	
2.2330023039e+02	3.1582626344e+01	
2.2340052297e+02	2.9401064613e+01	
2.2350010562e+02	2.7071389533e+01	
2.2360052927e+02	2.4713727577e+01	
2.2370035282e+02	2.2388005640e+01	
2.2380031326e+02	2.8974101422e+01	
2.2390036555e+02	4.2101405803e+01	
2.2400000430e+02	4.9691759418e+01	
2.2410019272e+02	3.6648541704e+01	
2.2420030860e+02	3.0196575336e+01	
2.2430001431e+02	2.6883864095e+01	
2.2440037558e+02	3.2860377003e+01	
2.2450019479e+02	3.6959427532e+01	
2.2460062670e+02	3.6064150640e+01	
2.2470050022e+02	3.2448029012e+01	
2.2480041536e+02	3.9619699561e+01	
2.2490050253e+02	2.9560749542e+01	
2.2500007275e+02	3.0007604124e+01	
2.2510013119e+02	3.0225875014e+01	
2.2520025456e+02	3.8441199065e+01	
2.2530001638e+02	5.0375038377e+01	
2.2540021215e+02	5.8211603408e+01	
2.2550023661e+02	4.0848875757e+01	
2.2560013830e+02	3.2985651034e+01	
2.2570068473e+02	2.7372177221e+01	
2.2580061145e+02	2.4748482606e+01	
2.2590003478e+02	2.7224771005e+01	
2.2600039114e+02	2.7585849110e+01	
2.2610064730e+02	3.2740686258e+01	
2.2620023488e+02	3.5125750550e+01	
2.2630050182e+02	3.4087277865e+01	
2.2640042061e+02	2.9490696606e+01	
2.2650020609e+02	2.9213558405e+01	
2.2660063198e+02	3.4321186237e+01	
2.2670016217e+02	3.8484301578e+01	
2.2680020881e+02	4.1061323042e+01	
2.2690018829e+02	4.5392842326e+01	
2.2700004004e+02	5.6672525832e+01	
2.2710022965e+02	8.2042387003e+01	
2.2720005060e+02	9.9461384995e+01	
2.2730026529e+02	8.4870951032e+01	
2.2740001356e+02	7.5811446302e+01	
2.2750019381e+02	7.9202671545e+01	
2.2760014444e+02	8.1031279056e+01	
2.2770030748e+02	6.1512224879e+01	
2.2780027729e+02	5.2481050617e+01	
2.2790002150e+02	5.3053350187e+01	
2.2800018433e+02	5.3843041956e+01	
2.2810004622e+02	5.3583262108e+01	
2.2820026148e+02	5.2109880433e+01	
2.2830020798e+02	4.9527934028e+01	
2.2840028057e+02	4.5963828228e+01	
2.2850025580e+02	4.6025573871e+01	
2.2860008734e+02	4.6300842171e+01	
2.2870037719e+02	3.7177499761e+01	
2.2880035669e+02	3.5919685821e+01	
2.2890001952e+02	3.3441846752e+01	
2.2900007485e+02	3.4124664063e+01	
2.2910055856e+02	3.5480311889e+01	
2.2920060000e+02	3.6393986801e+01	
2.2930059482e+02	3.6693179926e+01	
2.2940057654e+02	3.6841460123e+01	
2.2950048683e+02	4.8328999040e+01	
2.2960038679e+02	5.4511959660e+01	
2.2970052662e+02	5.3666306941e+01	
2.2980058651e+02	5.4353013380e+01	
2.2990032646e+02	5.2058682236e+01	
2.3000024364e+02	6.6622923587e+01	
2.3010017937e+02	8.3579082188e+01	
2.3020039148e+02	7.6270862195e+01	
2.3030047527e+02	6.8861388256e+01	
2.3040003354e+02	6.5226970324e+01	
2.3050054107e+02	5.0652879522e+01	
2.3060017632e+02	4.5093926621e+01	
2.3070021641e+02	4.2546672947e+01	
2.3080042416e+02	4.1731910418e+01	
2.3090005587e+02	4.2912558966e+01	
2.3100043816e+02	4.2520174915e+01	
2.3110027134e+02	4.3338514507e+01	
2.3120008286e+02	4.2930138812e+01	
2.3130008987e+02	4.2935472561e+01	
2.3140011943e+02	4.2517843051e+01	
2.3150025685e+02	4.1582201509e+01	
2.3160016011e+02	4.7744332802e+01	
2.3170059435e+02	4.2692824043e+01	
2.3180064900e+02	4.0973096969e+01	
2.3190021780e+02	3.9603494466e+01	
2.3200042476e+02	3.9653449478e+01	
2.3210032994e+02	3.9240617678e+01	
2.3220033012e+02	3.7784164151e+01	
2.3230037198e+02	3.5534584941e+01	
2.3240009858e+02	3.2210891130e+01	
2.3250014739e+02	2.9620806954e+01	
2.3260020658e+02	2.9038862226e+01	
2.3270025247e+02	2.8172781177e+01	
2.3280064381e+02	2.6931187034e+01	
2.3290043370e+02	3.6495703665e+01	
2.3300040947e+02	2.8202705694e+01	
2.3310018691e+02	2.9044666026e+01	
2.3320048203e+02	3.8643167551e+01	
2.3330000743e+02	4.1693618465e+01	
2.3340060418e+02	3.7321778525e+01	
2.3350029080e+02	3.7097351555e+01	
2.3360031040e+02	4.0577287726e+01	
2.3370028219e+02	3.8646922121e+01	
2.3380011833e+02	4.0336362705e+01	
2.3390033806e+02	4.1968627470e+01	
2.3400028534e+02	4.0530176369e+01	
2.3410045168e+02	4.3844332194e+01	
2.3420057703e+02	4.4328164742e+01	
2.3430021702e+02	4.2762844772e+01	
2.3440067413e+02	3.8032315946e+01	
2.3450059165e+02	3.4584357677e+01	
2.3460000236e+02	3.7517301236e+01	
2.3470006732e+02	3.7858685985e+01	
2.3480015064e+02	5.3759836393e+01	
2.3490066735e+02	5.5992079585e+01	
2.3500052832e+02	5.0171730907e+01	
2.3510053636e+02	4.1032722854e+01	
2.3520042700e+02	3.7739011252e+01	
2.3530016302e+02	2.9310118212e+01	
2.3540034345e+02	2.5276415042e+01	
2.3550051099e+02	2.3368667246e+01	
2.3560055111e+02	2.2893837266e+01	
2.3570041694e+02	2.3431444559e+01	
2.3580034727e+02	2.2497543095e+01	
2.3590026440e+02	2.2567142766e+01	
2.3600053166e+02	2.2234089250e+01	
2.3610017296e+02	2.2410051587e+01	
2.3620041829e+02	2.2545680668e+01	
2.3630028544e+02	2.2786556677e+01	
2.3640055398e+02	2.5202940587e+01	
2.3650009482e+02	2.8028827370e+01	
2.3660023980e+02	3.4028872595e+01	
2.3670038153e+02	3.6678122096e+01	
2.3680020706e+02	4.3595855420e+01	
2.3690002669e+02	6.8242451099e+01	
2.3700043598e+02	5.5632788263e+01	
2.3710060618e+02	6.1347349901e+01	
2.3720024920e+02	5.7914926313e+01	
2.3730013876e+02	4.5444201025e+01	
2.3740049770e+02	4.6943559693e+01	
2.3750035439e+02	4.1788036516e+01	
2.3760025051e+02	4.4877260079e+01	
2.3770053779e+02	4.4105793345e+01	
2.3780051033e+02	4.9297612225e+01	
2.3790003708e+02	4.1802640536e+01	
2.3800053604e+02	4.0323119176e+01	
2.3810005692e+02	4.0413436041e+01	
2.3820035089e+02	4.3476110604e+01	
2.3830000162e+02	4.4689917653e+01	
2.3840053062e+02	4.4186873757e+01	
2.3850003805e+02	4.2730558499e+01	
2.3860066778e+02	3.9981928216e+01	
2.3870037780e+02	4.2485149333e+01	
2.3880008787e+02	4.4006440183e+01	
2.3890063995e+02	4.4548392751e+01	
2.3900063002e+02	4.3552235119e+01	
2.3910013345e+02	4.4636510089e+01	
2.3920038348e+02	5.4172976195e+01	
2.3930007202e+02	6.2038631767e+01	
2.3940048510e+02	6.7473267422e+01	
2.3950048206e+02	7.5217986969e+01	
2.3960033062e+02	7.4692364405e+01	
2.3970054059e+02	7.0381800364e+01	
2.3980018834e+02	5.3280761009e+01	
2.3990059270e+02	4.0983861483e+01	
2.4000019881e+02	4.1660605170e+01	
2.4010008583e+02	3.9036112432e+01	
2.4020052114e+02	3.6089473187e+01	
2.4030023567e+02	3.2973315112e+01	
2.4040057936e+02	3.7390535819e+01	
2.4050036424e+02	3.9642333174e+01	
2.4060050706e+02	5.0300298175e+01	
2.4070030023e+02	5.0256649496e+01	
2.4080030616e+02	4.7645662610e+01	
2.4090035432e+02	4.6997140017e+01	
2.4100018301e+02	4.8159363272e+01	
2.4110024157e+02	4.4025142531e+01	
2.4120059266e+02	4.2457006503e+01	
2.4130051314e+02	3.5853875884e+01	
2.4140052153e+02	3.2026625572e+01	
2.4150041289e+02	2.9144200480e+01	
2.4160018319e+02	2.8751814267e+01	
2.4170048923e+02	3.1607202075e+01	
2.4180047568e+02	3.0851353303e+01	
2.4190030341e+02	2.9866689537e+01	
2.4200054047e+02	3.3745137778e+01	
2.4210043436e+02	3.5668428471e+01	
2.4220028587e+02	3.7272290751e+01	
2.4230000171e+02	3.7131917524e+01	
2.4240013979e+02	3.2236583372e+01	
2.4250003493e+02	3.6236751895e+01	
2.4260054485e+02	3.3604387985e+01	
2.4270061934e+02	3.5090633801e+01	
2.4280057427e+02	3.7350092090e+01	
2.4290023154e+02	4.1915415692e+01	
2.4300029278e+02	4.4771175656e+01	
2.4310049078e+02	5.1376139587e+01	
2.4320060842e+02	6.4481359445e+01	
2.4330054173e+02	8.1053038423e+01	
2.4340041161e+02	8.0134835045e+01	
2.4350034536e+02	7.3205711468e+01	
2.4360044043e+02	5.3802191515e+01	
2.4370009220e+02	4.8044684495e+01	
2.4380043073e+02	4.6767440872e+01	
2.4390038310e+02	4.4732845000e+01	
2.4400038789e+02	5.4987119836e+01	
2.4410053671e+02	6.1418315999e+01	
2.4420042601e+02	4.9515377315e+01	
2.4430037454e+02	3.7261866699e+01	
2.4440062996e+02	3.5241222638e+01	
2.4450030164e+02	2.7739540472e+01	
2.4460011351e+02	2.6861867349e+01	
2.4470066335e+02	2.5745028650e+01	
2.4480050258e+02	2.4186289613e+01	
2.4490058753e+02	2.3316269405e+01	
2.4500011922e+02	2.2510850117e+01	
2.4510032783e+02	2.7569068722e+01	
2.4520051711e+02	2.8649974287e+01	
2.4530051977e+02	2.9405838377e+01	
2.4540037570e+02	2.8824839661e+01	
2.4550011102e+02	3.4394852963e+01	
2.4560042246e+02	6.2607072587e+01	
2.4570029256e+02	8.4481685240e+01	
2.4580037372e+02	9.5817184666e+01	
2.4590031135e+02	1.0908184427e+02	
2.4600049151e+02	1.1910435741e+02	
2.4610041196e+02	1.2572961522e+02	
2.4620053254e+02	1.3063588394e+02	
2.4630036945e+02	1.3431441747e+02	
2.4640009426e+02	1.3704998627e+02	
2.4650028485e+02	1.3908444833e+02	
2.4660059645e+02	1.3827888942e+02	
2.4670057298e+02	1.3062302352e+02	
2.4680056744e+02	1.4204531327e+02	
2.4690064299e+02	1.6144223145e+02	
2.4700003637e+02	1.5615241516e+02	
2.4710026298e+02	1.2283898702e+02	
2.4720014533e+02	9.5034351313e+01	
2.4730033881e+02	9.1565458106e+01	
2.4740055157e+02	8.3882328155e+01	
2.4750023284e+02	7.6618503393e+01	
2.4760019235e+02	7.2971641379e+01	
2.4770028485e+02	6.6972482125e+01	
2.4780065949e+02	5.7921645278e+01	
2.4790054268e+02	4.7472025375e+01	
2.4800029807e+02	3.7222651381e+01	
2.4810043020e+02	3.1895647999e+01	
2.4820022624e+02	4.6039613702e+01	
2.4830028074e+02	5.8285944543e+01	
2.4840055953e+02	6.5548208979e+01	
2.4850056502e+02	6.8994228869e+01	
2.4860037935e+02	6.9189819441e+01	
2.4870023336e+02	6.9003461280e+01	
2.4880018907e+02	6.8587812067e+01	
2.4890020179e+02	6.8286573599e+01	
2.4900048755e+02	6.7964601732e+01	
2.4910063805e+02	6.7145392368e+01	
2.4920014717e+02	6.8482383163e+01	
2.4930000476e+02	6.6788589061e+01	
2.4940032491e+02	6.8191592146e+01	
2.4950058598e+02	6.5697567682e+01	
2.4960017684e+02	6.8313908926e+01	
2.4970040531e+02	6.5454992613e+01	
2.4980035231e+02	6.6692424934e+01	
2.4990055081e+02	6.4372488546e+01	
2.5000058278e+02	6.3401172565e+01	
2.5010063026e+02	6.3447395344e+01	
2.5020039196e+02	5.8591232766e+01	
2.5030038087e+02	6.9903398111e+01	
2.5040001345e+02	6.4263052324e+01	
2.5050066255e+02	5.5487099051e+01	
2.5060029545e+02	5.5808569404e+01	
2.5070007816e+02	5.1956170410e+01	
2.5080033577e+02	4.3044437800e+01	
2.5090066633e+02	3.7480372930e+01	
2.5100044996e+02	3.1676863096e+01	
2.5110012995e+02	2.6608936271e+01	
2.5120053650e+02	2.8304281589e+01	
2.5130055514e+02	2.9664473955e+01	
2.5140023241e+02	3.4895534874e+01	
2.5150039360e+02	4.5308444850e+01	
2.5160003945e+02	4.3409249904e+01	
2.5170052973e+02	4.0804538352e+01	
2.5180018617e+02	3.5926908143e+01	
2.5190049004e+02	3.9142646169e+01	
2.5200041625e+02	4.4338502298e+01	
2.5210058335e+02	4.9929108322e+01	
2.5220026359e+02	5.5001733431e+01	
2.5230018819e+02	5.9584323727e+01	
2.5240019379e+02	6.1811987570e+01	
2.5250042840e+02	6.3008875515e+01	
2.5260036727e+02	6.3449320920e+01	
2.5270026780e+02	6.2775186541e+01	
2.5280004072e+02	6.1415677869e+01	
2.5290065989e+02	5.9857381990e+01	
2.5300059023e+02	5.6773295939e+01	
2.5310067313e+02	5.2290324127e+01	
2.5320067854e+02	4.6892026109e+01	
2.5330005854e+02	5.0254125098e+01	
2.5340035094e+02	5.4017355244e+01	
2.5350064332e+02	6.1225038146e+01	
2.5360040802e+02	6.5419533727e+01	
2.5370048353e+02	5.7927667870e+01	
2.5380033937e+02	4.9654242978e+01	
2.5390044446e+02	4.4417325349e+01	
2.5400060005e+02	3.3574399491e+01	
2.5410018449e+02	3.0938344861e+01	
2.5420032649e+02	3.1854584533e+01	
2.5430051850e+02	3.3372861266e+01	
2.5440049753e+02	4.0841646556e+01	
2.5450051222e+02	6.7790255467e+01	
2.5460004541e+02	4.9001484521e+01	
2.5470015930e+02	5.6044265466e+01	
2.5480060329e+02	6.6876143570e+01	
2.5490007186e+02	7.5283066394e+01	
2.5500029515e+02	7.7258231930e+01	
2.5510015570e+02	7.5589597797e+01	
2.5520000299e+02	7.2323196495e+01	
2.5530030828e+02	6.8168113999e+01	
2.5540024721e+02	6.0115095198e+01	
2.5550015343e+02	4.6225862978e+01	
2.5560023727e+02	4.0382468252e+01	
2.5570021409e+02	3.8626574085e+01	
2.5580040073e+02	4.0933753509e+01	
2.5590049678e+02	5.8699840434e+01	
2.5600000204e+02	6.3686774729e+01	
2.5610003768e+02	8.6622511527e+01	
2.5620045940e+02	5.9897928920e+01	
2.5630002088e+02	3.7335343751e+01	
2.5640013544e+02	3.5741158030e+01	
2.5650036583e+02	4.6965296315e+01	
2.5660038506e+02	5.1735715218e+01	
2.5670049989e+02	4.8679595754e+01	
2.5680020378e+02	4.8774070638e+01	
2.5690011328e+02	6.1626904885e+01	
2.5700013621e+02	5.6183160982e+01	
2.5710045391e+02	6.2403891179e+01	
2.5720048668e+02	5.6170151646e+01	
2.5730009087e+02	7.1156851335e+01	
2.5740031023e+02	7.0134337086e+01	
2.5750029549e+02	5.8573675780e+01	
2.5760028927e+02	4.2556647804e+01	
2.5770021763e+02	4.2074652564e+01	
2.5780008733e+02	4.4351427697e+01	
2.5790052707e+02	6.5896935476e+01	
2.5800062749e+02	9.9460455146e+01	
2.5810037785e+02	1.3239827608e+02	
2.5820024977e+02	1.5491871932e+02	
2.5830012748e+02	1.6254437132e+02	
2.5840026751e+02	1.6574849154e+02	
2.5850017630e+02	1.6752073854e+02	
2.5860022962e+02	1.6865076927e+02	
2.5870013637e+02	1.6950243755e+02	
2.5880060573e+02	1.7022185066e+02	
2.5890048533e+02	1.5821487555e+02	
2.5900038744e+02	1.3880917123e+02	
2.5910045691e+02	1.2128092915e+02	
2.5920006343e+02	1.1344382106e+02	
2.5930058837e+02	1.0957576050e+02	
2.5940051183e+02	8.3572504983e+01	
2.5950037923e+02	7.6225416515e+01	
2.5960023443e+02	5.9279214474e+01	
2.5970048508e+02	5.4894591216e+01	
2.5980032316e+02	5.6774134363e+01	
2.5990009322e+02	5.7185632593e+01	
2.6000064301e+02	4.7605156969e+01	
2.6010007807e+02	4.4059263587e+01	
2.6020029693e+02	3.7197702264e+01	
2.6030045951e+02	3.0191990649e+01	
2.6040057273e+02	3.1337579310e+01	
2.6050002440e+02	3.6578636751e+01	
2.6060005714e+02	4.1695858122e+01	
2.6070024755e+02	3.8408341900e+01	
2.6080062968e+02	4.8474887588e+01	
2.6090040068e+02	4.9338398860e+01	
2.6100012909e+02	4.9464848570e+01	
2.6110017902e+02	4.7730105299e+01	
2.6120037613e+02	5.4596343443e+01	
2.6130041001e+02	5.7158315942e+01	
2.6140027601e+02	5.5651928861e+01	
2.6150020404e+02	5.1391790422e+01	
2.6160017190e+02	4.7513654695e+01	
2.6170000676e+02	4.9361546476e+01	
2.6180054840e+02	4.6091195919e+01	
2.6190030428e+02	4.1019294581e+01	
2.6200056424e+02	5.0863234797e+01	
2.6210012197e+02	4.3842664206e+01	
2.6220043847e+02	4.4080018220e+01	
2.6230040847e+02	4.5856239528e+01	
2.6240000442e+02	5.6175120698e+01	
2.6250010955e+02	5.5774078136e+01	
2.6260052301e+02	6.2405826077e+01	
2.6270040126e+02	5.2167233776e+01	
2.6280044160e+02	5.9229912106e+01	
2.6290054381e+02	5.3596511182e+01	
2.6300012470e+02	4.8724659249e+01	
2.6310004275e+02	4.7182652351e+01	
2.6320043566e+02	4.3856618512e+01	
2.6330014175e+02	4.1886594327e+01	
2.6340044262e+02	5.3959188962e+01	
2.6350039063e+02	6.3629901067e+01	
2.6360025242e+02	6.4906418315e+01	
2.6370024389e+02	6.1400375505e+01	
2.6380019691e+02	7.1813303918e+01	
2.6390001566e+02	8.0898274908e+01	
2.6400027768e+02	7.8953183576e+01	
2.6410019816e+02	6.3839030696e+01	
2.6420016817e+02	4.5805463109e+01	
2.6430004031e+02	4.1059194787e+01	
2.6440032180e+02	4.5140098967e+01	
2.6450044987e+02	4.5517122542e+01	
2.6460015423e+02	3.9166006454e+01	
2.6470057442e+02	3.8654967367e+01	
2.6480025741e+02	3.9662194930e+01	
2.6490013994e+02	4.0994467331e+01	
2.6500048128e+02	4.3051617028e+01	
2.6510051766e+02	4.3294668252e+01	
2.6520058385e+02	4.2937814992e+01	
2.6530010250e+02	4.2266475677e+01	
2.6540030206e+02	3.6092735105e+01	
2.6550016170e+02	3.8653413328e+01	
2.6560062567e+02	3.7029280145e+01	
2.6570007793e+02	4.1349065969e+01	
2.6580028382e+02	4.6813069776e+01	
2.6590016643e+02	4.3373595054e+01	
2.6600044317e+02	3.8188700659e+01	
2.6610046052e+02	3.6521728643e+01	
2.6620036783e+02	3.5915222492e+01	
2.6630025216e+02	4.2604644489e+01	
2.6640041512e+02	4.2784121198e+01	
2.6650007803e+02	4.1862161491e+01	
2.6660053683e+02	3.7686141037e+01	
2.6670035454e+02	3.6568418471e+01	
2.6680019832e+02	3.4823650022e+01	
2.6690000893e+02	3.3097125511e+01	
2.6700032414e+02	3.8201994962e+01	
2.6710055678e+02	4.2067781574e+01	
2.6720003773e+02	4.4523232075e+01	
2.6730017300e+02	4.5846896019e+01	
2.6740025133e+02	4.5667532543e+01	
2.6750056809e+02	5.7497762475e+01	
2.6760010491e+02	6.9974260955e+01	
2.6770041616e+02	9.5543876833e+01	
2.6780049306e+02	8.4218935436e+01	
2.6790002039e+02	8.4057188704e+01	
2.6800014107e+02	8.9124048403e+01	
2.6810029885e+02	9.7579487240e+01	
2.6820018191e+02	1.0559513591e+02	
2.6830059482e+02	1.1425885197e+02	
2.6840012315e+02	1.2028471974e+02	
2.6850020455e+02	1.0059124368e+02	
2.6860002326e+02	9.0664458601e+01	
2.6870034477e+02	8.3086904920e+01	
2.6880005280e+02	6.8645695110e+01	
2.6890061440e+02	7.7360849608e+01	
2.6900007819e+02	6.1436761789e+01	
2.6910067086e+02	7.1430858047e+01	
2.6920039584e+02	5.8221319037e+01	
2.6930039857e+02	5.8751226919e+01	
2.6940007585e+02	6.2027812631e+01	
2.6950044094e+02	5.9613201281e+01	
2.6960051948e+02	6.3182808629e+01	
2.6970022410e+02	5.9912427116e+01	
2.6980011189e+02	5.5699868268e+01	
2.6990006764e+02	5.1171199392e+01	
2.7000013337e+02	4.8383484456e+01	
2.7010048855e+02	4.5661184114e+01	
2.7020053653e+02	4.3615709572e+01	
2.7030000699e+02	4.1766009612e+01	
2.7040058834e+02	3.9121566613e+01	
2.7050042096e+02	3.7043043809e+01	
2.7060050855e+02	3.4176304186e+01	
2.7070035453e+02	3.1775900638e+01	
2.7080032153e+02	2.9739317873e+01	
2.7090004794e+02	3.0888224290e+01	
2.7100028451e+02	3.3698961281e+01	
2.7110005492e+02	3.8576609174e+01	
2.7120027740e+02	3.4747493772e+01	
2.7130062271e+02	3.2924361367e+01	
2.7140014272e+02	2.8234079834e+01	
2.7150038197e+02	2.9024325492e+01	
2.7160015381e+02	4.2686347752e+01	
2.7170021376e+02	5.6556361161e+01	
2.7180047897e+02	6.6874487066e+01	
2.7190023709e+02	7.3169606309e+01	
2.7200024199e+02	7.2838849973e+01	
2.7210007222e+02	5.4053755020e+01	
2.7220013304e+02	3.4391161415e+01	
2.7230043931e+02	4.3891357874e+01	
2.7240043533e+02	4.3515821349e+01	
2.7250031584e+02	4.6026191542e+01	
2.7260006382e+02	5.5191386076e+01	
2.7270029700e+02	4.6378671898e+01	
2.7280012101e+02	4.7234200150e+01	
2.7290053554e+02	4.5615898847e+01	
2.7300034834e+02	4.5233294566e+01	
2.7310058361e+02	4.4997167671e+01	
2.7320058303e+02	4.3747592916e+01	
2.7330033508e+02	4.3328140901e+01	
2.7340040193e+02	4.1796188707e+01	
2.7350004071e+02	4.0226482622e+01	
2.7360036006e+02	3.8409361244e+01	
2.7370016793e+02	3.6552393592e+01	
2.7380022611e+02	3.4705156624e+01	
2.7390030960e+02	3.3944655293e+01	
2.7400014844e+02	3.4708182004e+01	
2.7410020283e+02	3.5754846031e+01	
2.7420012625e+02	3.6175092856e+01	
2.7430046139e+02	3.5943089588e+01	
2.7440053663e+02	3.6742790470e+01	
2.7450050029e+02	4.1132276012e+01	
2.7460061558e+02	3.8153995263e+01	
2.7470034321e+02	3.5722974460e+01	
2.7480044345e+02	4.2529747996e+01	
2.7490043090e+02	4.6071178718e+01	
2.7500048389e+02	4.8342797550e+01	
2.7510000594e+02	4.9243784350e+01	
2.7520037444e+02	3.9872140710e+01	
2.7530000816e+02	3.8143178583e+01	
2.7540032825e+02	4.9424450685e+01	
2.7550007407e+02	5.6378613486e+01	
2.7560004481e+02	4.7984329772e+01	
2.7570016860e+02	5.0121081198e+01	
2.7580030183e+02	6.1468140656e+01	
2.7590028926e+02	5.4231610044e+01	
2.7600000696e+02	3.9381361781e+01	
2.7610038563e+02	3.5030165115e+01	
2.7620023036e+02	3.3258759530e+01	
2.7630018758e+02	3.1027327977e+01	
2.7640030910e+02	3.1159577963e+01	
2.7650026793e+02	3.2529271366e+01	
2.7660056020e+02	3.7304835087e+01	
2.7670019502e+02	5.6380827676e+01	
2.7680057225e+02	6.6869837506e+01	
2.7690055149e+02	7.0429980313e+01	
2.7700032820e+02	6.9170279618e+01	
2.7710002987e+02	5.2568765346e+01	
2.7720064031e+02	6.4623771204e+01	
2.7730054248e+02	6.8280002215e+01	
2.7740060071e+02	6.3972848420e+01	
2.7750050968e+02	7.2842182616e+01	
2.7760039085e+02	7.7702248233e+01	
2.7770055257e+02	7.8748451234e+01	
2.7780049461e+02	7.9055808240e+01	
2.7790062230e+02	6.5170102321e+01	
2.7800064462e+02	6.2625053760e+01	
2.7810040397e+02	6.0139044975e+01	
2.7820058230e+02	4.7183926193e+01	
2.7830065153e+02	4.9502197210e+01	
2.7840010217e+02	5.4330964915e+01	
2.7850041519e+02	5.0412243863e+01	
2.7860028172e+02	6.1583566620e+01	
2.7870046887e+02	6.4421006850e+01	
2.7880004343e+02	6.5969918897e+01	
2.7890057735e+02	6.7638558042e+01	
2.7900062442e+02	6.0119560294e+01	
2.7910034063e+02	4.5721473553e+01	
2.7920041634e+02	4.4584112346e+01	
2.7930049854e+02	3.7927198524e+01	
2.7940058264e+02	3.2400418782e+01	
2.7950043561e+02	3.9666709305e+01	
2.7960041577e+02	3.4768916560e+01	
2.7970015842e+02	3.8147945432e+01	
2.7980004354e+02	3.1040138905e+01	
2.7990007354e+02	3.3986340017e+01	
2.8000031409e+02	3.0162249113e+01	
2.8010000282e+02	3.5190322755e+01	
2.8020031709e+02	3.9631198759e+01	
2.8030022628e+02	4.0142428818e+01	
2.8040054573e+02	5.6618903990e+01	
2.8050047470e+02	6.2894013146e+01	
2.8060058437e+02	6.2655964219e+01	
2.8070018466e+02	6.0295767372e+01	
2.8080030696e+02	5.7355540043e+01	
2.8090044942e+02	5.7875447231e+01	
2.8100016886e+02	6.1154654848e+01	
2.8110044877e+02	6.0214272613e+01	
2.8120000450e+02	5.6868661218e+01	
2.8130012666e+02	5.0882817676e+01	
2.8140011585e+02	6.3976987144e+01	
2.8150024148e+02	5.9255943134e+01	
2.8160006574e+02	6.2225052118e+01	
2.8170024383e+02	6.5995053469e+01	
2.8180067344e+02	7.0650981166e+01	
2.8190063626e+02	7.6289074341e+01	
2.8200057048e+02	7.6016322137e+01	
2.8210068983e+02	6.2461838874e+01	
2.8220067304e+02	6.1212292400e+01	
2.8230051153e+02	5.2902544963e+01	
2.8240009130e+02	5.2657711415e+01	
2.8250055946e+02	5.2367303871e+01	
2.8260003175e+02	5.0637145988e+01	
2.8270021634e+02	4.4968798892e+01	
2.8280061416e+02	4.1091559187e+01	
2.8290018964e+02	3.9105995827e+01	
2.8300064408e+02	4.8852720681e+01	
2.8310012826e+02	5.3178204369e+01	
2.8320061200e+02	5.4180103199e+01	
2.8330006182e+02	5.3159810160e+01	
2.8340010991e+02	5.4363859698e+01	
2.8350060685e+02	5.1959512878e+01	
2.8360049786e+02	6.9138810929e+01	
2.8370018298e+02	9.1589661660e+01	
2.8380033726e+02	9.5010418760e+01	
2.8390023719e+02	9.3263663721e+01	
2.8400015731e+02	8.5311850911e+01	
2.8410063401e+02	8.9812865155e+01	
2.8420058961e+02	7.7460292817e+01	
2.8430061649e+02	8.5176805754e+01	
2.8440060226e+02	8.2415022113e+01	
2.8450013920e+02	8.8878481691e+01	
2.8460039304e+02	8.1096113981e+01	
2.8470010925e+02	6.5863338157e+01	
2.8480030659e+02	6.2346897361e+01	
2.8490056161e+02	5.7565707463e+01	
2.8500035273e+02	5.7223723024e+01	
2.8510006061e+02	4.9744288856e+01	
2.8520016882e+02	6.7420621782e+01	
2.8530016065e+02	4.3998793100e+01	
2.8540032385e+02	4.0332252043e+01	
2.8550005254e+02	3.8449719146e+01	
2.8560066219e+02	3.3334792221e+01	
2.8570006036e+02	3.8223831081e+01	
2.8580006152e+02	4.5699575535e+01	
2.8590064658e+02	5.0334893292e+01	
2.8600017426e+02	4.9917607284e+01	
2.8610003428e+02	4.2985577812e+01	
2.8620055950e+02	3.8258285843e+01	
2.8630007366e+02	3.6325596481e+01	
2.8640030832e+02	3.5816814267e+01	
2.8650007946e+02	3.5424831125e+01	
2.8660042455e+02	3.7999070789e+01	
2.8670027247e+02	4.4548175101e+01	
2.8680062908e+02	2.9916759093e+01	
2.8690005566e+02	3.1966004275e+01	
2.8700000918e+02	3.2890145628e+01	
2.8710050774e+02	3.3783092388e+01	
2.8720033789e+02	3.2993906206e+01	
2.8730020116e+02	4.0928501999e+01	
2.8740027815e+02	3.5280861765e+01	
2.8750051245e+02	4.0144621808e+01	
2.8760061474e+02	4.8263626849e+01	
2.8770026368e+02	5.1459018602e+01	
2.8780056288e+02	5.6334283577e+01	
2.8790030867e+02	5.7466578472e+01	
2.8800025318e+02	5.4716002050e+01	
2.8810047766e+02	5.0257979723e+01	
2.8820015612e+02	4.7716381569e+01	
2.8830007624e+02	3.9116093197e+01	
2.8840020229e+02	3.5303513380e+01	
2.8850051075e+02	3.0161488674e+01	
2.8860034724e+02	3.0534473096e+01	
2.8870028832e+02	3.0570041551e+01	
2.8880048090e+02	3.0874433673e+01	
2.8890048568e+02	3.0327680939e+01	
2.8900051092e+02	2.8990296380e+01	
2.8910037551e+02	2.8691511720e+01	
2.8920039750e+02	2.6914706806e+01	
2.8930010775e+02	3.0571929429e+01	
2.8940044603e+02	3.9977482509e+01	
2.8950035604e+02	3.5436873890e+01	
2.8960031300e+02	4.1082733557e+01	
2.8970052559e+02	4.4280493830e+01	
2.8980061825e+02	5.3168176839e+01	
2.8990018873e+02	6.2292370574e+01	
2.9000031420e+02	6.5469862819e+01	
2.9010047610e+02	8.0351915332e+01	
2.9020057491e+02	8.4723421785e+01	
2.9030055403e+02	8.8764489884e+01	
2.9040011446e+02	9.2028248391e+01	
2.9050048264e+02	9.1221361746e+01	
2.9060006257e+02	8.9416443681e+01	
2.9070026394e+02	8.6968294792e+01	
2.9080059728e+02	8.4179551025e+01	
2.9090004337e+02	8.1270805625e+01	
2.9100041114e+02	7.8395121252e+01	
2.9110027935e+02	7.2658106658e+01	
2.9120021298e+02	1.1087693337e+02	
2.9130056133e+02	1.1374264500e+02	
2.9140042057e+02	7.4393481666e+01	
2.9150047662e+02	6.1129514030e+01	
2.9160011536e+02	4.9099557879e+01	
2.9170013911e+02	4.3345859732e+01	
2.9180039450e+02	3.5897793266e+01	
2.9190000881e+02	3.1609461848e+01	
2.9200049671e+02	3.2714735357e+01	
2.9210004269e+02	3.5939083410e+01	
2.9220064091e+02	3.8192983920e+01	
2.9230045397e+02	4.1730364591e+01	
2.9240012962e+02	4.2354284386e+01	
2.9250006047e+02	3.9513441147e+01	
2.9260028080e+02	3.9927152555e+01	
2.9270050128e+02	3.6613112396e+01	
2.9280002277e+02	2.8685052293e+01	
2.9290062017e+02	3.1385011648e+01	
2.9300013315e+02	2.7584451479e+01	
2.9310030083e+02	2.7423609837e+01	
2.9320032146e+02	2.7707336015e+01	
2.9330023284e+02	3.0769462358e+01	
2.9340017179e+02	3.6121856886e+01	
2.9350049874e+02	4.7656736816e+01	
2.9360037686e+02	4.4024104477e+01	
2.9370014736e+02	4.0179382746e+01	
2.9380021812e+02	3.9956372510e+01	
2.9390008513e+02	4.4463171935e+01	
2.9400041559e+02	4.8082480624e+01	
2.9410047225e+02	6.0825838716e+01	
2.9420040452e+02	6.3457371005e+01	
2.9430034205e+02	3.9304857208e+01	
2.9440037504e+02	4.5179352360e+01	
2.9450057130e+02	4.9036943966e+01	
2.9460057607e+02	5.2045619073e+01	
2.9470011074e+02	5.2011043599e+01	
2.9480017489e+02	6.3278327737e+01	
2.9490019502e+02	7.5160894802e+01	
2.9500031914e+02	7.4677410756e+01	
2.9510061385e+02	7.0598350720e+01	
2.9520052701e+02	6.8887761055e+01	
2.9530038983e+02	7.0535498686e+01	
2.9540037903e+02	7.1478061941e+01	
2.9550052510e+02	7.2939814804e+01	
2.9560022600e+02	6.6771867356e+01	
2.9570032891e+02	5.9732857480e+01	
2.9580056766e+02	5.6188684822e+01	
2.9590009540e+02	5.0172118073e+01	
2.9600035485e+02	4.2248171150e+01	
2.9610017717e+02	4.3190851845e+01	
2.9620031787e+02	4.7687228882e+01	
2.9630022923e+02	5.1656992033e+01	
2.9640001805e+02	5.4638630011e+01	
2.9650046053e+02	5.8525291268e+01	
2.9660025644e+02	7.5725171869e+01	
2.9670043396e+02	7.2331282222e+01	
2.9680017999e+02	7.1103674527e+01	
2.9690041891e+02	7.2945819615e+01	
2.9700022070e+02	6.8548679720e+01	
2.9710052822e+02	6.8419424512e+01	
2.9720060370e+02	6.4046698841e+01	
2.9730018196e+02	6.2312190468e+01	
2.9740055864e+02	6.0410991219e+01	
2.9750012861e+02	5.7414601876e+01	
2.9760003794e+02	5.2849154477e+01	
2.9770001806e+02	4.6643794741e+01	
2.9780008533e+02	4.2196835425e+01	
2.9790062472e+02	3.8584984236e+01	
2.9800004035e+02	3.4375508719e+01	
2.9810057792e+02	3.0125642472e+01	
2.9820049858e+02	2.7497992971e+01	
2.9830004202e+02	2.6324493920e+01	
2.9840012843e+02	2.7959078165e+01	
2.9850002206e+02	2.6770986806e+01	
2.9860022969e+02	3.3177830196e+01	
2.9870008811e+02	3.8621194950e+01	
2.9880012726e+02	3.7309304668e+01	
2.9890049433e+02	3.3882280392e+01	
2.9900048064e+02	3.3243696791e+01	
2.9910059728e+02	2.9720438817e+01	
2.9920020751e+02	2.9052112088e+01	
2.9930028720e+02	2.7840942535e+01	
2.9940046003e+02	3.0979986220e+01	
2.9950005383e+02	4.1501081326e+01	
2.9960052401e+02	4.7818799855e+01	
2.9970005364e+02	4.9406509552e+01	
2.9980019057e+02	4.5501331754e+01	
2.9990000848e+02	3.5402797366e+01	
3.0000053339e+02	4.1017845518e+01	
3.0010061445e+02	4.1100134234e+01	
3.0020047553e+02	4.4001428557e+01	
3.0030029776e+02	4.2258873303e+01	
3.0040033074e+02	4.0098628898e+01	
3.0050008346e+02	3.8743393506e+01	
3.0060056740e+02	4.3079115277e+01	
3.0070057579e+02	4.7298141635e+01	
3.0080034645e+02	5.1524971378e+01	
3.0090067167e+02	5.6014406881e+01	
3.0100036800e+02	6.1060820162e+01	
3.0110018490e+02	6.6093613509e+01	
3.0120058935e+02	7.1450985255e+01	
3.0130001033e+02	7.8315626934e+01	
3.0140048058e+02	8.9589959970e+01	
3.0150036766e+02	1.0634152245e+02	
3.0160061866e+02	1.2816434226e+02	
3.0170019672e+02	1.5641888664e+02	
3.0180054679e+02	2.0640544935e+02	
3.0190021676e+02	2.5588309182e+02	
3.0200059577e+02	2.5666539649e+02	
3.0210030840e+02	2.3635130739e+02	
3.0220052225e+02	1.8340197998e+02	
3.0230053198e+02	1.4776931343e+02	
3.0240025798e+02	1.6345782426e+02	
3.0250007057e+02	1.7023720195e+02	
3.0260000795e+02	1.5479602676e+02	
3.0270057020e+02	1.3633577816e+02	
3.0280059956e+02	1.2563992209e+02	
3.0290055108e+02	8.6218566607e+01	
3.0300028832e+02	8.2844822754e+01	
3.0310035914e+02	7.7769283635e+01	
3.0320060015e+02	7.2164816511e+01	
3.0330059240e+02	6.6012248807e+01	
3.0340032982e+02	5.9400871088e+01	
3.0350046127e+02	6.6607006846e+01	
3.0360044303e+02	5.5966044470e+01	
3.0370030024e+02	5.3450044087e+01	
3.0380037367e+02	5.4612884740e+01	
3.0390020042e+02	4.9655593372e+01	
3.0400020791e+02	4.7555477332e+01	
3.0410015596e+02	4.4283373987e+01	
3.0420035740e+02	4.1160212849e+01	
3.0430036734e+02	3.9831563049e+01	
3.0440051893e+02	3.6504635157e+01	
3.0450036478e+02	3.8662346200e+01	
3.0460039376e+02	3.9425052010e+01	
3.0470039198e+02	4.5954991499e+01	
3.0480033325e+02	7.8984370732e+01	
3.0490011088e+02	9.4613279098e+01	
3.0500015249e+02	1.1703428318e+02	
3.0510045790e+02	1.2701700809e+02	
3.0520032448e+02	1.2847868190e+02	
3.0530047079e+02	1.2638476954e+02	
3.0540033046e+02	1.2427662962e+02	
3.0550021231e+02	1.3107669825e+02	
3.0560041549e+02	1.5188832818e+02	
3.0570019063e+02	1.4436211137e+02	
3.0580038837e+02	1.3702691720e+02	
3.0590045402e+02	1.3162626950e+02	
3.0600034335e+02	1.2568231377e+02	
3.0610037471e+02	1.2306127095e+02	
3.0620036196e+02	1.2493567958e+02	
3.0630006373e+02	1.1083824776e+02	
3.0640058068e+02	1.0303434161e+02	
3.0650061342e+02	1.0416006991e+02	
3.0660067169e+02	9.4027788706e+01	
3.0670004420e+02	6.5757402858e+01	
3.0680065944e+02	6.3658951220e+01	
3.0690062155e+02	5.7226025006e+01	
3.0700063621e+02	5.9022994368e+01	
3.0710041188e+02	6.0011410172e+01	
3.0720034757e+02	5.8347047468e+01	
3.0730059404e+02	5.6660963887e+01	
3.0740040815e+02	4.9049458815e+01	
3.0750003075e+02	5.5236701964e+01	
3.0760007892e+02	6.2455607884e+01	
3.0770011828e+02	7.0595490516e+01	
3.0780005504e+02	7.7037801851e+01	
3.0790013655e+02	7.5646869183e+01	
3.0800050595e+02	5.6449366162e+01	
3.0810059931e+02	6.2014134644e+01	
3.0820040964e+02	5.9001198671e+01	
3.0830041954e+02	4.2727959173e+01	
3.0840016861e+02	4.2085872620e+01	
3.0850046920e+02	3.3410758034e+01	
3.0860001202e+02	3.7377976935e+01	
3.0870013085e+02	4.6999372305e+01	
3.0880052550e+02	5.1835329621e+01	
3.0890006704e+02	3.4525888713e+01	
3.0900014391e+02	3.7474378371e+01	
3.0910003707e+02	4.3671007825e+01	
3.0920036544e+02	5.3359773564e+01	
3.0930051165e+02	6.0382219517e+01	
3.0940028868e+02	6.3994250250e+01	
3.0950033019e+02	6.4346986925e+01	
3.0960031046e+02	6.3610353849e+01	
3.0970042203e+02	5.1934287509e+01	
3.0980017323e+02	4.5191898115e+01	
3.0990054816e+02	5.4823518985e+01	
3.1000042482e+02	5.2749676387e+01	
3.1010005998e+02	5.2840922768e+01	
3.1020068877e+02	5.4162259527e+01	
3.1030004676e+02	6.8721820542e+01	
3.1040007728e+02	9.1987215884e+01	
3.1050034661e+02	9.9226499620e+01	
3.1060040206e+02	1.4003885548e+02	
3.1070065325e+02	1.2483409811e+02	
3.1080047403e+02	1.2762729066e+02	
3.1090044449e+02	9.1315148326e+01	
3.1100061883e+02	7.0513522283e+01	
3.1110007208e+02	5.4868018050e+01	
3.1120003330e+02	4.8232882861e+01	
3.1130062090e+02	4.5056091978e+01	
3.1140005483e+02	4.2454407085e+01	
3.1150021609e+02	3.6255693627e+01	
3.1160063405e+02	3.5030825922e+01	
3.1170011242e+02	4.1310505346e+01	
3.1180001133e+02	5.3420573099e+01	
3.1190012456e+02	6.6022312407e+01	
3.1200048524e+02	7.4664003471e+01	
3.1210011228e+02	8.0809870063e+01	
3.1220006859e+02	8.4943817822e+01	
3.1230008283e+02	9.0858938387e+01	
3.1240039316e+02	9.5190028044e+01	
3.1250003117e+02	9.5673505702e+01	
3.1260014126e+02	8.7609746170e+01	
3.1270008774e+02	6.4580368043e+01	
3.1280012185e+02	5.5653787488e+01	
3.1290046959e+02	5.0465769799e+01	
3.1300027851e+02	4.5841002265e+01	
3.1310008687e+02	4.7762517923e+01	
3.1320008922e+02	5.0589361316e+01	
3.1330066991e+02	8.4208169377e+01	
3.1340047327e+02	8.0659880182e+01	
3.1350058020e+02	4.3743181866e+01	
3.1360028772e+02	3.9897796426e+01	
3.1370024206e+02	4.5145634781e+01	
3.1380004868e+02	4.1179516428e+01	
3.1390000102e+02	4.3070871079e+01	
3.1400054012e+02	4.4257232576e+01	
3.1410001601e+02	4.0428428374e+01	
3.1420039739e+02	2.9524329849e+01	
3.1430042759e+02	2.6805290244e+01	
3.1440011574e+02	2.5114725580e+01	
3.1450001382e+02	2.5259896580e+01	
3.1460028603e+02	2.7063157362e+01	
3.1470056883e+02	2.7910350973e+01	
3.1480030901e+02	3.0198771631e+01	
3.1490016440e+02	4.0109341841e+01	
3.1500056228e+02	4.3280495985e+01	
3.1510018879e+02	4.5415557898e+01	
3.1520057800e+02	4.7281930451e+01	
3.1530059445e+02	4.8442637503e+01	
3.1540037233e+02	5.0298368898e+01	
3.1550050679e+02	5.0684583381e+01	
3.1560007152e+02	5.1789658290e+01	
3.1570015461e+02	5.3023221173e+01	
3.1580029660e+02	5.4069177005e+01	
3.1590064914e+02	5.3637923288e+01	
3.1600028536e+02	5.2419574693e+01	
3.1610053694e+02	5.6093876236e+01	
3.1620018547e+02	5.6949166454e+01	
3.1630005397e+02	6.2916857297e+01	
3.1640015045e+02	7.0937331994e+01	
3.1650057137e+02	7.0058545035e+01	
3.1660047739e+02	7.1112181104e+01	
3.1670014150e+02	6.4644760514e+01	
3.1680036126e+02	4.9051139512e+01	
3.1690009557e+02	5.2116911232e+01	
3.1700040084e+02	4.9357095006e+01	
3.1710032986e+02	4.5813619772e+01	
3.1720032348e+02	3.7857381120e+01	
3.1730006964e+02	3.2102349135e+01	
3.1740019117e+02	3.0412853461e+01	
3.1750055143e+02	2.8316334300e+01	
3.1760050531e+02	2.7906545422e+01	
3.1770003880e+02	3.0891918328e+01	
3.1780033970e+02	3.1589418075e+01	
3.1790057483e+02	3.1778183044e+01	
3.1800041916e+02	3.2155537466e+01	
3.1810023305e+02	4.0942226175e+01	
3.1820032618e+02	3.5991441118e+01	
3.1830030229e+02	4.0361250471e+01	
3.1840002922e+02	4.4023674161e+01	
3.1850003529e+02	5.5612539797e+01	
3.1860055481e+02	5.4205737046e+01	
3.1870064007e+02	4.7518365264e+01	
3.1880054851e+02	4.8348527350e+01	
3.1890061273e+02	4.8419344783e+01	
3.1900034552e+02	4.5075587727e+01	
3.1910064499e+02	4.6407159376e+01	
3.1920060211e+02	7.4681279599e+01	
3.1930059992e+02	9.1016375475e+01	
3.1940047206e+02	8.6739190700e+01	
3.1950063920e+02	7.6309432409e+01	
3.1960052990e+02	6.2536285539e+01	
3.1970008859e+02	5.9177140541e+01	
3.1980036530e+02	4.6303685794e+01	
3.1990066594e+02	4.0320327014e+01	
3.2000040677e+02	3.8380724306e+01	
3.2010021559e+02	3.1822560093e+01	
3.2020020565e+02	2.9384724695e+01	
3.2030059686e+02	3.6021837733e+01	
3.2040032970e+02	4.2131225482e+01	
3.2050062619e+02	4.3883136520e+01	
3.2060039296e+02	4.4484096754e+01	
3.2070032424e+02	4.3740672058e+01	
3.2080059605e+02	5.2432765400e+01	
3.2090063827e+02	5.5741531702e+01	
3.2100004649e+02	5.5851480073e+01	
3.2110001037e+02	4.8133311303e+01	
3.2120036677e+02	5.5321714483e+01	
3.2130035654e+02	5.8489044824e+01	
3.2140025166e+02	6.9405721116e+01	
3.2150049487e+02	7.4412411707e+01	
3.2160015785e+02	8.1953658226e+01	
3.2170028782e+02	8.3928712395e+01	
3.2180026639e+02	7.2601913249e+01	
3.2190023932e+02	6.4919871335e+01	
3.2200044368e+02	5.2938322058e+01	
3.2210027091e+02	6.1677096119e+01	
3.2220049935e+02	5.9894157354e+01	
3.2230031588e+02	6.1449156023e+01	
3.2240035978e+02	6.0681221178e+01	
3.2250003113e+02	5.2271898733e+01	
3.2260000809e+02	5.3270728038e+01	
3.2270067028e+02	4.7309218546e+01	
3.2280057606e+02	4.7513416308e+01	
3.2290046021e+02	4.7644600828e+01	
3.2300047540e+02	4.7733033418e+01	
3.2310015799e+02	4.7789903646e+01	
3.2320025757e+02	4.7826196958e+01	
3.2330012138e+02	4.8536530695e+01	
3.2340036134e+02	5.0655067577e+01	
3.2350034113e+02	6.7398734476e+01	
3.2360061517e+02	7.3833641841e+01	
3.2370039389e+02	6.6001720939e+01	
3.2380042091e+02	6.2908544242e+01	
3.2390016495e+02	5.6032361281e+01	
3.2400025546e+02	5.1241958477e+01	
3.2410012712e+02	4.6905355990e+01	
3.2420041173e+02	4.4982393456e+01	
3.2430034101e+02	4.1200843541e+01	
3.2440053611e+02	4.3262344176e+01	
3.2450017320e+02	4.6167564877e+01	
3.2460005740e+02	5.7002980061e+01	
3.2470045948e+02	7.0704597211e+01	
3.2480044375e+02	8.2383431227e+01	
3.2490031832e+02	8.7713290122e+01	
3.2500042050e+02	9.4876495969e+01	
3.2510039529e+02	9.6805959206e+01	
3.2520042311e+02	9.3402770837e+01	
3.2530040617e+02	8.3994695171e+01	
3.2540067032e+02	6.6796106873e+01	
3.2550040667e+02	5.7869563214e+01	
3.2560063214e+02	6.7335297777e+01	
3.2570005365e+02	8.6075835004e+01	
3.2580035511e+02	9.0871262151e+01	
3.2590039253e+02	7.8119061194e+01	
3.2600063077e+02	5.2507180170e+01	
3.2610039858e+02	4.7143122038e+01	
3.2620063393e+02	4.2333970291e+01	
3.2630000127e+02	4.3812823401e+01	
3.2640059971e+02	5.0236804487e+01	
3.2650020893e+02	5.2929528017e+01	
3.2660042662e+02	4.9367577220e+01	
3.2670008009e+02	4.0751131535e+01	
3.2680060516e+02	3.8596451075e+01	
3.2690056029e+02	3.9026183855e+01	
3.2700046082e+02	3.8159100509e+01	
3.2710051307e+02	4.0550595061e+01	
3.2720020457e+02	4.8960304363e+01	
3.2730061483e+02	6.3609152026e+01	
3.2740041481e+02	8.4746138715e+01	
3.2750059932e+02	8.1672144216e+01	
3.2760030950e+02	1.3694016596e+02	
3.2770027782e+02	1.0444600974e+02	
3.2780013596e+02	1.1868086362e+02	
3.2790064238e+02	1.3606975223e+02	
3.2800026990e+02	1.2108244426e+02	
3.2810033165e+02	1.3958413552e+02	
3.2820005742e+02	1.2789539679e+02	
3.2830040074e+02	1.0614360161e+02	
3.2840014691e+02	1.0158177397e+02	
3.2850011573e+02	8.0289081478e+01	
3.2860022736e+02	7.8641534292e+01	
3.2870026466e+02	6.7439757594e+01	
3.2880002720e+02	5.5849585174e+01	
3.2890014980e+02	6.0352987343e+01	
3.2900017282e+02	5.5547535633e+01	
3.2910003521e+02	4.7805506672e+01	
3.2920068943e+02	5.4535122131e+01	
3.2930021837e+02	6.0550409059e+01	
3.2940028808e+02	6.5521580875e+01	
3.2950022772e+02	6.5518078506e+01	
3.2960055423e+02	6.5015607203e+01	
3.2970036904e+02	6.8118047197e+01	
3.2980003498e+02	5.7948766924e+01	
3.2990056936e+02	5.3814501421e+01	
3.3000015131e+02	5.1797992702e+01	
3.3010045566e+02	5.3101454379e+01	
3.3020036695e+02	4.8043295089e+01	
3.3030023749e+02	4.6848635063e+01	
3.3040025289e+02	4.1418207463e+01	
3.3050039937e+02	3.9996105659e+01	
3.3060028497e+02	5.5365197337e+01	
3.3070030094e+02	6.9372786321e+01	
3.3080054218e+02	8.2396982917e+01	
3.3090009505e+02	8.6152648415e+01	
3.3100044119e+02	9.0412915824e+01	
3.3110049353e+02	9.2738701302e+01	
3.3120034094e+02	9.3667565892e+01	
3.3130034991e+02	8.9603024398e+01	
3.3140024016e+02	6.8227876479e+01	
3.3150023531e+02	6.0960550195e+01	
3.3160006220e+02	7.8588148022e+01	
3.3170050265e+02	7.8327855066e+01	
3.3180031867e+02	8.1753332227e+01	
3.3190026293e+02	8.3261077382e+01	
3.3200043521e+02	8.8376958421e+01	
3.3210069726e+02	8.5632687039e+01	
3.3220030931e+02	8.2296221514e+01	
3.3230055002e+02	8.0199913665e+01	
3.3240010110e+02	7.9219955366e+01	
3.3250047018e+02	7.8741340330e+01	
3.3260032949e+02	7.6097342850e+01	
3.3270020935e+02	7.2102010035e+01	
3.3280030209e+02	6.7572287936e+01	
3.3290058601e+02	6.3356339573e+01	
3.3300020902e+02	5.9327182766e+01	
3.3310060075e+02	5.5342042379e+01	
3.3320015965e+02	5.1748307662e+01	
3.3330004950e+02	6.0692628983e+01	
3.3340008981e+02	6.6103509272e+01	
3.3350039660e+02	7.1319763843e+01	
3.3360044740e+02	4.9435706019e+01	
3.3370015285e+02	4.7693483987e+01	
3.3380052712e+02	5.0312654685e+01	
3.3390023016e+02	5.0368492613e+01	
3.3400022410e+02	4.6582619860e+01	
3.3410018372e+02	4.7475668603e+01	
3.3420023818e+02	5.0635080929e+01	
3.3430052715e+02	5.8131291583e+01	
3.3440056807e+02	6.4175494822e+01	
3.3450039026e+02	1.0473092648e+02	
3.3460054952e+02	1.2787878666e+02	
3.3470048241e+02	1.2850448778e+02	
3.3480047673e+02	1.0608061829e+02	
3.3490035267e+02	9.6352291256e+01	
3.3500007196e+02	9.1337955823e+01	
3.3510043107e+02	8.2624800048e+01	
3.3520008438e+02	7.3652536896e+01	
3.3530056725e+02	5.7086427351e+01	
3.3540010574e+02	5.0227250970e+01	
3.3550060205e+02	4.5969676570e+01	
3.3560028310e+02	4.4641751143e+01	
3.3570042920e+02	4.3580515717e+01	
3.3580036429e+02	4.3908717300e+01	
3.3590002566e+02	4.6954707460e+01	
3.3600046158e+02	5.0256951636e+01	
3.3610014499e+02	5.6468002144e+01	
3.3620023576e+02	6.1968192390e+01	
3.3630062397e+02	7.6973978092e+01	
3.3640038721e+02	7.6673939986e+01	
3.3650006361e+02	6.3141115274e+01	
3.3660049729e+02	7.4937220102e+01	
3.3670061609e+02	9.6445519375e+01	
3.3680021063e+02	9.4853164052e+01	
3.3690057941e+02	8.5841736792e+01	
3.3700061332e+02	7.3558040859e+01	
3.3710027768e+02	6.2749000417e+01	
3.3720062116e+02	5.7229797751e+01	
3.3730062145e+02	4.9598338567e+01	
3.3740008153e+02	4.7233072533e+01	
3.3750051827e+02	5.1005373225e+01	
3.3760017007e+02	4.8647776703e+01	
3.3770031690e+02	5.3506741827e+01	
3.3780059801e+02	5.6744789024e+01	
3.3790011116e+02	5.5229729899e+01	
3.3800056488e+02	5.0304318452e+01	
3.3810059177e+02	4.7442683095e+01	
3.3820063394e+02	4.9109807186e+01	
3.3830030997e+02	5.1622829308e+01	
3.3840000927e+02	5.4002610224e+01	
3.3850027797e+02	5.5717188238e+01	
3.3860011841e+02	5.6774887216e+01	
3.3870065778e+02	5.7250194670e+01	
3.3880056857e+02	5.6545641698e+01	
3.3890060216e+02	5.4647328091e+01	
3.3900053477e+02	4.8672742699e+01	
3.3910030139e+02	4.2455121199e+01	
3.3920028100e+02	3.6000842417e+01	
3.3930061640e+02	2.9548813001e+01	
3.3940031367e+02	2.4946873604e+01	
3.3950006069e+02	2.5878735662e+01	
3.3960019340e+02	2.8868668729e+01	
3.3970053445e+02	3.2303037732e+01	
3.3980009564e+02	4.1946158918e+01	
3.3990050023e+02	4.5825672242e+01	
3.4000005862e+02	4.9218563268e+01	
3.4010001377e+02	5.5120696374e+01	
3.4020003147e+02	6.6361286440e+01	
3.4030033915e+02	7.3985798079e+01	
3.4040049415e+02	7.0390399971e+01	
3.4050011820e+02	7.3650208029e+01	
3.4060007578e+02	7.6425458512e+01	
3.4070054444e+02	7.8539514499e+01	
3.4080016593e+02	8.0140045553e+01	
3.4090047216e+02	7.5028710028e+01	
3.4100033910e+02	7.4301766969e+01	
3.4110029756e+02	7.3303313301e+01	
3.4120012579e+02	7.1612959965e+01	
3.4130044261e+02	7.3307074572e+01	
3.4140063330e+02	7.4735639854e+01	
3.4150013914e+02	7.5853860699e+01	
3.4160053257e+02	7.5505464189e+01	
3.4170014945e+02	6.9532253628e+01	
3.4180051809e+02	6.2275129291e+01	
3.4190005588e+02	5.6230691454e+01	
3.4200032102e+02	5.0777063029e+01	
3.4210046798e+02	4.3188247708e+01	
3.4220061396e+02	3.5742214035e+01	
3.4230061677e+02	3.2874332662e+01	
3.4240032694e+02	3.7146737113e+01	
3.4250034052e+02	5.2298780198e+01	
3.4260048515e+02	3.6951245652e+01	
3.4270003653e+02	5.1610998072e+01	
3.4280002310e+02	4.3729373179e+01	
3.4290029119e+02	4.5867346875e+01	
3.4300013605e+02	5.3695074755e+01	
3.4310019795e+02	7.6132279578e+01	
3.4320036658e+02	8.2553437536e+01	
3.4330047360e+02	8.6141154335e+01	
3.4340033122e+02	1.0328955050e+02	
3.4350010052e+02	1.2235066749e+02	
3.4360016858e+02	1.1338921585e+02	
3.4370015848e+02	1.2121805028e+02	
3.4380055552e+02	1.2844567587e+02	
3.4390060112e+02	1.3207346461e+02	
3.4400065267e+02	1.4813873790e+02	
3.4410047844e+02	1.5355919409e+02	
3.4420013962e+02	1.6028202842e+02	
3.4430022897e+02	1.6657038546e+02	
3.4440009841e+02	1.6986907506e+02	
3.4450067041e+02	1.7169061466e+02	
3.4460009600e+02	1.7222185257e+02	
3.4470057672e+02	1.6405881785e+02	
3.4480064808e+02	1.2888305324e+02	
3.4490016288e+02	1.0630023470e+02	
3.4500062460e+02	7.9928688889e+01	
3.4510058554e+02	7.3168030458e+01	
3.4520035986e+02	8.3703718955e+01	
3.4530035191e+02	7.6850688357e+01	
3.4540008155e+02	6.7244412878e+01	
3.4550057375e+02	6.1093260800e+01	
3.4560055479e+02	5.9292405713e+01	
3.4570023693e+02	6.1002286475e+01	
3.4580036475e+02	6.3713534803e+01	
3.4590023075e+02	1.1148571306e+02	
3.4600061797e+02	9.8453865009e+01	
3.4610049498e+02	8.5574076237e+01	
3.4620018299e+02	7.4085114925e+01	
3.4630020392e+02	6.8550785687e+01	
3.4640053258e+02	5.9113571879e+01	
3.4650014449e+02	4.8330636184e+01	
3.4660028337e+02	5.3165577086e+01	
3.4670035767e+02	4.8801843929e+01	
3.4680060451e+02	3.5093872688e+01	
3.4690059314e+02	4.0577533078e+01	
3.4700063660e+02	5.1205439203e+01	
3.4710032107e+02	4.1135969146e+01	
3.4720004769e+02	4.9480581519e+01	
3.4730046048e+02	4.5022646820e+01	
3.4740021763e+02	4.5031447905e+01	
3.4750003335e+02	3.8836121400e+01	
3.4760057578e+02	3.9947298706e+01	
3.4770031806e+02	4.5974715441e+01	
3.4780039168e+02	4.9866688546e+01	
3.4790001801e+02	5.3143418849e+01	
3.4800035618e+02	5.5043137304e+01	
3.4810000642e+02	5.2486063612e+01	
3.4820058321e+02	3.8498138199e+01	
3.4830004035e+02	2.7104264200e+01	
3.4840000875e+02	3.2106725311e+01	
3.4850058708e+02	3.8687470651e+01	
3.4860049859e+02	4.3802102384e+01	
3.4870041948e+02	4.6901032067e+01	
3.4880042639e+02	4.6591756291e+01	
3.4890052809e+02	4.3703964114e+01	
3.4900055966e+02	3.8160678520e+01	
3.4910021537e+02	3.4384225067e+01	
3.4920056693e+02	3.3725704318e+01	
3.4930033521e+02	4.2479002575e+01	
3.4940003620e+02	4.1316456602e+01	
3.4950054323e+02	4.2472915879e+01	
3.4960052130e+02	4.5403917603e+01	
3.4970004576e+02	4.5427838371e+01	
3.4980013505e+02	4.2488649796e+01	
3.4990011514e+02	5.1868074170e+01	
3.5000008329e+02	5.4070921102e+01	
3.5010042980e+02	5.2615262169e+01	
3.5020027003e+02	4.9215357984e+01	
3.5030063925e+02	4.4903674419e+01	
3.5040013834e+02	4.3990502789e+01	
3.5050052362e+02	4.8273411425e+01	
3.5060055958e+02	4.6367698421e+01	
3.5070047044e+02	5.2696131834e+01	
3.5080017655e+02	5.8004796489e+01	
3.5090025502e+02	6.7979043945e+01	
3.5100050380e+02	6.0721207913e+01	
3.5110004465e+02	5.4814053229e+01	
3.5120017498e+02	6.3316046414e+01	
3.5130023536e+02	6.3979553980e+01	
3.5140046954e+02	6.0871019446e+01	
3.5150021769e+02	5.5449243238e+01	
3.5160051182e+02	4.9585053445e+01	
3.5170054806e+02	4.0988752629e+01	
3.5180005043e+02	2.4584666310e+01	
3.5190058982e+02	2.3922865678e+01	
3.5200006682e+02	2.2680058891e+01	
3.5210020303e+02	2.1191452369e+01	
3.5220049621e+02	2.1259873338e+01	
3.5230019903e+02	2.4269362904e+01	
3.5240053080e+02	2.9854505938e+01	
3.5250009386e+02	3.2822762021e+01	
3.5260038949e+02	3.1435630203e+01	
3.5270004635e+02	5.3134576711e+01	
3.5280024725e+02	7.9510130352e+01	
3.5290007900e+02	7.0579667556e+01	
3.5300000439e+02	8.4495581276e+01	
3.5310014692e+02	1.0669103449e+02	
3.5320019307e+02	1.2549405973e+02	
3.5330059247e+02	1.3106204350e+02	
3.5340023357e+02	1.1468599992e+02	
3.5350056212e+02	8.8678754463e+01	
3.5360044687e+02	7.4858900234e+01	
3.5370013976e+02	5.9904334982e+01	
3.5380056364e+02	6.3324380584e+01	
3.5390063591e+02	7.3017437377e+01	
3.5400043999e+02	6.1758595025e+01	
3.5410000077e+02	5.7449426014e+01	
3.5420013855e+02	6.1622622502e+01	
3.5430011653e+02	6.2676924594e+01	
3.5440039009e+02	4.7991104718e+01	
3.5450021486e+02	4.3979590843e+01	
3.5460049054e+02	4.0479407247e+01	
3.5470017861e+02	4.5785195968e+01	
3.5480005605e+02	4.5426944897e+01	
3.5490029469e+02	4.2858222713e+01	
3.5500058238e+02	3.9220946468e+01	
3.5510028011e+02	3.7172126043e+01	
3.5520045324e+02	3.4334716585e+01	
3.5530011236e+02	3.5729150178e+01	
3.5540059812e+02	3.9107046906e+01	
3.5550054265e+02	4.6748674545e+01	
3.5560039381e+02	6.0098853077e+01	
3.5570056718e+02	6.6147426778e+01	
3.5580059593e+02	7.1444539895e+01	
3.5590016224e+02	7.2082042747e+01	
3.5600053032e+02	7.0292606802e+01	
3.5610035899e+02	6.7887449462e+01	
3.5620018004e+02	6.5607823095e+01	
3.5630038117e+02	6.4798530521e+01	
3.5640019459e+02	6.2037269812e+01	
3.5650028782e+02	5.7808327900e+01	
3.5660043242e+02	6.2926820285e+01	
3.5670039307e+02	5.8000641965e+01	
3.5680031199e+02	4.9197794942e+01	
3.5690008549e+02	4.0415124876e+01	
3.5700063739e+02	4.1100561599e+01	
3.5710020331e+02	4.2895623619e+01	
3.5720030753e+02	3.7573238260e+01	
3.5730036873e+02	4.1489687747e+01	
3.5740045264e+02	4.1715383899e+01	
3.5750001724e+02	4.9551866827e+01	
3.5760056495e+02	4.8786386276e+01	
3.5770032445e+02	4.5528373697e+01	
3.5780054481e+02	4.1065618931e+01	
3.5790059135e+02	3.8983591344e+01	
3.5800063185e+02	3.9071823962e+01	
3.5810013877e+02	4.0559562686e+01	
3.5820017516e+02	3.7713291192e+01	
3.5830030501e+02	3.4806832208e+01	
3.5840019089e+02	3.6567343947e+01	
3.5850056397e+02	5.2152713772e+01	
3.5860058140e+02	6.5970149400e+01	
3.5870042584e+02	7.0938084234e+01	
3.5880024328e+02	6.2021066445e+01	
3.5890050251e+02	6.1098536216e+01	
3.5900052957e+02	8.4155974786e+01	
3.5910024571e+02	1.0116458498e+02	
3.5920035913e+02	1.1416863157e+02	
3.5930037536e+02	1.2469832850e+02	
3.5940032856e+02	1.3398616347e+02	
3.5950057375e+02	1.4567967921e+02	
3.5960061672e+02	1.4996827132e+02	
3.5970053296e+02	1.4872028863e+02	
3.5980017786e+02	1.4716366627e+02	
3.5990031382e+02	1.4651935789e+02	
3.6000035028e+02	1.4270478581e+02	
3.6010033122e+02	1.3780761883e+02	
3.6020047310e+02	1.3237298837e+02	
3.6030004146e+02	1.2105342536e+02	
3.6040032569e+02	1.0555654094e+02	
3.6050015448e+02	9.1151615502e+01	
3.6060066170e+02	7.8036692937e+01	
3.6070048203e+02	6.7450501142e+01	
3.6080041099e+02	5.9251492088e+01	
3.6090043789e+02	5.3080854563e+01	
3.6100051522e+02	4.8325567025e+01	
3.6110061611e+02	4.8782978574e+01	
3.6120010203e+02	6.3340396397e+01	
3.6130036798e+02	6.0551167887e+01	
3.6140008652e+02	5.0049433784e+01	
3.6150003205e+02	4.4506698318e+01	
3.6160022571e+02	4.0829062528e+01	
3.6170040129e+02	3.9536096735e+01	
3.6180064592e+02	4.0357444542e+01	
3.6190053398e+02	5.3365351929e+01	
3.6200013437e+02	5.9502417409e+01	
3.6210032550e+02	5.8848487550e+01	
3.6220024955e+02	5.4904154125e+01	
3.6230051497e+02	4.9395053851e+01	
3.6240044232e+02	4.8629068697e+01	
3.6250058287e+02	4.6937962041e+01	
3.6260060519e+02	4.7263577721e+01	
3.6270030750e+02	5.2906280814e+01	
3.6280034684e+02	5.7951721994e+01	
3.6290050669e+02	5.9616781817e+01	
3.6300020070e+02	5.5275028859e+01	
3.6310021752e+02	5.2591475722e+01	
3.6320030923e+02	5.2172431639e+01	
3.6330042978e+02	5.4022748652e+01	
3.6340062091e+02	5.5690767283e+01	
3.6350023333e+02	5.7761853524e+01	
3.6360016986e+02	5.1800443605e+01	
3.6370001515e+02	3.9610437506e+01	
3.6380054604e+02	3.1953711388e+01	
3.6390051264e+02	2.7472359221e+01	
3.6400036902e+02	3.2709566554e+01	
3.6410023789e+02	3.6320850528e+01	
3.6420014909e+02	3.7288356928e+01	
3.6430006915e+02	3.6685996128e+01	
3.6440044965e+02	3.3008874067e+01	
3.6450041852e+02	3.6355091919e+01	
3.6460004874e+02	4.0965277245e+01	
3.6470057780e+02	4.1786404317e+01	
3.6480030607e+02	4.2780299222e+01	
3.6490046127e+02	5.1149124548e+01	
3.6500038331e+02	5.3659861202e+01	
3.6510011720e+02	5.1195669601e+01	
3.6520041459e+02	4.0681002985e+01	
3.6530027995e+02	3.5373597848e+01	
3.6540044544e+02	3.1723929554e+01	
3.6550017665e+02	3.4582006600e+01	
3.6560050008e+02	4.6494249133e+01	
3.6570009340e+02	5.3773988587e+01	
3.6580004939e+02	5.0830780887e+01	
3.6590044981e+02	4.9211306849e+01	
3.6600025695e+02	5.7587133892e+01	
3.6610040627e+02	4.9432222459e+01	
3.6620003579e+02	4.5557786731e+01	
3.6630034230e+02	4.2849777071e+01	
3.6640013712e+02	5.0428686538e+01	
3.6650022675e+02	5.5721098231e+01	
3.6660005130e+02	7.2482678072e+01	
3.6670026062e+02	9.5746941759e+01	
3.6680029390e+02	7.0452358322e+01	
3.6690017299e+02	4.9650052054e+01	
3.6700005541e+02	4.5070461019e+01	
3.6710012440e+02	4.3837327912e+01	
3.6720040853e+02	4.6321583266e+01	
3.6730066293e+02	4.5037975217e+01	
3.6740039068e+02	3.9891932684e+01	
3.6750045769e+02	3.7299934142e+01	
3.6760045674e+02	3.7147463641e+01	
3.6770058147e+02	3.6447359481e+01	
3.6780058695e+02	3.5615514538e+01	
3.6790004382e+02	3.4346631249e+01	
3.6800010520e+02	3.2110899428e+01	
3.6810029977e+02	3.0248567763e+01	
3.6820057658e+02	2.9821795875e+01	
3.6830000717e+02	3.2303703540e+01	
3.6840000613e+02	3.5600268494e+01	
3.6850035551e+02	4.1700645881e+01	
3.6860061844e+02	3.6399413771e+01	
3.6870026585e+02	4.4909615144e+01	
3.6880014864e+02	4.6837728136e+01	
3.6890016216e+02	6.8277518654e+01	
3.6900009129e+02	6.5369204991e+01	
3.6910028846e+02	6.7493879414e+01	
3.6920045540e+02	8.7031309409e+01	
3.6930007680e+02	1.1040380921e+02	
3.6940066148e+02	9.3317174398e+01	
3.6950030315e+02	1.1747593102e+02	
3.6960056423e+02	1.0907835490e+02	
3.6970026183e+02	1.2006345014e+02	
3.6980036644e+02	1.2369151576e+02	
3.6990060382e+02	1.1468113636e+02	
3.7000027265e+02	7.2024436492e+01	
3.7010050439e+02	5.2815617758e+01	
3.7020015003e+02	4.2271565719e+01	
3.7030055636e+02	3.8362180068e+01	
3.7040048806e+02	3.2825637071e+01	
3.7050015151e+02	2.7476161598e+01	
3.7060025621e+02	2.6830592673e+01	
3.7070038156e+02	2.7237647112e+01	
3.7080014150e+02	2.6809473485e+01	
3.7090050758e+02	2.7512478424e+01	
3.7100003094e+02	2.5534348733e+01	
3.7110031936e+02	2.8975260998e+01	
3.7120052891e+02	3.9237562340e+01	
3.7130036837e+02	4.6183585526e+01	
3.7140038925e+02	5.5289218802e+01	
3.7150053629e+02	5.5746998654e+01	
3.7160043777e+02	6.2168887033e+01	
3.7170013855e+02	7.1938979661e+01	
3.7180008231e+02	7.3990862248e+01	
3.7190057785e+02	5.4204130459e+01	
3.7200007445e+02	5.2030078098e+01	
3.7210046300e+02	4.9992836104e+01	
3.7220034169e+02	5.1603335763e+01	
3.7230038032e+02	6.5827802758e+01	
3.7240045576e+02	7.5834315422e+01	
3.7250041348e+02	4.8946371970e+01	
3.7260001893e+02	4.1344956537e+01	
3.7270005337e+02	4.5624604732e+01	
3.7280030938e+02	4.9805237407e+01	
3.7290030787e+02	5.4331435416e+01	
3.7300044289e+02	5.8372061671e+01	
3.7310001085e+02	6.4470277102e+01	
3.7320011621e+02	5.5748852699e+01	
3.7330018697e+02	4.7638665991e+01	
3.7340039681e+02	4.0630787015e+01	
3.7350022795e+02	4.2365491262e+01	
3.7360001656e+02	4.6988997968e+01	
3.7370059139e+02	5.0517138690e+01	
3.7380020033e+02	5.5091352305e+01	
3.7390022724e+02	5.8495982368e+01	
3.7400007578e+02	5.9633427422e+01	
3.7410052957e+02	5.7610486880e+01	
3.7420016969e+02	5.1678036273e+01	
3.7430034744e+02	4.3398915620e+01	
3.7440031580e+02	3.5946888224e+01	
3.7450055895e+02	3.4087951331e+01	
3.7460019201e+02	3.8212379929e+01	
3.7470060641e+02	4.4490562293e+01	
3.7480051992e+02	4.7367084732e+01	
3.7490019251e+02	5.4587598733e+01	
3.7500013579e+02	5.5733237434e+01	
3.7510004647e+02	5.6506405739e+01	
3.7520052160e+02	5.8465450570e+01	
3.7530014707e+02	5.3371499693e+01	
3.7540032597e+02	5.2359856165e+01	
3.7550018530e+02	4.8817904532e+01	
3.7560025965e+02	4.4932648374e+01	
3.7570015295e+02	4.0984138389e+01	
3.7580001948e+02	3.9310463900e+01	
3.7590019623e+02	4.1108355056e+01	
3.7600007191e+02	4.0871700368e+01	
3.7610051588e+02	4.0377542391e+01	
3.7620032710e+02	4.0932227027e+01	
3.7630012189e+02	3.5728080566e+01	
3.7640036372e+02	3.7798493443e+01	
3.7650031341e+02	2.7118569194e+01	
3.7660027198e+02	2.8837333219e+01	
3.7670048892e+02	2.7171977851e+01	
3.7680040176e+02	2.7587822953e+01	
3.7690016081e+02	3.4677446662e+01	
3.7700058135e+02	3.7961349885e+01	
3.7710045968e+02	4.0127232805e+01	
3.7720034994e+02	3.8943378354e+01	
3.7730045030e+02	3.6561878886e+01	
3.7740013201e+02	3.4142797230e+01	
3.7750001026e+02	3.0221290355e+01	
3.7760032398e+02	2.6628841243e+01	
3.7770042044e+02	2.8900307845e+01	
3.7780009001e+02	3.4871671280e+01	
3.7790026126e+02	3.1728336371e+01	
3.7800040479e+02	4.9946800491e+01	
3.7810054321e+02	7.6479041897e+01	
3.7820042009e+02	7.6483988043e+01	
3.7830012781e+02	6.4646283516e+01	
3.7840040278e+02	5.3126415493e+01	
3.7850066244e+02	3.8459623161e+01	
3.7860014529e+02	3.5264038292e+01	
3.7870013936e+02	3.1050429748e+01	
3.7880049133e+02	3.1177991168e+01	
3.7890049601e+02	3.2766268734e+01	
3.7900033522e+02	3.6295326259e+01	
3.7910062505e+02	5.1571895464e+01	
3.7920002282e+02	5.2035178542e+01	
3.7930051665e+02	5.3766072489e+01	
3.7940040895e+02	4.5433976804e+01	
3.7950054194e+02	5.5045750366e+01	
3.7960047346e+02	5.7284684436e+01	
3.7970024191e+02	5.3091408198e+01	
3.7980061343e+02	3.9467758835e+01	
3.7990027195e+02	4.2680114646e+01	
3.8000057046e+02	4.2913648665e+01	
3.8010001565e+02	3.5761687875e+01	
3.8020023475e+02	3.4844751212e+01	
3.8030016943e+02	3.9818924182e+01	
3.8040020308e+02	3.1395962921e+01	
3.8050006614e+02	3.0893031245e+01	
3.8060013915e+02	3.1701053318e+01	
3.8070010909e+02	2.8811243686e+01	
3.8080055889e+02	5.2105868354e+01	
3.8090028946e+02	6.9228410165e+01	
3.8100011361e+02	8.2788219997e+01	
3.8110028845e+02	8.5563274226e+01	
3.8120054071e+02	8.7441529964e+01	
3.8130048579e+02	8.8992397934e+01	
3.8140029727e+02	9.0103225597e+01	
3.8150010153e+02	9.0987142095e+01	
3.8160064686e+02	9.1729679892e+01	
3.8170012540e+02	9.2362528997e+01	
3.8180056120e+02	9.2934516406e+01	
3.8190036756e+02	9.3468383908e+01	
3.8200028307e+02	9.3986847924e+01	
3.8210040743e+02	9.4495474140e+01	
3.8220013343e+02	9.0351886287e+01	
3.8230058286e+02	7.7362673978e+01	
3.8240032451e+02	6.5920231530e+01	
3.8250008493e+02	5.0370996868e+01	
3.8260052336e+02	3.8506767115e+01	
3.8270046969e+02	3.6725258256e+01	
3.8280066050e+02	3.7464991761e+01	
3.8290002534e+02	3.6795926481e+01	
3.8300018487e+02	3.4542780251e+01	
3.8310053920e+02	3.2044570897e+01	
3.8320023489e+02	3.3668981278e+01	
3.8330052624e+02	3.5120782672e+01	
3.8340009515e+02	3.5589524883e+01	
3.8350013125e+02	3.1297920661e+01	
3.8360052159e+02	3.2814917327e+01	
3.8370059585e+02	3.0810857189e+01	
3.8380017448e+02	3.4949990353e+01	
3.8390020778e+02	3.7225479133e+01	
3.8400034142e+02	3.9325141484e+01	
3.8410025827e+02	4.2924142626e+01	
3.8420020131e+02	4.5954390042e+01	
3.8430009488e+02	4.8217480625e+01	
3.8440012673e+02	4.4593728166e+01	
3.8450031350e+02	4.6207264189e+01	
3.8460022665e+02	5.3141208943e+01	
3.8470050064e+02	5.8090472948e+01	
3.8480042062e+02	7.4208917322e+01	
3.8490050725e+02	9.0804357375e+01	
3.8500063199e+02	9.6922603313e+01	
3.8510009795e+02	9.9447451040e+01	
3.8520016743e+02	9.7387414900e+01	
3.8530023375e+02	9.3473519316e+01	
3.8540030924e+02	6.2100606878e+01	
3.8550061860e+02	5.3990053979e+01	
3.8560034056e+02	4.5179718901e+01	
3.8570026205e+02	3.8203234985e+01	
3.8580011741e+02	3.6752075594e+01	
3.8590040010e+02	4.5588113876e+01	
3.8600044412e+02	4.8536758959e+01	
3.8610002524e+02	4.8473806907e+01	
3.8620007286e+02	4.3072581003e+01	
3.8630002084e+02	3.7245788514e+01	
3.8640036612e+02	4.0528926840e+01	
3.8650060067e+02	5.3175434298e+01	
3.8660009550e+02	8.0428056377e+01	
3.8670015810e+02	8.6428770090e+01	
3.8680057890e+02	7.7399866370e+01	
3.8690027024e+02	6.3259064158e+01	
3.8700037160e+02	6.4621845374e+01	
3.8710057043e+02	6.0146131575e+01	
3.8720043825e+02	5.0349593459e+01	
3.8730039645e+02	4.4380509288e+01	
3.8740038163e+02	4.8603124557e+01	
3.8750024107e+02	4.9021399204e+01	
3.8760036355e+02	4.2985548709e+01	
3.8770031039e+02	4.4875481776e+01	
3.8780059210e+02	4.6656731328e+01	
3.8790057663e+02	4.8588503389e+01	
3.8800035050e+02	4.3411117493e+01	
3.8810011301e+02	5.3887121944e+01	
3.8820037047e+02	6.0147913867e+01	
3.8830009496e+02	5.7280026832e+01	
3.8840037563e+02	4.2146892923e+01	
3.8850045821e+02	4.6657046711e+01	
3.8860061333e+02	4.3037052154e+01	
3.8870034279e+02	5.3700273432e+01	
3.8880022877e+02	6.6692056179e+01	
3.8890043689e+02	6.7432562128e+01	
3.8900055222e+02	6.5963114744e+01	
3.8910029668e+02	4.4508527767e+01	
3.8920026348e+02	3.9166108595e+01	
3.8930046300e+02	4.1546615296e+01	
3.8940024939e+02	3.4522357960e+01	
3.8950039724e+02	3.5323762660e+01	
3.8960055630e+02	3.3313920870e+01	
3.8970045491e+02	3.0851067122e+01	
3.8980035698e+02	3.0020945434e+01	
3.8990022339e+02	2.7804835317e+01	
3.9000049747e+02	2.8307832905e+01	
3.9010055431e+02	3.5622965364e+01	
3.9020023565e+02	3.7866868348e+01	
3.9030010542e+02	3.7934585245e+01	
3.9040034543e+02	4.5267783241e+01	
3.9050018350e+02	4.4187649339e+01	
3.9060049718e+02	4.7547177603e+01	
3.9070021397e+02	5.1484657069e+01	
3.9080051136e+02	5.2862231236e+01	
3.9090000349e+02	4.8923732174e+01	
3.9100004668e+02	5.4180752465e+01	
3.9110036575e+02	5.4054255984e+01	
3.9120016118e+02	5.9241288272e+01	
3.9130034765e+02	5.4035973912e+01	
3.9140006337e+02	5.2437973782e+01	
3.9150049276e+02	4.3653182477e+01	
3.9160044105e+02	4.3982909663e+01	
3.9170009206e+02	4.4256325157e+01	
3.9180062512e+02	3.7055032170e+01	
3.9190029159e+02	3.2685951762e+01	
3.9200032731e+02	3.2197987819e+01	
3.9210065138e+02	3.2790360063e+01	
3.9220018477e+02	3.3209317107e+01	
3.9230068634e+02	3.3260229926e+01	
3.9240019675e+02	3.3683481226e+01	
3.9250059035e+02	3.2420245146e+01	
3.9260004188e+02	3.4329250523e+01	
3.9270014487e+02	3.6216577990e+01	
3.9280027230e+02	3.8468497350e+01	
3.9290016406e+02	3.4793093218e+01	
3.9300021609e+02	2.9060478474e+01	
3.9310019547e+02	2.5118977748e+01	
3.9320016667e+02	2.3843163553e+01	
3.9330024742e+02	2.1780315822e+01	
3.9340050263e+02	2.7104882857e+01	
3.9350031329e+02	3.0540768449e+01	
3.9360026804e+02	3.4133424248e+01	
3.9370000890e+02	3.9619347210e+01	
3.9380040199e+02	3.7476889273e+01	
3.9390057506e+02	5.2388596621e+01	
3.9400009479e+02	5.4808809382e+01	
3.9410015758e+02	5.5831808700e+01	
3.9420023458e+02	5.6163661755e+01	
3.9430002922e+02	5.5858369020e+01	
3.9440007384e+02	5.5571989892e+01	
3.9450021477e+02	5.5081189854e+01	
3.9460062922e+02	5.6828275254e+01	
3.9470067497e+02	5.7462410302e+01	
3.9480065514e+02	5.9266988419e+01	
3.9490065071e+02	6.0609978423e+01	
3.9500057495e+02	5.6776440434e+01	
3.9510060358e+02	5.2518359274e+01	
3.9520019526e+02	5.3273321464e+01	
3.9530015688e+02	5.2425206504e+01	
3.9540060149e+02	5.0604757310e+01	
3.9550065455e+02	4.6768943115e+01	
3.9560054792e+02	5.1190638170e+01	
3.9570048794e+02	5.9212411824e+01	
3.9580025658e+02	5.4148317674e+01	
3.9590021220e+02	5.0802434529e+01	
3.9600027002e+02	5.7732502949e+01	
3.9610047612e+02	6.0207633738e+01	
3.9620010988e+02	8.5050740583e+01	
3.9630049812e+02	9.4243244679e+01	
3.9640030087e+02	8.8164055436e+01	
3.9650010952e+02	7.6645861269e+01	
3.9660035419e+02	7.4637835684e+01	
3.9670012978e+02	7.1696799169e+01	
3.9680009983e+02	5.8673677595e+01	
3.9690007660e+02	5.6553322695e+01	
3.9700011324e+02	4.9890296628e+01	
3.9710035816e+02	5.1098959466e+01	
3.9720003245e+02	5.6922556184e+01	
3.9730026400e+02	5.7439504922e+01	
3.9740037118e+02	5.2704287662e+01	
3.9750058765e+02	5.0087730850e+01	
3.9760021634e+02	5.1165270939e+01	
3.9770023687e+02	5.3447732570e+01	
3.9780018384e+02	5.5654403359e+01	
3.9790024790e+02	5.6968172537e+01	
3.9800005735e+02	5.7536036996e+01	
3.9810064877e+02	5.3208219935e+01	
3.9820059974e+02	4.4490172237e+01	
3.9830068742e+02	3.6335297472e+01	
3.9840062312e+02	4.4463377004e+01	
3.9850002772e+02	5.4174148224e+01	
3.9860062100e+02	6.4616272880e+01	
3.9870059985e+02	8.2283631208e+01	
3.9880058734e+02	8.5668432950e+01	
3.9890002202e+02	7.8480072117e+01	
3.9900060264e+02	7.8157276152e+01	
3.9910009461e+02	8.1846821373e+01	
3.9920026620e+02	8.7602010514e+01	
3.9930025102e+02	8.8344135248e+01	
3.9940018046e+02	8.6951616307e+01	
3.9950033829e+02	8.4709903813e+01	
3.9960026803e+02	8.1874480141e+01	
3.9970035563e+02	7.9524401342e+01	
3.9980062628e+02	7.6143734853e+01	
3.9990027894e+02	6.9119127911e+01	
4.0000055413e+02	5.9982595968e+01	
4.0010025861e+02	5.0152103745e+01	
4.0020041887e+02	4.8804491031e+01	
4.0030042854e+02	4.9223283457e+01	
4.0040011918e+02	5.4169449148e+01	
4.0050026059e+02	5.2758759271e+01	
4.0060035509e+02	4.8499107735e+01	
4.0070040374e+02	4.9599136555e+01	
4.0080024626e+02	4.8005755818e+01	
4.0090045472e+02	5.2285123178e+01	
4.0100016710e+02	4.7863724624e+01	
4.0110033972e+02	5.1443879945e+01	
4.0120058780e+02	4.8792431765e+01	
4.0130034223e+02	6.1382469608e+01	
4.0140058156e+02	5.4388036287e+01	
4.0150066628e+02	4.9514425662e+01	
4.0160021546e+02	4.9616309725e+01	
4.0170019980e+02	4.9044732773e+01	
4.0180059827e+02	4.1876833109e+01	
4.0190021481e+02	3.3791161405e+01	
4.0200014079e+02	3.2255947305e+01	
4.0210056097e+02	3.7677749812e+01	
4.0220027376e+02	5.4783314385e+01	
4.0230046100e+02	6.3092207555e+01	
4.0240049983e+02	6.6475619511e+01	
4.0250053898e+02	5.2619865131e+01	
4.0260033227e+02	5.7272746961e+01	
4.0270033088e+02	6.1219774622e+01	
4.0280043537e+02	5.2280236059e+01	
4.0290029905e+02	4.3451082524e+01	
4.0300026067e+02	3.8878322294e+01	
4.0310037701e+02	4.0647762676e+01	
4.0320053324e+02	4.1925141563e+01	
4.0330036616e+02	4.2933761694e+01	
4.0340037811e+02	4.3396464573e+01	
4.0350034422e+02	5.2245381175e+01	
4.0360053217e+02	5.9408411065e+01	
4.0370047680e+02	5.0087353548e+01	
4.0380053243e+02	5.2584396821e+01	
4.0390023962e+02	6.4878246936e+01	
4.0400060254e+02	6.1017654042e+01	
4.0410054259e+02	6.3697585424e+01	
4.0420018142e+02	6.5773724520e+01	
4.0430039323e+02	6.7193076042e+01	
4.0440052869e+02	5.6869261326e+01	
4.0450013678e+02	4.8616131523e+01	
4.0460046833e+02	4.3710794326e+01	
4.0470007918e+02	3.0329804767e+01	
4.0480042468e+02	3.3365152322e+01	
4.0490024143e+02	3.1331945970e+01	
4.0500028813e+02	3.6438146811e+01	
4.0510037014e+02	4.2486911948e+01	
4.0520007584e+02	4.3786318663e+01	
4.0530028621e+02	3.9692483665e+01	
4.0540058532e+02	3.1737517310e+01	
4.0550054965e+02	2.3522943575e+01	
4.0560030842e+02	2.6072006118e+01	
4.0570028478e+02	3.7422920171e+01	
4.0580060939e+02	3.9417965786e+01	
4.0590017139e+02	3.8629682318e+01	
4.0600042135e+02	4.0990645647e+01	
4.0610018274e+02	4.0186247892e+01	
4.0620021482e+02	3.6858056715e+01	
4.0630047518e+02	3.8692696137e+01	
4.0640063875e+02	5.0284628941e+01	
4.0650016874e+02	4.8446687903e+01	
4.0660011037e+02	4.1468902744e+01	
4.0670024517e+02	4.2823726484e+01	
4.0680059075e+02	4.0883059970e+01	
4.0690046530e+02	3.4122033846e+01	
4.0700051494e+02	3.2227079876e+01	
4.0710008792e+02	3.1954552490e+01	
4.0720018912e+02	4.3414185220e+01	
4.0730013839e+02	5.4024740598e+01	
4.0740048478e+02	3.8841567048e+01	
4.0750065845e+02	3.7420606522e+01	
4.0760040278e+02	2.8997232937e+01	
4.0770043020e+02	2.9412221310e+01	
4.0780025575e+02	2.8515662220e+01	
4.0790000591e+02	2.8526877651e+01	
4.0800054368e+02	2.4216135311e+01	
4.0810062396e+02	2.5432580106e+01	
4.0820064149e+02	2.5074912290e+01	
4.0830025753e+02	2.5887811993e+01	
4.0840060020e+02	2.8087146287e+01	
4.0850036600e+02	3.3168381601e+01	
4.0860007207e+02	4.0090343711e+01	
4.0870037705e+02	4.3592261070e+01	
4.0880048023e+02	4.4247110386e+01	
4.0890056640e+02	4.1763376166e+01	
4.0900001455e+02	3.1933763575e+01	
4.0910060486e+02	3.5750444995e+01	
4.0920034610e+02	4.7907810637e+01	
4.0930031881e+02	5.8313250652e+01	
4.0940021832e+02	6.5466426101e+01	
4.0950036521e+02	7.2152210470e+01	
4.0960041789e+02	7.7991359099e+01	
4.0970046249e+02	8.1945657378e+01	
4.0980018905e+02	8.4499018389e+01	
4.0990021316e+02	8.6288898677e+01	
4.1000026835e+02	8.7598083555e+01	
4.1010022339e+02	8.8586680994e+01	
4.1020040247e+02	8.8236812943e+01	
4.1030007007e+02	7.8676620141e+01	
4.1040042721e+02	6.6958840976e+01	
4.1050027282e+02	5.7899677447e+01	
4.1060050296e+02	5.2763161076e+01	
4.1070028950e+02	4.8149376185e+01	
4.1080063316e+02	4.1062024154e+01	
4.1090052457e+02	3.7057033346e+01	
4.1100008928e+02	3.4079194381e+01	
4.1110039276e+02	3.0137486210e+01	
4.1120060398e+02	2.7793845023e+01	
4.1130005189e+02	2.4692665522e+01	
4.1140041871e+02	2.2891610376e+01	
4.1150003229e+02	2.1954895578e+01	
4.1160063093e+02	2.2456535000e+01	
4.1170045716e+02	2.3603317532e+01	
4.1180033270e+02	2.6077219189e+01	
4.1190060577e+02	2.9317905277e+01	
4.1200051466e+02	2.8323772183e+01	
4.1210049973e+02	3.1486382313e+01	
4.1220023304e+02	3.6514731975e+01	
4.1230051535e+02	4.2760330490e+01	
4.1240004256e+02	5.2751219885e+01	
4.1250003287e+02	6.1687879602e+01	
4.1260043285e+02	6.3517920645e+01	
4.1270034890e+02	5.9522738876e+01	
4.1280001321e+02	6.3530610286e+01	
4.1290056880e+02	6.2246600507e+01	
4.1300048085e+02	6.1258388649e+01	
4.1310001786e+02	5.3859144220e+01	
4.1320021314e+02	4.2394340606e+01	
4.1330000094e+02	3.7851787655e+01	
4.1340023604e+02	4.1335254306e+01	
4.1350031210e+02	4.0760587557e+01	
4.1360040634e+02	4.0888409724e+01	
4.1370007925e+02	3.7059759569e+01	
4.1380028616e+02	3.6499612164e+01	
4.1390065206e+02	3.7932280884e+01	
4.1400008288e+02	4.2503248568e+01	
4.1410050981e+02	4.6196017818e+01	
4.1420064171e+02	4.8903700656e+01	
4.1430054770e+02	5.0333935038e+01	
4.1440041900e+02	5.1336381275e+01	
4.1450054940e+02	5.1561445009e+01	
4.1460001737e+02	5.1393147562e+01	
4.1470044491e+02	4.8067120285e+01	
4.1480011893e+02	4.1130203133e+01	
4.1490051462e+02	3.4409074152e+01	
4.1500058539e+02	2.8194642977e+01	
4.1510037922e+02	2.5461942526e+01	
4.1520045157e+02	3.0836545393e+01	
4.1530005635e+02	3.5605511508e+01	
4.1540017320e+02	5.1292586120e+01	
4.1550031741e+02	5.6043606066e+01	
4.1560016674e+02	5.8041914092e+01	
4.1570022896e+02	6.0055491320e+01	
4.1580056378e+02	6.8192493284e+01	
4.1590003613e+02	5.8710437539e+01	
4.1600026072e+02	4.9564663531e+01	
4.1610058104e+02	5.0814281406e+01	
4.1620062758e+02	4.7914589675e+01	
4.1630055753e+02	4.5613802107e+01	
4.1640014447e+02	4.9848778194e+01	
4.1650030550e+02	5.2640730732e+01	
4.1660000738e+02	5.5960363956e+01	
4.1670022570e+02	5.8268316209e+01	
4.1680032397e+02	5.9205406843e+01	
4.1690017106e+02	5.9230842430e+01	
4.1700032907e+02	5.8786465164e+01	
4.1710003447e+02	5.8059591301e+01	
4.1720057836e+02	5.0402537969e+01	
4.1730057868e+02	4.2451883714e+01	
4.1740053752e+02	3.8677462241e+01	
4.1750031560e+02	3.9782229008e+01	
4.1760065464e+02	4.1303571771e+01	
4.1770027020e+02	4.2444474834e+01	
4.1780015948e+02	4.3257675916e+01	
4.1790006937e+02	4.1473117938e+01	
4.1800057205e+02	4.2192091980e+01	
4.1810045495e+02	4.1857575430e+01	
4.1820037255e+02	4.1437032027e+01	
4.1830010209e+02	4.0324405933e+01	
4.1840015064e+02	3.8680896943e+01	
4.1850017866e+02	3.7182569073e+01	
4.1860022347e+02	3.5456674283e+01	
4.1870051222e+02	3.3597144802e+01	
4.1880008048e+02	3.3521277225e+01	
4.1890035929e+02	4.5139435439e+01	
4.1900036381e+02	5.4271063473e+01	
4.1910025826e+02	5.8133084279e+01	
4.1920038807e+02	5.4661150007e+01	
4.1930033715e+02	5.7380513983e+01	
4.1940044353e+02	5.9589642725e+01	
4.1950028412e+02	5.8662243212e+01	
4.1960042623e+02	5.6962740847e+01	
4.1970019808e+02	5.5280337594e+01	
4.1980044269e+02	5.3409916843e+01	
4.1990008162e+02	5.1214065284e+01	
4.2000060388e+02	4.8782777100e+01	
4.2010041861e+02	4.6193873883e+01	
4.2020059658e+02	4.4005695857e+01	
4.2030057690e+02	4.2275591395e+01	
4.2040049194e+02	3.7727499188e+01	
4.2050013667e+02	3.7538162980e+01	
4.2060034219e+02	3.8445572344e+01	
4.2070052141e+02	3.7900750444e+01	
4.2080015975e+02	3.6614621213e+01	
4.2090005255e+02	3.4574343286e+01	
4.2100030436e+02	3.3152303693e+01	
4.2110043453e+02	3.7827735979e+01	
4.2120007910e+02	3.9762249637e+01	
4.2130019093e+02	3.7989596383e+01	
4.2140044138e+02	4.4550696029e+01	
4.2150004581e+02	4.4953006386e+01	
4.2160010371e+02	5.1454811843e+01	
4.2170051507e+02	5.3882291982e+01	
4.2180043053e+02	5.1523901596e+01	
4.2190027985e+02	5.7824155465e+01	
4.2200040474e+02	5.8009863663e+01	
4.2210030223e+02	4.9995935607e+01	
4.2220006348e+02	3.2295588156e+01	
4.2230025103e+02	2.4847926500e+01	
4.2240032660e+02	3.1828710626e+01	
4.2250048398e+02	3.2610372284e+01	
4.2260062232e+02	4.5377780634e+01	
4.2270026205e+02	4.6945155607e+01	
4.2280013813e+02	4.6937577341e+01	
4.2290038236e+02	5.5183337522e+01	
4.2300022255e+02	5.6802548264e+01	
4.2310030675e+02	5.4822034755e+01	
4.2320020080e+02	5.5767895459e+01	
4.2330023967e+02	5.6609770350e+01	
4.2340059590e+02	5.8611094414e+01	
4.2350046686e+02	6.0030973264e+01	
4.2360033175e+02	6.0546955588e+01	
4.2370016092e+02	6.0696445727e+01	
4.2380024820e+02	4.2742631700e+01	
4.2390034059e+02	3.5769499937e+01	
4.2400010795e+02	4.5141558466e+01	
4.2410042106e+02	4.7873270260e+01	
4.2420027529e+02	4.1253326890e+01	
4.2430012061e+02	3.6443657357e+01	
4.2440018489e+02	3.3192833303e+01	
4.2450017988e+02	3.2675960522e+01	
4.2460032998e+02	3.4464734195e+01	
4.2470036635e+02	3.5864514192e+01	
4.2480053779e+02	3.3400579843e+01	
4.2490006103e+02	3.2069908347e+01	
4.2500006325e+02	2.8110192229e+01	
4.2510056593e+02	2.8838658044e+01	
4.2520043881e+02	3.1078800138e+01	
4.2530047659e+02	3.3303726351e+01	
4.2540021592e+02	4.7965861729e+01	
4.2550049568e+02	5.6304340800e+01	
4.2560042537e+02	5.4233596290e+01	
4.2570008281e+02	5.1621552468e+01	
4.2580061405e+02	4.5247869271e+01	
4.2590047014e+02	4.3126625057e+01	
4.2600041294e+02	4.1771910340e+01	
4.2610049394e+02	4.0333781815e+01	
4.2620002289e+02	4.5186475328e+01	
4.2630042450e+02	5.1042790530e+01	
4.2640044212e+02	5.2366992852e+01	
4.2650023846e+02	4.0292472737e+01	
4.2660043680e+02	3.8780250688e+01	
4.2670012461e+02	4.0710574207e+01	
4.2680061947e+02	4.1427028779e+01	
4.2690051710e+02	4.1519983919e+01	
4.2700001684e+02	3.0705876835e+01	
4.2710047169e+02	2.8019837825e+01	
4.2720035591e+02	3.2706836057e+01	
4.2730058710e+02	4.2775977868e+01	
4.2740049998e+02	3.8260208280e+01	
4.2750009770e+02	4.0631570850e+01	
4.2760047743e+02	3.8137577109e+01	
4.2770056798e+02	4.5142761871e+01	
4.2780035352e+02	5.0572151280e+01	
4.2790006675e+02	5.2514857195e+01	
4.2800024808e+02	4.9667494472e+01	
4.2810022734e+02	4.6357059236e+01	
4.2820028226e+02	4.2861044525e+01	
4.2830013605e+02	4.3000423441e+01	
4.2840041722e+02	5.0034147246e+01	
4.2850041236e+02	5.2399696952e+01	
4.2860015771e+02	5.3094444128e+01	
4.2870020141e+02	5.3880485107e+01	
4.2880050194e+02	5.3316855059e+01	
4.2890032164e+02	5.3803974895e+01	
4.2900055860e+02	6.3360862541e+01	
4.2910026292e+02	6.6912607121e+01	
4.2920023842e+02	6.2100185709e+01	
4.2930005714e+02	6.4666192672e+01	
4.2940025477e+02	8.5373135710e+01	
4.2950002247e+02	6.5201888037e+01	
4.2960066776e+02	4.8141420808e+01	
4.2970065580e+02	4.3676757467e+01	
4.2980013754e+02	4.4242129935e+01	
4.2990007202e+02	4.4161692719e+01	
4.3000002779e+02	5.2474374473e+01	
4.3010031731e+02	5.7186962935e+01	
4.3020046750e+02	4.6952489051e+01	
4.3030027628e+02	3.5881538389e+01	
4.3040045933e+02	3.3405555082e+01	
4.3050012254e+02	3.2219999463e+01	
4.3060027121e+02	3.2164519123e+01	
4.3070008368e+02	3.0666893988e+01	
4.3080036289e+02	3.0652156480e+01	
4.3090015147e+02	3.0472754824e+01	
4.3100053657e+02	3.0009025423e+01	
4.3110047374e+02	2.9236677878e+01	
4.3120020574e+02	2.8194274061e+01	
4.3130060334e+02	3.3770536794e+01	
4.3140003317e+02	4.2322208214e+01	
4.3150007991e+02	4.5537297712e+01	
4.3160025668e+02	4.5261394152e+01	
4.3170023482e+02	4.3586261934e+01	
4.3180062631e+02	4.4323571621e+01	
4.3190050471e+02	4.4051400987e+01	
4.3200010213e+02	4.3140753021e+01	
4.3210012981e+02	4.1428054295e+01	
4.3220052563e+02	3.8782073098e+01	
4.3230004720e+02	3.6670020681e+01	
4.3240017981e+02	3.7656696137e+01	
4.3250039080e+02	3.6661965683e+01	
4.3260018824e+02	3.5240403912e+01	
4.3270042598e+02	3.7169719717e+01	
4.3280021152e+02	6.2132208465e+01	
4.3290048763e+02	6.6797759171e+01	
4.3300046086e+02	7.6011523512e+01	
4.3310011910e+02	6.3530428345e+01	
4.3320025633e+02	3.6816277349e+01	
4.3330013673e+02	3.0819357443e+01	
4.3340032447e+02	2.2677367296e+01	
4.3350006525e+02	2.2433164132e+01	
4.3360046055e+02	2.2095480626e+01	
4.3370001474e+02	2.0627427283e+01	
4.3380030561e+02	1.8038951407e+01	
4.3390039187e+02	2.3760953573e+01	
4.3400061463e+02	2.8988464937e+01	
4.3410019738e+02	3.3732717501e+01	
4.3420014003e+02	3.8121725741e+01	
4.3430059259e+02	4.0393007418e+01	
4.3440049797e+02	4.5128296973e+01	
4.3450006206e+02	4.7185431709e+01	
4.3460024958e+02	4.7347144037e+01	
4.3470018602e+02	4.5794864657e+01	
4.3480020643e+02	4.8856962864e+01	
4.3490014448e+02	5.6875173791e+01	
4.3500013859e+02	5.8968449492e+01	
4.3510057729e+02	7.0446445157e+01	
4.3520014498e+02	7.5752466484e+01	
4.3530041885e+02	8.1318792128e+01	
4.3540041747e+02	8.5104029488e+01	
4.3550036957e+02	8.6619621947e+01	
4.3560002758e+02	8.7478680834e+01	
4.3570002510e+02	8.8156399419e+01	
4.3580032981e+02	8.8726954665e+01	
4.3590032048e+02	8.9194592330e+01	
4.3600010997e+02	8.2589697819e+01	
4.3610006439e+02	5.2721578184e+01	
4.3620051533e+02	4.7872918589e+01	
4.3630018600e+02	4.4050929606e+01	
4.3640059190e+02	3.7791572180e+01	
4.3650043030e+02	3.6612591564e+01	
4.3660023279e+02	4.3251287956e+01	
4.3670032674e+02	5.0698143107e+01	
4.3680037626e+02	4.7997658861e+01	
4.3690051756e+02	4.3338755477e+01	
4.3700060172e+02	4.0876717924e+01	
4.3710020335e+02	4.3173619005e+01	
4.3720060748e+02	4.1390234756e+01	
4.3730014148e+02	3.6844442786e+01	
4.3740060180e+02	3.3619824469e+01	
4.3750057228e+02	3.1846753013e+01	
4.3760013569e+02	2.8793844631e+01	
4.3770009469e+02	3.2322223367e+01	
4.3780061333e+02	3.6893150652e+01	
4.3790053027e+02	5.7879577368e+01	
4.3800018644e+02	6.8484472256e+01	
4.3810048110e+02	7.4270739697e+01	
4.3820053540e+02	7.1709387185e+01	
4.3830043758e+02	5.2279747634e+01	
4.3840013316e+02	5.8466480174e+01	
4.3850023682e+02	6.1893202679e+01	
4.3860054603e+02	6.9696165438e+01	
4.3870008366e+02	7.7458885758e+01	
4.3880062856e+02	8.5334627509e+01	
4.3890006244e+02	9.0853401452e+01	
4.3900015307e+02	7.2327548069e+01	
4.3910010445e+02	5.5772204492e+01	
4.3920015427e+02	5.6343913835e+01	
4.3930000894e+02	6.1842554946e+01	
4.3940002062e+02	5.3828181471e+01	
4.3950058666e+02	5.2881227646e+01	
4.3960064164e+02	5.0789441415e+01	
4.3970025231e+02	4.3081339285e+01	
4.3980049143e+02	4.0931049282e+01	
4.3990022285e+02	3.9002497290e+01	
4.4000001325e+02	3.6460787569e+01	
4.4010005980e+02	3.5843481511e+01	
4.4020027322e+02	3.6422801012e+01	
4.4030057832e+02	3.9001279566e+01	
4.4040015793e+02	4.7397696548e+01	
4.4050036197e+02	7.0777454852e+01	
4.4060038244e+02	7.8171016876e+01	
4.4070021884e+02	7.4138824568e+01	
4.4080063757e+02	6.0586276436e+01	
4.4090001755e+02	4.9623645404e+01	
4.4100049493e+02	5.4988241046e+01	
4.4110039944e+02	4.4637930677e+01	
4.4120002053e+02	4.5031877388e+01	
4.4130015731e+02	5.5317129836e+01	
4.4140054249e+02	5.3519513219e+01	
4.4150061625e+02	5.2245662074e+01	
4.4160003813e+02	4.7513447538e+01	
4.4170057666e+02	5.9149757970e+01	
4.4180065607e+02	6.7443267067e+01	
4.4190010335e+02	5.6353051799e+01	
4.4200010871e+02	5.6624240959e+01	
4.4210002855e+02	4.7943790786e+01	
4.4220068037e+02	3.9400882996e+01	
4.4230060143e+02	3.9366248434e+01	
4.4240024905e+02	4.0674406851e+01	
4.4250054440e+02	4.2075429863e+01	
4.4260053125e+02	4.3127933538e+01	
4.4270032813e+02	4.3647715237e+01	
4.4280054775e+02	4.3579171281e+01	
4.4290034031e+02	4.2664777058e+01	
4.4300033101e+02	3.9974290818e+01	
4.4310056971e+02	3.5971606333e+01	
4.4320053555e+02	3.1703671611e+01	
4.4330041088e+02	3.4728687428e+01	
4.4340038450e+02	4.3088400472e+01	
4.4350016525e+02	3.6723706919e+01	
4.4360036049e+02	3.4418523088e+01	
4.4370018748e+02	5.6581619883e+01	
4.4380042170e+02	6.2254502698e+01	
4.4390046125e+02	5.5744496221e+01	
4.4400035658e+02	5.3093231922e+01	
4.4410007600e+02	5.7479601262e+01	
4.4420019233e+02	6.9503128254e+01	
4.4430042222e+02	7.9017340948e+01	
4.4440020348e+02	8.0359449310e+01	
4.4450051501e+02	8.0525370892e+01	
4.4460021112e+02	9.3069919080e+01	
4.4470063575e+02	1.2406366231e+02	
4.4480008669e+02	1.2353091773e+02	
4.4490022986e+02	8.0398271250e+01	
4.4500064637e+02	8.4444394334e+01	
4.4510004729e+02	8.2712732115e+01	
4.4520042188e+02	7.5921177389e+01	
4.4530038645e+02	6.5733893550e+01	
4.4540049201e+02	3.7027866745e+01	
4.4550022922e+02	3.0132000926e+01	
4.4560001084e+02	3.1771584994e+01	
4.4570065065e+02	3.0359315996e+01	
4.4580057376e+02	3.0660749667e+01	
4.4590001484e+02	3.0534925314e+01	
4.4600052574e+02	3.2328084744e+01	
4.4610019662e+02	3.3284071607e+01	
4.4620044467e+02	3.5692451467e+01	
4.4630015127e+02	2.9302115985e+01	
4.4640047074e+02	2.5092414218e+01	
4.4650000506e+02	2.3444001610e+01	
4.4660026849e+02	2.4464788405e+01	
4.4670006169e+02	3.4876616248e+01	
4.4680024712e+02	5.2045552375e+01	
4.4690038515e+02	5.1066187740e+01	
4.4700014000e+02	6.4306553059e+01	
4.4710063691e+02	7.8204256518e+01	
4.4720021212e+02	8.2020072940e+01	
4.4730050566e+02	7.3634667564e+01	
4.4740034936e+02	7.7677174690e+01	
4.4750025949e+02	7.6843920818e+01	
4.4760048078e+02	7.2987368683e+01	
4.4770023847e+02	7.0456164198e+01	
4.4780028705e+02	6.6399962193e+01	
4.4790022162e+02	7.2486264071e+01	
4.4800009832e+02	7.3739850873e+01	
4.4810026961e+02	7.4369818552e+01	
4.4820052375e+02	7.1549296237e+01	
4.4830050129e+02	6.4424518498e+01	
4.4840020608e+02	5.9463490347e+01	
4.4850033727e+02	5.9056473085e+01	
4.4860031162e+02	5.7850192012e+01	
4.4870018094e+02	5.5839595246e+01	
4.4880005530e+02	5.2243553405e+01	
4.4890065244e+02	4.8185619273e+01	
4.4900007173e+02	4.7270583652e+01	
4.4910041291e+02	4.6143482460e+01	
4.4920042559e+02	4.4606337763e+01	
4.4930018193e+02	4.2151332689e+01	
4.4940041771e+02	5.4141852317e+01	
4.4950011346e+02	4.7736886917e+01	
4.4960057909e+02	4.6546371992e+01	
4.4970054419e+02	4.0759805296e+01	
4.4980000392e+02	3.7553461961e+01	
4.4990032012e+02	4.2745107411e+01	
4.5000009181e+02	4.5978017573e+01	
4.5010005083e+02	4.5979864057e+01	
4.5020007661e+02	4.4021293556e+01	
4.5030002309e+02	4.3638804544e+01	
4.5040062848e+02	5.8727853451e+01	
4.5050018974e+02	6.0264597282e+01	
4.5060008920e+02	5.0090826728e+01	
4.5070039053e+02	5.7304966911e+01	
4.5080058647e+02	5.3481399828e+01	
4.5090020933e+02	6.4630006104e+01	
4.5100009559e+02	6.8414525228e+01	
4.5110039002e+02	6.5410996995e+01	
4.5120053477e+02	6.1006471396e+01	
4.5130063667e+02	6.8288485119e+01	
4.5140005705e+02	7.6611335485e+01	
4.5150032245e+02	5.4839140968e+01	
4.5160059590e+02	3.9109765256e+01	
4.5170063852e+02	3.2101550513e+01	
4.5180018271e+02	2.9558737960e+01	
4.5190047604e+02	3.0672116033e+01	
4.5200051500e+02	3.3252208867e+01	
4.5210017309e+02	3.1930194802e+01	
4.5220019631e+02	3.4322093100e+01	
4.5230004104e+02	3.2599686204e+01	
4.5240007110e+02	3.0681096233e+01	
4.5250020194e+02	2.9703492781e+01	
4.5260037652e+02	3.2344136677e+01	
4.5270024635e+02	3.4746096435e+01	
4.5280050084e+02	3.0401094320e+01	
4.5290032125e+02	2.7859769412e+01	
4.5300015398e+02	2.9553042614e+01	
4.5310042870e+02	2.9937303395e+01	
4.5320059764e+02	3.1428868327e+01	
4.5330058568e+02	3.0849895268e+01	
4.5340008154e+02	3.5694512621e+01	
4.5350042271e+02	3.3414436422e+01	
4.5360039158e+02	3.2675542732e+01	
4.5370009721e+02	3.1805312511e+01	
4.5380057056e+02	3.2018873703e+01	
4.5390036651e+02	3.4276406885e+01	
4.5400013655e+02	3.7933777730e+01	
4.5410000679e+02	4.5525897071e+01	
4.5420055662e+02	4.9437771188e+01	
4.5430050011e+02	4.8412017459e+01	
4.5440048308e+02	4.6198064409e+01	
4.5450005742e+02	5.3759421654e+01	
4.5460000683e+02	4.3174331118e+01	
4.5470064170e+02	4.7023904475e+01	
4.5480000051e+02	4.1428906836e+01	
4.5490065697e+02	3.4203367241e+01	
4.5500023347e+02	3.2738880442e+01	
4.5510029175e+02	3.2158802781e+01	
4.5520028158e+02	3.0083937378e+01	
4.5530047755e+02	2.9225972501e+01	
4.5540019999e+02	3.1597977247e+01	
4.5550062057e+02	3.8964565525e+01	
4.5560060448e+02	4.6065991837e+01	
4.5570062388e+02	4.3813233725e+01	
4.5580039264e+02	4.6905761564e+01	
4.5590049434e+02	3.9539846663e+01	
4.5600060846e+02	3.4907738206e+01	
4.5610018189e+02	3.2460889571e+01	
4.5620035310e+02	3.6433995092e+01	
4.5630061480e+02	4.0832964279e+01	
4.5640001112e+02	4.5461703948e+01	
4.5650008019e+02	4.9078793720e+01	
4.5660016411e+02	5.1509863640e+01	
4.5670057043e+02	5.2113891151e+01	
4.5680041010e+02	4.8839032816e+01	
4.5690007967e+02	4.7421243636e+01	
4.5700039300e+02	4.0089377006e+01	
4.5710003784e+02	3.4263333269e+01	
4.5720049993e+02	2.9567022631e+01	
4.5730023019e+02	3.3863468883e+01	
4.5740008407e+02	3.1299240218e+01	
4.5750049218e+02	3.0689000093e+01	
4.5760026225e+02	3.4189010328e+01	
4.5770053151e+02	3.6587388831e+01	
4.5780056733e+02	3.8754159341e+01	
4.5790024098e+02	4.2840829508e+01	
4.5800062244e+02	3.4543335365e+01	
4.5810015656e+02	3.2731277930e+01	
4.5820031272e+02	3.8436063727e+01	
4.5830048346e+02	2.1594386838e+01	
4.5840052716e+02	2.0694016496e+01	
4.5850043876e+02	1.8907872077e+01	
4.5860035735e+02	1.7197483426e+01	
4.5870035839e+02	2.0675421679e+01	
4.5880024161e+02	2.3902078031e+01	
4.5890026833e+02	2.5239306994e+01	
4.5900021511e+02	2.5010479707e+01	
4.5910045842e+02	2.3820874448e+01	
4.5920045726e+02	2.4495843725e+01	
4.5930019428e+02	2.5592396609e+01	
4.5940043854e+02	2.6367292733e+01	
4.5950025479e+02	2.6913723851e+01	
4.5960052054e+02	2.5971215708e+01	
4.5970038416e+02	2.6623427908e+01	
4.5980005581e+02	3.2227741911e+01	
4.5990036792e+02	4.1406603767e+01	
4.6000008171e+02	4.7945434277e+01	
4.6010063494e+02	5.0878310412e+01	
4.6020064037e+02	5.0264803753e+01	
4.6030043801e+02	4.4214616615e+01	
4.6040039385e+02	3.4637730749e+01	
4.6050059141e+02	4.0304027978e+01	
4.6060052001e+02	4.7177823289e+01	
4.6070035134e+02	4.8231766076e+01	
4.6080025116e+02	4.6541495968e+01	
4.6090026084e+02	3.4960818025e+01	
4.6100037119e+02	4.2301187200e+01	
4.6110068582e+02	2.8648861926e+01	
4.6120063018e+02	2.5451469965e+01	
4.6130067015e+02	3.3397268288e+01	
4.6140046757e+02	3.8416789969e+01	
4.6150011290e+02	4.1652439520e+01	
4.6160044705e+02	3.9945775086e+01	
4.6170042369e+02	3.4087417007e+01	
4.6180031626e+02	3.1971843422e+01	
4.6190035166e+02	3.6337013343e+01	
4.6200010819e+02	3.1535635305e+01	
4.6210063211e+02	2.8537059848e+01	
4.6220058168e+02	3.9533049230e+01	
4.6230004924e+02	3.7086993074e+01	
4.6240044807e+02	3.9684727089e+01	
4.6250033584e+02	4.1866775797e+01	
4.6260057351e+02	4.5129638775e+01	
4.6270022144e+02	4.9583262081e+01	
4.6280032140e+02	4.9213721295e+01	
4.6290006846e+02	5.3301794710e+01	
4.6300044045e+02	7.2012779016e+01	
4.6310046275e+02	8.0802645413e+01	
4.6320065157e+02	7.1253457254e+01	
4.6330045152e+02	6.8564562387e+01	
4.6340035348e+02	7.7646384512e+01	
4.6350016764e+02	7.1833904766e+01	
4.6360050217e+02	7.4321023326e+01	
4.6370013182e+02	7.4875022105e+01	
4.6380003113e+02	7.2467647748e+01	
4.6390049747e+02	7.1242895219e+01	
4.6400043618e+02	7.5878780818e+01	
4.6410035965e+02	8.0715486727e+01	
4.6420012052e+02	7.4675523175e+01	
4.6430032218e+02	6.3674314197e+01	
4.6440031083e+02	5.3455252137e+01	
4.6450064363e+02	4.9320571613e+01	
4.6460012091e+02	4.6607723241e+01	
4.6470027734e+02	4.4361389488e+01	
4.6480053380e+02	4.4105918453e+01	
4.6490062807e+02	5.1142225807e+01	
4.6500038525e+02	5.3056281765e+01	
4.6510024366e+02	4.9571626128e+01	
4.6520019909e+02	4.5266773986e+01	
4.6530027215e+02	4.9729132616e+01	
4.6540054844e+02	5.5708976712e+01	
4.6550036817e+02	6.4498524805e+01	
4.6560032816e+02	6.6050228484e+01	
4.6570022876e+02	6.2280772826e+01	
4.6580000018e+02	5.6991166368e+01	
4.6590015361e+02	5.2767407207e+01	
4.6600019385e+02	7.3796187848e+01	
4.6610006541e+02	7.7623831794e+01	
4.6620025517e+02	7.2056984945e+01	
4.6630057466e+02	6.7703065742e+01	
4.6640059748e+02	6.7528603176e+01	
4.6650039604e+02	7.8948809056e+01	
4.6660051222e+02	8.2427257282e+01	
4.6670013422e+02	8.0252232763e+01	
4.6680050004e+02	7.6655673180e+01	
4.6690042648e+02	6.5105389235e+01	
4.6700060520e+02	5.9382460706e+01	
4.6710026318e+02	9.0264448144e+01	
4.6720045623e+02	1.0380201242e+02	
4.6730029942e+02	1.1049741370e+02	
4.6740006892e+02	1.1033027297e+02	
4.6750013351e+02	7.6463215674e+01	
4.6760011039e+02	5.2726345033e+01	
4.6770046504e+02	4.1299824394e+01	
4.6780058459e+02	3.5155812109e+01	
4.6790029007e+02	3.5376972622e+01	
4.6800061675e+02	4.2620490288e+01	
4.6810008498e+02	3.9818338352e+01	
4.6820052208e+02	4.5883122509e+01	
4.6830025848e+02	5.1219744055e+01	
4.6840036720e+02	5.9339210986e+01	
4.6850036225e+02	6.9548672942e+01	
4.6860046128e+02	8.2266936074e+01	
4.6870059497e+02	9.2648559251e+01	
4.6880052265e+02	1.1368870181e+02	
4.6890015108e+02	1.4921751177e+02	
4.6900011918e+02	1.4454259476e+02	
4.6910007286e+02	1.1733823298e+02	
4.6920059965e+02	1.3002599458e+02	
4.6930022512e+02	1.4305018281e+02	
4.6940026482e+02	1.5101346704e+02	
4.6950000184e+02	1.5261073736e+02	
4.6960001429e+02	1.4939563634e+02	
4.6970043401e+02	1.3191192357e+02	
4.6980004192e+02	9.4628323988e+01	
4.6990020021e+02	6.7602375167e+01	
4.7000043132e+02	6.6919404340e+01	
4.7010044571e+02	7.0822428104e+01	
4.7020047502e+02	7.3786612466e+01	
4.7030057961e+02	6.0905110076e+01	
4.7040020806e+02	4.1869284161e+01	
4.7050064009e+02	3.9296210061e+01	
4.7060040605e+02	3.7256114457e+01	
4.7070051940e+02	3.5464215804e+01	
4.7080026638e+02	3.5619685229e+01	
4.7090004568e+02	2.7576575446e+01	
4.7100054949e+02	2.5607714637e+01	
4.7110051823e+02	2.3041629600e+01	
4.7120044260e+02	3.0015764941e+01	
4.7130032662e+02	4.1806177284e+01	
4.7140024553e+02	5.2818570948e+01	
4.7150002904e+02	5.8426845005e+01	
4.7160021494e+02	6.5410401362e+01	
4.7170058658e+02	8.4275385918e+01	
4.7180050799e+02	1.0478740653e+02	
4.7190012065e+02	1.1418577167e+02	
4.7200053461e+02	1.1421690607e+02	
