0.0000000000e+00	1.0000000000e-02	
1.0000492357e-01	1.1367831484e-02	
2.0004661471e-01	1.2152200111e-02	
3.0012451196e-01	1.3102278111e-02	
4.0006059752e-01	1.3853854909e-02	
5.0002215853e-01	1.4142748221e-02	
6.0017078693e-01	1.4155344999e-02	
7.0026156010e-01	1.4538827498e-02	
8.0038971767e-01	1.4653453136e-02	
9.0018138614e-01	1.4957522399e-02	
1.0000678104e+00	1.5251601443e-02	
1.1000165185e+00	1.5384411822e-02	
1.2004589294e+00	1.5689756619e-02	
1.3001372952e+00	1.6010933839e-02	
1.4004404551e+00	1.6337520788e-02	
1.5003811991e+00	1.6715637244e-02	
1.6005649819e+00	1.7339869815e-02	
1.7002952083e+00	1.7984915748e-02	
1.8003591770e+00	1.8561960434e-02	
1.9002675352e+00	1.9066245843e-02	
2.0002832668e+00	1.9446746207e-02	
2.1001815674e+00	1.9634217974e-02	
2.2003120621e+00	1.9557777399e-02	
2.3001411548e+00	1.9165064181e-02	
2.4001126547e+00	1.8445160312e-02	
2.5002568737e+00	1.7971593330e-02	
2.6002490420e+00	1.8142083949e-02	
2.7002183102e+00	1.8138959320e-02	
2.8002997158e+00	1.8108475283e-02	
2.9002933855e+00	1.8439277544e-02	
3.0000207884e+00	1.8456200941e-02	
3.1000319585e+00	1.8201946068e-02	
3.2001643926e+00	1.8646935314e-02	
3.3002631720e+00	1.8959737547e-02	
3.4001716900e+00	1.9043131681e-02	
3.5000708494e+00	1.8866893783e-02	
3.6001404311e+00	1.8962302507e-02	
3.7001811380e+00	1.9306722655e-02	
3.8003343274e+00	1.9596096519e-02	
3.9003211152e+00	1.9767356166e-02	
4.0001983512e+00	1.9810060709e-02	
4.1004390469e+00	1.9754970186e-02	
4.2001247291e+00	1.9928437873e-02	
4.3000875596e+00	2.0230028457e-02	
4.4002352414e+00	2.0520574681e-02	
4.5003316998e+00	2.0802396349e-02	
4.6006404925e+00	2.1084414610e-02	
4.7006541816e+00	2.1366832296e-02	
4.8005242046e+00	2.1621258617e-02	
4.9002072135e+00	2.1844580673e-02	
5.0003002119e+00	2.2019632257e-02	
5.1003656725e+00	2.2131982635e-02	
5.2001717738e+00	2.2284885282e-02	
5.3000782725e+00	2.2343098956e-02	
5.4004128026e+00	2.2292030167e-02	
5.5002443307e+00	2.2117707620e-02	
5.6000613516e+00	2.2106454366e-02	
5.7002981637e+00	2.1845578401e-02	
5.8002755250e+00	2.1541002419e-02	
5.9001649712e+00	2.1559252269e-02	
6.0001130398e+00	2.1488287350e-02	
6.1002905986e+00	2.1266182984e-02	
6.2001757297e+00	2.0890566200e-02	
6.3003173021e+00	2.0832337188e-02	
6.4001971174e+00	2.1485086074e-02	
6.5000089807e+00	2.1907678871e-02	
6.6002941659e+00	2.2938867295e-02	
6.7001622346e+00	2.4153857789e-02	
6.8001428069e+00	2.5929437993e-02	
6.9000056528e+00	2.7792755703e-02	
7.0002805462e+00	2.9621871732e-02	
7.1002775908e+00	3.1720692911e-02	
7.2000013511e+00	3.3846596480e-02	
7.3003664074e+00	3.5687428459e-02	
7.4004282508e+00	3.7202635943e-02	
7.5005221401e+00	3.8347970855e-02	
7.6004334915e+00	3.9170130715e-02	
7.7004175019e+00	4.0923383948e-02	
7.8006997323e+00	4.2617617458e-02	
7.9002119148e+00	4.4329164599e-02	
8.0000977203e+00	4.4852530041e-02	
8.1003228790e+00	4.3490845827e-02	
8.2004121098e+00	4.1345265986e-02	
8.3001080004e+00	3.9496157548e-02	
8.4001711094e+00	3.7071011475e-02	
8.5004312203e+00	3.4863323114e-02	
8.6003085853e+00	3.4264206734e-02	
8.7002240611e+00	3.3686597306e-02	
8.8002472653e+00	3.2940357583e-02	
8.9001272351e+00	5.7500171927e-02	
9.0001384923e+00	1.0248054453e-01	
9.1001202263e+00	2.0163932635e-01	
9.2000737160e+00	2.8083010753e-01	
9.3002686546e+00	4.0313566003e-01	
9.4002448865e+00	5.2324937602e-01	
9.5001426859e+00	6.4572542910e-01	
9.6000394282e+00	7.9935957782e-01	
9.7001871183e+00	8.7007212656e-01	
9.8003065259e+00	9.3778027622e-01	
9.9003410470e+00	9.8986951208e-01	
1.0000380448e+01	1.0139029413e+00	
1.0100160003e+01	1.0313279511e+00	
1.0200398769e+01	1.0443923112e+00	
1.0300312713e+01	1.0570266072e+00	
1.0400050768e+01	1.0621631314e+00	
1.0500123508e+01	1.0401994076e+00	
1.0600045284e+01	9.8198184399e-01	
1.0700186822e+01	9.2500335769e-01	
1.0800351062e+01	9.0098108453e-01	
1.0900215154e+01	8.3985549094e-01	
1.1000270746e+01	7.4407101096e-01	
1.1100659024e+01	6.3336118598e-01	
1.1200429118e+01	6.0422536442e-01	
1.1300380305e+01	5.8478186049e-01	
1.1400312947e+01	5.6206061673e-01	
1.1500479126e+01	5.3696243560e-01	
1.1600052474e+01	5.1145458490e-01	
1.1700116031e+01	6.1266959601e-01	
1.1800174822e+01	7.9739666138e-01	
1.1900247503e+01	1.4573102865e+00	
1.2000107796e+01	2.4890889169e+00	
1.2100266920e+01	1.4656920162e+00	
1.2200284304e+01	1.9490445781e+00	
1.2300251904e+01	1.8531025180e+00	
1.2400260167e+01	8.7816429712e-01	
1.2500261744e+01	1.0049829171e+00	
1.2600212094e+01	1.3252142067e+00	
1.2700338770e+01	1.7789723757e+00	
1.2800310262e+01	2.8332837747e+00	
1.2900231774e+01	2.2336315711e+00	
1.3000033094e+01	1.8535091408e+00	
1.3100169803e+01	1.8351326957e+00	
1.3200114415e+01	1.5937940779e+00	
1.3300346017e+01	1.4430443231e+00	
1.3400107350e+01	1.5864051287e+00	
1.3500128757e+01	1.8107012530e+00	
1.3600410060e+01	1.4960138372e+00	
1.3700267196e+01	1.5043456073e+00	
1.3800498842e+01	1.8380126294e+00	
1.3900450634e+01	1.6230867027e+00	
1.4000148801e+01	1.5848935270e+00	
1.4100232792e+01	1.6212312079e+00	
1.4200392429e+01	1.5817587660e+00	
1.4300513240e+01	1.3699734761e+00	
1.4400522756e+01	2.7040828555e+00	
1.4500461586e+01	3.9657532177e+00	
1.4600231432e+01	3.2837865526e+00	
1.4700214695e+01	2.7115998335e+00	
1.4800089572e+01	2.2173211482e+00	
1.4900183311e+01	2.3615972869e+00	
1.5000362401e+01	3.3160011133e+00	
1.5100309597e+01	4.2954984127e+00	
1.5200229517e+01	3.2492635334e+00	
1.5300210948e+01	3.9470509122e+00	
1.5400025700e+01	4.1156240094e+00	
1.5500274376e+01	5.5056251564e+00	
1.5600131221e+01	4.4741151932e+00	
1.5700015313e+01	5.0382141585e+00	
1.5800179073e+01	4.5305160433e+00	
1.5900026221e+01	4.1258815539e+00	
1.6000066820e+01	3.6672781708e+00	
1.6100266024e+01	2.9911373541e+00	
1.6200252050e+01	3.4352803419e+00	
1.6300164083e+01	3.5206877008e+00	
1.6400282186e+01	3.6684809464e+00	
1.6500293803e+01	3.8239294460e+00	
1.6600015101e+01	5.2153154395e+00	
1.6700098410e+01	4.8102100209e+00	
1.6800038660e+01	3.4026663867e+00	
1.6900088828e+01	2.3298146676e+00	
1.7000261071e+01	2.2733077729e+00	
1.7100279940e+01	3.2009806722e+00	
1.7200066975e+01	2.7801702348e+00	
1.7300358638e+01	2.0689112543e+00	
1.7400222309e+01	2.9230995962e+00	
1.7500080082e+01	3.9063735808e+00	
1.7600230646e+01	3.4516357417e+00	
1.7700131207e+01	2.1349072804e+00	
1.7800164241e+01	4.1558764685e+00	
1.7900184458e+01	3.0789167714e+00	
1.8000224192e+01	3.8372178106e+00	
1.8100000462e+01	7.2363465872e+00	
1.8200025607e+01	5.6224635458e+00	
1.8300147667e+01	3.7667739679e+00	
1.8400027035e+01	8.0798781484e+00	
1.8500237099e+01	6.9203163841e+00	
1.8600076142e+01	1.0244399021e+01	
1.8700223983e+01	1.2563593000e+01	
1.8800201001e+01	8.1162723415e+00	
1.8900097474e+01	7.4001978073e+00	
1.9000211923e+01	6.7355224444e+00	
1.9100093426e+01	3.8008273888e+00	
1.9200138189e+01	4.6424043997e+00	
1.9300222211e+01	5.3059199773e+00	
1.9400167204e+01	4.4933384448e+00	
1.9500184900e+01	5.3543723327e+00	
1.9600189925e+01	6.0154514689e+00	
1.9700032597e+01	3.6712073440e+00	
1.9800041592e+01	3.7857549327e+00	
1.9900094821e+01	5.0318571287e+00	
2.0000009879e+01	7.9748930772e+00	
2.0100151596e+01	6.5883255913e+00	
2.0200190062e+01	7.6306093397e+00	
2.0300312140e+01	6.8643978488e+00	
2.0400092961e+01	5.5008334095e+00	
2.0500277051e+01	7.5970224750e+00	
2.0600158914e+01	4.7049440206e+00	
2.0700078892e+01	4.2838475664e+00	
2.0800216561e+01	3.8464770193e+00	
2.0900000826e+01	3.8706610472e+00	
2.1000072707e+01	3.7324016256e+00	
2.1100181762e+01	2.9613965102e+00	
2.1200048423e+01	4.1989060331e+00	
2.1300220996e+01	4.7405980034e+00	
2.1400209875e+01	8.8828811300e+00	
2.1500304868e+01	6.5034690152e+00	
2.1600108750e+01	1.2398278865e+01	
2.1700199773e+01	1.4904767542e+01	
2.1800166795e+01	1.4870258304e+01	
2.1900050762e+01	1.2934638985e+01	
2.2000284668e+01	9.2022215311e+00	
2.2100216232e+01	1.0066039463e+01	
2.2200231231e+01	7.9983365910e+00	
2.2300000055e+01	1.1536485452e+01	
2.2400197394e+01	1.4532113534e+01	
2.2500055004e+01	1.1452046593e+01	
2.2600300083e+01	1.3033918281e+01	
2.2700002763e+01	1.7977193732e+01	
2.2800075135e+01	1.4529501997e+01	
2.2900097406e+01	1.6704109472e+01	
2.3000206805e+01	7.4561138604e+00	
2.3100291277e+01	5.8256074554e+00	
2.3200282525e+01	8.2512168976e+00	
2.3300145948e+01	7.1045834393e+00	
2.3400296414e+01	6.3645368874e+00	
2.3500194038e+01	5.8899926571e+00	
2.3600184752e+01	7.7010289442e+00	
2.3700233245e+01	7.7566453519e+00	
2.3800263494e+01	1.2358567734e+01	
2.3900296033e+01	1.1820821964e+01	
2.4000303936e+01	8.7472437974e+00	
2.4100287034e+01	7.3099782320e+00	
2.4200192252e+01	4.3252246665e+00	
2.4300053139e+01	7.3942481157e+00	
2.4400214427e+01	1.6321101645e+01	
2.4500261295e+01	1.6048639030e+01	
2.4600104254e+01	1.6901038910e+01	
2.4700180488e+01	2.1440849176e+01	
2.4800037310e+01	1.3872241141e+01	
2.4900216221e+01	1.5776000156e+01	
2.5000217644e+01	1.4033169685e+01	
2.5100038909e+01	1.1819383478e+01	
2.5200216914e+01	1.1129950563e+01	
2.5300121009e+01	1.1008412255e+01	
2.5400030867e+01	7.7001147395e+00	
2.5500169749e+01	5.8570833975e+00	
2.5600080398e+01	5.5995651059e+00	
2.5700197548e+01	6.3945738361e+00	
2.5800333398e+01	8.7789990370e+00	
2.5900334093e+01	7.0476419377e+00	
2.6000096663e+01	5.7234583534e+00	
2.6100141842e+01	5.7085603206e+00	
2.6200352766e+01	7.1505452635e+00	
2.6300323096e+01	4.9621382403e+00	
2.6400070732e+01	9.1517756826e+00	
2.6500098455e+01	8.1791227700e+00	
2.6600307753e+01	6.8520012758e+00	
2.6700203477e+01	5.5914763140e+00	
2.6800279033e+01	6.3388170946e+00	
2.6900244566e+01	5.9026796390e+00	
2.7000110455e+01	1.1465666316e+01	
2.7100142502e+01	1.2318416102e+01	
2.7200021342e+01	8.4312548062e+00	
2.7300323945e+01	6.4728465689e+00	
2.7400067013e+01	5.6978644087e+00	
2.7500204657e+01	7.2600455143e+00	
2.7600118871e+01	5.2637772899e+00	
2.7700246015e+01	7.1141653332e+00	
2.7800281731e+01	8.1265510391e+00	
2.7900022016e+01	1.0724771173e+01	
2.8000293511e+01	1.0487112536e+01	
2.8100032954e+01	1.1311203468e+01	
2.8200201127e+01	1.4569555209e+01	
2.8300250242e+01	1.3186584185e+01	
2.8400293951e+01	6.1687146643e+00	
2.8500037089e+01	4.4140485040e+00	
2.8600144676e+01	1.6225392702e+01	
2.8700310300e+01	1.6697822287e+01	
2.8800077772e+01	1.2124731903e+01	
2.8900203017e+01	1.0046210403e+01	
2.9000242767e+01	8.4466812077e+00	
2.9100037829e+01	8.8883917072e+00	
2.9200232390e+01	5.3768582389e+00	
2.9300065160e+01	6.7523612429e+00	
2.9400229865e+01	8.1384548964e+00	
2.9500073479e+01	7.5378739348e+00	
2.9600158918e+01	7.6300947758e+00	
2.9700150628e+01	6.7741490453e+00	
2.9800078904e+01	5.8645114369e+00	
2.9900196362e+01	5.3729459780e+00	
3.0000320320e+01	4.5978520784e+00	
3.0100106651e+01	6.7235681833e+00	
3.0200188711e+01	7.1254256266e+00	
3.0300201436e+01	7.2737656772e+00	
3.0400031050e+01	5.9895020455e+00	
3.0500241985e+01	7.2386835680e+00	
3.0600225022e+01	5.7349765649e+00	
3.0700365407e+01	5.7000050553e+00	
3.0800207287e+01	5.9552574977e+00	
3.0900319159e+01	8.6962940543e+00	
3.1000190639e+01	5.5886151213e+00	
3.1100158795e+01	4.6626152758e+00	
3.1200149757e+01	4.1568028603e+00	
3.1300254465e+01	3.9743723564e+00	
3.1400379797e+01	3.9161392718e+00	
3.1500044296e+01	5.5268342825e+00	
3.1600309867e+01	5.5542732371e+00	
3.1700258719e+01	5.1376233654e+00	
3.1800101766e+01	6.1220874339e+00	
3.1900072474e+01	8.3247677254e+00	
3.2000230501e+01	6.7203734819e+00	
3.2100268891e+01	8.7775840574e+00	
3.2200257582e+01	8.0401847840e+00	
3.2300301552e+01	8.0196459728e+00	
3.2400107563e+01	6.8250515298e+00	
3.2500174766e+01	5.3014733815e+00	
3.2600057723e+01	6.3725044395e+00	
3.2700387500e+01	6.9176143467e+00	
3.2800384162e+01	7.7112944630e+00	
3.2900373039e+01	1.1803498165e+01	
3.3000125468e+01	1.2016520943e+01	
3.3100045389e+01	1.1003293096e+01	
3.3200200629e+01	8.9678794148e+00	
3.3300309789e+01	6.7535820511e+00	
3.3400013553e+01	6.9364774399e+00	
3.3500212355e+01	7.5248527381e+00	
3.3600372521e+01	7.4629046504e+00	
3.3700196905e+01	7.3546456524e+00	
3.3800291457e+01	7.7207361784e+00	
3.3900397037e+01	7.7094481159e+00	
3.4000352127e+01	6.4468909333e+00	
3.4100300825e+01	6.2386388876e+00	
3.4200385941e+01	7.8239328718e+00	
3.4300356162e+01	6.7786873752e+00	
3.4400043245e+01	5.5268574746e+00	
3.4500423819e+01	4.8430674758e+00	
3.4600031444e+01	5.4516313273e+00	
3.4700061770e+01	4.5498963018e+00	
3.4800437791e+01	4.1607811061e+00	
3.4900001522e+01	4.1300544659e+00	
3.5000335053e+01	4.7044522925e+00	
3.5100314635e+01	5.3206182978e+00	
3.5200051978e+01	6.9833681984e+00	
3.5300057157e+01	6.1659861765e+00	
3.5400337021e+01	7.6544915182e+00	
3.5500116442e+01	7.3090140665e+00	
3.5600455104e+01	7.4513589524e+00	
3.5700034908e+01	6.6282573592e+00	
3.5800023312e+01	5.5469197778e+00	
3.5900028353e+01	4.7580114611e+00	
3.6000105810e+01	4.4708912075e+00	
3.6100064186e+01	5.9554556783e+00	
3.6200091386e+01	8.8163996135e+00	
3.6300294669e+01	7.5566267206e+00	
3.6400292265e+01	7.7534033907e+00	
3.6500023374e+01	6.8057885921e+00	
3.6600174473e+01	6.0862217198e+00	
3.6700402140e+01	5.6249533635e+00	
3.6800355677e+01	5.2470889633e+00	
3.6900079195e+01	4.8528394685e+00	
3.7000049136e+01	5.2688690708e+00	
3.7100307583e+01	7.8931416214e+00	
3.7200024858e+01	1.0860077920e+01	
3.7300188321e+01	7.8324460161e+00	
3.7400134356e+01	8.0736461174e+00	
3.7500214786e+01	9.1155799228e+00	
3.7600315027e+01	1.1324478080e+01	
3.7700166749e+01	1.5314577446e+01	
3.7800099975e+01	1.4551331583e+01	
3.7900121409e+01	1.4871768157e+01	
3.8000320832e+01	1.1462896750e+01	
3.8100141714e+01	7.5084265063e+00	
3.8200261419e+01	8.2386551773e+00	
3.8300446376e+01	1.0809120656e+01	
3.8400186269e+01	7.8132601563e+00	
3.8500244460e+01	8.2826308424e+00	
3.8600097777e+01	1.1702766942e+01	
3.8700121096e+01	1.0619186934e+01	
3.8800302198e+01	1.2516068025e+01	
3.8900283787e+01	9.7552577186e+00	
3.9000467100e+01	9.1511951531e+00	
3.9100214050e+01	8.8164950241e+00	
3.9200429435e+01	9.7274411311e+00	
3.9300069456e+01	1.0526498408e+01	
3.9400396600e+01	1.5365372093e+01	
3.9500430405e+01	1.5285105311e+01	
3.9600099712e+01	1.1646656810e+01	
3.9700034007e+01	1.0096284071e+01	
3.9800442967e+01	1.3404579408e+01	
3.9900295580e+01	1.8406437916e+01	
4.0000322933e+01	2.0268434866e+01	
4.0100290153e+01	1.6275987235e+01	
4.0200222131e+01	9.4633777513e+00	
4.0300327634e+01	1.0052338545e+01	
4.0400352712e+01	1.0425798535e+01	
4.0500210617e+01	7.6962292891e+00	
4.0600017749e+01	6.8987971559e+00	
4.0700082437e+01	5.4846876291e+00	
4.0800052238e+01	5.8621832082e+00	
4.0900282438e+01	6.1062943979e+00	
4.1000218702e+01	4.6988577510e+00	
4.1100260570e+01	3.9643954699e+00	
4.1200383706e+01	4.1978915594e+00	
4.1300156500e+01	4.3209185830e+00	
4.1400279633e+01	5.9981852503e+00	
4.1500022461e+01	5.8670324147e+00	
4.1600049171e+01	6.2490551273e+00	
4.1700310060e+01	5.7891912182e+00	
4.1800287521e+01	4.7449189657e+00	
4.1900285769e+01	6.3936369138e+00	
4.2000383959e+01	6.7997308381e+00	
4.2100169762e+01	6.7074124329e+00	
4.2200232302e+01	6.2350451602e+00	
4.2300077678e+01	5.9075083688e+00	
4.2400439910e+01	5.1161628148e+00	
4.2500304529e+01	4.9124865244e+00	
4.2600167695e+01	5.0544475887e+00	
4.2700278668e+01	6.4055590902e+00	
4.2800217011e+01	4.6270110097e+00	
4.2900287673e+01	7.4138533454e+00	
4.3000452427e+01	7.5588807124e+00	
4.3100036272e+01	7.5200938523e+00	
4.3200378474e+01	3.9948355404e+00	
4.3300205940e+01	4.8355804115e+00	
4.3400101485e+01	7.2428745090e+00	
4.3500129101e+01	6.2193568590e+00	
4.3600233286e+01	4.7273323975e+00	
4.3700090318e+01	4.2304934730e+00	
4.3800301190e+01	4.2569136668e+00	
4.3900451381e+01	4.5323760282e+00	
4.4000032927e+01	4.7454942618e+00	
4.4100007292e+01	4.7724686779e+00	
4.4200238753e+01	4.8515895861e+00	
4.4300477355e+01	4.9564404786e+00	
4.4400355012e+01	4.7947154229e+00	
4.4500094043e+01	4.5764921417e+00	
4.4600163940e+01	4.0074911325e+00	
4.4700041078e+01	3.5364730330e+00	
4.4800359540e+01	3.3455501845e+00	
4.4900067322e+01	4.7496701156e+00	
4.5000329172e+01	4.3151450600e+00	
4.5100406572e+01	4.3797772645e+00	
4.5200145753e+01	5.6249132804e+00	
4.5300190118e+01	7.1569379819e+00	
4.5400086217e+01	7.2731296907e+00	
4.5500187929e+01	5.0971818822e+00	
4.5600407247e+01	4.9452284167e+00	
4.5700391059e+01	4.8616357230e+00	
4.5800106492e+01	4.7584548358e+00	
4.5900459148e+01	4.9051707481e+00	
4.6000177172e+01	5.4938792685e+00	
4.6100268482e+01	5.8035975932e+00	
4.6200076548e+01	5.8572180515e+00	
4.6300119663e+01	6.0206587819e+00	
4.6400313601e+01	6.0828409721e+00	
4.6500422569e+01	6.6460891874e+00	
4.6600047060e+01	7.7736783118e+00	
4.6700060708e+01	6.2131502096e+00	
4.6800322315e+01	4.2860773571e+00	
4.6900275425e+01	5.0925568749e+00	
4.7000217516e+01	4.4708781925e+00	
4.7100475278e+01	4.4150961910e+00	
4.7200189837e+01	4.4855844891e+00	
4.7300452030e+01	3.8884325383e+00	
4.7400465160e+01	6.0669531749e+00	
4.7500041587e+01	7.8169817303e+00	
4.7600281384e+01	7.5968678283e+00	
4.7700343976e+01	6.8516503753e+00	
4.7800497190e+01	6.9963663390e+00	
4.7900297384e+01	6.6527277709e+00	
4.8000180054e+01	6.0990130755e+00	
4.8100350309e+01	5.4864263931e+00	
4.8200147421e+01	5.0344944320e+00	
4.8300462306e+01	4.4665543464e+00	
4.8400390500e+01	6.8376342405e+00	
4.8500449718e+01	7.3806964869e+00	
4.8600289398e+01	5.0105605111e+00	
4.8700513212e+01	4.6783908005e+00	
4.8800155502e+01	4.8387366638e+00	
4.8900422038e+01	4.4422903783e+00	
4.9000244108e+01	6.2591560202e+00	
4.9100367108e+01	8.0762084343e+00	
4.9200381301e+01	7.7849166626e+00	
4.9300456452e+01	7.7965508133e+00	
4.9400037298e+01	7.2472263910e+00	
4.9500072172e+01	6.1154952352e+00	
4.9600068700e+01	5.4942759806e+00	
4.9700195978e+01	5.0970761990e+00	
4.9800119802e+01	4.9700294848e+00	
4.9900202881e+01	5.2160093073e+00	
5.0000108386e+01	5.4234504776e+00	
5.0100449253e+01	5.8767921979e+00	
5.0200213398e+01	6.2033234016e+00	
5.0300311550e+01	5.2363717815e+00	
5.0400280435e+01	4.8239390928e+00	
5.0500169801e+01	4.1485537485e+00	
5.0600159761e+01	3.7707065989e+00	
5.0700311020e+01	3.4074091442e+00	
5.0800502698e+01	3.5576210043e+00	
5.0900082436e+01	3.7192830194e+00	
5.1000073970e+01	3.6212008455e+00	
5.1100003790e+01	3.2142035727e+00	
5.1200167018e+01	2.8985855080e+00	
5.1300000278e+01	3.8424114470e+00	
5.1400371467e+01	5.4752945853e+00	
5.1500094932e+01	5.6710074236e+00	
5.1600266969e+01	5.6221291215e+00	
5.1700452150e+01	6.2554617142e+00	
5.1800433241e+01	6.1156764767e+00	
5.1900001920e+01	6.1664910189e+00	
5.2000505806e+01	6.8360367229e+00	
5.2100394506e+01	5.1924096533e+00	
5.2200402310e+01	5.1598189866e+00	
5.2300499524e+01	5.0148431041e+00	
5.2400048727e+01	4.5921735466e+00	
5.2500064264e+01	4.7231014452e+00	
5.2600004262e+01	5.3798020914e+00	
5.2700186801e+01	4.3703532961e+00	
5.2800185357e+01	5.0621990489e+00	
5.2900416279e+01	5.7373709241e+00	
5.3000369236e+01	5.6156934338e+00	
5.3100469072e+01	3.4480272536e+00	
5.3200189162e+01	3.7624606270e+00	
5.3300488286e+01	5.1177320350e+00	
5.3400206681e+01	5.6983467808e+00	
5.3500207615e+01	6.0276484005e+00	
5.3600304495e+01	4.9504105950e+00	
5.3700022816e+01	3.4727471081e+00	
5.3800071807e+01	3.3666004269e+00	
5.3900047208e+01	3.8032053074e+00	
5.4000174736e+01	4.7077932010e+00	
5.4100025116e+01	5.1792455949e+00	
5.4200349393e+01	5.1107982290e+00	
5.4300146449e+01	4.7837788822e+00	
5.4400211475e+01	5.0507674599e+00	
5.4500422962e+01	4.9028211493e+00	
5.4600339867e+01	4.6447362446e+00	
5.4700154287e+01	3.9588538769e+00	
5.4800064813e+01	4.6389061966e+00	
5.4900270763e+01	9.6868798334e+00	
5.5000426897e+01	9.0439303027e+00	
5.5100427075e+01	4.8265881314e+00	
5.5200391479e+01	2.8648360146e+00	
5.5300030277e+01	3.2737290896e+00	
5.5400311679e+01	3.4931252496e+00	
5.5500496342e+01	2.9099205998e+00	
5.5600234167e+01	2.8206598669e+00	
5.5700339795e+01	3.2576304571e+00	
5.5800007371e+01	3.0781515724e+00	
5.5900219685e+01	3.5114112209e+00	
5.6000426091e+01	4.2673216715e+00	
5.6100228279e+01	6.1715684936e+00	
5.6200136976e+01	6.9929897041e+00	
5.6300226399e+01	7.6573786447e+00	
5.6400459346e+01	8.3419066928e+00	
5.6500186652e+01	7.3960164965e+00	
5.6600020898e+01	7.9808139176e+00	
5.6700463871e+01	7.3813351441e+00	
5.6800533071e+01	4.9081398821e+00	
5.6900278795e+01	4.5406748197e+00	
5.7000102554e+01	4.5136340613e+00	
5.7100343734e+01	4.3635247686e+00	
5.7200222839e+01	4.3877767106e+00	
5.7300233326e+01	3.3888946523e+00	
5.7400250513e+01	3.1610653058e+00	
5.7500044122e+01	3.1286911950e+00	
5.7600396288e+01	3.1202710954e+00	
5.7700493129e+01	6.4395872735e+00	
5.7800504304e+01	6.4668942765e+00	
5.7900348693e+01	5.5120258564e+00	
5.8000168179e+01	4.5224991719e+00	
5.8100489236e+01	3.7924507348e+00	
5.8200116987e+01	3.5688937045e+00	
5.8300331735e+01	4.5271472676e+00	
5.8400394378e+01	3.7965781171e+00	
5.8500388363e+01	4.9078794465e+00	
5.8600519341e+01	6.4974236873e+00	
5.8700473663e+01	7.5834779257e+00	
5.8800484624e+01	7.8557799531e+00	
5.8900146521e+01	8.5065376479e+00	
5.9000469630e+01	7.5973529285e+00	
5.9100445344e+01	6.6551107855e+00	
5.9200431671e+01	5.6295406062e+00	
5.9300489281e+01	4.8397599184e+00	
5.9400029871e+01	4.7350801456e+00	
5.9500270497e+01	5.6700122382e+00	
5.9600283863e+01	6.2576383465e+00	
5.9700040169e+01	6.6047810190e+00	
5.9800399043e+01	5.4983093022e+00	
5.9900435290e+01	5.6035665432e+00	
6.0000021150e+01	6.3019092000e+00	
6.0100335766e+01	6.2522409981e+00	
6.0200029624e+01	6.4208072501e+00	
6.0300349302e+01	6.1394660996e+00	
6.0400484120e+01	5.9398217462e+00	
6.0500296122e+01	5.9740958428e+00	
6.0600454433e+01	6.1191319167e+00	
6.0700129596e+01	6.2304837171e+00	
6.0800071892e+01	5.6822100417e+00	
6.0900133573e+01	5.0684162860e+00	
6.1000158572e+01	5.5356757875e+00	
6.1100333074e+01	5.2507510228e+00	
6.1200274129e+01	4.3264791430e+00	
6.1300031652e+01	4.7632255465e+00	
6.1400524129e+01	4.9542492753e+00	
6.1500104156e+01	4.4361987242e+00	
6.1600416788e+01	3.1873596345e+00	
6.1700403622e+01	3.7186683839e+00	
6.1800213616e+01	3.2651639088e+00	
6.1900471098e+01	3.8021194956e+00	
6.2000124089e+01	3.9375781606e+00	
6.2100440563e+01	4.4470108082e+00	
6.2200405542e+01	5.8968435707e+00	
6.2300054116e+01	6.2886724688e+00	
6.2400192803e+01	4.7087100637e+00	
6.2500376534e+01	5.1944817036e+00	
6.2600380380e+01	5.5149473349e+00	
6.2700118894e+01	5.9049659608e+00	
6.2800024770e+01	8.4563902665e+00	
6.2900005959e+01	1.0496725985e+01	
6.3000230029e+01	1.0163665942e+01	
6.3100226718e+01	5.9769916771e+00	
6.3200112478e+01	4.5241561843e+00	
6.3300509764e+01	4.2872779720e+00	
6.3400355009e+01	3.9985275720e+00	
6.3500158397e+01	4.1177573368e+00	
6.3600322703e+01	6.6938959751e+00	
6.3700181957e+01	5.1698638114e+00	
6.3800433009e+01	5.7276120122e+00	
6.3900195470e+01	6.1035498241e+00	
6.4000478656e+01	6.3002438295e+00	
6.4100111161e+01	5.7374766224e+00	
6.4200150465e+01	4.7916707598e+00	
6.4300462588e+01	4.2927941700e+00	
6.4400439335e+01	3.9966660265e+00	
6.4500103494e+01	4.6117306411e+00	
6.4600434696e+01	4.2287837993e+00	
6.4700453734e+01	3.7828221291e+00	
6.4800021197e+01	3.7691622363e+00	
6.4900043077e+01	4.1683556546e+00	
6.5000015361e+01	3.4645788934e+00	
6.5100235838e+01	3.6501513403e+00	
6.5200315462e+01	3.8898061409e+00	
6.5300382746e+01	3.9723810956e+00	
6.5400468453e+01	3.9857803752e+00	
6.5500038760e+01	4.0452734821e+00	
6.5600204389e+01	3.1707382707e+00	
6.5700193799e+01	2.8500865841e+00	
6.5800035827e+01	3.0223051218e+00	
6.5900322052e+01	3.7420455175e+00	
6.6000264356e+01	4.6536220751e+00	
6.6100491852e+01	5.2461273221e+00	
6.6200197858e+01	5.8144493644e+00	
6.6300050330e+01	6.5732655673e+00	
6.6400243410e+01	5.7531588762e+00	
6.6500019405e+01	4.8715358631e+00	
6.6600040411e+01	4.0048718491e+00	
6.6700077542e+01	3.4850697924e+00	
6.6800153049e+01	3.9588565466e+00	
6.6900045262e+01	3.0153676335e+00	
6.7000284658e+01	4.7314983422e+00	
6.7100352886e+01	4.4198356195e+00	
6.7200382034e+01	3.6418250557e+00	
6.7300142891e+01	3.1211804722e+00	
6.7400211575e+01	3.8832675305e+00	
6.7500354723e+01	3.3507957017e+00	
6.7600049577e+01	4.9189846887e+00	
6.7700416857e+01	5.4500014419e+00	
6.7800042543e+01	4.4277633000e+00	
6.7900173790e+01	3.5685455693e+00	
6.8000266987e+01	4.2158625893e+00	
6.8100402779e+01	5.4899349518e+00	
6.8200307548e+01	5.3057244456e+00	
6.8300525734e+01	6.3716137082e+00	
6.8400243348e+01	6.4300409248e+00	
6.8500083169e+01	6.2427203295e+00	
6.8600187058e+01	5.9084624087e+00	
6.8700287296e+01	5.6646339671e+00	
6.8800189399e+01	4.9607581740e+00	
6.8900356960e+01	4.2402527544e+00	
6.9000042317e+01	4.5193750768e+00	
6.9100220998e+01	6.7990049513e+00	
6.9200035973e+01	3.9848225725e+00	
6.9300399833e+01	4.2226946102e+00	
6.9400458440e+01	4.1004900839e+00	
6.9500383694e+01	4.6026740830e+00	
6.9600471125e+01	4.4543990518e+00	
6.9700424205e+01	3.7449662674e+00	
6.9800169425e+01	4.5079763328e+00	
6.9900180570e+01	4.8731048277e+00	
7.0000468453e+01	4.3694365553e+00	
7.0100069505e+01	4.8346060707e+00	
7.0200406577e+01	5.6600247511e+00	
7.0300422339e+01	5.4084001610e+00	
7.0400361354e+01	4.1257712755e+00	
7.0500296847e+01	4.4310254113e+00	
7.0600379666e+01	5.7336460215e+00	
7.0700214845e+01	5.9343558909e+00	
7.0800072196e+01	4.8624771676e+00	
7.0900019853e+01	4.0615972889e+00	
7.1000251135e+01	3.8567974932e+00	
7.1100071534e+01	5.6518998914e+00	
7.1200434096e+01	6.6590087431e+00	
7.1300467859e+01	5.9795276528e+00	
7.1400042470e+01	7.0994615925e+00	
7.1500255767e+01	8.6626949438e+00	
7.1600047638e+01	8.0818304048e+00	
7.1700428987e+01	6.7822270280e+00	
7.1800476900e+01	4.5473797076e+00	
7.1900497434e+01	4.1332902897e+00	
7.2000099640e+01	4.0555395344e+00	
7.2100084848e+01	3.6273083958e+00	
7.2200264426e+01	3.2625508377e+00	
7.2300464024e+01	3.1593730294e+00	
7.2400297344e+01	3.2835457244e+00	
7.2500165311e+01	3.6881688997e+00	
7.2600497375e+01	3.4603462340e+00	
7.2700332101e+01	3.4059906721e+00	
7.2800196220e+01	4.3948458512e+00	
7.2900338488e+01	3.5526298323e+00	
7.3000239941e+01	4.4352790886e+00	
7.3100255585e+01	5.4425788327e+00	
7.3200036630e+01	5.8024722401e+00	
7.3300311117e+01	6.6141316826e+00	
7.3400323434e+01	6.8484623982e+00	
7.3500287609e+01	4.8727246717e+00	
7.3600230851e+01	5.5400377219e+00	
7.3700409404e+01	4.3731870055e+00	
7.3800000970e+01	5.0798084827e+00	
7.3900020713e+01	5.5227337472e+00	
7.4000426037e+01	5.0954307629e+00	
7.4100176320e+01	6.9019515529e+00	
7.4200312382e+01	7.7186904769e+00	
7.4300361981e+01	7.2898170478e+00	
7.4400156944e+01	5.1214000977e+00	
7.4500514568e+01	5.6642410501e+00	
7.4600242128e+01	4.6769044240e+00	
7.4700234236e+01	3.5108670176e+00	
7.4800040873e+01	2.9790109512e+00	
7.4900097881e+01	3.1711847681e+00	
7.5000199613e+01	2.5916518842e+00	
7.5100511269e+01	2.5037271326e+00	
7.5200102434e+01	2.3440678256e+00	
7.5300216609e+01	2.3451654690e+00	
7.5400044413e+01	2.2375805482e+00	
7.5500036433e+01	2.5110430666e+00	
7.5600321580e+01	3.1590713853e+00	
7.5700167377e+01	4.3968989186e+00	
7.5800305316e+01	7.4968788201e+00	
7.5900467192e+01	1.0098423540e+01	
7.6000031622e+01	1.1676977520e+01	
7.6100178409e+01	1.2602511869e+01	
7.6200504254e+01	1.1647022477e+01	
7.6300490165e+01	7.2376329436e+00	
7.6400319359e+01	6.9743043119e+00	
7.6500299253e+01	8.2096846336e+00	
7.6600208986e+01	8.8131889202e+00	
7.6700220158e+01	7.5070966835e+00	
7.6800473657e+01	6.5407320840e+00	
7.6900467413e+01	6.9583632514e+00	
7.7000123795e+01	5.3043503038e+00	
7.7100127521e+01	5.9157268463e+00	
7.7200101462e+01	5.4719196845e+00	
7.7300451721e+01	4.6150693672e+00	
7.7400241722e+01	5.6030244841e+00	
7.7500009064e+01	5.5144851512e+00	
7.7600069364e+01	4.2191915130e+00	
7.7700401023e+01	4.5858041059e+00	
7.7800268031e+01	4.1879306019e+00	
7.7900241321e+01	4.4629382900e+00	
7.8000447251e+01	5.3240683609e+00	
7.8100261231e+01	6.0122649373e+00	
7.8200194771e+01	5.6530752064e+00	
7.8300080653e+01	4.3888615212e+00	
7.8400368110e+01	3.9237637561e+00	
7.8500466341e+01	3.7692494591e+00	
7.8600035399e+01	3.5582091183e+00	
7.8700415686e+01	3.3381755231e+00	
7.8800379361e+01	3.1641569724e+00	
7.8900101675e+01	3.0241232545e+00	
7.9000442425e+01	3.6148955523e+00	
7.9100192649e+01	3.3222652988e+00	
7.9200300811e+01	5.5708093565e+00	
7.9300295254e+01	6.9580441949e+00	
7.9400195782e+01	6.0111287813e+00	
7.9500499952e+01	5.9662926738e+00	
7.9600141166e+01	5.8316354266e+00	
7.9700392201e+01	6.3573715286e+00	
7.9800300048e+01	5.9877533989e+00	
7.9900332016e+01	4.8617896226e+00	
8.0000385859e+01	4.1651432750e+00	
8.0100068110e+01	4.3831873196e+00	
8.0200063454e+01	4.2787441185e+00	
8.0300036364e+01	3.8010212103e+00	
8.0400247174e+01	3.8505118078e+00	
8.0500423326e+01	3.8483904879e+00	
8.0600409574e+01	3.0252632595e+00	
8.0700426161e+01	2.9849093772e+00	
8.0800160263e+01	3.2279419085e+00	
8.0900487814e+01	4.4281409538e+00	
8.1000342289e+01	4.8940306661e+00	
8.1100543592e+01	4.9630683510e+00	
8.1200032160e+01	5.2798966480e+00	
8.1300092709e+01	5.7645871407e+00	
8.1400444350e+01	6.6294948024e+00	
8.1500040104e+01	8.3082103988e+00	
8.1600068700e+01	9.8748043838e+00	
8.1700078996e+01	1.1084870821e+01	
8.1800214567e+01	1.1747800414e+01	
8.1900016655e+01	1.3277128090e+01	
8.2000220130e+01	1.4590132961e+01	
8.2100330407e+01	1.4655358644e+01	
8.2200512613e+01	1.5483549994e+01	
8.2300097190e+01	1.6075091714e+01	
8.2400467895e+01	1.1153782236e+01	
8.2500276181e+01	1.3090304322e+01	
8.2600115134e+01	1.0754744817e+01	
8.2700128458e+01	1.4393981206e+01	
8.2800396351e+01	1.5549852505e+01	
8.2900142150e+01	1.4480315596e+01	
8.3000122861e+01	1.3118473621e+01	
8.3100014053e+01	1.3526901059e+01	
8.3200475936e+01	2.0241170924e+01	
8.3300119384e+01	1.1655661128e+01	
8.3400038314e+01	8.6609008565e+00	
8.3500310605e+01	7.4386449522e+00	
8.3600230431e+01	7.1238174243e+00	
8.3700335870e+01	7.9929593271e+00	
8.3800113351e+01	8.2742545591e+00	
8.3900155632e+01	7.7117683014e+00	
8.4000506551e+01	7.0096195715e+00	
8.4100120194e+01	7.0622463914e+00	
8.4200237104e+01	6.6011229912e+00	
8.4300366188e+01	5.7496449143e+00	
8.4400136050e+01	4.7265098399e+00	
8.4500092950e+01	4.6957017557e+00	
8.4600269298e+01	5.7278023817e+00	
8.4700202101e+01	6.2098529306e+00	
8.4800447749e+01	6.1109982170e+00	
8.4900213789e+01	5.7868764806e+00	
8.5000019773e+01	4.8510018637e+00	
8.5100162862e+01	4.2620387632e+00	
8.5200217016e+01	3.9732397724e+00	
8.5300428094e+01	4.4661795218e+00	
8.5400012046e+01	9.3047200824e+00	
8.5500202865e+01	8.9941980441e+00	
8.5600356262e+01	7.2854501410e+00	
8.5700258111e+01	9.4158286519e+00	
8.5800163374e+01	1.1775679639e+01	
8.5900041868e+01	1.4674523758e+01	
8.6000047631e+01	1.7389023019e+01	
8.6100433632e+01	1.9457141661e+01	
8.6200233621e+01	1.3803685313e+01	
8.6300479940e+01	7.7245280419e+00	
8.6400002328e+01	5.0428665646e+00	
8.6500335948e+01	4.6309421907e+00	
8.6600354524e+01	5.2663417013e+00	
8.6700424799e+01	5.7502922180e+00	
8.6800346569e+01	8.8827726821e+00	
8.6900410359e+01	6.4274857728e+00	
8.7000062584e+01	3.9953216344e+00	
8.7100126751e+01	3.0578933243e+00	
8.7200098238e+01	2.8430043835e+00	
8.7300264361e+01	3.0014101443e+00	
8.7400183039e+01	3.5908816372e+00	
8.7500080632e+01	3.1034212817e+00	
8.7600221240e+01	3.2515402887e+00	
8.7700362124e+01	3.3067659526e+00	
8.7800144476e+01	4.1314390720e+00	
8.7900056082e+01	5.2746162707e+00	
8.8000039549e+01	5.2150502376e+00	
8.8100455628e+01	8.4213027048e+00	
8.8200183141e+01	1.2066414308e+01	
8.8300343054e+01	8.9445553978e+00	
8.8400340392e+01	6.9492965074e+00	
8.8500085092e+01	6.3584195783e+00	
8.8600344302e+01	6.3268673131e+00	
8.8700040223e+01	6.4274120851e+00	
8.8800053694e+01	6.5432924531e+00	
8.8900304915e+01	6.6330710176e+00	
8.9000056348e+01	6.4220629558e+00	
8.9100225249e+01	6.0187457878e+00	
8.9200034590e+01	5.4828357176e+00	
8.9300242663e+01	5.0631119078e+00	
8.9400259007e+01	4.6664013878e+00	
8.9500136591e+01	5.2012980209e+00	
8.9600007260e+01	6.2001670415e+00	
8.9700003075e+01	6.8598027430e+00	
8.9800117704e+01	7.3904161646e+00	
8.9900231256e+01	8.0308569159e+00	
9.0000020066e+01	7.8425000620e+00	
9.0100483524e+01	7.8655811359e+00	
9.0200483069e+01	7.6380208867e+00	
9.0300424817e+01	7.0356096700e+00	
9.0400495579e+01	7.0037926401e+00	
9.0500115373e+01	6.9067781674e+00	
9.0600537420e+01	6.6424872879e+00	
9.0700519565e+01	6.3127553266e+00	
9.0800242680e+01	6.1941290364e+00	
9.0900469888e+01	7.1178099018e+00	
9.1000511889e+01	7.5543327934e+00	
9.1100447754e+01	7.9761932233e+00	
9.1200439194e+01	9.0412993888e+00	
9.1300387340e+01	6.2214480114e+00	
9.1400184760e+01	4.8437255957e+00	
9.1500117880e+01	3.9024663985e+00	
9.1600167618e+01	3.6051602611e+00	
9.1700067207e+01	5.9160676892e+00	
9.1800084480e+01	6.2274206937e+00	
9.1900306808e+01	4.7220335182e+00	
9.2000040914e+01	4.0762808729e+00	
9.2100158664e+01	3.7978711145e+00	
9.2200472555e+01	3.3591065480e+00	
9.2300441380e+01	4.5301754708e+00	
9.2400186128e+01	7.0146301971e+00	
9.2500014487e+01	5.6309584818e+00	
9.2600118583e+01	5.6285333118e+00	
9.2700068654e+01	5.6073245576e+00	
9.2800401875e+01	5.1878455760e+00	
9.2900103970e+01	4.8297936106e+00	
9.3000244047e+01	5.0152859015e+00	
9.3100134800e+01	6.8636465005e+00	
9.3200433810e+01	9.5348371112e+00	
9.3300369220e+01	8.2273429556e+00	
9.3400512710e+01	3.3759977424e+00	
9.3500247895e+01	3.0914001018e+00	
9.3600293857e+01	2.9919321760e+00	
9.3700086287e+01	2.9262122269e+00	
9.3800101814e+01	3.0883092349e+00	
9.3900431324e+01	3.4993496213e+00	
9.4000135079e+01	3.3220969378e+00	
9.4100221181e+01	2.9443589988e+00	
9.4200215200e+01	3.3394092939e+00	
9.4300175913e+01	3.2841980534e+00	
9.4400452943e+01	3.3533473251e+00	
9.4500029186e+01	3.1075569279e+00	
9.4600125416e+01	6.5080381293e+00	
9.4700076555e+01	8.9335621319e+00	
9.4800264427e+01	8.1920447985e+00	
9.4900200255e+01	5.7401264420e+00	
9.5000210264e+01	4.4708912389e+00	
9.5100523575e+01	6.9640372419e+00	
9.5200090738e+01	8.4755248621e+00	
9.5300174321e+01	6.2714092028e+00	
9.5400377052e+01	4.8851603372e+00	
9.5500445366e+01	4.5268257755e+00	
9.5600180605e+01	4.9318256610e+00	
9.5700375456e+01	4.9740550554e+00	
9.5800169753e+01	4.8613276179e+00	
9.5900025305e+01	4.5958323403e+00	
9.6000269228e+01	4.3027710385e+00	
9.6100511285e+01	5.7426298882e+00	
9.6200039259e+01	4.1843870351e+00	
9.6300348126e+01	4.1141190544e+00	
9.6400363565e+01	4.1121712467e+00	
9.6500400103e+01	4.1187062404e+00	
9.6600101819e+01	3.6739762621e+00	
9.6700228528e+01	3.0595588130e+00	
9.6800478749e+01	2.8286529367e+00	
9.6900249197e+01	3.1464057311e+00	
9.7000486798e+01	3.3053975301e+00	
9.7100175665e+01	6.6694351224e+00	
9.7200168213e+01	1.1565161998e+01	
9.7300121229e+01	1.3812923202e+01	
9.7400093579e+01	1.5414808324e+01	
9.7500304005e+01	1.6241004847e+01	
9.7600020208e+01	1.7194239567e+01	
9.7700385066e+01	1.6794376626e+01	
9.7800397320e+01	1.4608170220e+01	
9.7900382885e+01	1.2784350349e+01	
9.8000421863e+01	1.1805619746e+01	
9.8100454324e+01	1.0650256644e+01	
9.8200355662e+01	9.0235920914e+00	
9.8300148205e+01	7.1680488228e+00	
9.8400145160e+01	7.5372028758e+00	
9.8500471213e+01	7.6089723691e+00	
9.8600140431e+01	6.9550859738e+00	
9.8700190038e+01	8.3554618422e+00	
9.8800307555e+01	9.4525378912e+00	
9.8900201100e+01	8.8583890472e+00	
9.9000142162e+01	8.6629020237e+00	
9.9100334495e+01	8.7181707865e+00	
9.9200071736e+01	1.0298433078e+01	
9.9300257048e+01	8.9700695016e+00	
9.9400143363e+01	5.5722846576e+00	
9.9500153099e+01	7.2307582743e+00	
9.9600048294e+01	4.9809308774e+00	
9.9700071053e+01	4.7689403647e+00	
9.9800195727e+01	4.8735154709e+00	
9.9900062347e+01	5.0382414596e+00	
1.0000019357e+02	4.7606797241e+00	
1.0010009042e+02	4.8047708274e+00	
1.0020040388e+02	4.4121819799e+00	
1.0030019138e+02	4.2175748888e+00	
1.0040017377e+02	3.9495955109e+00	
1.0050006985e+02	3.6971595858e+00	
1.0060000171e+02	3.0973543555e+00	
1.0070046948e+02	3.6267867373e+00	
1.0080027305e+02	4.3735191699e+00	
1.0090023745e+02	5.3551516464e+00	
1.0100034356e+02	4.7302238322e+00	
1.0110020687e+02	5.2018570340e+00	
1.0120044325e+02	5.0272944617e+00	
1.0130042721e+02	5.3377227865e+00	
1.0140009152e+02	4.7885694223e+00	
1.0150000668e+02	3.5969112022e+00	
1.0160036824e+02	3.8195380590e+00	
1.0170006670e+02	3.8240143597e+00	
1.0180031789e+02	4.4812933703e+00	
1.0190026841e+02	5.1236344222e+00	
1.0200014709e+02	5.4049721409e+00	
1.0210027374e+02	3.8285477632e+00	
1.0220047963e+02	2.9228991340e+00	
1.0230012949e+02	3.4947670865e+00	
1.0240008112e+02	4.1273831161e+00	
1.0250018556e+02	4.0347654074e+00	
1.0260009834e+02	4.4377822230e+00	
1.0270007652e+02	4.5427407777e+00	
1.0280015722e+02	5.0365887196e+00	
1.0290021564e+02	3.6370842855e+00	
1.0300039325e+02	3.8166234264e+00	
1.0310025963e+02	3.8590538941e+00	
1.0320036797e+02	3.6490552317e+00	
1.0330004587e+02	3.3555694041e+00	
1.0340035739e+02	3.1748329479e+00	
1.0350006570e+02	3.3178249840e+00	
1.0360030523e+02	3.8224918711e+00	
1.0370027654e+02	3.8480868758e+00	
1.0380012811e+02	3.9646495544e+00	
1.0390041251e+02	5.5311786607e+00	
1.0400023322e+02	3.7996052842e+00	
1.0410049249e+02	3.9855354314e+00	
1.0420016963e+02	4.2990185739e+00	
1.0430001700e+02	4.3827562530e+00	
1.0440034683e+02	4.3876327534e+00	
1.0450023657e+02	4.2048107561e+00	
1.0460043590e+02	4.0161443166e+00	
1.0470027746e+02	3.8924480492e+00	
1.0480034650e+02	3.7336782395e+00	
1.0490021701e+02	3.6017511171e+00	
1.0500004283e+02	4.0016427702e+00	
1.0510013957e+02	4.6341565009e+00	
1.0520040399e+02	4.9543423049e+00	
1.0530046188e+02	4.6790802907e+00	
1.0540045970e+02	6.4765373127e+00	
1.0550029190e+02	7.5676632884e+00	
1.0560034514e+02	7.0219863339e+00	
1.0570017074e+02	5.1482534981e+00	
1.0580030971e+02	6.0445894577e+00	
1.0590038070e+02	5.6357890476e+00	
1.0600005911e+02	5.1337435540e+00	
1.0610043125e+02	3.6632727543e+00	
1.0620010417e+02	4.2259491793e+00	
1.0630018688e+02	4.2957695760e+00	
1.0640004059e+02	7.2745819710e+00	
1.0650029056e+02	4.1182806615e+00	
1.0660044001e+02	5.0667475511e+00	
1.0670037541e+02	4.2143241189e+00	
1.0680045755e+02	3.7453429828e+00	
1.0690010740e+02	3.8494363500e+00	
1.0700042855e+02	4.0888392855e+00	
1.0710037801e+02	4.1809331052e+00	
1.0720042636e+02	4.6346638939e+00	
1.0730029866e+02	3.6635489555e+00	
1.0740026557e+02	4.7493355730e+00	
1.0750044529e+02	4.8539246881e+00	
1.0760011285e+02	5.2208290911e+00	
1.0770019856e+02	4.2577526042e+00	
1.0780046599e+02	3.6253315159e+00	
1.0790033587e+02	2.9736036428e+00	
1.0800015132e+02	2.7253250109e+00	
1.0810003203e+02	3.3558589005e+00	
1.0820027802e+02	3.7240777910e+00	
1.0830035004e+02	3.2568279023e+00	
1.0840042129e+02	4.2016677935e+00	
1.0850004433e+02	3.7034467895e+00	
1.0860028348e+02	3.5453913423e+00	
1.0870037728e+02	3.3556956179e+00	
1.0880039628e+02	3.0117053737e+00	
1.0890025024e+02	3.1788705391e+00	
1.0900010087e+02	2.3392333177e+00	
1.0910043050e+02	1.8892192518e+00	
1.0920036262e+02	2.2153264082e+00	
1.0930004311e+02	2.1222500221e+00	
1.0940053646e+02	2.6844074431e+00	
1.0950037995e+02	3.1795823083e+00	
1.0960029321e+02	3.4796736645e+00	
1.0970019669e+02	3.2861312005e+00	
1.0980027487e+02	2.9218995045e+00	
1.0990030440e+02	3.5152594343e+00	
1.1000010401e+02	4.2224176686e+00	
1.1010011538e+02	3.9694360609e+00	
1.1020052800e+02	4.5848172233e+00	
1.1030042601e+02	4.3190428689e+00	
1.1040048307e+02	4.0695485183e+00	
1.1050018675e+02	5.3729459049e+00	
1.1060032336e+02	7.3007436584e+00	
1.1070019856e+02	9.1612012936e+00	
1.1080040347e+02	3.6441457883e+00	
1.1090032330e+02	4.9311915813e+00	
1.1100048437e+02	4.4986595853e+00	
1.1110033940e+02	5.0975723800e+00	
1.1120048090e+02	5.3356332949e+00	
1.1130007007e+02	5.3766905433e+00	
1.1140030193e+02	5.3916319205e+00	
1.1150032425e+02	5.3096639525e+00	
1.1160002546e+02	5.7842254255e+00	
1.1170009708e+02	5.2724358583e+00	
1.1180032492e+02	4.2855120358e+00	
1.1190018359e+02	4.8718684664e+00	
1.1200014593e+02	5.8446410362e+00	
1.1210039447e+02	6.3479358826e+00	
1.1220030680e+02	6.6871791450e+00	
1.1230017950e+02	5.1979586952e+00	
1.1240001591e+02	4.8698263018e+00	
1.1250043984e+02	4.8780652052e+00	
1.1260003615e+02	4.4454920334e+00	
1.1270011839e+02	4.2559441633e+00	
1.1280004241e+02	5.2838364853e+00	
1.1290019883e+02	5.4197125290e+00	
1.1300017963e+02	3.6894760266e+00	
1.1310040196e+02	3.5392908041e+00	
1.1320019040e+02	2.7026614820e+00	
1.1330013677e+02	2.5427458498e+00	
1.1340043036e+02	2.5081624400e+00	
1.1350003798e+02	2.7933844001e+00	
1.1360005355e+02	2.5149920877e+00	
1.1370011691e+02	2.1607269560e+00	
1.1380019249e+02	2.3718746750e+00	
1.1390027861e+02	4.0369871319e+00	
1.1400036282e+02	3.8115364520e+00	
1.1410007214e+02	5.2828731927e+00	
1.1420020403e+02	6.7130286706e+00	
1.1430030324e+02	5.8782064595e+00	
1.1440015989e+02	5.1982666099e+00	
1.1450021527e+02	4.6498821500e+00	
1.1460046640e+02	3.4186824616e+00	
1.1470030692e+02	3.3088467257e+00	
1.1480034730e+02	2.9356829456e+00	
1.1490013713e+02	3.0853354867e+00	
1.1500013388e+02	3.4834464401e+00	
1.1510032047e+02	4.0501885559e+00	
1.1520017867e+02	3.9974028589e+00	
1.1530022482e+02	3.8647084432e+00	
1.1540032242e+02	5.1898114085e+00	
1.1550029562e+02	4.7782286425e+00	
1.1560001511e+02	2.2730914913e+00	
1.1570051101e+02	2.5476541533e+00	
1.1580052270e+02	2.3733037386e+00	
1.1590001967e+02	2.5898623777e+00	
1.1600036506e+02	3.7020731807e+00	
1.1610024467e+02	3.2221774332e+00	
1.1620027002e+02	2.7679657648e+00	
1.1630013087e+02	2.5710807240e+00	
1.1640011387e+02	3.5371940084e+00	
1.1650042332e+02	3.3536922145e+00	
1.1660037474e+02	3.4510449283e+00	
1.1670040133e+02	3.5097613125e+00	
1.1680041699e+02	3.4334684367e+00	
1.1690036535e+02	3.1495238367e+00	
1.1700007291e+02	3.8115905572e+00	
1.1710025392e+02	3.5040318698e+00	
1.1720040322e+02	4.2161823619e+00	
1.1730023126e+02	3.8173647287e+00	
1.1740044224e+02	4.9708327484e+00	
1.1750017777e+02	4.7890409817e+00	
1.1760030922e+02	4.2472788048e+00	
1.1770006245e+02	3.6435896144e+00	
1.1780026296e+02	3.2548779952e+00	
1.1790007962e+02	3.2742017011e+00	
1.1800010873e+02	2.8513331364e+00	
1.1810014524e+02	3.4204267431e+00	
1.1820042614e+02	2.8171480842e+00	
1.1830008394e+02	3.3032344704e+00	
1.1840000513e+02	2.9276314905e+00	
1.1850010200e+02	6.4272084085e+00	
1.1860030383e+02	5.2297369102e+00	
1.1870039948e+02	4.7089270376e+00	
1.1880036873e+02	4.4653790252e+00	
1.1890048248e+02	4.3159368154e+00	
1.1900046301e+02	3.5690303539e+00	
1.1910040645e+02	4.0247570417e+00	
1.1920047124e+02	4.5481123081e+00	
1.1930037645e+02	4.9827601309e+00	
1.1940051440e+02	5.4257844560e+00	
1.1950047500e+02	5.4693745602e+00	
1.1960013674e+02	4.6179331670e+00	
1.1970042586e+02	3.9093698025e+00	
1.1980039242e+02	3.5827787504e+00	
1.1990024408e+02	3.0608851536e+00	
1.2000020238e+02	3.5503857418e+00	
1.2010041784e+02	3.6171079285e+00	
1.2020005856e+02	3.0374131480e+00	
1.2030042566e+02	3.1377530348e+00	
1.2040045777e+02	4.7285687678e+00	
1.2050047856e+02	3.8273618733e+00	
1.2060012820e+02	3.7983663302e+00	
1.2070015835e+02	3.3520114493e+00	
1.2080021150e+02	3.3722450614e+00	
1.2090010048e+02	3.7548994739e+00	
1.2100003281e+02	4.2183316560e+00	
1.2110039111e+02	4.9182913039e+00	
1.2120036803e+02	6.3978371214e+00	
1.2130047169e+02	5.9676570657e+00	
1.2140045670e+02	4.3797532841e+00	
1.2150022847e+02	4.4061524886e+00	
1.2160031713e+02	3.3004795766e+00	
1.2170022171e+02	2.6682424370e+00	
1.2180003784e+02	3.2140430770e+00	
1.2190029998e+02	4.7126777926e+00	
1.2200044690e+02	3.2654747122e+00	
1.2210029768e+02	3.3966780160e+00	
1.2220015254e+02	3.3316729134e+00	
1.2230032105e+02	3.1322505008e+00	
1.2240025182e+02	3.4049470559e+00	
1.2250013704e+02	3.8698886932e+00	
1.2260012469e+02	3.2025442913e+00	
1.2270007209e+02	2.4483682185e+00	
1.2280002620e+02	2.9163857302e+00	
1.2290023165e+02	3.1186297722e+00	
1.2300001994e+02	2.5820368211e+00	
1.2310023457e+02	3.6641825295e+00	
1.2320007340e+02	3.8264457477e+00	
1.2330028595e+02	3.6033361764e+00	
1.2340012372e+02	2.4387822697e+00	
1.2350025094e+02	3.4310112902e+00	
1.2360018566e+02	3.9989838146e+00	
1.2370020820e+02	3.8406709490e+00	
1.2380036874e+02	6.8831467002e+00	
1.2390014126e+02	6.2103633525e+00	
1.2400049843e+02	6.1020732627e+00	
1.2410019318e+02	5.6789581494e+00	
1.2420045079e+02	5.0212368819e+00	
1.2430031655e+02	5.9414053639e+00	
1.2440009824e+02	6.0102632489e+00	
1.2450030398e+02	6.2191675158e+00	
1.2460014160e+02	5.6320094485e+00	
1.2470021439e+02	5.2426178453e+00	
1.2480031153e+02	6.3543282582e+00	
1.2490029334e+02	7.1145266550e+00	
1.2500044605e+02	7.3740702622e+00	
1.2510014525e+02	6.4971404829e+00	
1.2520032973e+02	5.6423295770e+00	
1.2530028638e+02	4.9944537568e+00	
1.2540017370e+02	4.4970412036e+00	
1.2550019054e+02	4.0078446689e+00	
1.2560034778e+02	3.6455732132e+00	
1.2570045901e+02	3.6958399021e+00	
1.2580002697e+02	3.7557971865e+00	
1.2590009400e+02	4.4812030316e+00	
1.2600014283e+02	4.6285933158e+00	
1.2610032489e+02	3.7680957127e+00	
1.2620015978e+02	4.1331403520e+00	
1.2630028433e+02	3.9444117814e+00	
1.2640041650e+02	3.9890882870e+00	
1.2650016489e+02	3.8660143085e+00	
1.2660027433e+02	3.9217115258e+00	
1.2670009286e+02	4.1995008800e+00	
1.2680050950e+02	5.2883471595e+00	
1.2690032026e+02	6.9566048057e+00	
1.2700039802e+02	8.2634545061e+00	
1.2710000190e+02	6.9203096228e+00	
1.2720006537e+02	4.6577983872e+00	
1.2730002249e+02	4.4248483033e+00	
1.2740032288e+02	4.5070428542e+00	
1.2750024795e+02	4.0218065773e+00	
1.2760005569e+02	3.1575770437e+00	
1.2770048840e+02	2.9238338459e+00	
1.2780047074e+02	2.3710777874e+00	
1.2790002773e+02	2.4691482161e+00	
1.2800041777e+02	2.3920151667e+00	
1.2810020440e+02	3.0676379696e+00	
1.2820049852e+02	3.2335318004e+00	
1.2830020218e+02	2.5428214794e+00	
1.2840009960e+02	2.7888115240e+00	
1.2850051037e+02	3.9138742320e+00	
1.2860014091e+02	4.8798182364e+00	
1.2870041542e+02	4.9128683039e+00	
1.2880045952e+02	3.1452512680e+00	
1.2890032024e+02	3.2457163696e+00	
1.2900048786e+02	3.3213914746e+00	
1.2910008932e+02	3.1251479188e+00	
1.2920043337e+02	3.1749076093e+00	
1.2930026624e+02	3.0656215558e+00	
1.2940021249e+02	3.1973224691e+00	
1.2950040444e+02	3.6863871068e+00	
1.2960045149e+02	3.4438492452e+00	
1.2970021422e+02	3.0945678461e+00	
1.2980036078e+02	2.7701509458e+00	
1.2990028301e+02	3.0504204372e+00	
1.3000011156e+02	3.6345576731e+00	
1.3010033175e+02	3.8556620880e+00	
1.3020011885e+02	3.8512832190e+00	
1.3030048393e+02	7.7516185178e+00	
1.3040014833e+02	8.2667946632e+00	
1.3050011373e+02	8.6704462183e+00	
1.3060015691e+02	6.1324494228e+00	
1.3070035340e+02	5.9031456553e+00	
1.3080005615e+02	5.4907294642e+00	
1.3090051399e+02	6.1320764767e+00	
1.3100049341e+02	6.0010526458e+00	
1.3110012754e+02	6.6912056874e+00	
1.3120033344e+02	6.9821917711e+00	
1.3130046451e+02	6.6626844702e+00	
1.3140010001e+02	6.6204853234e+00	
1.3150026115e+02	5.8355804593e+00	
1.3160028643e+02	4.2944504377e+00	
1.3170031721e+02	3.8221274893e+00	
1.3180045469e+02	3.4318168448e+00	
1.3190007146e+02	3.0267730737e+00	
1.3200040766e+02	2.7788920789e+00	
1.3210030313e+02	2.6023893477e+00	
1.3220031474e+02	2.7244428091e+00	
1.3230035330e+02	2.1043301225e+00	
1.3240045553e+02	2.3301565870e+00	
1.3250000870e+02	3.0629192732e+00	
1.3260043447e+02	3.7494673979e+00	
1.3270010030e+02	5.3077372352e+00	
1.3280028260e+02	3.3452293119e+00	
1.3290011651e+02	4.2078088849e+00	
1.3300005139e+02	5.2273120732e+00	
1.3310016412e+02	6.1391676448e+00	
1.3320019107e+02	6.6755941099e+00	
1.3330026835e+02	7.0730214670e+00	
1.3340024578e+02	6.0435850975e+00	
1.3350036674e+02	5.2311336296e+00	
1.3360007249e+02	3.6247409211e+00	
1.3370037119e+02	4.7376240287e+00	
1.3380007900e+02	4.1331302094e+00	
1.3390008753e+02	3.0313883330e+00	
1.3400038422e+02	2.7992686761e+00	
1.3410007840e+02	2.9195566035e+00	
1.3420016531e+02	3.0120936469e+00	
1.3430012072e+02	3.1376370964e+00	
1.3440005405e+02	3.8648326744e+00	
1.3450011660e+02	3.8219731466e+00	
1.3460034192e+02	3.0547195546e+00	
1.3470015831e+02	3.3837030723e+00	
1.3480001038e+02	4.0156376255e+00	
1.3490054903e+02	5.0478779609e+00	
1.3500021902e+02	5.0547064598e+00	
1.3510049837e+02	6.0362918704e+00	
1.3520006748e+02	4.1404681264e+00	
1.3530026588e+02	3.9296946826e+00	
1.3540051946e+02	3.7000526780e+00	
1.3550018031e+02	3.5234412356e+00	
1.3560022321e+02	3.4877274912e+00	
1.3570030612e+02	3.4393196796e+00	
1.3580029659e+02	4.8836034933e+00	
1.3590029669e+02	5.8694687257e+00	
1.3600014021e+02	6.0036275666e+00	
1.3610014513e+02	5.9284985684e+00	
1.3620050751e+02	5.5575826957e+00	
1.3630043690e+02	5.3808723790e+00	
1.3640015336e+02	5.1640344537e+00	
1.3650046274e+02	6.3231592865e+00	
1.3660052394e+02	5.0528334876e+00	
1.3670018635e+02	4.8294238801e+00	
1.3680003697e+02	4.6002743760e+00	
1.3690001307e+02	4.2947388265e+00	
1.3700045588e+02	4.6872368225e+00	
1.3710038277e+02	6.1257586038e+00	
1.3720004744e+02	7.2463241399e+00	
1.3730012013e+02	7.2843840926e+00	
1.3740043022e+02	7.3087357519e+00	
1.3750024624e+02	7.2424596594e+00	
1.3760030327e+02	7.2394083674e+00	
1.3770016745e+02	7.8890644955e+00	
1.3780003788e+02	8.2743644894e+00	
1.3790050991e+02	7.1483486139e+00	
1.3800023481e+02	5.0880261697e+00	
1.3810042629e+02	4.4327638440e+00	
1.3820023091e+02	4.8224574252e+00	
1.3830014603e+02	3.4224027202e+00	
1.3840012947e+02	2.9676456959e+00	
1.3850015608e+02	2.9487517768e+00	
1.3860006174e+02	2.8574304603e+00	
1.3870040438e+02	3.0499003461e+00	
1.3880027694e+02	3.3890893928e+00	
1.3890000719e+02	3.5533012709e+00	
1.3900041340e+02	3.9079956802e+00	
1.3910021058e+02	3.9495154073e+00	
1.3920019359e+02	2.8139770708e+00	
1.3930023880e+02	4.3148914293e+00	
1.3940036505e+02	4.8942109951e+00	
1.3950006110e+02	4.6687451350e+00	
1.3960024461e+02	4.4736007208e+00	
1.3970022037e+02	4.2299522900e+00	
1.3980022724e+02	4.0797999003e+00	
1.3990000479e+02	3.8255626571e+00	
1.4000029764e+02	3.6763069531e+00	
1.4010017895e+02	4.6761847808e+00	
1.4020035987e+02	5.2545343424e+00	
1.4030015958e+02	5.6540381499e+00	
1.4040044435e+02	5.9636312407e+00	
1.4050048262e+02	5.5776629094e+00	
1.4060024254e+02	4.7503287891e+00	
1.4070011343e+02	5.3421339265e+00	
1.4080039100e+02	6.0616448209e+00	
1.4090006856e+02	6.0244009259e+00	
1.4100015283e+02	5.8637106220e+00	
1.4110001993e+02	5.8836879441e+00	
1.4120002356e+02	6.2734816370e+00	
1.4130002548e+02	4.9283903600e+00	
1.4140040824e+02	5.7904132409e+00	
1.4150045151e+02	4.3131652892e+00	
1.4160011092e+02	4.3410443788e+00	
1.4170007730e+02	4.2269208045e+00	
1.4180000468e+02	4.0910179067e+00	
1.4190030079e+02	3.3449552133e+00	
1.4200035144e+02	5.5055566049e+00	
1.4210010815e+02	6.0060260966e+00	
1.4220029372e+02	4.8974995477e+00	
1.4230021415e+02	4.7719279309e+00	
1.4240033328e+02	4.9190922810e+00	
1.4250032861e+02	5.0933702377e+00	
1.4260051704e+02	6.6889583780e+00	
1.4270006040e+02	8.3646904921e+00	
1.4280003541e+02	5.5916804513e+00	
1.4290022688e+02	7.6158949437e+00	
1.4300032330e+02	5.2378899179e+00	
1.4310002443e+02	5.1751384568e+00	
1.4320025912e+02	5.3394961010e+00	
1.4330006342e+02	5.7398567485e+00	
1.4340010163e+02	5.2933235270e+00	
1.4350005673e+02	5.3104559754e+00	
1.4360017349e+02	4.2873517580e+00	
1.4370013947e+02	3.5831842719e+00	
1.4380023718e+02	3.0131049689e+00	
1.4390044073e+02	2.8807834846e+00	
1.4400017843e+02	3.3083054545e+00	
1.4410039283e+02	3.2376139306e+00	
1.4420014695e+02	4.5008477755e+00	
1.4430027372e+02	5.0506400582e+00	
1.4440023732e+02	4.4124076243e+00	
1.4450025362e+02	4.7413157099e+00	
1.4460001132e+02	4.5750556715e+00	
1.4470029045e+02	4.0589411478e+00	
1.4480015272e+02	3.4015050102e+00	
1.4490033186e+02	3.0262872004e+00	
1.4500013182e+02	3.0913097007e+00	
1.4510047644e+02	3.1400487016e+00	
1.4520035180e+02	3.0478563160e+00	
1.4530051732e+02	3.3118355690e+00	
1.4540046618e+02	3.7465729167e+00	
1.4550018064e+02	3.8392710211e+00	
1.4560000387e+02	6.1131511299e+00	
1.4570021111e+02	6.8923679278e+00	
1.4580030310e+02	7.8056343997e+00	
1.4590041010e+02	8.2621009625e+00	
1.4600022797e+02	6.7514219623e+00	
1.4610014206e+02	4.9183909021e+00	
1.4620045907e+02	5.1461362465e+00	
1.4630047039e+02	4.6623646179e+00	
1.4640031805e+02	4.4223598293e+00	
1.4650033894e+02	4.2515553863e+00	
1.4660029193e+02	4.3922898852e+00	
1.4670006376e+02	4.9327644946e+00	
1.4680017980e+02	5.0114800951e+00	
1.4690045728e+02	5.1627667451e+00	
1.4700037119e+02	4.4274217130e+00	
1.4710032663e+02	4.8242841108e+00	
1.4720037318e+02	5.6664106910e+00	
1.4730050328e+02	5.5527967658e+00	
1.4740041578e+02	5.2561987543e+00	
1.4750037435e+02	4.7461129992e+00	
1.4760015109e+02	4.1764600901e+00	
1.4770031384e+02	3.8919935287e+00	
1.4780042415e+02	3.7274716321e+00	
1.4790026075e+02	3.7897390083e+00	
1.4800036796e+02	3.7120191021e+00	
1.4810051654e+02	3.7945494251e+00	
1.4820046010e+02	4.5962818692e+00	
1.4830029413e+02	5.5844226175e+00	
1.4840002477e+02	5.7544579789e+00	
1.4850041180e+02	2.1086243106e+00	
1.4860019759e+02	2.0674773087e+00	
1.4870019662e+02	2.2981159606e+00	
1.4880036397e+02	2.3754982670e+00	
1.4890019080e+02	2.7512640027e+00	
1.4900005713e+02	3.9909578125e+00	
1.4910012378e+02	6.2067459038e+00	
1.4920048295e+02	5.3655765252e+00	
1.4930005971e+02	4.2774572332e+00	
1.4940005368e+02	4.0842092468e+00	
1.4950009365e+02	5.1384341711e+00	
1.4960023386e+02	5.2610220460e+00	
1.4970021690e+02	4.1399232160e+00	
1.4980020890e+02	2.6773500564e+00	
1.4990047048e+02	3.2875075992e+00	
1.5000033329e+02	5.4560949589e+00	
1.5010014839e+02	5.1281377158e+00	
1.5020000951e+02	4.1441194465e+00	
1.5030015499e+02	3.9711773712e+00	
1.5040029086e+02	3.2766049157e+00	
1.5050025207e+02	3.3724959104e+00	
1.5060033820e+02	4.0075694146e+00	
1.5070019580e+02	3.9399011255e+00	
1.5080042339e+02	2.1804048040e+00	
1.5090005350e+02	2.6071792826e+00	
1.5100045360e+02	2.9981736519e+00	
1.5110036315e+02	3.6006974537e+00	
1.5120019166e+02	4.6247256606e+00	
1.5130027661e+02	4.6360606853e+00	
1.5140023610e+02	3.5154388373e+00	
1.5150040760e+02	3.3918255922e+00	
1.5160047174e+02	3.5432535291e+00	
1.5170050640e+02	2.9360038577e+00	
1.5180049080e+02	4.1240546146e+00	
1.5190017766e+02	6.5034437354e+00	
1.5200030496e+02	9.0301443360e+00	
1.5210013103e+02	9.3447722072e+00	
1.5220049337e+02	7.3555974786e+00	
1.5230009329e+02	7.9199772320e+00	
1.5240045210e+02	7.9558564225e+00	
1.5250040878e+02	7.7719688347e+00	
1.5260041660e+02	7.5912570373e+00	
1.5270015128e+02	6.8923865964e+00	
1.5280001655e+02	7.4709735627e+00	
1.5290033811e+02	8.4390905961e+00	
1.5300032379e+02	6.7379432568e+00	
1.5310037881e+02	4.9167918771e+00	
1.5320026245e+02	5.0980613379e+00	
1.5330012245e+02	4.8267378927e+00	
1.5340043361e+02	5.3122015372e+00	
1.5350051105e+02	5.0860306564e+00	
1.5360039838e+02	6.0905901008e+00	
1.5370001409e+02	7.7271314481e+00	
1.5380012667e+02	6.2119519429e+00	
1.5390049526e+02	5.2266661135e+00	
1.5400009731e+02	4.1204577414e+00	
1.5410043591e+02	3.9098562472e+00	
1.5420019732e+02	4.1616868200e+00	
1.5430022680e+02	4.2784894248e+00	
1.5440048689e+02	6.5617094449e+00	
1.5450036962e+02	8.1776704010e+00	
1.5460001017e+02	7.1819842436e+00	
1.5470048690e+02	1.0747749238e+01	
1.5480000898e+02	7.6438791346e+00	
1.5490052390e+02	7.3360462119e+00	
1.5500032129e+02	4.5690213603e+00	
1.5510047769e+02	4.3753539304e+00	
1.5520005825e+02	4.6578964756e+00	
1.5530040622e+02	4.6598337530e+00	
1.5540019539e+02	4.9446812307e+00	
1.5550050460e+02	4.7805012685e+00	
1.5560000996e+02	4.8013553835e+00	
1.5570014254e+02	4.6996542999e+00	
1.5580031875e+02	4.3669329010e+00	
1.5590049124e+02	4.0598413199e+00	
1.5600024062e+02	3.4829910078e+00	
1.5610037342e+02	4.1890516318e+00	
1.5620033678e+02	4.0051161126e+00	
1.5630039222e+02	3.7469462659e+00	
1.5640025986e+02	3.2464435353e+00	
1.5650044596e+02	3.7477718860e+00	
1.5660050400e+02	3.9335943397e+00	
1.5670007322e+02	4.1935598504e+00	
1.5680001331e+02	4.6667026197e+00	
1.5690037930e+02	4.9333664344e+00	
1.5700042414e+02	4.7832225404e+00	
1.5710028632e+02	4.4440533732e+00	
1.5720030969e+02	4.1348936809e+00	
1.5730001856e+02	3.8286307476e+00	
1.5740033355e+02	4.1388258804e+00	
1.5750029227e+02	5.4248747367e+00	
1.5760014051e+02	6.5021357105e+00	
1.5770049329e+02	7.9078395711e+00	
1.5780026238e+02	1.1399024359e+01	
1.5790014285e+02	1.0049924878e+01	
1.5800046382e+02	8.5340697552e+00	
1.5810010274e+02	7.3517495730e+00	
1.5820050369e+02	6.9304634793e+00	
1.5830035537e+02	7.3427647495e+00	
1.5840007682e+02	6.6425190027e+00	
1.5850017318e+02	5.3718284592e+00	
1.5860015289e+02	4.6316215092e+00	
1.5870025493e+02	4.0215413245e+00	
1.5880006115e+02	4.5186378691e+00	
1.5890046771e+02	5.6866324653e+00	
1.5900040050e+02	3.6150768890e+00	
1.5910031635e+02	4.7645585602e+00	
1.5920023067e+02	7.3062135361e+00	
1.5930051325e+02	1.0131960877e+01	
1.5940030894e+02	1.4163927101e+01	
1.5950044490e+02	1.4641409036e+01	
1.5960013156e+02	1.2648802978e+01	
1.5970046838e+02	1.0383293838e+01	
1.5980007275e+02	9.7354822927e+00	
1.5990030674e+02	8.6658384378e+00	
1.6000045236e+02	7.6536653002e+00	
1.6010004476e+02	7.8719437952e+00	
1.6020020488e+02	7.8201356417e+00	
1.6030048721e+02	7.9024161511e+00	
1.6040048143e+02	7.0301090621e+00	
1.6050022028e+02	6.2855733513e+00	
1.6060027493e+02	5.7830082364e+00	
1.6070008303e+02	5.4707647719e+00	
1.6080027854e+02	5.4020674247e+00	
1.6090037833e+02	5.1638925870e+00	
1.6100046325e+02	4.8029993607e+00	
1.6110024046e+02	4.7661606502e+00	
1.6120038968e+02	6.3870168928e+00	
1.6130011165e+02	7.2990945436e+00	
1.6140036408e+02	6.8138173951e+00	
1.6150003242e+02	6.6772344252e+00	
1.6160021568e+02	7.0803754249e+00	
1.6170018532e+02	5.2142896817e+00	
1.6180048183e+02	5.1800936080e+00	
1.6190019300e+02	5.1788034247e+00	
1.6200009040e+02	4.7689235072e+00	
1.6210043197e+02	5.2884373008e+00	
1.6220016798e+02	5.2984796020e+00	
1.6230045385e+02	4.9810257928e+00	
1.6240034252e+02	4.4242368881e+00	
1.6250053296e+02	3.9229598146e+00	
1.6260019186e+02	3.9699904052e+00	
1.6270048776e+02	4.4315066370e+00	
1.6280043116e+02	4.2833398268e+00	
1.6290022996e+02	4.0221028331e+00	
1.6300020521e+02	3.3524307815e+00	
1.6310037838e+02	2.9505546195e+00	
1.6320014799e+02	2.8623025043e+00	
1.6330001745e+02	2.7022039244e+00	
1.6340037227e+02	3.1669239389e+00	
1.6350007054e+02	2.2794807391e+00	
1.6360043908e+02	2.6029583722e+00	
1.6370039908e+02	3.9438284002e+00	
1.6380012634e+02	5.6209934259e+00	
1.6390031451e+02	3.9985491379e+00	
1.6400025740e+02	3.3894080249e+00	
1.6410049810e+02	3.7702681424e+00	
1.6420021571e+02	3.9121420239e+00	
1.6430049987e+02	3.5652819407e+00	
1.6440003039e+02	3.1523550897e+00	
1.6450034811e+02	3.1749348898e+00	
1.6460033985e+02	3.2265097889e+00	
1.6470037278e+02	3.8802699721e+00	
1.6480014186e+02	3.7541207883e+00	
1.6490026127e+02	4.5661153482e+00	
1.6500024028e+02	4.7219570407e+00	
1.6510015127e+02	6.0357837111e+00	
1.6520010654e+02	5.2701093876e+00	
1.6530025451e+02	4.3562435692e+00	
1.6540051603e+02	3.3677816897e+00	
1.6550039994e+02	2.5759520541e+00	
1.6560042556e+02	2.2050550659e+00	
1.6570004199e+02	2.8020540374e+00	
1.6580020546e+02	3.5886386626e+00	
1.6590029821e+02	4.2648331325e+00	
1.6600016857e+02	5.1989842745e+00	
1.6610012291e+02	4.7567762652e+00	
1.6620004096e+02	4.1165702338e+00	
1.6630041892e+02	5.7303150378e+00	
1.6640032781e+02	8.7990742397e+00	
1.6650044896e+02	7.1630014323e+00	
1.6660029605e+02	6.3459591339e+00	
1.6670020810e+02	7.2933911572e+00	
1.6680042105e+02	8.3094708827e+00	
1.6690024427e+02	8.2996933313e+00	
1.6700053314e+02	8.2409960741e+00	
1.6710028397e+02	9.0712383009e+00	
1.6720007769e+02	6.0260177834e+00	
1.6730017756e+02	9.5597081986e+00	
1.6740050128e+02	1.1165259501e+01	
1.6750012282e+02	1.1020651584e+01	
1.6760031367e+02	1.0742154511e+01	
1.6770032354e+02	1.0352815235e+01	
1.6780051956e+02	8.4888384014e+00	
1.6790047240e+02	5.2074502915e+00	
1.6800011859e+02	4.8889757781e+00	
1.6810013260e+02	4.8106662766e+00	
1.6820030310e+02	5.1164411265e+00	
1.6830032031e+02	5.1386004046e+00	
1.6840042852e+02	4.8069041261e+00	
1.6850013043e+02	4.7644397789e+00	
1.6860000004e+02	6.2078718412e+00	
1.6870040104e+02	8.0118942625e+00	
1.6880042203e+02	8.3640031963e+00	
1.6890009771e+02	7.5205727306e+00	
1.6900026100e+02	6.9631951463e+00	
1.6910012969e+02	6.6585897101e+00	
1.6920023916e+02	6.2118764101e+00	
1.6930009846e+02	4.1267523041e+00	
1.6940020779e+02	4.3833146090e+00	
1.6950004963e+02	4.1890465925e+00	
1.6960009470e+02	3.7732472985e+00	
1.6970043136e+02	3.6805549713e+00	
1.6980041785e+02	3.2754068663e+00	
1.6990040169e+02	2.9755213926e+00	
1.7000018201e+02	3.0264845466e+00	
1.7010047011e+02	3.2708054698e+00	
1.7020006745e+02	3.3882696128e+00	
1.7030046891e+02	3.2691824577e+00	
1.7040017920e+02	3.2301720904e+00	
1.7050029364e+02	3.1144771094e+00	
1.7060044266e+02	3.5045952603e+00	
1.7070003142e+02	3.6490554842e+00	
1.7080049969e+02	2.7110509609e+00	
1.7090041180e+02	3.8940782379e+00	
1.7100054851e+02	4.0789998197e+00	
1.7110019185e+02	6.4532505956e+00	
1.7120010876e+02	4.9582582884e+00	
1.7130027242e+02	5.1094846580e+00	
1.7140021118e+02	5.1103007759e+00	
1.7150004616e+02	3.7056629638e+00	
1.7160021265e+02	2.8993921171e+00	
1.7170049514e+02	3.8036315184e+00	
1.7180037967e+02	4.5383892223e+00	
1.7190019990e+02	4.2845087670e+00	
1.7200024162e+02	2.9648885020e+00	
1.7210017939e+02	4.1899953146e+00	
1.7220015198e+02	5.0513352435e+00	
1.7230032062e+02	3.0734381122e+00	
1.7240025351e+02	2.8189440753e+00	
1.7250005022e+02	2.9210675891e+00	
1.7260022364e+02	2.6106274197e+00	
1.7270008663e+02	3.3905361776e+00	
1.7280014035e+02	2.6893004597e+00	
1.7290029171e+02	2.6878027906e+00	
1.7300053319e+02	3.0315081483e+00	
1.7310014847e+02	2.5587309945e+00	
1.7320014675e+02	2.4664963750e+00	
1.7330012398e+02	2.3184046750e+00	
1.7340016204e+02	2.5482869431e+00	
1.7350048711e+02	3.5819007236e+00	
1.7360045828e+02	3.7797050561e+00	
1.7370010880e+02	4.1698272986e+00	
1.7380003798e+02	4.0971363028e+00	
1.7390020430e+02	4.2320281514e+00	
1.7400012509e+02	1.1012954853e+01	
1.7410050773e+02	9.0186620410e+00	
1.7420001157e+02	8.0842477404e+00	
1.7430009250e+02	7.9478528224e+00	
1.7440012873e+02	7.7297225140e+00	
1.7450004606e+02	7.5599598260e+00	
1.7460028316e+02	7.1683511095e+00	
1.7470040722e+02	6.3306064232e+00	
1.7480002940e+02	5.6632305407e+00	
1.7490051982e+02	3.8450718532e+00	
1.7500002290e+02	3.4573709207e+00	
1.7510034132e+02	3.5127549590e+00	
1.7520050066e+02	3.8236419938e+00	
1.7530052236e+02	4.0656119963e+00	
1.7540044006e+02	4.6916864613e+00	
1.7550048617e+02	5.9843889560e+00	
1.7560019441e+02	5.8983293097e+00	
1.7570000993e+02	5.1487394480e+00	
1.7580025558e+02	4.3570570963e+00	
1.7590001927e+02	4.3507389299e+00	
1.7600030858e+02	4.7903408973e+00	
1.7610028150e+02	4.6966499964e+00	
1.7620033383e+02	4.5128267008e+00	
1.7630003019e+02	4.7096021103e+00	
1.7640024759e+02	4.4276058344e+00	
1.7650013973e+02	3.9983286369e+00	
1.7660021760e+02	3.5629214137e+00	
1.7670005789e+02	3.1257976370e+00	
1.7680029102e+02	2.7941481634e+00	
1.7690008966e+02	3.0415718039e+00	
1.7700038463e+02	3.1116907121e+00	
1.7710029646e+02	3.0344979314e+00	
1.7720029089e+02	3.6880625907e+00	
1.7730051432e+02	4.3519052633e+00	
1.7740032958e+02	4.7679482031e+00	
1.7750008835e+02	3.9915812758e+00	
1.7760038804e+02	3.7129756949e+00	
1.7770003045e+02	3.9056122988e+00	
1.7780031670e+02	3.5802281876e+00	
1.7790034669e+02	4.0464147121e+00	
1.7800016576e+02	4.5489755879e+00	
1.7810030540e+02	5.3143772555e+00	
1.7820032394e+02	5.8666226445e+00	
1.7830023112e+02	5.5990663257e+00	
1.7840021876e+02	6.4453698332e+00	
1.7850045584e+02	8.3252339363e+00	
1.7860037058e+02	6.0523656663e+00	
1.7870015947e+02	7.3018141832e+00	
1.7880021090e+02	9.7867854316e+00	
1.7890040826e+02	8.4269232701e+00	
1.7900015493e+02	8.4283087755e+00	
1.7910032722e+02	6.6747733186e+00	
1.7920027135e+02	6.8236263866e+00	
1.7930003454e+02	4.9380288858e+00	
1.7940005659e+02	4.5120257797e+00	
1.7950021765e+02	3.5737843761e+00	
1.7960044403e+02	3.1740321131e+00	
1.7970015255e+02	2.6821624100e+00	
1.7980030195e+02	2.7735564426e+00	
1.7990030574e+02	4.6563188075e+00	
1.8000012353e+02	4.6124945117e+00	
1.8010046843e+02	5.0816033228e+00	
1.8020044962e+02	5.9116146763e+00	
1.8030035937e+02	7.2107578854e+00	
1.8040005569e+02	5.1311562182e+00	
1.8050035792e+02	6.3042185223e+00	
1.8060048518e+02	7.6255609960e+00	
1.8070045289e+02	1.3211632887e+01	
1.8080049164e+02	1.5159284976e+01	
1.8090033214e+02	2.0555446632e+01	
1.8100054908e+02	1.8666522051e+01	
1.8110010544e+02	1.8384843168e+01	
1.8120031027e+02	2.1574114239e+01	
1.8130035025e+02	1.9692476024e+01	
1.8140043109e+02	1.2006041731e+01	
1.8150004043e+02	8.2836647319e+00	
1.8160052463e+02	6.2986641525e+00	
1.8170012544e+02	5.2678077533e+00	
1.8180017810e+02	5.5833549549e+00	
1.8190045375e+02	5.4688964514e+00	
1.8200019608e+02	3.5110948486e+00	
1.8210000344e+02	3.1700692632e+00	
1.8220046328e+02	3.6210350877e+00	
1.8230032012e+02	4.6308591058e+00	
1.8240050870e+02	5.8123763935e+00	
1.8250031606e+02	6.2973864643e+00	
1.8260035975e+02	6.2366822544e+00	
1.8270034453e+02	5.1926857584e+00	
1.8280030408e+02	4.9872780160e+00	
1.8290018958e+02	4.7672082278e+00	
1.8300031838e+02	4.8514750703e+00	
1.8310027563e+02	5.1212798370e+00	
1.8320022125e+02	4.5318891199e+00	
1.8330022299e+02	3.5311822043e+00	
1.8340037342e+02	3.0211838445e+00	
1.8350025900e+02	4.1435412527e+00	
1.8360018524e+02	3.5677493970e+00	
1.8370007439e+02	3.0599692198e+00	
1.8380028879e+02	3.1729553517e+00	
1.8390019096e+02	3.5325705144e+00	
1.8400042725e+02	4.3852090631e+00	
1.8410015257e+02	5.4723575674e+00	
1.8420006974e+02	7.2943161609e+00	
1.8430040427e+02	7.6932538654e+00	
1.8440037320e+02	7.5137024432e+00	
1.8450002899e+02	6.2435122199e+00	
1.8460028952e+02	3.4984087833e+00	
1.8470012320e+02	2.9842171699e+00	
1.8480003075e+02	3.1704727390e+00	
1.8490002440e+02	3.0491459571e+00	
1.8500017120e+02	2.7416079981e+00	
1.8510017844e+02	2.4052533761e+00	
1.8520012397e+02	2.9802784579e+00	
1.8530047181e+02	3.5284307613e+00	
1.8540036426e+02	3.4825589426e+00	
1.8550040350e+02	3.6383063417e+00	
1.8560000507e+02	6.0760428821e+00	
1.8570047042e+02	9.3524408774e+00	
1.8580003129e+02	1.2040961241e+01	
1.8590017473e+02	1.1396205046e+01	
1.8600006802e+02	9.6708960657e+00	
1.8610030809e+02	7.4343308309e+00	
1.8620019130e+02	6.0429689075e+00	
1.8630032980e+02	4.8377751734e+00	
1.8640047264e+02	6.9218939172e+00	
1.8650051251e+02	8.0100103250e+00	
1.8660032944e+02	1.0040737080e+01	
1.8670029362e+02	1.2495427814e+01	
1.8680047138e+02	1.4867238978e+01	
1.8690028458e+02	1.6774214733e+01	
1.8700041682e+02	1.3946098757e+01	
1.8710004358e+02	1.2246861603e+01	
1.8720034442e+02	1.0172295105e+01	
1.8730025700e+02	9.4569273999e+00	
1.8740045394e+02	8.2745203019e+00	
1.8750028009e+02	7.7866255005e+00	
1.8760042716e+02	7.6810588425e+00	
1.8770033388e+02	7.2005826705e+00	
1.8780054270e+02	6.1401045569e+00	
1.8790003316e+02	7.5607180271e+00	
1.8800014764e+02	7.4287938903e+00	
1.8810043653e+02	7.8480639629e+00	
1.8820033337e+02	8.2547251616e+00	
1.8830045725e+02	8.9526959530e+00	
1.8840048870e+02	8.2342394931e+00	
1.8850012980e+02	5.8268942764e+00	
1.8860043689e+02	6.6265717491e+00	
1.8870039783e+02	6.9494265470e+00	
1.8880006320e+02	6.8683312353e+00	
1.8890023805e+02	6.6895184916e+00	
1.8900034326e+02	6.4191945498e+00	
1.8910029707e+02	6.1885525981e+00	
1.8920035943e+02	5.8749147248e+00	
1.8930025907e+02	5.2102434791e+00	
1.8940033824e+02	4.6551391826e+00	
1.8950015353e+02	4.2849704258e+00	
1.8960044243e+02	4.0031407743e+00	
1.8970023972e+02	4.0153890473e+00	
1.8980011028e+02	4.5724921166e+00	
1.8990041713e+02	5.0934617897e+00	
1.9000051482e+02	5.4886617136e+00	
1.9010042804e+02	5.7703181007e+00	
1.9020049370e+02	5.6437604596e+00	
1.9030038895e+02	5.5251971052e+00	
1.9040024944e+02	5.3203442385e+00	
1.9050018113e+02	5.1080232595e+00	
1.9060007471e+02	5.0327245077e+00	
1.9070039936e+02	4.9350775054e+00	
1.9080010602e+02	4.7367364732e+00	
1.9090028774e+02	4.5794953580e+00	
1.9100040094e+02	4.4386273018e+00	
1.9110042786e+02	4.2863308368e+00	
1.9120016370e+02	4.2063507142e+00	
1.9130027689e+02	4.0765856588e+00	
1.9140023040e+02	3.8749049089e+00	
1.9150030667e+02	3.7556612640e+00	
1.9160049830e+02	3.4907514043e+00	
1.9170005692e+02	3.2961046574e+00	
1.9180026274e+02	3.0729677535e+00	
1.9190024432e+02	2.8457873814e+00	
1.9200010010e+02	4.4938588317e+00	
1.9210031160e+02	4.3555240324e+00	
1.9220028624e+02	4.0380493993e+00	
1.9230039318e+02	3.4641725974e+00	
1.9240027476e+02	4.7287743201e+00	
1.9250009695e+02	5.1982093407e+00	
1.9260005282e+02	5.5959940845e+00	
1.9270044631e+02	5.6074138958e+00	
1.9280005823e+02	5.6212840005e+00	
1.9290052894e+02	8.5855021221e+00	
1.9300012758e+02	9.3113259053e+00	
1.9310028426e+02	6.2267752152e+00	
1.9320026938e+02	5.8173616715e+00	
1.9330015987e+02	5.9999748906e+00	
1.9340022227e+02	5.8050927079e+00	
1.9350023539e+02	6.2093129966e+00	
1.9360010566e+02	5.1476458057e+00	
1.9370043084e+02	4.4561786635e+00	
1.9380018091e+02	4.3483818326e+00	
1.9390004595e+02	4.5431019290e+00	
1.9400015838e+02	4.9750302456e+00	
1.9410020363e+02	5.4433813687e+00	
1.9420008798e+02	5.9328933684e+00	
1.9430045788e+02	6.7553105743e+00	
1.9440019100e+02	6.6822689473e+00	
1.9450046763e+02	5.6983589152e+00	
1.9460025335e+02	4.6879315215e+00	
1.9470035369e+02	4.3039729832e+00	
1.9480033303e+02	4.1614630225e+00	
1.9490042942e+02	3.7715541950e+00	
1.9500027791e+02	3.9168758501e+00	
1.9510035239e+02	3.0733111373e+00	
1.9520023640e+02	2.7391041090e+00	
1.9530047303e+02	2.8268460770e+00	
1.9540013722e+02	2.0810388822e+00	
1.9550050890e+02	2.0371684701e+00	
1.9560043530e+02	2.5226993944e+00	
1.9570012921e+02	2.7203665429e+00	
1.9580025600e+02	3.6762320416e+00	
1.9590040692e+02	4.4218802258e+00	
1.9600007079e+02	3.5351736054e+00	
1.9610040826e+02	4.9534826071e+00	
1.9620051938e+02	4.6467935525e+00	
1.9630015487e+02	2.6735166551e+00	
1.9640009060e+02	2.7709478446e+00	
1.9650032653e+02	2.7864772788e+00	
1.9660032051e+02	3.2060510740e+00	
1.9670011759e+02	3.8981514944e+00	
1.9680004108e+02	4.4080569205e+00	
1.9690035816e+02	4.6801441785e+00	
1.9700001137e+02	4.6976200711e+00	
1.9710016786e+02	4.7217249428e+00	
1.9720003539e+02	3.8777809416e+00	
1.9730005764e+02	3.4674255790e+00	
1.9740044932e+02	3.0569847931e+00	
1.9750049108e+02	2.9730862713e+00	
1.9760032039e+02	3.0041963074e+00	
1.9770009981e+02	2.9719693057e+00	
1.9780013631e+02	3.0838629424e+00	
1.9790052930e+02	3.1272604228e+00	
1.9800040325e+02	2.9843057067e+00	
1.9810018317e+02	3.3360397027e+00	
1.9820034143e+02	3.1846750329e+00	
1.9830027968e+02	4.3579773316e+00	
1.9840010935e+02	4.9388559833e+00	
1.9850042669e+02	5.0232752295e+00	
1.9860039545e+02	4.5914978907e+00	
1.9870032741e+02	5.5530357460e+00	
1.9880011436e+02	5.5841010641e+00	
1.9890046052e+02	5.6304156632e+00	
1.9900002926e+02	5.8549186885e+00	
1.9910051474e+02	5.8095967536e+00	
1.9920016267e+02	3.4958494146e+00	
1.9930009491e+02	3.3518063497e+00	
1.9940006083e+02	3.6290019970e+00	
1.9950001655e+02	3.8750357077e+00	
1.9960046563e+02	4.1795300550e+00	
1.9970055429e+02	4.5101772501e+00	
1.9980016327e+02	5.7317154580e+00	
1.9990026284e+02	5.9936631769e+00	
2.0000040282e+02	5.8837957338e+00	
2.0010051644e+02	6.4745491664e+00	
2.0020048196e+02	4.7605366379e+00	
2.0030026177e+02	4.2939936820e+00	
2.0040021259e+02	3.1856550411e+00	
2.0050009844e+02	2.9473300755e+00	
2.0060023864e+02	3.2663137419e+00	
2.0070053130e+02	3.5738814046e+00	
2.0080006877e+02	3.8103040615e+00	
2.0090019471e+02	3.5274882143e+00	
2.0100018515e+02	3.5576735001e+00	
2.0110029685e+02	3.3810506725e+00	
2.0120017735e+02	3.3413297741e+00	
2.0130001578e+02	3.0725222237e+00	
2.0140037161e+02	3.0922279191e+00	
2.0150041449e+02	3.0217656486e+00	
2.0160015897e+02	2.7060911977e+00	
2.0170004577e+02	3.4079359627e+00	
2.0180035590e+02	3.5491630578e+00	
2.0190002844e+02	4.3128653455e+00	
2.0200004504e+02	4.6902192047e+00	
2.0210034727e+02	5.0109949181e+00	
2.0220051079e+02	4.6545469379e+00	
2.0230015888e+02	4.8585600060e+00	
2.0240025567e+02	4.2034118066e+00	
2.0250027777e+02	4.4363770714e+00	
2.0260017452e+02	7.6280045630e+00	
2.0270038027e+02	8.5310475082e+00	
2.0280013527e+02	8.5882905633e+00	
2.0290027826e+02	5.8419004007e+00	
2.0300026903e+02	4.2506419143e+00	
2.0310052856e+02	4.4776934619e+00	
2.0320048368e+02	4.6527405439e+00	
2.0330029157e+02	5.0439052922e+00	
2.0340051941e+02	5.3713803566e+00	
2.0350024701e+02	5.5523785169e+00	
2.0360051879e+02	5.4210115865e+00	
2.0370008560e+02	4.6317196935e+00	
2.0380006802e+02	4.2995521873e+00	
2.0390005370e+02	2.6221575094e+00	
2.0400044828e+02	2.5160754459e+00	
2.0410027512e+02	2.4222857331e+00	
2.0420046703e+02	3.0086600206e+00	
2.0430041222e+02	2.2289827127e+00	
2.0440012591e+02	2.3518124919e+00	
2.0450018676e+02	2.5024918767e+00	
2.0460003025e+02	2.3716424610e+00	
2.0470045544e+02	3.7262619582e+00	
2.0480009556e+02	1.0102672454e+01	
2.0490031014e+02	1.0426331914e+01	
2.0500046194e+02	9.5723351061e+00	
2.0510022233e+02	1.0315490043e+01	
2.0520042387e+02	1.0988638070e+01	
2.0530030711e+02	1.0092225805e+01	
2.0540045052e+02	7.9059391578e+00	
2.0550003446e+02	7.8292261333e+00	
2.0560043984e+02	6.8249284489e+00	
2.0570010913e+02	6.4072141478e+00	
2.0580020646e+02	7.5545910244e+00	
2.0590044157e+02	6.7179378706e+00	
2.0600047111e+02	6.6188907031e+00	
2.0610053304e+02	7.0527286097e+00	
2.0620014360e+02	7.9311567587e+00	
2.0630004400e+02	8.3100299314e+00	
2.0640020107e+02	8.9967806040e+00	
2.0650032093e+02	9.6862635870e+00	
2.0660024405e+02	1.0063254802e+01	
2.0670002924e+02	1.0065658387e+01	
2.0680028445e+02	9.6978933695e+00	
2.0690002769e+02	8.9764451456e+00	
2.0700001317e+02	7.5486727171e+00	
2.0710021586e+02	5.7312880757e+00	
2.0720002235e+02	4.5788515055e+00	
2.0730043720e+02	4.5537462230e+00	
2.0740049445e+02	3.9814698441e+00	
2.0750042319e+02	3.5902406446e+00	
2.0760050542e+02	3.9669330538e+00	
2.0770007158e+02	4.6726395830e+00	
2.0780017499e+02	5.4109481485e+00	
2.0790048626e+02	5.8007575976e+00	
2.0800031419e+02	6.3208321168e+00	
2.0810008862e+02	7.1936058031e+00	
2.0820042621e+02	5.7622634925e+00	
2.0830048186e+02	6.0812217796e+00	
2.0840011634e+02	7.9540653957e+00	
2.0850016502e+02	1.1007278685e+01	
2.0860038336e+02	1.0246260069e+01	
2.0870015515e+02	8.0212818362e+00	
2.0880047316e+02	8.4176572812e+00	
2.0890047998e+02	8.9041758836e+00	
2.0900006566e+02	9.1263140236e+00	
2.0910025442e+02	6.7718607695e+00	
2.0920000031e+02	5.5794028486e+00	
2.0930051722e+02	4.3475705992e+00	
2.0940036484e+02	4.0372745226e+00	
2.0950048655e+02	3.4931492713e+00	
2.0960020176e+02	3.0537863763e+00	
2.0970002594e+02	2.7388675746e+00	
2.0980015507e+02	2.5022644445e+00	
2.0990034044e+02	2.4212233449e+00	
2.1000040681e+02	2.6182468964e+00	
2.1010003801e+02	3.5969951026e+00	
2.1020026639e+02	4.0473395538e+00	
2.1030001841e+02	4.1189106683e+00	
2.1040008331e+02	4.0304552424e+00	
2.1050009937e+02	3.2627993022e+00	
2.1060000306e+02	3.2551849783e+00	
2.1070026982e+02	4.6863982661e+00	
2.1080014035e+02	4.3319631458e+00	
2.1090033313e+02	4.8973683011e+00	
2.1100050348e+02	4.5416614993e+00	
2.1110018826e+02	4.8438368632e+00	
2.1120038444e+02	6.2803157447e+00	
2.1130047467e+02	7.0072712698e+00	
2.1140031279e+02	7.7559118335e+00	
2.1150009640e+02	1.1589678330e+01	
2.1160047343e+02	1.5782780126e+01	
2.1170015755e+02	1.0471044172e+01	
2.1180001535e+02	1.0362580452e+01	
2.1190010008e+02	9.2843751728e+00	
2.1200045191e+02	8.0560535610e+00	
2.1210023316e+02	7.3086266067e+00	
2.1220016329e+02	6.9542978427e+00	
2.1230055449e+02	8.1331612495e+00	
2.1240025746e+02	8.4694563900e+00	
2.1250048192e+02	9.3903155780e+00	
2.1260028598e+02	1.0183374886e+01	
2.1270026614e+02	1.3431330482e+01	
2.1280035647e+02	1.3405423605e+01	
2.1290013761e+02	9.5204251103e+00	
2.1300005420e+02	8.2662006820e+00	
2.1310049786e+02	7.8041184221e+00	
2.1320047125e+02	7.7756226432e+00	
2.1330055036e+02	6.6841923506e+00	
2.1340042865e+02	5.7763973044e+00	
2.1350015825e+02	4.9478131836e+00	
2.1360017593e+02	5.7278804165e+00	
2.1370050868e+02	6.0593597877e+00	
2.1380041764e+02	6.1361678903e+00	
2.1390043231e+02	6.7687057767e+00	
2.1400033173e+02	6.5023129028e+00	
2.1410033488e+02	4.4620211822e+00	
2.1420041071e+02	3.0390932326e+00	
2.1430032003e+02	2.5900359701e+00	
2.1440046320e+02	2.4919284013e+00	
2.1450042451e+02	2.1288403864e+00	
2.1460027054e+02	3.2843099084e+00	
2.1470027822e+02	3.3274164484e+00	
2.1480052943e+02	3.1019350659e+00	
2.1490013245e+02	3.2389122163e+00	
2.1500043009e+02	4.0320230666e+00	
2.1510049924e+02	4.2818805250e+00	
2.1520036402e+02	3.2516655612e+00	
2.1530037842e+02	2.9057278803e+00	
2.1540045365e+02	2.8499548000e+00	
2.1550038601e+02	2.6553125052e+00	
2.1560032703e+02	2.1323127134e+00	
2.1570011510e+02	2.3400835220e+00	
2.1580045674e+02	2.4954460278e+00	
2.1590052135e+02	2.5817023383e+00	
2.1600025611e+02	1.9765825548e+00	
2.1610017364e+02	1.9749906890e+00	
2.1620038441e+02	1.9486190146e+00	
2.1630036298e+02	2.0207968788e+00	
2.1640026645e+02	2.2350612745e+00	
2.1650040052e+02	2.3572949071e+00	
2.1660029131e+02	2.6397391093e+00	
2.1670006064e+02	2.7247807298e+00	
2.1680011199e+02	2.5940140324e+00	
2.1690034150e+02	2.4763925302e+00	
2.1700007402e+02	2.4552828797e+00	
2.1710028714e+02	2.3527013160e+00	
2.1720012965e+02	2.5178607401e+00	
2.1730021553e+02	4.1227278498e+00	
2.1740022414e+02	4.5689365332e+00	
2.1750034530e+02	5.0431859986e+00	
2.1760011152e+02	5.2990601749e+00	
2.1770018558e+02	4.7657583340e+00	
2.1780028029e+02	4.4377946946e+00	
2.1790008055e+02	3.7219902904e+00	
2.1800047282e+02	5.6705995525e+00	
2.1810042073e+02	3.5343524281e+00	
2.1820029930e+02	3.5339762597e+00	
2.1830035387e+02	3.3215643750e+00	
2.1840031752e+02	2.8458881426e+00	
2.1850026556e+02	2.7056024695e+00	
2.1860048619e+02	2.7812136874e+00	
2.1870015076e+02	2.6739415609e+00	
2.1880011418e+02	2.7054402116e+00	
2.1890025966e+02	3.3160036471e+00	
2.1900057091e+02	3.8181738977e+00	
2.1910030494e+02	4.4197479100e+00	
2.1920000310e+02	4.9811934893e+00	
2.1930017757e+02	5.1834397032e+00	
2.1940054441e+02	5.1412102014e+00	
2.1950053592e+02	5.0890067377e+00	
2.1960028679e+02	5.3148423160e+00	
2.1970036481e+02	4.6025827162e+00	
2.1980034460e+02	3.5338164842e+00	
2.1990039549e+02	4.0547042062e+00	
2.2000023068e+02	4.3945990734e+00	
2.2010053599e+02	3.4417747871e+00	
2.2020036036e+02	3.7736962433e+00	
2.2030001585e+02	3.1863038722e+00	
2.2040025899e+02	3.5333629525e+00	
2.2050004495e+02	3.1807724097e+00	
2.2060037667e+02	3.3481912232e+00	
2.2070009234e+02	3.5260248253e+00	
2.2080038270e+02	3.3624414787e+00	
2.2090045820e+02	3.2178635335e+00	
2.2100036961e+02	5.2966222978e+00	
2.2110034333e+02	5.0400124841e+00	
2.2120021451e+02	6.0965247658e+00	
2.2130022333e+02	4.1499779531e+00	
2.2140029602e+02	5.0109270422e+00	
2.2150023321e+02	5.1288124514e+00	
2.2160000156e+02	5.1635121878e+00	
2.2170036691e+02	4.5943632251e+00	
2.2180034383e+02	5.4022339198e+00	
2.2190043792e+02	6.1073881699e+00	
2.2200025526e+02	5.9677686720e+00	
2.2210002069e+02	5.6198595695e+00	
2.2220032305e+02	4.0614864231e+00	
2.2230019270e+02	3.6545735623e+00	
2.2240035785e+02	3.2347284259e+00	
2.2250030741e+02	2.9281993576e+00	
2.2260015716e+02	2.6105838719e+00	
2.2270021818e+02	2.7704480686e+00	
2.2280017985e+02	2.7357500260e+00	
2.2290044436e+02	2.5223245606e+00	
2.2300012911e+02	2.2152715021e+00	
2.2310034395e+02	2.3494847320e+00	
2.2320048581e+02	4.2181967815e+00	
2.2330007015e+02	5.8815026588e+00	
2.2340032099e+02	3.8523193989e+00	
2.2350032215e+02	3.1572908759e+00	
2.2360004439e+02	3.6346759070e+00	
2.2370010487e+02	3.9887295073e+00	
2.2380026453e+02	4.3782569088e+00	
2.2390021990e+02	4.6027798422e+00	
2.2400027747e+02	4.9309292780e+00	
2.2410046226e+02	8.3133136146e+00	
2.2420045717e+02	1.0046700989e+01	
2.2430020128e+02	8.2651574448e+00	
2.2440044666e+02	4.5751037227e+00	
2.2450038238e+02	3.7011869494e+00	
2.2460037190e+02	3.1422638852e+00	
2.2470037363e+02	4.0742249502e+00	
2.2480019454e+02	3.1295156851e+00	
2.2490027700e+02	3.3620743647e+00	
2.2500014405e+02	3.3933155326e+00	
2.2510052082e+02	3.6423517151e+00	
2.2520018545e+02	4.4295233889e+00	
2.2530029564e+02	3.5625628199e+00	
2.2540038942e+02	2.9486806281e+00	
2.2550011645e+02	2.9272956260e+00	
2.2560005195e+02	2.9162621907e+00	
2.2570043465e+02	2.9055253378e+00	
2.2580011220e+02	2.8495058554e+00	
2.2590018368e+02	2.7459018484e+00	
2.2600031925e+02	2.6087029679e+00	
2.2610007221e+02	2.4478433395e+00	
2.2620018201e+02	2.2639770534e+00	
2.2630024641e+02	2.1639210137e+00	
2.2640006622e+02	2.0405070294e+00	
2.2650030882e+02	1.9090841798e+00	
2.2660023638e+02	1.8065786619e+00	
2.2670009856e+02	2.0113676436e+00	
2.2680036489e+02	3.2822502145e+00	
2.2690008910e+02	4.0756950232e+00	
2.2700017230e+02	2.2244269821e+00	
2.2710015564e+02	2.5139011130e+00	
2.2720019056e+02	2.5697833612e+00	
2.2730014039e+02	5.5656795333e+00	
2.2740046194e+02	6.1798353552e+00	
2.2750027551e+02	4.5425891566e+00	
2.2760024409e+02	5.3794538380e+00	
2.2770000753e+02	5.1410163552e+00	
2.2780045257e+02	3.4516088894e+00	
2.2790010806e+02	3.7443006635e+00	
2.2800000497e+02	5.7068947110e+00	
2.2810043176e+02	7.2216343918e+00	
2.2820014886e+02	4.3047605136e+00	
2.2830004568e+02	3.5456102307e+00	
2.2840048699e+02	3.8286892370e+00	
2.2850000126e+02	4.8165768161e+00	
2.2860049546e+02	4.3748624058e+00	
2.2870050502e+02	4.0356172734e+00	
2.2880017970e+02	4.1342047319e+00	
2.2890027261e+02	4.1663511405e+00	
2.2900054417e+02	4.2562176277e+00	
2.2910011876e+02	3.7703058279e+00	
2.2920020769e+02	3.4917726318e+00	
2.2930009907e+02	3.4800208893e+00	
2.2940034294e+02	3.2525004585e+00	
2.2950051746e+02	2.4341839491e+00	
2.2960036792e+02	2.6789286140e+00	
2.2970024121e+02	2.6186288024e+00	
2.2980023862e+02	2.9143484125e+00	
2.2990020117e+02	3.1033975937e+00	
2.3000010089e+02	2.9743637532e+00	
2.3010026112e+02	3.7844792621e+00	
2.3020047903e+02	2.6546165146e+00	
2.3030025310e+02	3.1351535489e+00	
2.3040007761e+02	3.1195040537e+00	
2.3050055007e+02	3.8398308819e+00	
2.3060014903e+02	3.5018927947e+00	
2.3070048403e+02	3.9707415185e+00	
2.3080050291e+02	2.9507469279e+00	
2.3090034040e+02	2.7241702781e+00	
2.3100034182e+02	3.1092832689e+00	
2.3110024056e+02	3.7598977585e+00	
2.3120050961e+02	3.4614914604e+00	
2.3130041145e+02	3.4702467692e+00	
2.3140042937e+02	3.4770905070e+00	
2.3150030881e+02	3.9646125280e+00	
2.3160020454e+02	4.5641245169e+00	
2.3170001297e+02	4.0289121504e+00	
2.3180001949e+02	2.7650555089e+00	
2.3190028006e+02	2.6623131200e+00	
2.3200005374e+02	2.6250934036e+00	
2.3210019958e+02	2.5882829406e+00	
2.3220038884e+02	2.6143315721e+00	
2.3230019896e+02	2.6647236808e+00	
2.3240013874e+02	2.6412266515e+00	
2.3250002698e+02	2.6917023341e+00	
2.3260002145e+02	2.6682547363e+00	
2.3270035768e+02	4.3341895829e+00	
2.3280002341e+02	3.6645076908e+00	
2.3290008908e+02	4.1728639997e+00	
2.3300046680e+02	5.0252487929e+00	
2.3310046065e+02	5.0294953621e+00	
2.3320031945e+02	3.6529446468e+00	
2.3330035299e+02	3.2739568504e+00	
2.3340029496e+02	3.0467543801e+00	
2.3350043645e+02	3.1999619223e+00	
2.3360050242e+02	3.1393385614e+00	
2.3370014170e+02	3.6861547858e+00	
2.3380030260e+02	3.6807283646e+00	
2.3390008016e+02	3.7633225779e+00	
2.3400033009e+02	3.2695282771e+00	
2.3410009749e+02	3.9873794062e+00	
2.3420030100e+02	4.5410561586e+00	
2.3430021697e+02	3.8906706016e+00	
2.3440034174e+02	3.9683591030e+00	
2.3450013100e+02	4.7354761212e+00	
2.3460022259e+02	2.5796999116e+00	
2.3470006295e+02	3.2473353331e+00	
2.3480024170e+02	2.3062371378e+00	
2.3490031498e+02	1.9422700817e+00	
2.3500039339e+02	2.0441128380e+00	
2.3510022659e+02	2.2671321026e+00	
2.3520008107e+02	2.3980061264e+00	
2.3530033256e+02	2.5554072666e+00	
2.3540010969e+02	2.7999418923e+00	
2.3550026254e+02	2.9472891046e+00	
2.3560000212e+02	2.9881667343e+00	
2.3570008562e+02	2.4692978090e+00	
2.3580053313e+02	2.3256816781e+00	
2.3590041071e+02	2.2806983783e+00	
2.3600050226e+02	2.9299258848e+00	
2.3610007522e+02	3.0563262357e+00	
2.3620041880e+02	2.6924112729e+00	
2.3630002272e+02	3.6524880117e+00	
2.3640048036e+02	4.4905275619e+00	
2.3650010498e+02	5.1677035982e+00	
2.3660016737e+02	7.3922251093e+00	
2.3670046174e+02	7.3736489959e+00	
2.3680034334e+02	5.4823110890e+00	
2.3690040571e+02	3.5342648448e+00	
2.3700048800e+02	3.0973721427e+00	
2.3710050611e+02	2.6493206608e+00	
2.3720027031e+02	3.1013699240e+00	
2.3730009819e+02	3.3150384161e+00	
2.3740014121e+02	3.6902292349e+00	
2.3750016790e+02	3.4070398647e+00	
2.3760020180e+02	3.1474933113e+00	
2.3770054486e+02	2.6903784364e+00	
2.3780013141e+02	2.6822031292e+00	
2.3790034247e+02	2.8183551376e+00	
2.3800027979e+02	2.8903924791e+00	
2.3810017128e+02	3.5973918636e+00	
2.3820048594e+02	3.4209068961e+00	
2.3830028493e+02	4.2233652747e+00	
2.3840034642e+02	3.8447717579e+00	
2.3850042461e+02	3.4028216830e+00	
2.3860034694e+02	3.3387054957e+00	
2.3870044018e+02	2.8180926399e+00	
2.3880052751e+02	3.3780987229e+00	
2.3890046802e+02	4.1728613314e+00	
2.3900050616e+02	4.5366240301e+00	
2.3910052179e+02	4.7636292964e+00	
2.3920046315e+02	2.5431361684e+00	
2.3930019282e+02	3.2115470954e+00	
2.3940011582e+02	3.7764001105e+00	
2.3950040022e+02	4.2252742986e+00	
2.3960034987e+02	4.2976946474e+00	
2.3970052283e+02	4.6861001341e+00	
2.3980016591e+02	4.4235897255e+00	
2.3990003579e+02	3.7827431624e+00	
2.4000007808e+02	3.1332776299e+00	
2.4010023311e+02	3.3071778343e+00	
2.4020026371e+02	3.1713421738e+00	
2.4030047639e+02	3.7327334270e+00	
2.4040032122e+02	4.0473463179e+00	
2.4050044438e+02	5.3204347331e+00	
2.4060036428e+02	1.4686077709e+01	
2.4070012934e+02	8.5594244935e+00	
2.4080024120e+02	6.1807605045e+00	
2.4090047085e+02	5.2650573452e+00	
2.4100012553e+02	6.6757087277e+00	
2.4110035285e+02	8.0468621316e+00	
2.4120040370e+02	7.7448391098e+00	
2.4130038307e+02	5.6790320787e+00	
2.4140031087e+02	1.0256454625e+01	
2.4150006996e+02	6.6762919571e+00	
2.4160026247e+02	5.3930576996e+00	
2.4170020891e+02	6.2862787371e+00	
2.4180020982e+02	7.1263364732e+00	
2.4190029740e+02	7.6522588113e+00	
2.4200043853e+02	7.6131906691e+00	
2.4210023105e+02	7.3367599382e+00	
2.4220038019e+02	7.0262039901e+00	
2.4230006387e+02	6.4856220466e+00	
2.4240000752e+02	6.4812400559e+00	
2.4250022570e+02	7.9667661434e+00	
2.4260025802e+02	7.6565290909e+00	
2.4270035189e+02	6.8057228331e+00	
2.4280018889e+02	9.6532945065e+00	
2.4290051881e+02	1.3361075069e+01	
2.4300007286e+02	1.3243320368e+01	
2.4310011123e+02	9.4499997852e+00	
2.4320031239e+02	8.2618037558e+00	
2.4330004304e+02	7.4783371105e+00	
2.4340031479e+02	7.6418634212e+00	
2.4350012152e+02	7.3249773914e+00	
2.4360035518e+02	6.9060580804e+00	
2.4370038498e+02	6.4145349379e+00	
2.4380049654e+02	5.8442182753e+00	
2.4390015004e+02	5.1829671893e+00	
2.4400023305e+02	4.3191650246e+00	
2.4410045511e+02	3.6191500940e+00	
2.4420016506e+02	3.4192317023e+00	
2.4430027520e+02	3.1512684340e+00	
2.4440052650e+02	3.0719236765e+00	
2.4450004015e+02	3.0363776036e+00	
2.4460007477e+02	2.9458621720e+00	
2.4470051938e+02	2.8959319654e+00	
2.4480016594e+02	2.9062439685e+00	
2.4490037475e+02	2.9979612209e+00	
2.4500019820e+02	3.1491821640e+00	
2.4510017045e+02	3.3123539676e+00	
2.4520032406e+02	3.4543234234e+00	
2.4530023798e+02	4.6145437487e+00	
2.4540038654e+02	6.2792962651e+00	
2.4550029060e+02	7.2690894529e+00	
2.4560015329e+02	7.8450468005e+00	
2.4570047015e+02	9.9008208393e+00	
2.4580037152e+02	1.1106756551e+01	
2.4590044329e+02	1.0127175363e+01	
2.4600016927e+02	8.5472531707e+00	
2.4610003182e+02	8.6315250666e+00	
2.4620011824e+02	9.0179494578e+00	
2.4630040211e+02	9.2591063537e+00	
2.4640004325e+02	9.9095165261e+00	
2.4650002276e+02	1.0018166568e+01	
2.4660007956e+02	1.2051797242e+01	
2.4670041810e+02	1.1194875324e+01	
2.4680025173e+02	1.2784101389e+01	
2.4690030514e+02	1.5497582132e+01	
2.4700046028e+02	1.7339156353e+01	
2.4710037421e+02	1.7146970228e+01	
2.4720016986e+02	1.6055646537e+01	
2.4730037829e+02	1.6930489265e+01	
2.4740039948e+02	1.7117337003e+01	
2.4750015262e+02	1.4412902144e+01	
2.4760049584e+02	1.4431620369e+01	
2.4770025710e+02	1.5395860050e+01	
2.4780027819e+02	1.6181929790e+01	
2.4790032061e+02	1.5291829439e+01	
2.4800018778e+02	2.0334205389e+01	
2.4810003047e+02	2.3883966471e+01	
2.4820024999e+02	2.1511161089e+01	
2.4830004948e+02	1.8301863857e+01	
2.4840043477e+02	1.2977728623e+01	
2.4850039279e+02	1.0258415648e+01	
2.4860043141e+02	7.9821132217e+00	
2.4870050663e+02	5.9274243331e+00	
2.4880039676e+02	4.4183603850e+00	
2.4890038989e+02	3.3390955990e+00	
2.4900033240e+02	2.6289273947e+00	
2.4910037583e+02	3.0879065829e+00	
2.4920009199e+02	3.4507218383e+00	
2.4930025983e+02	4.4979380538e+00	
2.4940033199e+02	2.4311164627e+00	
2.4950009937e+02	3.7039871742e+00	
2.4960013151e+02	3.0511264153e+00	
2.4970049618e+02	3.4269895254e+00	
2.4980010470e+02	2.8307901596e+00	
2.4990010444e+02	3.2388229237e+00	
2.5000037616e+02	3.1226229278e+00	
2.5010032111e+02	3.6723881981e+00	
2.5020014827e+02	4.1616743546e+00	
2.5030001489e+02	4.9459115762e+00	
2.5040002932e+02	4.6285003348e+00	
2.5050040981e+02	3.4228227610e+00	
2.5060018345e+02	4.0245183876e+00	
2.5070004476e+02	3.2440891840e+00	
2.5080024688e+02	3.7551428158e+00	
2.5090022360e+02	3.1869172259e+00	
2.5100047414e+02	3.0307185492e+00	
2.5110022320e+02	4.0349508967e+00	
2.5120018935e+02	4.6000645095e+00	
2.5130022368e+02	2.9234511235e+00	
2.5140014969e+02	3.7488748973e+00	
2.5150013559e+02	2.9347994730e+00	
2.5160002197e+02	3.6903176349e+00	
2.5170012275e+02	3.5602038998e+00	
2.5180011494e+02	3.5108950274e+00	
2.5190051300e+02	3.4455616930e+00	
2.5200031167e+02	3.3639981317e+00	
2.5210047240e+02	3.7520861362e+00	
2.5220031058e+02	3.4813841319e+00	
2.5230009968e+02	3.5669795223e+00	
2.5240038900e+02	3.5955248940e+00	
2.5250026135e+02	3.9372968732e+00	
2.5260002440e+02	3.9037782138e+00	
2.5270011622e+02	2.9643230822e+00	
2.5280051904e+02	3.1786016455e+00	
2.5290030127e+02	3.3748944739e+00	
2.5300018108e+02	3.7784568847e+00	
2.5310034095e+02	3.9037785936e+00	
2.5320036953e+02	4.7031620576e+00	
2.5330039334e+02	6.6422912573e+00	
2.5340030088e+02	4.5859187381e+00	
2.5350025743e+02	4.6373993979e+00	
2.5360023175e+02	3.7197240226e+00	
2.5370019896e+02	3.6856556790e+00	
2.5380019310e+02	3.0256345175e+00	
2.5390020891e+02	2.5303723605e+00	
2.5400021398e+02	2.2808544840e+00	
2.5410043652e+02	2.3876275423e+00	
2.5420037072e+02	2.0971398107e+00	
2.5430040792e+02	2.5831335752e+00	
2.5440004315e+02	3.1032602812e+00	
2.5450053742e+02	4.4513681469e+00	
2.5460009597e+02	4.5055171244e+00	
2.5470013136e+02	4.3529632448e+00	
2.5480047798e+02	4.0442137096e+00	
2.5490039327e+02	3.8410737828e+00	
2.5500046417e+02	3.6982052512e+00	
2.5510017238e+02	3.7884367727e+00	
2.5520025324e+02	3.8566028649e+00	
2.5530004053e+02	3.7977791797e+00	
2.5540028630e+02	3.7301330991e+00	
2.5550010951e+02	3.6633031454e+00	
2.5560017835e+02	3.5787788382e+00	
2.5570010903e+02	3.4787506406e+00	
2.5580017882e+02	3.3382331515e+00	
2.5590023866e+02	3.1449797375e+00	
2.5600033857e+02	2.9278763747e+00	
2.5610039718e+02	2.7985646442e+00	
2.5620025930e+02	2.6178341308e+00	
2.5630007540e+02	2.4852850190e+00	
2.5640031519e+02	2.3792807515e+00	
2.5650019900e+02	2.2285742193e+00	
2.5660051965e+02	2.1914822027e+00	
2.5670003668e+02	2.1185014202e+00	
2.5680011534e+02	1.9533767182e+00	
2.5690037753e+02	2.0908650314e+00	
2.5700021756e+02	2.3578887771e+00	
2.5710002897e+02	2.6875581746e+00	
2.5720046142e+02	3.1119849173e+00	
2.5730001793e+02	2.9844859022e+00	
2.5740005232e+02	3.1212262573e+00	
2.5750015439e+02	3.2232339771e+00	
2.5760011966e+02	3.3311583590e+00	
2.5770023309e+02	3.6376754333e+00	
2.5780019053e+02	3.7820967534e+00	
2.5790032100e+02	3.8747978858e+00	
2.5800019006e+02	3.3605566982e+00	
2.5810040565e+02	2.9102789319e+00	
2.5820021555e+02	2.9411220506e+00	
2.5830035423e+02	2.8389602499e+00	
2.5840037638e+02	2.9414700054e+00	
2.5850025271e+02	2.8242173361e+00	
2.5860004281e+02	2.5902876605e+00	
2.5870036941e+02	2.9629224374e+00	
2.5880015023e+02	2.9829920249e+00	
2.5890039905e+02	2.5703391455e+00	
2.5900011708e+02	2.7761388228e+00	
2.5910010997e+02	3.5752633690e+00	
2.5920044468e+02	3.7675796378e+00	
2.5930012502e+02	4.1353711868e+00	
2.5940034131e+02	2.9796437925e+00	
2.5950003336e+02	2.8667366936e+00	
2.5960034229e+02	2.7706958473e+00	
2.5970024329e+02	2.9751935472e+00	
2.5980018462e+02	2.9292515699e+00	
2.5990054240e+02	2.8126440264e+00	
2.6000019342e+02	2.7121245329e+00	
2.6010008983e+02	2.6672071914e+00	
2.6020040568e+02	2.7279486519e+00	
2.6030040761e+02	2.7568532244e+00	
2.6040011034e+02	3.1952811744e+00	
2.6050032607e+02	3.8011408790e+00	
2.6060009898e+02	4.3552396124e+00	
2.6070012059e+02	4.6008465108e+00	
2.6080028080e+02	4.3857859621e+00	
2.6090042525e+02	4.0470300251e+00	
2.6100020585e+02	4.1489340773e+00	
2.6110032226e+02	3.9743666100e+00	
2.6120011553e+02	3.6592350179e+00	
2.6130023676e+02	3.4627030092e+00	
2.6140001302e+02	3.3702941379e+00	
2.6150024458e+02	3.1722393513e+00	
2.6160019368e+02	3.5585596513e+00	
2.6170031019e+02	4.1481592338e+00	
2.6180024508e+02	3.1777167447e+00	
2.6190036878e+02	3.4780082463e+00	
2.6200003525e+02	4.1223779239e+00	
2.6210034395e+02	4.3181921938e+00	
2.6220023909e+02	4.3790829408e+00	
2.6230039449e+02	4.3396333360e+00	
2.6240033592e+02	5.0907416224e+00	
2.6250016462e+02	5.4330184684e+00	
2.6260033040e+02	6.7270607542e+00	
2.6270026178e+02	5.5990519074e+00	
2.6280036916e+02	4.9907245580e+00	
2.6290040628e+02	4.6629256755e+00	
2.6300030449e+02	4.5214369328e+00	
2.6310011165e+02	3.9569039533e+00	
2.6320028637e+02	3.3178149743e+00	
2.6330021854e+02	2.6057518909e+00	
2.6340011444e+02	2.4051838008e+00	
2.6350023384e+02	2.4804121843e+00	
2.6360026209e+02	2.5542175524e+00	
2.6370038331e+02	2.8265879250e+00	
2.6380047853e+02	2.8740744460e+00	
2.6390031829e+02	3.0121833953e+00	
2.6400027052e+02	3.1765183056e+00	
2.6410043376e+02	3.2370054115e+00	
2.6420018381e+02	3.2553636985e+00	
2.6430032858e+02	3.4595654973e+00	
2.6440022465e+02	3.7557365191e+00	
2.6450038649e+02	3.3415509963e+00	
2.6460037318e+02	3.2928482528e+00	
2.6470021091e+02	3.3028553947e+00	
2.6480026968e+02	3.0074803795e+00	
2.6490004910e+02	2.6731788284e+00	
2.6500045686e+02	3.5012684324e+00	
2.6510037306e+02	4.0739992053e+00	
2.6520031504e+02	4.6488697887e+00	
2.6530007454e+02	3.2387925739e+00	
2.6540048934e+02	3.1262290474e+00	
2.6550039920e+02	3.0672783815e+00	
2.6560000201e+02	3.1012667717e+00	
2.6570009875e+02	3.2224421431e+00	
2.6580038650e+02	3.6552672039e+00	
2.6590042156e+02	3.3839350752e+00	
2.6600029519e+02	3.7244107635e+00	
2.6610015985e+02	3.7494868163e+00	
2.6620048629e+02	2.9730961693e+00	
2.6630001027e+02	2.4575894097e+00	
2.6640032801e+02	2.3697744184e+00	
2.6650052950e+02	2.1154776894e+00	
2.6660024243e+02	1.8641538333e+00	
2.6670052731e+02	2.0224512063e+00	
2.6680048372e+02	2.0615712560e+00	
2.6690037173e+02	2.1152784368e+00	
2.6700006093e+02	2.2089277965e+00	
2.6710000581e+02	2.3353710506e+00	
2.6720018670e+02	3.4872931273e+00	
2.6730048050e+02	3.5040356395e+00	
2.6740004384e+02	2.2963648436e+00	
2.6750015646e+02	3.9390003187e+00	
2.6760032016e+02	3.8040241959e+00	
2.6770001537e+02	3.5000110869e+00	
2.6780022215e+02	3.9863804132e+00	
2.6790008744e+02	3.2422730203e+00	
2.6800024295e+02	4.1684225423e+00	
2.6810041460e+02	4.3335220843e+00	
2.6820036473e+02	6.1299844282e+00	
2.6830045641e+02	6.0990041971e+00	
2.6840049340e+02	6.0708430547e+00	
2.6850038946e+02	4.9753161796e+00	
2.6860015605e+02	4.2081102646e+00	
2.6870019489e+02	6.4012673084e+00	
2.6880037476e+02	6.7341382217e+00	
2.6890052488e+02	4.5069038514e+00	
2.6900007158e+02	3.8159578697e+00	
2.6910017778e+02	3.2926505622e+00	
2.6920007058e+02	3.2301658104e+00	
2.6930042994e+02	2.7984757186e+00	
2.6940032402e+02	2.7335290453e+00	
2.6950035855e+02	2.9197772366e+00	
2.6960039665e+02	2.7529499674e+00	
2.6970024427e+02	2.5761998303e+00	
2.6980004458e+02	2.4974125668e+00	
2.6990013275e+02	2.3760210832e+00	
2.7000015474e+02	2.1656525432e+00	
2.7010005582e+02	1.8758234189e+00	
2.7020046636e+02	3.1961850728e+00	
2.7030017797e+02	3.2628657447e+00	
2.7040015213e+02	4.1652752947e+00	
2.7050034841e+02	4.6080713588e+00	
2.7060022017e+02	6.6338005185e+00	
2.7070034324e+02	7.1079890487e+00	
2.7080041053e+02	8.5933501668e+00	
2.7090008568e+02	6.3862222603e+00	
2.7100035700e+02	6.7835970017e+00	
2.7110039032e+02	6.4256703138e+00	
2.7120048783e+02	4.8346064531e+00	
2.7130029201e+02	3.8543993647e+00	
2.7140032121e+02	3.5032146372e+00	
2.7150026831e+02	5.1006824251e+00	
2.7160014098e+02	6.2408037912e+00	
2.7170039485e+02	7.1067949232e+00	
2.7180043313e+02	7.8934976397e+00	
2.7190041637e+02	9.6106362562e+00	
2.7200002124e+02	5.8776793612e+00	
2.7210004950e+02	4.5787808894e+00	
2.7220035078e+02	5.1176129042e+00	
2.7230005033e+02	5.6599604602e+00	
2.7240030882e+02	5.5570506452e+00	
2.7250005926e+02	5.4754585961e+00	
2.7260029190e+02	4.6713627735e+00	
2.7270010966e+02	3.7536759639e+00	
2.7280024665e+02	5.5782257931e+00	
2.7290041197e+02	6.0510818887e+00	
2.7300047325e+02	4.9007573437e+00	
2.7310048304e+02	3.9125203446e+00	
2.7320021827e+02	3.8559728966e+00	
2.7330008101e+02	4.2718243580e+00	
2.7340047816e+02	4.8139521538e+00	
2.7350026016e+02	5.0579553221e+00	
2.7360031343e+02	3.7488543682e+00	
2.7370005992e+02	4.5789049621e+00	
2.7380047129e+02	5.0780041923e+00	
2.7390026010e+02	6.2841546405e+00	
2.7400031543e+02	4.6094702054e+00	
2.7410008994e+02	3.0743211569e+00	
2.7420009142e+02	2.7856868769e+00	
2.7430030522e+02	3.5273059793e+00	
2.7440011507e+02	3.5112654073e+00	
2.7450003618e+02	4.3025072771e+00	
2.7460036677e+02	3.7967572118e+00	
2.7470024343e+02	3.7901787111e+00	
2.7480017687e+02	3.4436032902e+00	
2.7490042074e+02	2.9525395239e+00	
2.7500039832e+02	3.0593274796e+00	
2.7510019427e+02	3.1542863394e+00	
2.7520011169e+02	3.0869225385e+00	
2.7530048662e+02	3.3974398736e+00	
2.7540001026e+02	3.3211490756e+00	
2.7550003658e+02	3.2006377376e+00	
2.7560042498e+02	3.1530640178e+00	
2.7570054059e+02	2.9515595985e+00	
2.7580053793e+02	3.2825520648e+00	
2.7590043979e+02	3.1802498227e+00	
2.7600033436e+02	3.0812362728e+00	
2.7610039298e+02	2.6787717212e+00	
2.7620034593e+02	2.3151673957e+00	
2.7630034458e+02	2.5417321041e+00	
2.7640004227e+02	3.0169254465e+00	
2.7650042003e+02	3.4802272165e+00	
2.7660027665e+02	2.9917766198e+00	
2.7670020936e+02	5.1061055782e+00	
2.7680027212e+02	5.6111088154e+00	
2.7690019121e+02	4.9518960338e+00	
2.7700044020e+02	5.4060088948e+00	
2.7710035245e+02	5.2449303688e+00	
2.7720036915e+02	4.5984050756e+00	
2.7730041178e+02	4.0638111505e+00	
2.7740034615e+02	4.6420200925e+00	
2.7750048174e+02	3.7498580516e+00	
2.7760010707e+02	3.7105547818e+00	
2.7770044746e+02	4.7607687669e+00	
2.7780030868e+02	5.2208764372e+00	
2.7790023847e+02	5.3696127668e+00	
2.7800046982e+02	5.4401310995e+00	
2.7810023359e+02	4.1434690822e+00	
2.7820010562e+02	3.7857610168e+00	
2.7830023703e+02	2.9553044123e+00	
2.7840038386e+02	2.6982411523e+00	
2.7850024071e+02	2.8822745361e+00	
2.7860003509e+02	3.2923271402e+00	
2.7870003070e+02	3.2243467451e+00	
2.7880027119e+02	2.5676442410e+00	
2.7890011321e+02	3.0042661293e+00	
2.7900037114e+02	3.7207719563e+00	
2.7910029581e+02	2.8532452752e+00	
2.7920027196e+02	2.7993006871e+00	
2.7930022885e+02	2.9128535600e+00	
2.7940043491e+02	3.0493876377e+00	
2.7950011516e+02	3.9011837910e+00	
2.7960011425e+02	4.7056116394e+00	
2.7970011159e+02	4.2884260793e+00	
2.7980014302e+02	3.4409705072e+00	
2.7990036166e+02	3.2599257397e+00	
2.8000039402e+02	3.1057686381e+00	
2.8010019119e+02	3.1272142483e+00	
2.8020020946e+02	3.0996915773e+00	
2.8030050406e+02	3.1691526209e+00	
2.8040038269e+02	5.5437559827e+00	
2.8050012742e+02	3.5729349169e+00	
2.8060037900e+02	3.0160592827e+00	
2.8070042033e+02	3.5713014707e+00	
2.8080037340e+02	3.0102236710e+00	
2.8090036164e+02	3.4328678345e+00	
2.8100053113e+02	3.9719372488e+00	
2.8110012955e+02	7.6088434722e+00	
2.8120052774e+02	9.1896405878e+00	
2.8130033990e+02	7.6771776220e+00	
2.8140055672e+02	5.6344645258e+00	
2.8150009457e+02	4.1148558111e+00	
2.8160022774e+02	3.1834063393e+00	
2.8170038470e+02	2.0340399309e+00	
2.8180054160e+02	2.0502094069e+00	
2.8190044403e+02	2.0398793802e+00	
2.8200051857e+02	1.9610546551e+00	
2.8210011192e+02	2.9528850730e+00	
2.8220035835e+02	4.2794616675e+00	
2.8230015879e+02	5.5470660149e+00	
2.8240023666e+02	5.4869702500e+00	
2.8250003032e+02	5.8078320725e+00	
2.8260026861e+02	5.4945201038e+00	
2.8270026127e+02	5.7941795391e+00	
2.8280036680e+02	7.5980882201e+00	
2.8290035219e+02	7.7703900274e+00	
2.8300008928e+02	5.9732316821e+00	
2.8310013779e+02	3.0131526148e+00	
2.8320031269e+02	2.6290865296e+00	
2.8330023615e+02	2.6443346330e+00	
2.8340011020e+02	2.6856649401e+00	
2.8350038584e+02	4.1986694185e+00	
2.8360021725e+02	5.7924077071e+00	
2.8370033897e+02	4.3228682056e+00	
2.8380041637e+02	4.3793733632e+00	
2.8390014028e+02	3.7797755969e+00	
2.8400051042e+02	3.2857326423e+00	
2.8410049456e+02	3.3349447179e+00	
2.8420032270e+02	3.3853704015e+00	
2.8430004324e+02	2.7107368537e+00	
2.8440025763e+02	3.4394885558e+00	
2.8450024680e+02	3.3950450325e+00	
2.8460048241e+02	3.6750489158e+00	
2.8470027569e+02	3.8503144005e+00	
2.8480033117e+02	3.4951937881e+00	
2.8490009299e+02	3.9797356457e+00	
2.8500020108e+02	4.0920153107e+00	
2.8510050248e+02	3.9227807129e+00	
2.8520052847e+02	3.6493818654e+00	
2.8530016707e+02	3.4127054598e+00	
2.8540006987e+02	3.2422173653e+00	
2.8550030884e+02	3.1319582198e+00	
2.8560016887e+02	3.0496850221e+00	
2.8570040293e+02	2.9429397956e+00	
2.8580053296e+02	2.9664782578e+00	
2.8590008706e+02	2.8587285815e+00	
2.8600021905e+02	3.0463387923e+00	
2.8610006062e+02	4.0590820860e+00	
2.8620052673e+02	4.6271669129e+00	
2.8630039546e+02	4.5067095262e+00	
2.8640028327e+02	4.0717965089e+00	
2.8650002290e+02	4.0838650290e+00	
2.8660045748e+02	5.0828793194e+00	
2.8670005550e+02	6.2237038598e+00	
2.8680029936e+02	6.7981017633e+00	
2.8690050897e+02	6.7084743265e+00	
2.8700045978e+02	6.4995832954e+00	
2.8710037851e+02	6.3039320590e+00	
2.8720009230e+02	6.0001751239e+00	
2.8730023313e+02	5.8361956119e+00	
2.8740052712e+02	5.1367461793e+00	
2.8750036859e+02	4.4752542951e+00	
2.8760013172e+02	4.8048804715e+00	
2.8770054040e+02	5.3021192877e+00	
2.8780038888e+02	5.1704074840e+00	
2.8790030660e+02	5.7810503306e+00	
2.8800026007e+02	3.5310373078e+00	
2.8810035534e+02	2.7352332263e+00	
2.8820024638e+02	2.8205672501e+00	
2.8830006960e+02	2.7308045266e+00	
2.8840003793e+02	2.5907468078e+00	
2.8850038346e+02	2.5183301380e+00	
2.8860012354e+02	2.7170051850e+00	
2.8870023680e+02	3.2375834235e+00	
2.8880006272e+02	2.8897710728e+00	
2.8890016749e+02	2.5329024047e+00	
2.8900047999e+02	2.0522742122e+00	
2.8910022837e+02	2.0745679310e+00	
2.8920007794e+02	2.9867858795e+00	
2.8930011155e+02	3.9080497411e+00	
2.8940029615e+02	4.0676464546e+00	
2.8950002578e+02	4.8079338730e+00	
