0.0000000000e+00	2.0000000000e-01	
1.0034661011e-01	2.2789333334e-01	
2.0022866561e-01	2.4597676663e-01	
3.0033846005e-01	2.5990364988e-01	
4.0039106910e-01	2.7895738853e-01	
5.0006882900e-01	2.9004708015e-01	
6.0025899191e-01	2.9438984034e-01	
7.0019177768e-01	2.9524510208e-01	
8.0031513827e-01	3.0419527309e-01	
9.0016023333e-01	3.0917453838e-01	
1.0001158724e+00	3.0981958434e-01	
1.1000758859e+00	3.1486759843e-01	
1.2004092354e+00	3.2612601984e-01	
1.3003168718e+00	3.3728589710e-01	
1.4006343298e+00	3.4907884068e-01	
1.5002287797e+00	3.6537425193e-01	
1.6000154022e+00	3.8252116508e-01	
1.7001670151e+00	3.9667452118e-01	
1.8002625950e+00	4.0712463373e-01	
1.9004479557e+00	4.1362436505e-01	
2.0003523291e+00	4.1530584987e-01	
2.1002791436e+00	4.1158206864e-01	
2.2000227219e+00	4.0229130035e-01	
2.3004116373e+00	3.8762468747e-01	
2.4003861803e+00	3.7924424121e-01	
2.5003898696e+00	3.8503241110e-01	
2.6000103861e+00	3.8804397182e-01	
2.7001182989e+00	3.8649179080e-01	
2.8003381402e+00	3.7918883984e-01	
2.9003609764e+00	3.7831148026e-01	
3.0002908054e+00	3.7849618978e-01	
3.1002437060e+00	3.7325241842e-01	
3.2003325695e+00	3.7216927511e-01	
3.3002919373e+00	3.7907755969e-01	
3.4002360686e+00	3.8398286050e-01	
3.5002750467e+00	3.8616250064e-01	
3.6001132514e+00	3.8542275196e-01	
3.7002328056e+00	3.8213029927e-01	
3.8002983269e+00	3.8131362652e-01	
3.9003398815e+00	3.8739302376e-01	
4.0003552025e+00	3.9289479090e-01	
4.1003010696e+00	3.9773734359e-01	
4.2000686174e+00	4.0200299087e-01	
4.3000144616e+00	4.0595431593e-01	
4.4005252395e+00	4.0989545650e-01	
4.5001332296e+00	4.1401790000e-01	
4.6002285138e+00	4.1868978500e-01	
4.7003658633e+00	4.2369974871e-01	
4.8001546324e+00	4.2830359660e-01	
4.9004069445e+00	4.3251913326e-01	
5.0000398431e+00	4.3602781478e-01	
5.1004889859e+00	4.3855651792e-01	
5.2002251690e+00	4.3942330894e-01	
5.3001430181e+00	4.3767999985e-01	
5.4000497795e+00	4.3197355652e-01	
5.5002992111e+00	4.2076025297e-01	
5.6003338918e+00	4.1264754615e-01	
5.7001795961e+00	4.1435438265e-01	
5.8002929694e+00	4.1455357925e-01	
5.9002892102e+00	4.1314844966e-01	
6.0002584230e+00	4.0987722113e-01	
6.1002989764e+00	4.0549833992e-01	
6.2001257736e+00	4.1238244444e-01	
6.3002323343e+00	4.1858264672e-01	
6.4003589042e+00	4.2427767490e-01	
6.5002299603e+00	4.4030381187e-01	
6.6003435274e+00	4.5547568120e-01	
6.7000063887e+00	4.6968536080e-01	
6.8001186710e+00	4.8513708223e-01	
6.9003658939e+00	5.0594119973e-01	
7.0003893649e+00	5.2644843056e-01	
7.1001779575e+00	5.4661443263e-01	
7.2001562651e+00	5.6610704612e-01	
7.3002642067e+00	5.8464544908e-01	
7.4004338291e+00	6.0272730503e-01	
7.5004636607e+00	6.2033188275e-01	
7.6000298965e+00	6.3727375113e-01	
7.7006163173e+00	6.5386799605e-01	
7.8005465373e+00	6.7020728053e-01	
7.9003068255e+00	6.8647358779e-01	
8.0006447605e+00	7.0183081321e-01	
8.1002433640e+00	7.1464195705e-01	
8.2000086153e+00	7.2493228490e-01	
8.3000942485e+00	7.3140819070e-01	
8.4001552203e+00	7.3305775328e-01	
8.5000058431e+00	7.2830511769e-01	
8.6004358846e+00	7.1503734210e-01	
8.7004015299e+00	6.9231777601e-01	
8.8003452290e+00	6.5908404959e-01	
8.9002872364e+00	6.3379332070e-01	
9.0003582064e+00	7.9648943096e-01	
9.1001932812e+00	1.5605623951e+00	
9.2002529530e+00	2.4735815023e+00	
9.3002367622e+00	3.7385759841e+00	
9.4003221411e+00	5.4497953821e+00	
9.5002030078e+00	7.3432348371e+00	
9.6003183534e+00	9.2609234939e+00	
9.7000137312e+00	9.8231142876e+00	
9.8001798298e+00	8.9777588669e+00	
9.9001410734e+00	9.9309590077e+00	
1.0000002968e+01	1.0626187655e+01	
1.0100204024e+01	1.0584234644e+01	
1.0200002438e+01	1.1539496261e+01	
1.0300209700e+01	1.2427978953e+01	
1.0400449923e+01	1.2913950487e+01	
1.0500061856e+01	1.3325451383e+01	
1.0600370014e+01	1.3637472455e+01	
1.0700187039e+01	1.3861621044e+01	
1.0800174661e+01	1.4003043476e+01	
1.0900018833e+01	1.4616594788e+01	
1.1000284005e+01	1.5357031884e+01	
1.1100547207e+01	1.5764936942e+01	
1.1200201086e+01	1.5812399419e+01	
1.1300221235e+01	1.5523426755e+01	
1.1400385880e+01	1.4415076294e+01	
1.1500330816e+01	1.2424167043e+01	
1.1600351741e+01	1.1237024430e+01	
1.1700236270e+01	1.0674027050e+01	
1.1800278888e+01	9.9028745944e+00	
1.1900393458e+01	8.5118790491e+00	
1.2000007041e+01	6.2134654541e+00	
1.2100326403e+01	7.1087827424e+00	
1.2200284172e+01	7.4249181890e+00	
1.2300212257e+01	7.7870637384e+00	
1.2400072623e+01	8.6043011738e+00	
1.2500242922e+01	1.0486164670e+01	
1.2600191839e+01	1.4511667172e+01	
1.2700238159e+01	1.9344398523e+01	
1.2800299842e+01	2.6605526103e+01	
1.2900120749e+01	2.9535180334e+01	
1.3000386485e+01	3.6240764450e+01	
1.3100354200e+01	3.7223600723e+01	
1.3200403656e+01	3.7146647323e+01	
1.3300210663e+01	4.1924242447e+01	
1.3400147208e+01	4.5274357696e+01	
1.3500303023e+01	3.5735532497e+01	
1.3600073037e+01	2.5067990927e+01	
1.3700482245e+01	2.4809839959e+01	
1.3800066734e+01	2.4984448272e+01	
1.3900145323e+01	2.3423100007e+01	
1.4000383159e+01	3.0509556562e+01	
1.4100523734e+01	4.9179540095e+01	
1.4200147031e+01	4.8596651377e+01	
1.4300111393e+01	3.5909627910e+01	
1.4400356694e+01	3.0708198892e+01	
1.4500307058e+01	2.7547697507e+01	
1.4600094491e+01	4.1048434506e+01	
1.4700444710e+01	3.1027536402e+01	
1.4800236413e+01	2.8689801768e+01	
1.4900104183e+01	3.4166931086e+01	
1.5000367378e+01	5.9941220992e+01	
1.5100005946e+01	5.9598747888e+01	
1.5200346063e+01	5.7562761307e+01	
1.5300274964e+01	7.5034121148e+01	
1.5400359539e+01	7.3781325293e+01	
1.5500028051e+01	9.8568056768e+01	
1.5600132582e+01	8.8113070318e+01	
1.5700163957e+01	6.8545938210e+01	
1.5800348872e+01	5.1941984605e+01	
1.5900081988e+01	8.6306694646e+01	
1.6000284194e+01	8.6742632542e+01	
1.6100320537e+01	9.0657748020e+01	
1.6200165833e+01	1.0769071210e+02	
1.6300330687e+01	7.1361341671e+01	
1.6400163710e+01	7.2043160229e+01	
1.6500333007e+01	6.5892221375e+01	
1.6600328631e+01	5.4312319520e+01	
1.6700184092e+01	5.2890439343e+01	
1.6800117177e+01	5.3898727304e+01	
1.6900347069e+01	4.4033465135e+01	
1.7000375404e+01	4.3591721648e+01	
1.7100318777e+01	5.3074701956e+01	
1.7200490423e+01	4.8039015202e+01	
1.7300387500e+01	5.7448284872e+01	
1.7400183791e+01	8.4729199029e+01	
1.7500327498e+01	6.2197737023e+01	
1.7600207395e+01	5.9759951328e+01	
1.7700153569e+01	4.7007876275e+01	
1.7800129333e+01	5.5987118119e+01	
1.7900062163e+01	5.3834765414e+01	
1.8000221502e+01	8.9960768134e+01	
1.8100335126e+01	8.3279666297e+01	
1.8200173599e+01	6.0265629611e+01	
1.8300291321e+01	8.6070100620e+01	
1.8400267460e+01	9.2016124192e+01	
1.8500032084e+01	8.6313911292e+01	
1.8600176482e+01	1.1561104575e+02	
1.8700291231e+01	1.0537167161e+02	
1.8800203434e+01	1.0937231702e+02	
1.8900319352e+01	1.0354599168e+02	
1.9000198094e+01	9.2859131585e+01	
1.9100213080e+01	7.6054210401e+01	
1.9200069903e+01	2.1796357611e+02	
1.9300075046e+01	1.9046838767e+02	
1.9400207568e+01	2.1049570566e+02	
1.9500283293e+01	2.1426072929e+02	
1.9600055096e+01	1.8851694708e+02	
1.9700279203e+01	1.5906637775e+02	
1.9800213112e+01	1.2526463402e+02	
1.9900225119e+01	1.0744307664e+02	
2.0000132182e+01	8.6650709210e+01	
2.0100277235e+01	7.6533407489e+01	
2.0200117994e+01	1.0743193480e+02	
2.0300138720e+01	1.1471129969e+02	
2.0400009859e+01	6.9978533755e+01	
2.0500032170e+01	7.7719692324e+01	
2.0600128246e+01	1.0376493288e+02	
2.0700247740e+01	8.5212652256e+01	
2.0800025819e+01	8.2898482450e+01	
2.0900207718e+01	2.4008166445e+02	
2.1000242581e+01	2.0169284792e+02	
2.1100252893e+01	2.5945848680e+02	
2.1200298843e+01	1.8676694948e+02	
2.1300121339e+01	1.5675200550e+02	
2.1400038713e+01	1.3515250956e+02	
2.1500020306e+01	1.6617424528e+02	
2.1600073441e+01	1.5774921062e+02	
2.1700118384e+01	1.4870395293e+02	
2.1800168937e+01	2.2099025062e+02	
2.1900063438e+01	2.1852548884e+02	
2.2000190215e+01	1.8785497331e+02	
2.2100002245e+01	1.7070369232e+02	
2.2200189679e+01	1.6190720693e+02	
2.2300108018e+01	1.2860437300e+02	
2.2400285615e+01	1.3781713783e+02	
2.2500291951e+01	1.4077420380e+02	
2.2600212862e+01	1.3754438837e+02	
2.2700094783e+01	2.5113229949e+02	
2.2800056142e+01	3.0263042563e+02	
2.2900223041e+01	2.6985953359e+02	
2.3000014425e+01	3.5006059631e+02	
2.3100038793e+01	2.9294539734e+02	
2.3200221240e+01	2.0797169787e+02	
2.3300112536e+01	1.7809878924e+02	
2.3400048623e+01	1.1090252728e+02	
2.3500229440e+01	1.9318422358e+02	
2.3600194599e+01	2.7705625612e+02	
2.3700090022e+01	2.1845784223e+02	
2.3800187612e+01	3.6058177252e+02	
2.3900330230e+01	3.2711148841e+02	
2.4000116775e+01	3.1685412916e+02	
2.4100206983e+01	2.6819574290e+02	
2.4200322376e+01	3.0336031689e+02	
2.4300236523e+01	1.8337388542e+02	
2.4400179689e+01	2.6589182588e+02	
2.4500275328e+01	3.5261376282e+02	
2.4600217697e+01	1.5234143590e+02	
2.4700058204e+01	1.3988613633e+02	
2.4800176560e+01	1.3343597660e+02	
2.4900149441e+01	2.7824835721e+02	
2.5000215032e+01	1.2743833563e+02	
2.5100320282e+01	1.4400615069e+02	
2.5200270619e+01	1.2544309526e+02	
2.5300169642e+01	1.1068293820e+02	
2.5400019860e+01	1.5219372097e+02	
2.5500228244e+01	1.6040468141e+02	
2.5600302421e+01	2.3371652871e+02	
2.5700270640e+01	2.3099867633e+02	
2.5800186328e+01	1.7798553170e+02	
2.5900308278e+01	1.2922985646e+02	
2.6000165173e+01	4.4715468195e+02	
2.6100320572e+01	4.5381070487e+02	
2.6200282100e+01	4.6352878645e+02	
2.6300141616e+01	4.1309657935e+02	
2.6400161409e+01	4.2270614336e+02	
2.6500146257e+01	5.6164817014e+02	
2.6600070886e+01	5.8513062615e+02	
2.6700223578e+01	2.7420439636e+02	
2.6800126763e+01	2.0468413235e+02	
2.6900291132e+01	1.7037944216e+02	
2.7000303387e+01	1.3916550454e+02	
2.7100176320e+01	1.2565307443e+02	
2.7200052285e+01	1.5983684530e+02	
2.7300109914e+01	1.4397116058e+02	
2.7400353730e+01	9.0319054971e+01	
2.7500348779e+01	9.3211782533e+01	
2.7600071872e+01	1.1831403394e+02	
2.7700139356e+01	1.6114861324e+02	
2.7800249791e+01	1.1892410914e+02	
2.7900146069e+01	1.2669662499e+02	
2.8000037677e+01	2.8586812682e+02	
2.8100256268e+01	1.8697202793e+02	
2.8200180729e+01	1.4066382570e+02	
2.8300241476e+01	1.2243025433e+02	
2.8400186177e+01	1.6461861594e+02	
2.8500286025e+01	1.9615092154e+02	
2.8600310358e+01	1.8302064280e+02	
2.8700182842e+01	1.8824821986e+02	
2.8800298704e+01	1.6509159640e+02	
2.8900207163e+01	2.3046686133e+02	
2.9000188665e+01	1.4490402478e+02	
2.9100271913e+01	1.2092138202e+02	
2.9200099413e+01	1.2702645325e+02	
2.9300197759e+01	1.4944597308e+02	
2.9400111495e+01	1.2890472570e+02	
2.9500148578e+01	1.9737112192e+02	
2.9600270059e+01	1.8377803898e+02	
2.9700043945e+01	1.6175735376e+02	
2.9800187907e+01	1.5172306544e+02	
2.9900209439e+01	1.1843455382e+02	
3.0000337807e+01	1.3378716904e+02	
3.0100292456e+01	1.5247435531e+02	
3.0200030344e+01	1.6175236561e+02	
3.0300373806e+01	2.3390684347e+02	
3.0400010934e+01	1.5226317428e+02	
3.0500083740e+01	1.3515474642e+02	
3.0600071275e+01	1.4588293374e+02	
3.0700101450e+01	2.5101395849e+02	
3.0800060355e+01	3.4896222983e+02	
3.0900005442e+01	1.6884907523e+02	
3.1000367596e+01	1.5179555426e+02	
3.1100324739e+01	1.7518103641e+02	
3.1200261595e+01	1.4145242434e+02	
3.1300061986e+01	4.7251967565e+02	
3.1400131550e+01	1.9386099946e+02	
3.1500211565e+01	1.9958503300e+02	
3.1600282340e+01	2.5948052982e+02	
3.1700118116e+01	1.1023588585e+02	
3.1800178158e+01	1.4501610618e+02	
3.1900135158e+01	1.6384458028e+02	
3.2000053959e+01	1.3133022574e+02	
3.2100326778e+01	1.0695644539e+02	
3.2200161840e+01	1.3490559711e+02	
3.2300284425e+01	1.4688793684e+02	
3.2400069944e+01	1.4758821204e+02	
3.2500277728e+01	1.6913578741e+02	
3.2600238498e+01	1.9802081640e+02	
3.2700317471e+01	1.7943143841e+02	
3.2800224222e+01	1.7475037222e+02	
3.2900285605e+01	2.0168239739e+02	
3.3000121268e+01	1.4381288888e+02	
3.3100309405e+01	1.7199211354e+02	
3.3200298793e+01	1.9269669476e+02	
3.3300374365e+01	1.9218796721e+02	
3.3400180920e+01	1.7213552103e+02	
3.3500047347e+01	1.1517911190e+02	
3.3600377160e+01	1.0975394709e+02	
3.3700335158e+01	1.4696913237e+02	
3.3800083922e+01	1.8304677540e+02	
3.3900321903e+01	2.0779430340e+02	
3.4000196266e+01	2.2382148828e+02	
3.4100205888e+01	2.0058398767e+02	
3.4200136863e+01	1.4453884321e+02	
3.4300215005e+01	1.2708197630e+02	
3.4400144840e+01	8.4799678740e+01	
3.4500172071e+01	1.0644173035e+02	
3.4600232499e+01	1.1857952981e+02	
3.4700132656e+01	1.2161108994e+02	
3.4800112837e+01	2.0451200402e+02	
3.4900200123e+01	1.6652291942e+02	
3.5000457679e+01	1.9943946214e+02	
3.5100394173e+01	1.2805405365e+02	
3.5200291242e+01	1.4966098467e+02	
3.5300335741e+01	1.3521115233e+02	
3.5400186908e+01	1.6234894541e+02	
3.5500372830e+01	1.3795621643e+02	
3.5600035626e+01	1.6067259119e+02	
3.5700301670e+01	1.6286803886e+02	
3.5800195453e+01	1.6070196733e+02	
3.5900279982e+01	1.7797625031e+02	
3.6000407997e+01	1.2583340574e+02	
3.6100366245e+01	1.5497221889e+02	
3.6200007347e+01	1.9806552844e+02	
3.6300151271e+01	1.5164514081e+02	
3.6400040124e+01	1.4404091265e+02	
3.6500168434e+01	1.3848323720e+02	
3.6600290859e+01	1.3160442383e+02	
3.6700325961e+01	1.2603497108e+02	
3.6800197453e+01	1.1867330918e+02	
3.6900051322e+01	1.1545740597e+02	
3.7000060090e+01	1.0084526488e+02	
3.7100127982e+01	9.4133313681e+01	
3.7200360109e+01	8.6492039127e+01	
3.7300060216e+01	8.2491486505e+01	
3.7400250150e+01	1.3232689139e+02	
3.7500112377e+01	1.1827036996e+02	
3.7600415151e+01	1.0359886515e+02	
3.7700448512e+01	9.9390262954e+01	
3.7800178674e+01	9.3691926019e+01	
3.7900062629e+01	9.4538490951e+01	
3.8000140012e+01	1.2807587842e+02	
3.8100328033e+01	1.1184892266e+02	
3.8200200509e+01	1.0056037659e+02	
3.8300071981e+01	2.0549337701e+02	
3.8400197418e+01	1.7345178297e+02	
3.8500092989e+01	8.9788705499e+01	
3.8600152640e+01	1.0272547088e+02	
3.8700344323e+01	9.7544442667e+01	
3.8800410340e+01	1.2085711524e+02	
3.8900405808e+01	7.6282215155e+01	
3.9000283736e+01	1.0294750813e+02	
3.9100348620e+01	7.6751849731e+01	
3.9200413542e+01	1.2839413881e+02	
3.9300114459e+01	1.0466173659e+02	
3.9400324065e+01	8.6422696174e+01	
3.9500202816e+01	7.8471828600e+01	
3.9600238650e+01	1.0115828795e+02	
3.9700302833e+01	7.9937930627e+01	
3.9800126706e+01	9.0072360581e+01	
3.9900198984e+01	1.0212329030e+02	
4.0000057936e+01	8.3852308447e+01	
4.0100213454e+01	8.8935186138e+01	
4.0200022584e+01	1.1718348083e+02	
4.0300147152e+01	1.1185880583e+02	
4.0400197977e+01	1.2649711503e+02	
4.0500036355e+01	1.1984544183e+02	
4.0600004112e+01	9.4216899386e+01	
4.0700248762e+01	7.8849180525e+01	
4.0800303733e+01	7.9688216484e+01	
4.0900202252e+01	7.3848305105e+01	
4.1000125644e+01	9.5489639036e+01	
4.1100372059e+01	1.1035951492e+02	
4.1200182857e+01	1.1444757626e+02	
4.1300191031e+01	1.4223213501e+02	
4.1400358524e+01	1.6833006057e+02	
4.1500095706e+01	1.6704471853e+02	
4.1600302903e+01	1.3627966583e+02	
4.1700105516e+01	9.8865747837e+01	
4.1800243728e+01	8.9908338520e+01	
4.1900083332e+01	6.9819108024e+01	
4.2000179468e+01	7.7332557283e+01	
4.2100224623e+01	8.2390612554e+01	
4.2200217561e+01	7.6784113086e+01	
4.2300056028e+01	8.4828604696e+01	
4.2400418235e+01	1.2149578653e+02	
4.2500236107e+01	1.3777315155e+02	
4.2600313181e+01	1.4069870690e+02	
4.2700433533e+01	1.1607760208e+02	
4.2800232365e+01	7.7493519852e+01	
4.2900162604e+01	5.7929613914e+01	
4.3000419724e+01	6.0136282287e+01	
4.3100127296e+01	1.0709955709e+02	
4.3200139503e+01	9.0884837613e+01	
4.3300136401e+01	1.6685549625e+02	
4.3400263809e+01	1.7311283029e+02	
4.3500259426e+01	1.4546041434e+02	
4.3600012310e+01	1.7815301103e+02	
4.3700095424e+01	1.8143240280e+02	
4.3800160289e+01	1.6145296151e+02	
4.3900250485e+01	1.2878325135e+02	
4.4000280670e+01	1.2241493410e+02	
4.4100064517e+01	1.1557899553e+02	
4.4200235170e+01	9.9733464243e+01	
4.4300426450e+01	1.0285858620e+02	
4.4400090760e+01	1.1370959173e+02	
4.4500245468e+01	8.0943292489e+01	
4.4600007207e+01	8.5788711112e+01	
4.4700151593e+01	9.3529166504e+01	
4.4800162519e+01	9.1146061501e+01	
4.4900272846e+01	7.5758751927e+01	
4.5000277551e+01	7.8604421399e+01	
4.5100493430e+01	7.8580965994e+01	
4.5200325417e+01	6.7933864968e+01	
4.5300457299e+01	8.8140223015e+01	
4.5400200607e+01	1.0863481853e+02	
4.5500311733e+01	1.1842046146e+02	
4.5600157073e+01	1.2310292903e+02	
4.5700060172e+01	1.2331845468e+02	
4.5800090295e+01	1.1722294347e+02	
4.5900130005e+01	8.7257883825e+01	
4.6000507745e+01	6.7429539499e+01	
4.6100452362e+01	5.7676928005e+01	
4.6200223176e+01	6.3018374680e+01	
4.6300410096e+01	7.5537011187e+01	
4.6400378466e+01	7.6900336312e+01	
4.6500356337e+01	6.5931445663e+01	
4.6600048474e+01	7.8078167253e+01	
4.6700319257e+01	1.5009585213e+02	
4.6800466101e+01	7.3753007377e+01	
4.6900463585e+01	8.0598795973e+01	
4.7000280654e+01	8.1748012459e+01	
4.7100240462e+01	9.5510581316e+01	
4.7200362062e+01	1.3812049683e+02	
4.7300118171e+01	1.4458708580e+02	
4.7400262093e+01	1.4087728063e+02	
4.7500270531e+01	1.2918880357e+02	
4.7600479475e+01	1.3059287258e+02	
4.7700483510e+01	1.3769807657e+02	
4.7800358624e+01	1.3640360450e+02	
4.7900325485e+01	1.3992313797e+02	
4.8000173450e+01	1.3213960186e+02	
4.8100410933e+01	1.2370581522e+02	
4.8200334023e+01	1.1387576287e+02	
4.8300300850e+01	1.0434612292e+02	
4.8400428736e+01	9.8392126419e+01	
4.8500293887e+01	1.0433916441e+02	
4.8600396154e+01	1.1059018071e+02	
4.8700101056e+01	1.1447057283e+02	
4.8800107782e+01	1.1216500058e+02	
4.8900439120e+01	1.0886467830e+02	
4.9000370379e+01	1.0862934060e+02	
4.9100150334e+01	1.1043679780e+02	
4.9200265783e+01	1.0919812012e+02	
4.9300056839e+01	1.0911073992e+02	
4.9400203141e+01	1.1935201116e+02	
4.9500236403e+01	1.2421957371e+02	
4.9600458305e+01	1.3900067277e+02	
4.9700278166e+01	1.3491835841e+02	
4.9800370017e+01	9.5799643441e+01	
4.9900226550e+01	8.7090165567e+01	
5.0000393796e+01	1.0385180047e+02	
5.0100169906e+01	1.5865156509e+02	
5.0200171653e+01	1.5362550951e+02	
5.0300243137e+01	9.6152645588e+01	
5.0400418515e+01	7.0227623431e+01	
5.0500298228e+01	7.9626053854e+01	
5.0600385040e+01	9.3064180455e+01	
5.0700396235e+01	1.0468510865e+02	
5.0800300901e+01	1.1359532566e+02	
5.0900324448e+01	1.2112112829e+02	
5.1000303843e+01	1.2257004581e+02	
5.1100390429e+01	1.1572824753e+02	
5.1200385818e+01	9.3720762008e+01	
5.1300201581e+01	7.4699657333e+01	
5.1400369717e+01	7.2846406604e+01	
5.1500230183e+01	6.9175212720e+01	
5.1600277696e+01	7.1385680493e+01	
5.1700158816e+01	6.4455954712e+01	
5.1800281121e+01	7.7877643972e+01	
5.1900167610e+01	7.2629714310e+01	
5.2000219966e+01	6.6472600988e+01	
5.2100223907e+01	7.3170853060e+01	
5.2200332207e+01	7.4902294415e+01	
5.2300000405e+01	9.9602482646e+01	
5.2400430675e+01	1.1320249226e+02	
5.2500258998e+01	8.5391055189e+01	
5.2600231269e+01	8.5532163171e+01	
5.2700293205e+01	9.9216708812e+01	
5.2800107972e+01	9.8429582666e+01	
5.2900448511e+01	8.6141255335e+01	
5.3000058906e+01	1.3550238962e+02	
5.3100219841e+01	1.6349106495e+02	
5.3200012141e+01	1.6368570390e+02	
5.3300251999e+01	1.7189181669e+02	
5.3400357378e+01	1.8483365351e+02	
5.3500398997e+01	1.7561723113e+02	
5.3600459487e+01	1.4219064322e+02	
5.3700066849e+01	1.0368427460e+02	
5.3800174469e+01	8.4734330374e+01	
5.3900171348e+01	8.4277710911e+01	
5.4000306101e+01	8.2059670235e+01	
5.4100072328e+01	7.8609908937e+01	
5.4200329180e+01	6.0831551370e+01	
5.4300184359e+01	5.3032947588e+01	
5.4400321595e+01	6.2208682942e+01	
5.4500360207e+01	7.7725386372e+01	
5.4600488130e+01	6.9979959791e+01	
5.4700062010e+01	6.6491145420e+01	
5.4800282428e+01	6.2655075867e+01	
5.4900180174e+01	6.1854837033e+01	
5.5000253620e+01	6.6131416519e+01	
5.5100421879e+01	6.4936384735e+01	
5.5200200039e+01	7.5409432720e+01	
5.5300329953e+01	6.6203661963e+01	
5.5400128697e+01	7.4579365020e+01	
5.5500344578e+01	8.7407171462e+01	
5.5600185914e+01	7.8427226368e+01	
5.5700060541e+01	8.0323687634e+01	
5.5800276565e+01	7.3157078860e+01	
5.5900459736e+01	5.5914280151e+01	
5.6000367480e+01	5.9963591662e+01	
5.6100213724e+01	7.0114622289e+01	
5.6200235172e+01	6.8169010861e+01	
5.6300220467e+01	6.3572103792e+01	
5.6400046028e+01	5.7690600431e+01	
5.6500240172e+01	5.5108771873e+01	
5.6600154116e+01	6.6974659706e+01	
5.6700024191e+01	7.1573141663e+01	
5.6800410513e+01	7.3824602397e+01	
5.6900116977e+01	9.4491938397e+01	
5.7000453887e+01	1.0287608848e+02	
5.7100376266e+01	8.4798077202e+01	
5.7200486096e+01	6.0220666573e+01	
5.7300400906e+01	7.3121024321e+01	
5.7400400696e+01	1.4712665470e+02	
5.7500425092e+01	9.0295455194e+01	
5.7600140736e+01	9.7683790390e+01	
5.7700104546e+01	1.5226253549e+02	
5.7800008019e+01	1.9650665322e+02	
5.7900225269e+01	1.3269584248e+02	
5.8000353691e+01	1.4552774683e+02	
5.8100228018e+01	1.2013798816e+02	
5.8200163362e+01	1.8267174069e+02	
5.8300004568e+01	2.4717077789e+02	
5.8400117606e+01	2.9343331599e+02	
5.8500070949e+01	2.7243174394e+02	
5.8600407366e+01	1.5712318112e+02	
5.8700334074e+01	1.2070149090e+02	
5.8800146578e+01	1.2178751057e+02	
5.8900059885e+01	1.0227161015e+02	
5.9000340708e+01	1.4326830597e+02	
5.9100004291e+01	1.1027370850e+02	
5.9200167886e+01	1.1312833040e+02	
5.9300353465e+01	9.9107590050e+01	
5.9400401930e+01	9.3996421456e+01	
5.9500506668e+01	1.0070786344e+02	
5.9600409832e+01	1.1727759771e+02	
5.9700405607e+01	7.8417069343e+01	
5.9800123274e+01	5.8977228431e+01	
5.9900419846e+01	7.3214638928e+01	
6.0000361118e+01	8.0986444148e+01	
6.0100260410e+01	7.9831806606e+01	
6.0200125387e+01	7.4771124137e+01	
6.0300402033e+01	7.4763067833e+01	
6.0400386925e+01	6.9309132950e+01	
6.0500422337e+01	7.0501539231e+01	
6.0600260302e+01	9.1235108849e+01	
6.0700480789e+01	9.7317070878e+01	
6.0800522733e+01	1.1696261023e+02	
6.0900134504e+01	1.1059868005e+02	
6.1000114689e+01	1.0292044464e+02	
6.1100206870e+01	8.5808172405e+01	
6.1200006041e+01	1.3032049718e+02	
6.1300327169e+01	9.0819708081e+01	
6.1400154890e+01	9.0704139042e+01	
6.1500352107e+01	8.9323809546e+01	
6.1600062761e+01	1.3541252255e+02	
6.1700295107e+01	1.4101430255e+02	
6.1800347690e+01	1.2891468448e+02	
6.1900082407e+01	1.0698775971e+02	
6.2000095625e+01	9.5305629844e+01	
6.2100172330e+01	1.0234401317e+02	
6.2200355409e+01	1.0528811205e+02	
6.2300358577e+01	1.0453125279e+02	
6.2400033474e+01	9.7638630198e+01	
6.2500283413e+01	9.0574159255e+01	
6.2600393118e+01	7.7023303979e+01	
6.2700201034e+01	5.9467497688e+01	
6.2800174809e+01	4.7182772467e+01	
6.2900347792e+01	4.8472982685e+01	
6.3000079951e+01	5.0563652085e+01	
6.3100218313e+01	5.9150751353e+01	
6.3200227408e+01	9.5819570397e+01	
6.3300093645e+01	9.3377307201e+01	
6.3400090787e+01	5.9926055753e+01	
6.3500370756e+01	5.9172597449e+01	
6.3600055858e+01	8.2068170112e+01	
6.3700231300e+01	1.0526238490e+02	
6.3800147657e+01	1.2506074461e+02	
6.3900036184e+01	1.0627149746e+02	
6.4000317880e+01	8.6699132757e+01	
6.4100086620e+01	1.0457377688e+02	
6.4200425211e+01	1.4073947384e+02	
6.4300179073e+01	9.8714307290e+01	
6.4400369538e+01	1.0011443636e+02	
6.4500130458e+01	1.1710066429e+02	
6.4600342246e+01	1.1701477582e+02	
6.4700208883e+01	1.0487551349e+02	
6.4800057367e+01	1.0496632210e+02	
6.4900490218e+01	7.7578856891e+01	
6.5000386537e+01	6.5247676161e+01	
6.5100431180e+01	7.1882991349e+01	
6.5200189389e+01	7.4101420986e+01	
6.5300499722e+01	9.7727976854e+01	
6.5400252102e+01	1.0944003987e+02	
6.5500255239e+01	1.1554225029e+02	
6.5600099649e+01	1.2083935643e+02	
6.5700361498e+01	1.3127206308e+02	
6.5800169334e+01	1.7084676025e+02	
6.5900177067e+01	1.7521218795e+02	
6.6000184592e+01	1.6616222023e+02	
6.6100477170e+01	1.2636852760e+02	
6.6200097483e+01	1.0356010692e+02	
6.6300194410e+01	8.7157243410e+01	
6.6400224932e+01	6.7853179367e+01	
6.6500138064e+01	6.3964771363e+01	
6.6600032405e+01	7.0693530953e+01	
6.6700339271e+01	7.0004901151e+01	
6.6800229130e+01	6.4025294534e+01	
6.6900070837e+01	7.0929317923e+01	
6.7000374447e+01	9.1598393004e+01	
6.7100040818e+01	8.3069974869e+01	
6.7200209468e+01	7.5029389285e+01	
6.7300395672e+01	1.1557664093e+02	
6.7400255291e+01	1.3401925804e+02	
6.7500214857e+01	1.1321462113e+02	
6.7600370631e+01	8.6770986820e+01	
6.7700302283e+01	8.9395580395e+01	
6.7800421126e+01	9.4859218212e+01	
6.7900055323e+01	1.1547003574e+02	
6.8000045792e+01	1.1076127893e+02	
6.8100235992e+01	1.2632452878e+02	
6.8200335976e+01	1.2529723630e+02	
6.8300455575e+01	1.1397034823e+02	
6.8400449112e+01	1.0335374097e+02	
6.8500228921e+01	9.2492360480e+01	
6.8600063451e+01	8.8349583457e+01	
6.8700188949e+01	7.8328724042e+01	
6.8800434161e+01	8.2530025062e+01	
6.8900112956e+01	7.5534002233e+01	
6.9000193514e+01	7.2152391061e+01	
6.9100188441e+01	7.6917323039e+01	
6.9200365679e+01	8.7603933825e+01	
6.9300247530e+01	8.3040622775e+01	
6.9400111999e+01	1.0439214093e+02	
6.9500247895e+01	1.0806125688e+02	
6.9600182376e+01	1.0608383961e+02	
6.9700219355e+01	1.0791696932e+02	
6.9800382704e+01	1.0273698098e+02	
6.9900359591e+01	1.0740284237e+02	
7.0000223529e+01	1.1186581866e+02	
7.0100456039e+01	1.1577268051e+02	
7.0200055031e+01	1.0578170506e+02	
7.0300163967e+01	1.0174285381e+02	
7.0400287362e+01	8.5318720657e+01	
7.0500050510e+01	8.1354673749e+01	
7.0600028975e+01	1.1753612149e+02	
7.0700374614e+01	7.5472949944e+01	
7.0800313962e+01	7.7023281901e+01	
7.0900047989e+01	6.5911605032e+01	
7.1000111580e+01	6.0510985333e+01	
7.1100240436e+01	7.9644870606e+01	
7.1200389020e+01	8.1465681931e+01	
7.1300299129e+01	6.9265315968e+01	
7.1400233010e+01	9.3412994964e+01	
7.1500309877e+01	9.2943735914e+01	
7.1600227299e+01	8.1711145281e+01	
7.1700297689e+01	7.1179075022e+01	
7.1800300716e+01	6.9205563459e+01	
7.1900514224e+01	6.7173576113e+01	
7.2000195629e+01	7.4690297402e+01	
7.2100158155e+01	8.9897232464e+01	
7.2200142669e+01	7.8959291812e+01	
7.2300458724e+01	1.0421865785e+02	
7.2400124375e+01	1.1342662991e+02	
7.2500326990e+01	1.3409882573e+02	
7.2600243388e+01	1.3222411781e+02	
7.2700302545e+01	1.1308240562e+02	
7.2800196161e+01	7.3939196446e+01	
7.2900021982e+01	6.7301451943e+01	
7.3000507321e+01	6.4458692801e+01	
7.3100112102e+01	6.4453850442e+01	
7.3200349849e+01	9.7540983899e+01	
7.3300389408e+01	1.0457922211e+02	
7.3400174805e+01	7.0546697805e+01	
7.3500075977e+01	8.3009610117e+01	
7.3600364739e+01	6.3232047054e+01	
7.3700326085e+01	8.5121777825e+01	
7.3800113711e+01	8.6415034966e+01	
7.3900196027e+01	9.4681653177e+01	
7.4000000200e+01	1.1451498049e+02	
7.4100025471e+01	1.5452231185e+02	
7.4200075494e+01	1.3999176205e+02	
7.4300156692e+01	1.3332301389e+02	
7.4400430722e+01	1.6574356986e+02	
7.4500064271e+01	1.6410822416e+02	
7.4600156221e+01	1.3937774954e+02	
7.4700454965e+01	1.0556043359e+02	
7.4800388618e+01	1.0833770966e+02	
7.4900225857e+01	1.1498666463e+02	
7.5000043845e+01	1.1377824981e+02	
7.5100095208e+01	1.0678910696e+02	
7.5200166784e+01	1.2044637531e+02	
7.5300365318e+01	8.6898921061e+01	
7.5400195800e+01	1.1719812104e+02	
7.5500433547e+01	1.2502921196e+02	
7.5600240462e+01	1.5108215131e+02	
7.5700483591e+01	1.5469763391e+02	
7.5800492973e+01	1.5786418810e+02	
7.5900232085e+01	1.4909588174e+02	
7.6000428927e+01	1.4634016611e+02	
7.6100326921e+01	1.2578379730e+02	
7.6200360551e+01	1.5521734395e+02	
7.6300451580e+01	3.0231543066e+02	
7.6400013378e+01	2.8075912483e+02	
7.6500251102e+01	1.9008935533e+02	
7.6600079959e+01	1.2527656992e+02	
7.6700154380e+01	1.1456781210e+02	
7.6800064060e+01	1.1950950929e+02	
7.6900018044e+01	1.2796387180e+02	
7.7000319897e+01	1.4118683797e+02	
7.7100269933e+01	1.5178611970e+02	
7.7200443929e+01	1.6702737196e+02	
7.7300404045e+01	1.9568649719e+02	
7.7400037395e+01	1.9706464565e+02	
7.7500274357e+01	1.4645550665e+02	
7.7600407314e+01	1.1208581224e+02	
7.7700309312e+01	1.1639161093e+02	
7.7800497210e+01	1.0594304314e+02	
7.7900342944e+01	1.0903602116e+02	
7.8000509823e+01	1.0084402978e+02	
7.8100172216e+01	7.3373304957e+01	
7.8200084736e+01	7.8939655628e+01	
7.8300214475e+01	8.7982471827e+01	
7.8400360027e+01	1.0529078544e+02	
7.8500134022e+01	1.6401089066e+02	
7.8600149488e+01	1.4824201920e+02	
7.8700235746e+01	1.7434981460e+02	
7.8800334923e+01	1.7581451388e+02	
7.8900434802e+01	1.3347629473e+02	
7.9000355681e+01	8.8368347196e+01	
7.9100187830e+01	9.1514351909e+01	
7.9200126685e+01	1.1215070666e+02	
7.9300279351e+01	1.0463489315e+02	
7.9400283379e+01	1.2637971401e+02	
7.9500252326e+01	1.3401728794e+02	
7.9600152376e+01	1.3067070753e+02	
7.9700364275e+01	1.4535217110e+02	
7.9800133688e+01	1.3883145126e+02	
7.9900436236e+01	1.6627427758e+02	
8.0000371244e+01	1.3675581155e+02	
8.0100039394e+01	1.2589942089e+02	
8.0200327070e+01	1.2278331474e+02	
8.0300469299e+01	9.3267367548e+01	
8.0400465920e+01	9.0200295617e+01	
8.0500081233e+01	9.8069280423e+01	
8.0600109162e+01	8.8434360633e+01	
8.0700509774e+01	7.9963895773e+01	
8.0800074047e+01	1.0057404894e+02	
8.0900098508e+01	1.0366885464e+02	
8.1000346946e+01	1.0859104830e+02	
8.1100276568e+01	1.3580717873e+02	
8.1200440036e+01	8.1060168770e+01	
8.1300371821e+01	6.5223464033e+01	
8.1400052531e+01	6.3063902746e+01	
8.1500430915e+01	7.4838663943e+01	
8.1600339820e+01	9.7160567418e+01	
8.1700317490e+01	1.2808180789e+02	
8.1800037285e+01	1.1752459646e+02	
8.1900414710e+01	1.4172804162e+02	
8.2000262713e+01	8.3103473022e+01	
8.2100062012e+01	1.1371087074e+02	
8.2200499199e+01	9.6830668242e+01	
8.2300473095e+01	1.0886300126e+02	
8.2400074368e+01	1.8730561521e+02	
8.2500451125e+01	1.7918028407e+02	
8.2600147958e+01	2.4712019943e+02	
8.2700420627e+01	2.4197304320e+02	
8.2800040717e+01	2.1135230954e+02	
8.2900023605e+01	1.8568577381e+02	
8.3000225421e+01	2.0621369990e+02	
8.3100463423e+01	1.9314004174e+02	
8.3200071494e+01	1.3675963431e+02	
8.3300238454e+01	1.0585999005e+02	
8.3400390896e+01	1.4696010611e+02	
8.3500247192e+01	1.0753271638e+02	
8.3600309540e+01	1.3666540382e+02	
8.3700290813e+01	1.4899008379e+02	
8.3800349729e+01	1.2503159647e+02	
8.3900482066e+01	8.6353164390e+01	
8.4000273519e+01	8.4038343582e+01	
8.4100125106e+01	7.9964840015e+01	
8.4200332765e+01	6.3173506893e+01	
8.4300439853e+01	7.0386846861e+01	
8.4400073025e+01	7.0934484626e+01	
8.4500129274e+01	7.2996866495e+01	
8.4600188753e+01	7.3741416995e+01	
8.4700121530e+01	7.4316959805e+01	
8.4800420668e+01	7.2790870579e+01	
8.4900393721e+01	7.0779184925e+01	
8.5000234331e+01	7.3398871824e+01	
8.5100453089e+01	9.7146789751e+01	
8.5200008191e+01	1.3350655080e+02	
8.5300480014e+01	1.7108832338e+02	
8.5400079202e+01	1.7492185146e+02	
8.5500098041e+01	1.7502480389e+02	
8.5600444407e+01	1.7200021005e+02	
8.5700215277e+01	1.4694614744e+02	
8.5800463227e+01	1.2270735137e+02	
8.5900352686e+01	1.1781557176e+02	
8.6000468035e+01	1.2475142020e+02	
8.6100182333e+01	1.3111084155e+02	
8.6200461753e+01	1.3646846119e+02	
8.6300035458e+01	1.6279530917e+02	
8.6400431609e+01	1.2844123767e+02	
8.6500306816e+01	1.5354715095e+02	
8.6600221429e+01	1.7603055516e+02	
8.6700297908e+01	1.6609598137e+02	
8.6800152798e+01	1.4318703825e+02	
8.6900389306e+01	1.2966734233e+02	
8.7000052271e+01	1.4124743013e+02	
8.7100339781e+01	1.2164275439e+02	
8.7200038622e+01	1.0770937016e+02	
8.7300015806e+01	1.1442053094e+02	
8.7400193224e+01	1.1431722529e+02	
8.7500028245e+01	1.2444929807e+02	
8.7600392184e+01	1.3926130349e+02	
8.7700322950e+01	1.0143828343e+02	
8.7800278469e+01	9.0002905168e+01	
8.7900393925e+01	9.3007231090e+01	
8.8000147103e+01	8.0871846665e+01	
8.8100515780e+01	7.7488231269e+01	
8.8200260003e+01	7.7959407100e+01	
8.8300242389e+01	6.5018981570e+01	
8.8400434041e+01	7.4387816696e+01	
8.8500009349e+01	6.9907175098e+01	
8.8600398023e+01	8.7763053766e+01	
8.8700463979e+01	1.1511478348e+02	
8.8800346993e+01	8.5753263848e+01	
8.8900487906e+01	7.6188841489e+01	
8.9000402855e+01	7.4834356019e+01	
8.9100279400e+01	9.2462604062e+01	
8.9200125480e+01	1.3126658122e+02	
8.9300238037e+01	1.6270713443e+02	
8.9400292814e+01	1.3516960246e+02	
8.9500400298e+01	1.2796557563e+02	
8.9600316261e+01	1.2665788892e+02	
8.9700095585e+01	9.7124977484e+01	
8.9800252866e+01	1.0143115137e+02	
8.9900139144e+01	9.9245172359e+01	
9.0000040307e+01	9.4828244809e+01	
9.0100101001e+01	9.7896759760e+01	
9.0200062833e+01	7.3854918289e+01	
9.0300270149e+01	6.6635735093e+01	
9.0400432687e+01	7.0008569488e+01	
9.0500210272e+01	6.8765208485e+01	
9.0600454448e+01	8.3480035638e+01	
9.0700303295e+01	9.0961737064e+01	
9.0800451504e+01	1.0333044762e+02	
9.0900428197e+01	1.0516397661e+02	
9.1000054346e+01	1.1464316804e+02	
9.1100019689e+01	1.2200634037e+02	
9.1200343606e+01	1.2838734230e+02	
9.1300176015e+01	1.4407636963e+02	
9.1400220983e+01	1.5799349156e+02	
9.1500419225e+01	1.7125534104e+02	
9.1600339330e+01	1.2232559839e+02	
9.1700140855e+01	9.3534684304e+01	
9.1800054405e+01	9.0887531329e+01	
9.1900104048e+01	9.3814620620e+01	
9.2000216518e+01	7.4081015448e+01	
9.2100307533e+01	9.3098815638e+01	
9.2200166101e+01	6.7939997568e+01	
9.2300119710e+01	6.2611657449e+01	
9.2400094230e+01	9.7062908310e+01	
9.2500222746e+01	1.2570401702e+02	
9.2600263699e+01	9.1477127325e+01	
9.2700075387e+01	1.0346165074e+02	
9.2800023627e+01	1.0836459532e+02	
9.2900420541e+01	1.0588772528e+02	
9.3000109684e+01	1.2733604238e+02	
9.3100502720e+01	1.9578797725e+02	
9.3200481148e+01	1.8419716137e+02	
9.3300074556e+01	9.3092536051e+01	
9.3400495506e+01	7.4996068967e+01	
9.3500257182e+01	6.0907278995e+01	
9.3600057369e+01	6.2940026603e+01	
9.3700344767e+01	9.8296802964e+01	
9.3800224625e+01	8.4391032055e+01	
9.3900354059e+01	1.2369803123e+02	
9.4000264934e+01	1.2642996630e+02	
9.4100268639e+01	9.1147377584e+01	
9.4200444027e+01	8.1640810904e+01	
9.4300444425e+01	6.4036280401e+01	
9.4400373046e+01	5.8425378533e+01	
9.4500016520e+01	1.3340454877e+02	
9.4600312557e+01	2.6483530226e+02	
9.4700181944e+01	2.6651146410e+02	
9.4800294367e+01	1.8173764300e+02	
9.4900506369e+01	1.3131067874e+02	
9.5000341804e+01	1.1058631518e+02	
9.5100497214e+01	1.5826964882e+02	
9.5200179885e+01	1.5065417363e+02	
9.5300274036e+01	1.0167632927e+02	
9.5400092101e+01	8.3337141267e+01	
9.5500202837e+01	7.2654230324e+01	
9.5600476942e+01	6.7342709975e+01	
9.5700498774e+01	7.1820464480e+01	
9.5800371193e+01	8.7616140703e+01	
9.5900126109e+01	1.1440444911e+02	
9.6000033205e+01	1.3650840753e+02	
9.6100117216e+01	1.5398537575e+02	
9.6200085528e+01	9.1347337902e+01	
9.6300110735e+01	7.9969538351e+01	
9.6400316230e+01	1.4051512365e+02	
9.6500159629e+01	1.4377307793e+02	
9.6600006825e+01	1.8820733648e+02	
9.6700117506e+01	1.5106788168e+02	
9.6800333644e+01	1.4220339621e+02	
9.6900275241e+01	1.3456187887e+02	
9.7000446112e+01	1.3537964026e+02	
9.7100196763e+01	1.0523794156e+02	
9.7200030008e+01	8.4291385770e+01	
9.7300051833e+01	9.6363219829e+01	
9.7400246072e+01	1.3038281772e+02	
9.7500256976e+01	9.2575425502e+01	
9.7600170254e+01	7.6984805625e+01	
9.7700317775e+01	7.7586184150e+01	
9.7800236478e+01	8.4943563982e+01	
9.7900085442e+01	7.9722548614e+01	
9.8000270513e+01	8.5762172556e+01	
9.8100117982e+01	1.0439498525e+02	
9.8200417978e+01	8.8428443726e+01	
9.8300463836e+01	8.0379977813e+01	
9.8400234799e+01	7.1733015577e+01	
9.8500207656e+01	7.0015459167e+01	
9.8600025543e+01	8.7745897178e+01	
9.8700499689e+01	9.7318698993e+01	
9.8800490520e+01	1.0017471588e+02	
9.8900009091e+01	9.6944836515e+01	
9.9000341552e+01	7.6231287927e+01	
9.9100451724e+01	7.5369436834e+01	
9.9200455544e+01	7.8103298302e+01	
9.9300479484e+01	8.1425170252e+01	
9.9400507242e+01	1.1206313876e+02	
9.9500366602e+01	1.4645412213e+02	
9.9600049277e+01	1.4626194152e+02	
9.9700093919e+01	1.4811497079e+02	
9.9800403465e+01	1.5569262202e+02	
9.9900003894e+01	1.5748012287e+02	
1.0000018281e+02	1.1052188377e+02	
1.0010046743e+02	1.0164116423e+02	
1.0020008632e+02	1.2454050346e+02	
1.0030013781e+02	8.6204732374e+01	
1.0040051623e+02	6.2934420084e+01	
1.0050039127e+02	5.6642290660e+01	
1.0060012017e+02	5.6085015938e+01	
1.0070021988e+02	5.4918867325e+01	
1.0080036566e+02	5.1670969822e+01	
1.0090000300e+02	7.0366255850e+01	
1.0100002236e+02	8.4269353484e+01	
1.0110035917e+02	1.5782186287e+02	
1.0120050043e+02	9.9600534835e+01	
1.0130005806e+02	9.8470040210e+01	
1.0140038644e+02	1.1579936236e+02	
1.0150039570e+02	1.3658472984e+02	
1.0160040585e+02	1.5048221288e+02	
1.0170016953e+02	1.5252933098e+02	
1.0180018339e+02	1.5054735305e+02	
1.0190049254e+02	1.4395944229e+02	
1.0200031459e+02	1.3537167631e+02	
1.0210019577e+02	1.2707415266e+02	
1.0220048312e+02	1.2281326459e+02	
1.0230012976e+02	1.2406462956e+02	
1.0240024046e+02	1.2492797339e+02	
1.0250007698e+02	1.1941657804e+02	
1.0260014228e+02	1.0663532975e+02	
1.0270010693e+02	1.3662602283e+02	
1.0280031413e+02	1.4265549553e+02	
1.0290025560e+02	1.4619456774e+02	
1.0300030658e+02	1.0739592321e+02	
1.0310021287e+02	1.1424693537e+02	
1.0320000908e+02	1.1604967730e+02	
1.0330040279e+02	1.0655282895e+02	
1.0340022543e+02	8.8410656206e+01	
1.0350020090e+02	7.1744233641e+01	
1.0360021823e+02	6.3487435800e+01	
1.0370040527e+02	6.4816126737e+01	
1.0380020595e+02	7.3246028375e+01	
1.0390036233e+02	7.0246247007e+01	
1.0400023502e+02	8.0220625863e+01	
1.0410041517e+02	7.2905141585e+01	
1.0420000783e+02	6.6524389498e+01	
1.0430015702e+02	7.6321715859e+01	
1.0440039028e+02	8.7493834186e+01	
1.0450030041e+02	8.1383687757e+01	
1.0460045224e+02	8.9942383561e+01	
1.0470038789e+02	1.0676154469e+02	
1.0480022822e+02	1.1798094767e+02	
1.0490042718e+02	1.2224243766e+02	
1.0500019573e+02	1.5072843457e+02	
1.0510015847e+02	1.1171305935e+02	
1.0520042453e+02	1.1560832174e+02	
1.0530037855e+02	8.1775011281e+01	
1.0540003774e+02	6.0064956681e+01	
1.0550044625e+02	6.6924013318e+01	
1.0560026786e+02	9.5523490211e+01	
1.0570038958e+02	1.0783530408e+02	
1.0580050108e+02	9.8940695752e+01	
1.0590029309e+02	8.8109465623e+01	
1.0600031794e+02	8.0110549875e+01	
1.0610025645e+02	8.0631263556e+01	
1.0620020788e+02	7.8424917640e+01	
1.0630013020e+02	8.2424481674e+01	
1.0640023138e+02	7.9705023985e+01	
1.0650004635e+02	8.2913198748e+01	
1.0660010916e+02	1.0153714633e+02	
1.0670024347e+02	1.0030444938e+02	
1.0680046214e+02	8.1592117805e+01	
1.0690034169e+02	7.7744556877e+01	
1.0700030971e+02	1.0593553710e+02	
1.0710047626e+02	1.2394779729e+02	
1.0720023937e+02	1.1238263151e+02	
1.0730002559e+02	1.1786585477e+02	
1.0740007845e+02	1.0714665039e+02	
1.0750022317e+02	1.0300553794e+02	
1.0760038119e+02	9.7173929959e+01	
1.0770041329e+02	7.8415045341e+01	
1.0780049576e+02	6.5465776839e+01	
1.0790045605e+02	5.0826722465e+01	
1.0800040775e+02	5.5693374840e+01	
1.0810016937e+02	7.3996113718e+01	
1.0820039893e+02	7.3759975428e+01	
1.0830005202e+02	8.5674774100e+01	
1.0840009037e+02	1.3355789750e+02	
1.0850009492e+02	1.6772529199e+02	
1.0860018098e+02	1.2555367177e+02	
1.0870050919e+02	1.2025555778e+02	
1.0880043139e+02	1.1295260175e+02	
1.0890040231e+02	1.3020739160e+02	
1.0900026235e+02	1.7637795185e+02	
1.0910031232e+02	1.7668412974e+02	
1.0920043278e+02	1.6405077859e+02	
1.0930014618e+02	1.5204373479e+02	
1.0940007499e+02	1.4148835755e+02	
1.0950050355e+02	1.3261472218e+02	
1.0960010047e+02	1.4658341043e+02	
1.0970017572e+02	1.9225506324e+02	
1.0980016407e+02	2.0987022409e+02	
1.0990033977e+02	2.0855300259e+02	
1.1000041766e+02	1.5726860640e+02	
1.1010022565e+02	1.3091636947e+02	
1.1020017808e+02	1.2120728832e+02	
1.1030013037e+02	1.0280306095e+02	
1.1040036294e+02	8.3488922468e+01	
1.1050032803e+02	5.3812099453e+01	
1.1060007508e+02	5.9827111222e+01	
1.1070003414e+02	7.1535002670e+01	
1.1080008710e+02	1.0771826171e+02	
1.1090050348e+02	1.0674544658e+02	
1.1100036581e+02	1.2704961103e+02	
1.1110036708e+02	9.9730051028e+01	
1.1120008148e+02	9.0659505759e+01	
1.1130029218e+02	8.3364611221e+01	
1.1140011978e+02	9.2718105770e+01	
1.1150011312e+02	1.0235615970e+02	
1.1160025378e+02	9.4978058916e+01	
1.1170018896e+02	8.2458133984e+01	
1.1180032764e+02	8.8898799189e+01	
1.1190049774e+02	1.0803364059e+02	
1.1200048518e+02	8.9887726447e+01	
1.1210024838e+02	9.5841634286e+01	
1.1220040756e+02	8.8224521780e+01	
1.1230007027e+02	5.3452889642e+01	
1.1240043818e+02	5.7687362079e+01	
1.1250001345e+02	6.3591523412e+01	
1.1260032468e+02	7.3749436112e+01	
1.1270040105e+02	6.7384456666e+01	
1.1280034271e+02	1.2445847593e+02	
1.1290020379e+02	8.3359360716e+01	
1.1300049482e+02	5.9760672971e+01	
1.1310006330e+02	6.6286758268e+01	
1.1320005465e+02	8.3034174119e+01	
1.1330001330e+02	5.8095530290e+01	
1.1340024257e+02	6.0950495497e+01	
1.1350018771e+02	6.2458027144e+01	
1.1360008893e+02	6.0629540663e+01	
1.1370028991e+02	5.7394332165e+01	
1.1380049388e+02	5.5594056522e+01	
1.1390051493e+02	8.8045658327e+01	
1.1400000844e+02	9.8143269486e+01	
1.1410011225e+02	9.5743969336e+01	
1.1420049081e+02	9.5163606006e+01	
1.1430027642e+02	9.4689188862e+01	
1.1440004807e+02	9.8685704696e+01	
1.1450045168e+02	1.1013805007e+02	
1.1460030551e+02	1.0461166186e+02	
1.1470037677e+02	1.0346108663e+02	
1.1480030170e+02	9.4829307991e+01	
1.1490008120e+02	9.1369730589e+01	
1.1500027238e+02	7.6809586714e+01	
1.1510009070e+02	1.1972509276e+02	
1.1520035402e+02	7.4768266245e+01	
1.1530025109e+02	7.2850445869e+01	
1.1540022204e+02	7.6750929556e+01	
1.1550014421e+02	1.0859756274e+02	
1.1560034281e+02	1.3682373365e+02	
1.1570041310e+02	1.1769283359e+02	
1.1580044439e+02	8.5634380384e+01	
1.1590003240e+02	6.5395766114e+01	
1.1600010622e+02	5.8446265855e+01	
1.1610035593e+02	5.2780625536e+01	
1.1620034582e+02	7.5153336172e+01	
1.1630044185e+02	1.2350877241e+02	
1.1640026409e+02	1.3779802064e+02	
1.1650043958e+02	8.5476106953e+01	
1.1660033858e+02	7.4405603200e+01	
1.1670014546e+02	6.3894110070e+01	
1.1680007168e+02	5.6089638911e+01	
1.1690033926e+02	4.7508331794e+01	
1.1700046760e+02	4.5477279269e+01	
1.1710042390e+02	6.4183674258e+01	
1.1720014973e+02	6.4323157976e+01	
1.1730025744e+02	5.3058420028e+01	
1.1740048862e+02	5.4446216809e+01	
1.1750002756e+02	7.6607035830e+01	
1.1760049820e+02	8.3256268785e+01	
1.1770025716e+02	9.2182075503e+01	
1.1780005778e+02	7.9069452261e+01	
1.1790012574e+02	1.1066480517e+02	
1.1800022931e+02	1.1471862117e+02	
1.1810024512e+02	1.0985229236e+02	
1.1820032984e+02	1.3279542735e+02	
1.1830017658e+02	1.2241925102e+02	
1.1840004863e+02	1.0945426373e+02	
1.1850042882e+02	9.0496766535e+01	
1.1860016171e+02	1.1254592660e+02	
1.1870024859e+02	1.2330883103e+02	
1.1880024379e+02	1.2795994532e+02	
1.1890021239e+02	1.1563313311e+02	
1.1900040723e+02	1.0385688200e+02	
1.1910033887e+02	1.0017234265e+02	
1.1920032384e+02	1.1176853354e+02	
1.1930025572e+02	1.0161183860e+02	
1.1940014035e+02	9.8749195064e+01	
1.1950002086e+02	9.6781744268e+01	
1.1960031809e+02	1.1991537064e+02	
1.1970029418e+02	1.6008209813e+02	
1.1980009196e+02	1.6060998166e+02	
1.1990016321e+02	8.5809359106e+01	
1.2000009619e+02	7.6683810693e+01	
1.2010020546e+02	5.3968518382e+01	
1.2020031986e+02	6.1649008947e+01	
1.2030008236e+02	1.0287153138e+02	
1.2040033237e+02	9.5094137160e+01	
1.2050023358e+02	8.5827377709e+01	
1.2060043876e+02	9.9177841172e+01	
1.2070022131e+02	1.3403585755e+02	
1.2080047103e+02	1.4985457322e+02	
1.2090019922e+02	1.5183560139e+02	
1.2100004852e+02	1.4419815777e+02	
1.2110009667e+02	1.3338238221e+02	
1.2120048376e+02	1.9697869059e+02	
1.2130031917e+02	1.9815564155e+02	
1.2140019150e+02	1.5637230430e+02	
1.2150031199e+02	1.1539767680e+02	
1.2160038197e+02	8.0784148584e+01	
1.2170047125e+02	8.7302820249e+01	
1.2180009795e+02	6.2890892228e+01	
1.2190004816e+02	7.3575016966e+01	
1.2200043615e+02	6.2479262592e+01	
1.2210029462e+02	6.7473448685e+01	
1.2220046244e+02	7.0848393250e+01	
1.2230042906e+02	7.7219407087e+01	
1.2240048304e+02	1.2193770516e+02	
1.2250008165e+02	9.9232943595e+01	
1.2260015712e+02	9.8991873071e+01	
1.2270012032e+02	9.5980115466e+01	
1.2280005973e+02	2.2579051173e+02	
1.2290022012e+02	2.1547598642e+02	
1.2300038668e+02	1.5444333142e+02	
1.2310051251e+02	1.2785261698e+02	
1.2320039063e+02	9.1954037715e+01	
1.2330049943e+02	6.9755899955e+01	
1.2340033949e+02	6.7159492263e+01	
1.2350010107e+02	6.8673359546e+01	
1.2360031020e+02	6.9948477177e+01	
1.2370052787e+02	6.8912903938e+01	
1.2380043884e+02	7.0588787943e+01	
1.2390020571e+02	7.0414919603e+01	
1.2400053439e+02	9.5640523855e+01	
1.2410009245e+02	1.3335852102e+02	
1.2420002155e+02	1.0585785297e+02	
1.2430033671e+02	9.7415584775e+01	
1.2440016059e+02	1.1282190324e+02	
1.2450043691e+02	1.5968132113e+02	
1.2460049574e+02	2.0133651074e+02	
1.2470036161e+02	1.4914123524e+02	
1.2480008379e+02	1.4493903857e+02	
1.2490008981e+02	1.1858849487e+02	
1.2500038683e+02	9.6258676371e+01	
1.2510037363e+02	7.7555435568e+01	
1.2520002468e+02	1.0641311638e+02	
1.2530032104e+02	7.8006908502e+01	
1.2540034850e+02	7.1424427870e+01	
1.2550032180e+02	7.4290893812e+01	
1.2560020604e+02	9.7923796873e+01	
1.2570027997e+02	1.1848206869e+02	
1.2580044903e+02	1.1877921706e+02	
1.2590046369e+02	8.8001981507e+01	
1.2600044139e+02	7.5312311501e+01	
1.2610047196e+02	1.5847100047e+02	
1.2620045742e+02	1.6871679855e+02	
1.2630005707e+02	1.5561940124e+02	
1.2640050553e+02	1.5627783418e+02	
1.2650034954e+02	1.5152543927e+02	
1.2660034407e+02	1.3888643158e+02	
1.2670019369e+02	8.2422433671e+01	
1.2680002474e+02	8.3998554528e+01	
1.2690030137e+02	8.5261395367e+01	
1.2700020482e+02	7.8930001216e+01	
1.2710035001e+02	8.2206196697e+01	
1.2720017009e+02	8.4907245205e+01	
1.2730043325e+02	7.2053200375e+01	
1.2740000213e+02	7.4022884609e+01	
1.2750043596e+02	7.3626660922e+01	
1.2760015164e+02	8.7616033488e+01	
1.2770038034e+02	7.2633516843e+01	
1.2780023305e+02	7.6139009143e+01	
1.2790042041e+02	8.7525523571e+01	
1.2800022290e+02	1.0090481818e+02	
1.2810046140e+02	1.0453869183e+02	
1.2820004353e+02	1.1040259778e+02	
1.2830050030e+02	1.1261150160e+02	
1.2840029050e+02	9.7013662028e+01	
1.2850030796e+02	7.9325698734e+01	
1.2860012117e+02	6.1495699593e+01	
1.2870031094e+02	5.7634047013e+01	
1.2880047782e+02	5.9675191079e+01	
1.2890029189e+02	5.8406181269e+01	
1.2900014547e+02	8.4782680949e+01	
1.2910016434e+02	5.7053214036e+01	
1.2920041193e+02	5.3977375245e+01	
1.2930039701e+02	5.0267757088e+01	
1.2940033092e+02	4.8930404821e+01	
1.2950050189e+02	5.0053822475e+01	
1.2960011755e+02	5.2309260603e+01	
1.2970007904e+02	6.1021476586e+01	
1.2980043122e+02	5.0506696298e+01	
1.2990043378e+02	5.9404102366e+01	
1.3000049034e+02	5.6843409475e+01	
1.3010021402e+02	5.2786237348e+01	
1.3020020871e+02	6.1062134928e+01	
1.3030011377e+02	5.4324074924e+01	
1.3040030679e+02	6.0860407485e+01	
1.3050003442e+02	7.4283291353e+01	
1.3060020253e+02	8.6552089542e+01	
1.3070038063e+02	1.0481842857e+02	
1.3080020067e+02	1.1198008369e+02	
1.3090018772e+02	1.1057081232e+02	
1.3100037753e+02	9.3056396656e+01	
1.3110043524e+02	9.2036348298e+01	
1.3120017142e+02	8.8380655776e+01	
1.3130024303e+02	7.8242934969e+01	
1.3140030250e+02	7.8502988260e+01	
1.3150038962e+02	8.0220107942e+01	
1.3160036484e+02	8.8761746362e+01	
1.3170036412e+02	8.9462132885e+01	
1.3180008486e+02	8.8168940118e+01	
1.3190045172e+02	8.9253983325e+01	
1.3200032950e+02	1.0341507258e+02	
1.3210029610e+02	1.1854283359e+02	
1.3220046649e+02	1.3147091702e+02	
1.3230032464e+02	1.4570750367e+02	
1.3240016935e+02	1.6268199785e+02	
1.3250043102e+02	1.7750766939e+02	
1.3260019193e+02	1.7574055595e+02	
1.3270015845e+02	1.7889534802e+02	
1.3280011743e+02	1.8348360271e+02	
1.3290047450e+02	1.5334119297e+02	
1.3300048884e+02	1.1846348826e+02	
1.3310028864e+02	1.6195986105e+02	
1.3320026052e+02	1.1373926246e+02	
1.3330007222e+02	1.2282580368e+02	
1.3340028118e+02	1.2821146010e+02	
1.3350039458e+02	1.3026903874e+02	
1.3360026493e+02	1.1113038223e+02	
1.3370047711e+02	1.3669004769e+02	
1.3380048420e+02	9.6381317057e+01	
1.3390006072e+02	1.0301554826e+02	
1.3400003690e+02	9.5062420820e+01	
1.3410024528e+02	8.5944235639e+01	
1.3420024097e+02	9.5120756645e+01	
1.3430036950e+02	1.0901942711e+02	
1.3440003407e+02	1.0059589612e+02	
1.3450006939e+02	9.5674823729e+01	
1.3460015425e+02	1.0061291790e+02	
1.3470020308e+02	9.5872403007e+01	
1.3480003897e+02	8.7803527208e+01	
1.3490008294e+02	9.0836731768e+01	
1.3500001591e+02	8.9671148247e+01	
1.3510023279e+02	8.3251111805e+01	
1.3520019885e+02	8.4126674476e+01	
1.3530042254e+02	1.1374083833e+02	
1.3540006582e+02	1.4932146163e+02	
1.3550005924e+02	1.8300272239e+02	
1.3560020559e+02	1.9901258294e+02	
1.3570035967e+02	1.7674460702e+02	
1.3580018625e+02	1.3350341881e+02	
1.3590041105e+02	1.2591755278e+02	
1.3600010501e+02	1.1488689336e+02	
1.3610026891e+02	1.2054163864e+02	
1.3620001760e+02	1.1790398324e+02	
1.3630026659e+02	1.1724038926e+02	
1.3640014475e+02	1.1359689079e+02	
1.3650021928e+02	1.0569961639e+02	
1.3660039976e+02	1.0123220749e+02	
1.3670044111e+02	9.6043265046e+01	
1.3680041961e+02	9.5888883710e+01	
1.3690005097e+02	9.4073897842e+01	
1.3700012902e+02	9.5362954302e+01	
1.3710001480e+02	9.5179418466e+01	
1.3720021329e+02	9.8755517260e+01	
1.3730046234e+02	8.7985507491e+01	
1.3740032216e+02	1.2336684137e+02	
1.3750046157e+02	1.1665024671e+02	
1.3760028696e+02	1.1049173388e+02	
1.3770048870e+02	1.1395960630e+02	
1.3780011828e+02	1.0746089406e+02	
1.3790040470e+02	1.1755164118e+02	
1.3800000514e+02	1.2829801847e+02	
1.3810048529e+02	1.3075862231e+02	
1.3820010388e+02	1.3480349709e+02	
1.3830034825e+02	9.4887581788e+01	
1.3840018634e+02	7.5456895026e+01	
1.3850044318e+02	7.2948274454e+01	
1.3860053017e+02	6.1898621779e+01	
1.3870001470e+02	4.6961750265e+01	
1.3880018369e+02	5.2960808519e+01	
1.3890015125e+02	5.1467133597e+01	
1.3900012685e+02	5.4220930399e+01	
1.3910041054e+02	5.8866778658e+01	
1.3920008449e+02	5.0352548246e+01	
1.3930041056e+02	5.6849716645e+01	
1.3940031701e+02	6.8014497884e+01	
1.3950038783e+02	6.6909593821e+01	
1.3960049840e+02	5.0851917197e+01	
1.3970011891e+02	5.7843138697e+01	
1.3980006587e+02	7.1595140961e+01	
1.3990008332e+02	1.1773187138e+02	
1.4000008468e+02	1.3657863726e+02	
1.4010011967e+02	1.4514925317e+02	
1.4020002220e+02	1.0821892416e+02	
1.4030041206e+02	9.8861388975e+01	
1.4040017996e+02	9.3956125565e+01	
1.4050045829e+02	1.1212256026e+02	
1.4060004213e+02	5.2184560000e+01	
1.4070002153e+02	4.4694162004e+01	
1.4080021012e+02	4.5472250264e+01	
1.4090001767e+02	4.7575814727e+01	
1.4100004404e+02	7.4015228679e+01	
1.4110011123e+02	5.1982504129e+01	
1.4120025834e+02	5.6808158777e+01	
1.4130017505e+02	5.8782681005e+01	
1.4140042082e+02	5.7112268708e+01	
1.4150035357e+02	5.7199637059e+01	
1.4160011946e+02	5.8112829065e+01	
1.4170013649e+02	5.6861136481e+01	
1.4180020548e+02	5.6213168655e+01	
1.4190026603e+02	4.8190620187e+01	
1.4200025703e+02	4.7987616104e+01	
1.4210024980e+02	6.6385238417e+01	
1.4220030526e+02	6.4603421443e+01	
1.4230016679e+02	7.7236676628e+01	
1.4240031090e+02	8.7157479967e+01	
1.4250007181e+02	6.8612500457e+01	
1.4260003032e+02	6.9069481367e+01	
1.4270015603e+02	7.1709813788e+01	
1.4280031019e+02	6.0010379331e+01	
1.4290030377e+02	5.6843913713e+01	
1.4300017960e+02	6.1567526393e+01	
1.4310037302e+02	5.7925489982e+01	
1.4320033849e+02	8.2148078967e+01	
1.4330011398e+02	1.0945261518e+02	
1.4340016814e+02	1.0647808846e+02	
1.4350035725e+02	8.5227792708e+01	
1.4360000442e+02	7.5126352616e+01	
1.4370020881e+02	7.6544427272e+01	
1.4380031262e+02	5.6541003884e+01	
1.4390019449e+02	5.6871731203e+01	
1.4400043571e+02	5.6528264744e+01	
1.4410003599e+02	5.7083197905e+01	
1.4420035844e+02	5.9125271198e+01	
1.4430023167e+02	6.1401070407e+01	
1.4440036703e+02	6.2951510775e+01	
1.4450012506e+02	6.3696495428e+01	
1.4460012230e+02	7.4932886099e+01	
1.4470000774e+02	6.5834682601e+01	
1.4480010474e+02	6.7910020706e+01	
1.4490025762e+02	6.8403718552e+01	
1.4500030051e+02	6.1268518735e+01	
1.4510050114e+02	8.1465519097e+01	
1.4520019471e+02	1.3341118016e+02	
1.4530000946e+02	1.0262493546e+02	
1.4540019716e+02	1.6596697700e+02	
1.4550005875e+02	1.1224754579e+02	
1.4560020169e+02	1.0709851227e+02	
1.4570013025e+02	1.8800419319e+02	
1.4580021358e+02	1.7568392664e+02	
1.4590030453e+02	1.6452469921e+02	
1.4600011707e+02	1.7717842183e+02	
1.4610047136e+02	1.6978149310e+02	
1.4620006785e+02	1.4072708805e+02	
1.4630033228e+02	9.8433067280e+01	
1.4640048106e+02	8.4830781074e+01	
1.4650018762e+02	8.9458075864e+01	
1.4660043079e+02	8.7828559857e+01	
1.4670031525e+02	9.2182553714e+01	
1.4680024253e+02	1.1646244909e+02	
1.4690054968e+02	1.4010206883e+02	
1.4700002635e+02	1.2502615940e+02	
1.4710047472e+02	1.0630199412e+02	
1.4720053968e+02	1.0276894443e+02	
1.4730050004e+02	1.2198274095e+02	
1.4740001977e+02	1.1201384820e+02	
1.4750025380e+02	5.7702475565e+01	
1.4760009650e+02	4.6750418830e+01	
1.4770011187e+02	5.9388085137e+01	
1.4780046781e+02	9.0059677150e+01	
1.4790019649e+02	9.8381388786e+01	
1.4800049480e+02	8.2648404657e+01	
1.4810052753e+02	6.9241887567e+01	
1.4820023248e+02	6.6616751620e+01	
1.4830038974e+02	7.3890154522e+01	
1.4840032983e+02	8.4331907076e+01	
1.4850039077e+02	9.7726145374e+01	
1.4860011118e+02	1.2441131751e+02	
1.4870033851e+02	1.3771959442e+02	
1.4880033591e+02	2.3556129294e+02	
1.4890037124e+02	2.5686788848e+02	
1.4900037472e+02	2.3931624040e+02	
1.4910049043e+02	1.5681567015e+02	
1.4920022652e+02	1.0435011145e+02	
1.4930015004e+02	8.1236913987e+01	
1.4940008877e+02	7.4754943261e+01	
1.4950030008e+02	6.9418624913e+01	
1.4960043861e+02	5.8297543041e+01	
1.4970028897e+02	7.9128469985e+01	
1.4980016376e+02	1.0313466391e+02	
1.4990043756e+02	1.1996624712e+02	
1.5000012623e+02	1.3036223949e+02	
1.5010003143e+02	1.3333037923e+02	
1.5020005655e+02	1.3211624274e+02	
1.5030015331e+02	1.3484746216e+02	
1.5040009418e+02	1.3520145874e+02	
1.5050003462e+02	1.3176935430e+02	
1.5060037648e+02	1.2528577450e+02	
1.5070045960e+02	1.2358981924e+02	
1.5080027812e+02	9.3836075689e+01	
1.5090008403e+02	1.2510323628e+02	
1.5100029318e+02	1.3558738468e+02	
1.5110015581e+02	1.4594056180e+02	
1.5120041548e+02	1.5635264271e+02	
1.5130052775e+02	1.2457264269e+02	
1.5140045823e+02	1.1509879278e+02	
1.5150052269e+02	7.7810613048e+01	
1.5160035603e+02	7.8311323317e+01	
1.5170053014e+02	7.5286109977e+01	
1.5180048525e+02	7.5006272282e+01	
1.5190023974e+02	6.7140378322e+01	
1.5200030698e+02	7.2186381069e+01	
1.5210009996e+02	8.9125136217e+01	
1.5220004855e+02	9.6504166852e+01	
1.5230016869e+02	9.4296011132e+01	
1.5240024181e+02	8.5078142221e+01	
1.5250048298e+02	7.3749108394e+01	
1.5260016208e+02	6.5059855798e+01	
1.5270010425e+02	7.0914573844e+01	
1.5280025637e+02	8.9258075810e+01	
1.5290031568e+02	9.6602405548e+01	
1.5300009200e+02	9.2031857226e+01	
1.5310035812e+02	6.1271033936e+01	
1.5320009300e+02	5.9386967034e+01	
1.5330041452e+02	5.5118296187e+01	
1.5340032388e+02	6.4684737575e+01	
1.5350034071e+02	8.7374419851e+01	
1.5360027126e+02	9.7419485186e+01	
1.5370035386e+02	1.0482467294e+02	
1.5380010801e+02	1.0728935868e+02	
1.5390055750e+02	1.0563202365e+02	
1.5400015701e+02	1.0297903409e+02	
1.5410017027e+02	1.0000592394e+02	
1.5420041346e+02	9.6903324339e+01	
1.5430038114e+02	1.1916892535e+02	
1.5440018528e+02	1.1548945933e+02	
1.5450026853e+02	9.6549053896e+01	
1.5460031397e+02	1.1988782861e+02	
1.5470032950e+02	1.1739654107e+02	
1.5480035035e+02	9.1898192044e+01	
1.5490050167e+02	9.5697777424e+01	
1.5500038609e+02	9.3412494405e+01	
1.5510037036e+02	1.0826329698e+02	
1.5520003276e+02	1.1766950795e+02	
1.5530002099e+02	1.1712216732e+02	
1.5540001546e+02	1.2369674131e+02	
1.5550046653e+02	1.2195091101e+02	
1.5560047565e+02	1.1129775255e+02	
1.5570025020e+02	9.5174950424e+01	
1.5580001363e+02	8.4121565719e+01	
1.5590012650e+02	7.3055072916e+01	
1.5600054247e+02	7.1982262005e+01	
1.5610048201e+02	7.3295361427e+01	
1.5620056605e+02	7.6635376540e+01	
1.5630046798e+02	7.1840939568e+01	
1.5640002659e+02	5.9775140278e+01	
1.5650055438e+02	5.5810498776e+01	
1.5660031055e+02	7.6043611356e+01	
1.5670021923e+02	7.1725603907e+01	
1.5680001473e+02	8.4502610584e+01	
1.5690051150e+02	9.7125261287e+01	
1.5700048259e+02	1.0507620868e+02	
1.5710042333e+02	9.8011534884e+01	
1.5720040934e+02	9.1659019978e+01	
1.5730015909e+02	9.8288380389e+01	
1.5740008334e+02	1.1054627992e+02	
1.5750034001e+02	1.0507485477e+02	
1.5760003193e+02	1.1822026373e+02	
1.5770019593e+02	9.9052163430e+01	
1.5780047785e+02	9.1729401082e+01	
1.5790008492e+02	8.2798650429e+01	
1.5800046280e+02	7.1143845104e+01	
1.5810020979e+02	6.4479177308e+01	
1.5820040885e+02	4.7000552570e+01	
1.5830034543e+02	4.6518866108e+01	
1.5840016952e+02	5.0938431317e+01	
1.5850039846e+02	6.5466315808e+01	
1.5860004909e+02	9.8023336778e+01	
1.5870001254e+02	1.0867153392e+02	
1.5880011700e+02	7.2447601982e+01	
1.5890041755e+02	5.2724929486e+01	
1.5900019534e+02	4.4871137835e+01	
1.5910030682e+02	6.6351518011e+01	
1.5920017453e+02	6.5966193362e+01	
1.5930040300e+02	5.7404673730e+01	
1.5940024413e+02	5.9312321731e+01	
1.5950002342e+02	1.0170522775e+02	
1.5960017084e+02	8.2076664040e+01	
1.5970048653e+02	9.7624513200e+01	
1.5980007861e+02	1.1493097301e+02	
1.5990035383e+02	1.0378878887e+02	
1.6000053720e+02	8.4532508896e+01	
1.6010013862e+02	5.2976414934e+01	
1.6020002288e+02	6.6636221932e+01	
1.6030022405e+02	1.1665509040e+02	
1.6040053421e+02	1.5000319114e+02	
1.6050009243e+02	1.3897202732e+02	
1.6060022434e+02	1.0802818306e+02	
1.6070006196e+02	1.2499114501e+02	
1.6080044005e+02	9.1680556154e+01	
1.6090052391e+02	6.1328627539e+01	
1.6100049403e+02	6.4187513813e+01	
1.6110016576e+02	5.3647365079e+01	
1.6120043765e+02	5.7061130773e+01	
1.6130035047e+02	5.8634013618e+01	
1.6140018886e+02	4.9724681176e+01	
1.6150047641e+02	5.2989708583e+01	
1.6160023734e+02	5.0220009418e+01	
1.6170008886e+02	4.9024224008e+01	
1.6180038081e+02	5.5926456089e+01	
1.6190000164e+02	5.5063090930e+01	
1.6200002628e+02	4.3964158481e+01	
1.6210043233e+02	6.0324009597e+01	
1.6220035462e+02	6.6054943084e+01	
1.6230038992e+02	7.1992412731e+01	
1.6240018582e+02	6.5484378020e+01	
1.6250044154e+02	6.0318027546e+01	
1.6260025828e+02	8.4850961254e+01	
1.6270030254e+02	8.6349901073e+01	
1.6280020248e+02	9.7065833061e+01	
1.6290000260e+02	7.9297055059e+01	
1.6300021273e+02	6.0455481352e+01	
1.6310034912e+02	6.1952982547e+01	
1.6320026020e+02	6.0440697017e+01	
1.6330015315e+02	6.8368072626e+01	
1.6340011730e+02	7.9055593630e+01	
1.6350014287e+02	7.6254034155e+01	
1.6360036688e+02	7.3744605052e+01	
1.6370046358e+02	7.0700461582e+01	
1.6380029808e+02	7.7993287447e+01	
1.6390019283e+02	8.1141448717e+01	
1.6400001334e+02	7.7983742377e+01	
1.6410037650e+02	7.1195301387e+01	
1.6420017390e+02	6.3575617801e+01	
1.6430024975e+02	7.4388181280e+01	
1.6440004003e+02	1.0799622501e+02	
1.6450042546e+02	1.2402566792e+02	
1.6460011527e+02	1.0028182406e+02	
1.6470049778e+02	9.4493241345e+01	
1.6480010548e+02	1.1985314000e+02	
1.6490001343e+02	1.3004339843e+02	
1.6500050510e+02	1.3397982269e+02	
1.6510004480e+02	1.4025286010e+02	
1.6520036618e+02	1.4169941737e+02	
1.6530009447e+02	1.3733708234e+02	
1.6540013957e+02	1.3045622351e+02	
1.6550046477e+02	1.1852791758e+02	
1.6560023805e+02	9.6520083678e+01	
1.6570050514e+02	7.4487048865e+01	
1.6580018075e+02	7.1992004799e+01	
1.6590042663e+02	7.9905972234e+01	
1.6600003611e+02	7.0944630205e+01	
1.6610055349e+02	7.0942340821e+01	
1.6620005489e+02	6.1955790177e+01	
1.6630013217e+02	5.5553973891e+01	
1.6640012956e+02	6.4968528859e+01	
1.6650012254e+02	6.1862867466e+01	
1.6660008503e+02	5.1954920370e+01	
1.6670019680e+02	4.2955334693e+01	
1.6680007238e+02	4.4288520938e+01	
1.6690009635e+02	4.9262919485e+01	
1.6700019537e+02	4.7358631453e+01	
1.6710016536e+02	6.2044411752e+01	
1.6720027881e+02	4.5725986509e+01	
1.6730023431e+02	3.6562948579e+01	
1.6740017805e+02	4.5128348458e+01	
1.6750022400e+02	5.0989314981e+01	
1.6760021242e+02	6.1981398181e+01	
1.6770005165e+02	7.0205529617e+01	
1.6780013967e+02	7.5332138661e+01	
1.6790015340e+02	7.7358345751e+01	
1.6800014203e+02	7.6901750499e+01	
1.6810016777e+02	7.1162453571e+01	
1.6820041129e+02	6.0439763816e+01	
1.6830021921e+02	6.6967051637e+01	
1.6840048477e+02	9.6788698679e+01	
1.6850023278e+02	1.1342559723e+02	
1.6860008678e+02	1.0801969340e+02	
1.6870007107e+02	9.5745393186e+01	
1.6880050401e+02	8.2539211461e+01	
1.6890051639e+02	7.0100984893e+01	
1.6900011932e+02	6.0646900831e+01	
1.6910013815e+02	6.4151599807e+01	
1.6920035273e+02	8.5756450522e+01	
1.6930030862e+02	9.6055458329e+01	
1.6940011867e+02	9.6370474735e+01	
1.6950051219e+02	9.0096838995e+01	
1.6960034922e+02	7.5910451264e+01	
1.6970039690e+02	5.8184620211e+01	
1.6980053800e+02	5.4482431999e+01	
1.6990041203e+02	5.4983313961e+01	
1.7000052258e+02	6.2435991370e+01	
1.7010008906e+02	8.0179267499e+01	
1.7020021083e+02	8.4275064191e+01	
1.7030012296e+02	7.9787811194e+01	
1.7040043104e+02	8.2669554087e+01	
1.7050010473e+02	9.0710142327e+01	
1.7060018877e+02	7.3523856843e+01	
1.7070003550e+02	7.6551852260e+01	
1.7080009019e+02	8.0153887922e+01	
1.7090018889e+02	7.9496152190e+01	
1.7100026248e+02	9.2944913566e+01	
1.7110044074e+02	9.7942091197e+01	
1.7120043810e+02	9.7095848162e+01	
1.7130039874e+02	8.7784085070e+01	
1.7140034792e+02	1.0064934591e+02	
1.7150013609e+02	1.2622724363e+02	
1.7160033502e+02	1.3786875552e+02	
1.7170039282e+02	1.4659420665e+02	
1.7180030355e+02	1.4153127918e+02	
1.7190001689e+02	1.3989415657e+02	
1.7200007867e+02	1.9653751245e+02	
1.7210012330e+02	2.1477835999e+02	
1.7220017337e+02	1.9167194856e+02	
1.7230054504e+02	1.6896696361e+02	
1.7240037684e+02	1.5397670605e+02	
1.7250020392e+02	1.3689987116e+02	
1.7260016093e+02	1.2099332521e+02	
1.7270034783e+02	1.3250185000e+02	
1.7280047532e+02	1.5090715094e+02	
1.7290037965e+02	1.3550329635e+02	
1.7300027804e+02	1.5503171608e+02	
1.7310037833e+02	1.4731256177e+02	
1.7320040409e+02	1.4747264159e+02	
1.7330042566e+02	1.0936625756e+02	
1.7340021706e+02	9.4630057367e+01	
1.7350007087e+02	8.8006701287e+01	
1.7360052615e+02	1.0165977944e+02	
1.7370025632e+02	1.1644166697e+02	
1.7380036097e+02	1.0536609758e+02	
1.7390014503e+02	9.8737211123e+01	
1.7400011481e+02	9.4782434613e+01	
1.7410043574e+02	8.2943086237e+01	
1.7420012886e+02	8.0707161999e+01	
1.7430018602e+02	5.8842052639e+01	
1.7440030206e+02	6.8883941033e+01	
1.7450037356e+02	6.4334242203e+01	
1.7460050484e+02	6.8625681445e+01	
1.7470035811e+02	7.6923948239e+01	
1.7480039718e+02	7.8211111689e+01	
1.7490045283e+02	7.9226209087e+01	
1.7500043902e+02	8.8492591694e+01	
1.7510033509e+02	9.6930241198e+01	
1.7520026768e+02	8.7992555984e+01	
1.7530000186e+02	6.8465436880e+01	
1.7540050372e+02	5.6609436301e+01	
1.7550023427e+02	5.8917205398e+01	
1.7560018287e+02	6.3614212960e+01	
1.7570040260e+02	5.9310810247e+01	
1.7580024626e+02	5.6948322366e+01	
1.7590021421e+02	5.4280972345e+01	
1.7600020379e+02	6.5539051773e+01	
1.7610047199e+02	7.8997726855e+01	
1.7620016283e+02	8.5041409449e+01	
1.7630027679e+02	5.5686144036e+01	
1.7640012548e+02	5.3114815859e+01	
1.7650014020e+02	5.2644736058e+01	
1.7660031252e+02	5.5922481330e+01	
1.7670006970e+02	5.4517800599e+01	
1.7680036098e+02	6.4046151808e+01	
1.7690039197e+02	5.3860021787e+01	
1.7700036166e+02	7.1800717938e+01	
1.7710008184e+02	7.8583677571e+01	
1.7720001028e+02	8.1228119225e+01	
1.7730035231e+02	9.5642442661e+01	
1.7740046010e+02	1.3025851196e+02	
1.7750034825e+02	1.3389465330e+02	
1.7760044294e+02	1.2874182647e+02	
1.7770046387e+02	1.2629571901e+02	
1.7780019051e+02	1.1241723113e+02	
1.7790039841e+02	1.0883619680e+02	
1.7800004315e+02	1.0170371712e+02	
1.7810004163e+02	9.6404481163e+01	
1.7820055835e+02	9.2770226209e+01	
1.7830042658e+02	1.8198135157e+02	
1.7840049422e+02	3.2800382325e+02	
1.7850048143e+02	3.2804543011e+02	
1.7860026714e+02	2.6767247299e+02	
1.7870046396e+02	2.7096867842e+02	
1.7880010684e+02	3.2344687294e+02	
1.7890052279e+02	2.4723750818e+02	
1.7900033830e+02	1.8386182210e+02	
1.7910050121e+02	1.8010538962e+02	
1.7920006194e+02	1.4313994202e+02	
1.7930045986e+02	1.2258645228e+02	
1.7940015556e+02	1.1301521912e+02	
1.7950033707e+02	1.0464154823e+02	
1.7960023013e+02	1.4402883459e+02	
1.7970040472e+02	1.6245479288e+02	
1.7980015602e+02	1.3234380417e+02	
1.7990051233e+02	8.4454935017e+01	
1.8000045043e+02	9.4596349627e+01	
1.8010010003e+02	1.1340670490e+02	
1.8020044652e+02	9.9480648983e+01	
1.8030030525e+02	8.8693715211e+01	
1.8040006217e+02	1.0860617981e+02	
1.8050043497e+02	1.2331210896e+02	
1.8060027816e+02	1.3349618505e+02	
1.8070025139e+02	1.1772765938e+02	
1.8080015798e+02	1.0152850718e+02	
1.8090021764e+02	1.0535763469e+02	
1.8100038027e+02	1.1520739839e+02	
1.8110027087e+02	1.1761861426e+02	
1.8120011970e+02	8.8327916143e+01	
1.8130036458e+02	7.7760600878e+01	
1.8140013954e+02	6.5616312879e+01	
1.8150002877e+02	6.6004912729e+01	
1.8160024615e+02	6.7805786833e+01	
1.8170032401e+02	6.9475676677e+01	
1.8180002519e+02	7.8885365553e+01	
1.8190039529e+02	7.9337445243e+01	
1.8200020962e+02	7.9658949227e+01	
1.8210041936e+02	8.4026776349e+01	
1.8220050651e+02	6.7309545031e+01	
1.8230049712e+02	6.7174809824e+01	
1.8240002605e+02	7.8976022932e+01	
1.8250018612e+02	9.9011381735e+01	
1.8260011542e+02	1.0626977824e+02	
1.8270047906e+02	1.0418801245e+02	
1.8280042499e+02	1.0892175155e+02	
1.8290030410e+02	1.1781694248e+02	
1.8300041550e+02	1.2053649945e+02	
1.8310021590e+02	1.1518359811e+02	
1.8320017290e+02	2.3474279542e+02	
1.8330037326e+02	2.4658804038e+02	
1.8340030365e+02	8.8014502550e+01	
1.8350017657e+02	1.0995232976e+02	
1.8360003561e+02	9.7172046294e+01	
1.8370038913e+02	1.0474751514e+02	
1.8380013495e+02	1.3513322901e+02	
1.8390031069e+02	1.3180944789e+02	
1.8400003843e+02	1.2927404217e+02	
1.8410041476e+02	1.2090485257e+02	
1.8420023216e+02	8.8712577339e+01	
1.8430042438e+02	1.0777278562e+02	
1.8440023715e+02	1.0882453009e+02	
1.8450030338e+02	1.0629875378e+02	
1.8460036475e+02	9.9735236817e+01	
1.8470021212e+02	1.0032582568e+02	
1.8480019117e+02	9.7860741391e+01	
1.8490032827e+02	8.1863628205e+01	
1.8500025040e+02	9.8501139323e+01	
1.8510036444e+02	1.1972731755e+02	
1.8520003042e+02	1.3214457690e+02	
1.8530034551e+02	1.3780907111e+02	
1.8540031662e+02	1.4047807058e+02	
1.8550004835e+02	1.3261430541e+02	
1.8560004322e+02	9.4812477179e+01	
1.8570044224e+02	8.3543428387e+01	
1.8580040033e+02	8.2023353699e+01	
1.8590047717e+02	7.2331739984e+01	
1.8600051692e+02	6.7147439311e+01	
1.8610040085e+02	1.0515030945e+02	
1.8620020363e+02	1.0689724339e+02	
1.8630019690e+02	1.0128090878e+02	
1.8640019584e+02	1.9982425560e+02	
1.8650015836e+02	2.1251909024e+02	
1.8660008335e+02	1.6603355887e+02	
1.8670044126e+02	1.2034900471e+02	
1.8680010012e+02	1.1209418633e+02	
1.8690046668e+02	1.1082837259e+02	
1.8700042291e+02	1.1543187232e+02	
1.8710018255e+02	1.0298296896e+02	
1.8720024178e+02	8.8176155110e+01	
1.8730006916e+02	9.0842749084e+01	
1.8740030451e+02	1.0745687776e+02	
1.8750001584e+02	9.8999933781e+01	
1.8760020637e+02	9.6503002148e+01	
1.8770037841e+02	8.2048622665e+01	
1.8780022210e+02	8.6462927456e+01	
1.8790019658e+02	8.2531379612e+01	
1.8800024865e+02	7.1244459130e+01	
1.8810045755e+02	6.1893308385e+01	
1.8820039748e+02	5.3179799247e+01	
1.8830005856e+02	4.7501959855e+01	
1.8840020828e+02	5.5678712179e+01	
1.8850037372e+02	5.8949268210e+01	
1.8860022347e+02	6.1268699771e+01	
1.8870000007e+02	5.8353848161e+01	
1.8880034922e+02	4.6074304658e+01	
1.8890001214e+02	9.3932669178e+01	
1.8900016153e+02	8.4808413816e+01	
1.8910025920e+02	8.3430634534e+01	
1.8920031492e+02	6.1482452642e+01	
1.8930036510e+02	5.1179272888e+01	
1.8940025455e+02	6.0312536015e+01	
1.8950045881e+02	5.6023884887e+01	
1.8960029275e+02	5.4216904096e+01	
1.8970046921e+02	1.0237811211e+02	
1.8980036455e+02	1.3063974245e+02	
1.8990022683e+02	8.7526625026e+01	
1.9000038364e+02	7.8878153834e+01	
1.9010037498e+02	1.0284957760e+02	
1.9020024009e+02	1.2540264608e+02	
1.9030035743e+02	1.2420738904e+02	
1.9040050107e+02	1.4420180375e+02	
1.9050042831e+02	2.2536229476e+02	
1.9060011253e+02	2.7233447504e+02	
1.9070049614e+02	1.7501759772e+02	
1.9080014005e+02	1.2089962857e+02	
1.9090002401e+02	1.1491006495e+02	
1.9100048504e+02	1.3719933814e+02	
1.9110046354e+02	1.7550872397e+02	
1.9120029518e+02	1.5012672595e+02	
1.9130010175e+02	1.2114210035e+02	
1.9140037193e+02	9.8336436354e+01	
1.9150020219e+02	9.6938494019e+01	
1.9160047054e+02	1.2774005076e+02	
1.9170036282e+02	1.3010794934e+02	
1.9180030050e+02	1.2604883235e+02	
1.9190028639e+02	1.1096587358e+02	
1.9200013979e+02	6.9956828881e+01	
1.9210046504e+02	6.3933756553e+01	
1.9220038947e+02	1.0405900590e+02	
1.9230039569e+02	1.1942399044e+02	
1.9240036823e+02	1.2906669309e+02	
1.9250014767e+02	1.3051170612e+02	
1.9260040365e+02	1.2860982401e+02	
1.9270001198e+02	1.1799603959e+02	
1.9280035556e+02	9.8510608588e+01	
1.9290010040e+02	6.1700110874e+01	
1.9300030785e+02	6.2283171123e+01	
1.9310049349e+02	5.5629540631e+01	
1.9320009368e+02	6.1093637504e+01	
1.9330014541e+02	6.3327298601e+01	
1.9340045843e+02	6.3977900856e+01	
1.9350002064e+02	6.6294313056e+01	
1.9360010030e+02	9.1113676296e+01	
1.9370012514e+02	9.2462278401e+01	
1.9380050792e+02	7.0931359851e+01	
1.9390013105e+02	4.4867545039e+01	
1.9400029943e+02	4.3792148508e+01	
1.9410035987e+02	4.8165132136e+01	
1.9420047999e+02	4.6421015748e+01	
1.9430053870e+02	5.1352970637e+01	
1.9440041308e+02	5.2217339090e+01	
1.9450026479e+02	6.3287907093e+01	
1.9460027840e+02	6.0991391357e+01	
1.9470021554e+02	5.4669886168e+01	
1.9480010729e+02	7.0181498413e+01	
1.9490001345e+02	7.2278618356e+01	
1.9500000291e+02	7.2925328475e+01	
1.9510018651e+02	9.7276280706e+01	
1.9520051361e+02	1.1336915597e+02	
1.9530015273e+02	1.1116792469e+02	
1.9540040285e+02	1.0349505420e+02	
1.9550002342e+02	8.6983691466e+01	
1.9560013483e+02	9.2162949484e+01	
1.9570010173e+02	9.4429954559e+01	
1.9580048197e+02	1.3573384812e+02	
1.9590025914e+02	1.4067345734e+02	
1.9600046829e+02	1.3493631849e+02	
1.9610046543e+02	9.7565304829e+01	
1.9620025283e+02	1.3037780035e+02	
1.9630025906e+02	1.4830947210e+02	
1.9640017949e+02	2.0086816318e+02	
1.9650012072e+02	2.3253086992e+02	
1.9660046852e+02	1.1201203371e+02	
1.9670043296e+02	8.5903621033e+01	
1.9680014111e+02	8.3184433861e+01	
1.9690007813e+02	1.3188965940e+02	
1.9700001861e+02	1.7000757250e+02	
1.9710030878e+02	1.5564170412e+02	
1.9720017879e+02	1.6075454482e+02	
1.9730002174e+02	1.2148003143e+02	
1.9740048135e+02	9.3552548934e+01	
1.9750016531e+02	8.0159688112e+01	
1.9760044099e+02	6.5257459406e+01	
1.9770016881e+02	7.0165537877e+01	
1.9780004968e+02	6.2645534418e+01	
1.9790002149e+02	5.3884134580e+01	
1.9800026077e+02	6.0119593660e+01	
1.9810050166e+02	7.0815056649e+01	
1.9820050795e+02	6.2736757951e+01	
1.9830039183e+02	5.6012438639e+01	
1.9840052106e+02	5.6391768060e+01	
1.9850015110e+02	4.8772830743e+01	
1.9860017545e+02	4.8809226197e+01	
1.9870033405e+02	6.2022505331e+01	
1.9880044476e+02	5.7337373218e+01	
1.9890026929e+02	6.2380315508e+01	
1.9900031078e+02	7.0613424244e+01	
1.9910031103e+02	5.2966277016e+01	
1.9920026455e+02	6.1959981274e+01	
1.9930054347e+02	1.0130756999e+02	
1.9940014009e+02	9.9299482697e+01	
1.9950029250e+02	9.5297110219e+01	
1.9960032907e+02	9.9680904107e+01	
1.9970009276e+02	1.0095252879e+02	
1.9980012230e+02	1.0322767402e+02	
1.9990010403e+02	9.9352056823e+01	
2.0000056266e+02	9.3776023247e+01	
2.0010042374e+02	7.4900900273e+01	
2.0020025164e+02	6.3070270871e+01	
2.0030005886e+02	5.5318162472e+01	
2.0040035819e+02	6.3750629115e+01	
2.0050013791e+02	7.2587542443e+01	
2.0060004085e+02	8.5053333976e+01	
2.0070012848e+02	7.8879951067e+01	
2.0080015384e+02	7.4345216651e+01	
2.0090039538e+02	7.1082851911e+01	
2.0100035611e+02	6.3761043771e+01	
2.0110039604e+02	5.4585181114e+01	
2.0120044265e+02	5.5303675417e+01	
2.0130050094e+02	6.5124386879e+01	
2.0140011521e+02	8.9796186581e+01	
2.0150026160e+02	7.2388351054e+01	
2.0160003153e+02	9.1533047109e+01	
2.0170037937e+02	1.0151417704e+02	
2.0180010908e+02	6.0342667292e+01	
2.0190028908e+02	5.0786761934e+01	
2.0200011294e+02	7.1200453518e+01	
2.0210005273e+02	1.1025306077e+02	
2.0220000175e+02	8.2074007468e+01	
2.0230001321e+02	7.2751504027e+01	
2.0240009189e+02	7.4646960634e+01	
2.0250042767e+02	8.3279195870e+01	
2.0260001795e+02	8.8545959506e+01	
2.0270028159e+02	7.3931685530e+01	
2.0280035728e+02	6.7590366564e+01	
2.0290028027e+02	5.9733888629e+01	
2.0300040258e+02	5.4331345519e+01	
2.0310025790e+02	5.0690005104e+01	
2.0320010444e+02	5.6444188196e+01	
2.0330024002e+02	5.8948249612e+01	
2.0340024410e+02	8.9440053708e+01	
2.0350045828e+02	9.9781023010e+01	
2.0360048825e+02	8.6509000204e+01	
2.0370038676e+02	8.6979431625e+01	
2.0380026149e+02	5.7009823972e+01	
2.0390015093e+02	5.1436624480e+01	
2.0400019896e+02	5.3807646406e+01	
2.0410030060e+02	5.1019452701e+01	
2.0420019670e+02	5.4464989226e+01	
2.0430022617e+02	5.1989697881e+01	
2.0440012914e+02	6.9261598070e+01	
2.0450012598e+02	5.2785192587e+01	
2.0460004543e+02	6.3554846911e+01	
2.0470014390e+02	5.9168655026e+01	
2.0480039969e+02	5.8592655314e+01	
2.0490017464e+02	6.8319112040e+01	
2.0500016698e+02	6.8586580122e+01	
2.0510032447e+02	6.0286240518e+01	
2.0520015850e+02	5.3389431309e+01	
2.0530037824e+02	5.0190652178e+01	
2.0540050601e+02	4.5999670112e+01	
2.0550029439e+02	4.4695943367e+01	
2.0560021953e+02	4.6878181301e+01	
2.0570047552e+02	5.4310817328e+01	
2.0580033017e+02	5.6551159386e+01	
2.0590028402e+02	5.4653149623e+01	
2.0600031139e+02	4.8797721497e+01	
2.0610021689e+02	5.7177814000e+01	
2.0620020256e+02	7.1926040410e+01	
2.0630030189e+02	8.8517292861e+01	
2.0640025030e+02	8.2612159861e+01	
2.0650009897e+02	7.6435708022e+01	
2.0660028756e+02	6.9058672746e+01	
2.0670028205e+02	6.0603390267e+01	
2.0680035113e+02	5.3604541103e+01	
2.0690037559e+02	5.2779404487e+01	
2.0700003636e+02	5.2957415786e+01	
2.0710003895e+02	5.1636327441e+01	
2.0720009270e+02	4.6379970498e+01	
2.0730050342e+02	5.0615437300e+01	
2.0740037387e+02	5.2013718711e+01	
2.0750007908e+02	5.6386168280e+01	
2.0760027581e+02	5.8531237687e+01	
2.0770015087e+02	6.4200271447e+01	
2.0780015069e+02	6.4998249873e+01	
2.0790013098e+02	7.9917484208e+01	
2.0800013386e+02	9.9426019885e+01	
2.0810040796e+02	1.0009759825e+02	
2.0820046205e+02	1.3754479850e+02	
2.0830014661e+02	1.3096088361e+02	
2.0840025506e+02	1.0100318993e+02	
2.0850009536e+02	1.0312617518e+02	
2.0860000161e+02	9.3937952191e+01	
2.0870009634e+02	9.1031545195e+01	
2.0880002133e+02	9.5611852618e+01	
2.0890008913e+02	8.2133212793e+01	
2.0900005929e+02	8.5491371148e+01	
2.0910027859e+02	8.8807059851e+01	
2.0920035245e+02	7.5730296331e+01	
2.0930038481e+02	6.9337895141e+01	
2.0940045483e+02	6.7664238006e+01	
2.0950024755e+02	6.4202712496e+01	
2.0960004079e+02	5.1502387646e+01	
2.0970017487e+02	5.6942248635e+01	
2.0980019316e+02	5.6001353747e+01	
2.0990049334e+02	7.2852290927e+01	
2.1000035082e+02	7.4020083281e+01	
2.1010007561e+02	7.1085456109e+01	
2.1020017844e+02	6.7009225822e+01	
2.1030017905e+02	6.1465082257e+01	
2.1040027287e+02	6.1148010549e+01	
2.1050002723e+02	6.3206805511e+01	
2.1060018431e+02	8.0605740828e+01	
2.1070046649e+02	7.7050299031e+01	
2.1080036994e+02	6.6220415929e+01	
2.1090032751e+02	5.8263886341e+01	
2.1100036839e+02	5.9329291708e+01	
2.1110021026e+02	6.3125842886e+01	
2.1120016556e+02	6.6111658003e+01	
2.1130014622e+02	6.9220532602e+01	
2.1140028432e+02	6.5543278526e+01	
2.1150033688e+02	6.8026504964e+01	
2.1160050282e+02	6.0668145768e+01	
2.1170019590e+02	5.4301380795e+01	
2.1180030773e+02	4.8057102065e+01	
2.1190003765e+02	8.7409970657e+01	
2.1200015980e+02	9.0774243006e+01	
2.1210044268e+02	7.5188441667e+01	
2.1220031262e+02	5.9904008245e+01	
2.1230006668e+02	6.4297405700e+01	
2.1240024125e+02	6.3457155797e+01	
2.1250007643e+02	6.9466958137e+01	
2.1260012952e+02	1.0482858629e+02	
2.1270034130e+02	8.2062308410e+01	
2.1280054955e+02	9.4921981085e+01	
2.1290020568e+02	9.7481713836e+01	
2.1300004531e+02	6.1034940099e+01	
2.1310038633e+02	5.6485360822e+01	
2.1320018335e+02	4.8334770979e+01	
2.1330031458e+02	6.4810143521e+01	
2.1340014643e+02	7.7635985392e+01	
2.1350043623e+02	8.2941965030e+01	
2.1360013076e+02	8.4095118650e+01	
2.1370015254e+02	5.1539080718e+01	
2.1380026457e+02	5.4293907042e+01	
2.1390026607e+02	7.7255779813e+01	
2.1400038605e+02	1.0562235766e+02	
2.1410008039e+02	8.6473701419e+01	
2.1420010602e+02	4.8749016439e+01	
2.1430037281e+02	5.0115729518e+01	
2.1440025759e+02	6.1481674972e+01	
2.1450044530e+02	6.0852793600e+01	
2.1460046130e+02	8.0067250532e+01	
2.1470044415e+02	1.0418463392e+02	
2.1480001545e+02	1.5429974187e+02	
2.1490041484e+02	1.3967552726e+02	
2.1500029690e+02	6.2521195949e+01	
2.1510002883e+02	6.5462958976e+01	
2.1520040987e+02	4.8703416534e+01	
2.1530030306e+02	4.4275488724e+01	
2.1540010830e+02	4.5917808258e+01	
2.1550050107e+02	3.9910246745e+01	
2.1560037402e+02	3.8090789775e+01	
2.1570028976e+02	4.6378303469e+01	
2.1580039014e+02	4.0540955900e+01	
2.1590006741e+02	4.3125529465e+01	
2.1600031304e+02	4.3810646355e+01	
2.1610042986e+02	4.2515691427e+01	
2.1620012701e+02	3.9687941021e+01	
2.1630010608e+02	5.5835804720e+01	
2.1640017785e+02	4.7139800125e+01	
2.1650032609e+02	5.8460238696e+01	
2.1660018709e+02	6.1223628922e+01	
2.1670026557e+02	5.9502473317e+01	
2.1680012963e+02	5.7510068509e+01	
2.1690002201e+02	5.7624486268e+01	
2.1700030065e+02	5.4875311703e+01	
2.1710031319e+02	4.9975032207e+01	
2.1720044162e+02	5.1350758663e+01	
2.1730045759e+02	5.0214816479e+01	
2.1740017791e+02	5.1993586940e+01	
2.1750035343e+02	7.2206936855e+01	
2.1760009134e+02	5.7164566151e+01	
2.1770005210e+02	7.4760329778e+01	
2.1780027997e+02	6.6315922557e+01	
2.1790025582e+02	8.3807606776e+01	
2.1800006021e+02	9.7778894796e+01	
2.1810032771e+02	1.0271947187e+02	
2.1820002346e+02	7.5206844134e+01	
2.1830053524e+02	9.7991839753e+01	
2.1840000759e+02	7.7502644297e+01	
2.1850027099e+02	8.0502689424e+01	
2.1860047746e+02	6.7070995845e+01	
2.1870015386e+02	8.9919598948e+01	
2.1880007926e+02	1.2212217142e+02	
2.1890043120e+02	1.2064982940e+02	
2.1900037029e+02	1.2007696689e+02	
2.1910053501e+02	1.3373968574e+02	
2.1920001088e+02	1.5680173970e+02	
2.1930051697e+02	1.5125311074e+02	
2.1940042284e+02	1.2276226464e+02	
2.1950049311e+02	7.7776458315e+01	
2.1960045014e+02	7.6168582196e+01	
2.1970006087e+02	4.8250149961e+01	
2.1980001868e+02	6.5569453993e+01	
2.1990005987e+02	5.4804200893e+01	
2.2000012161e+02	5.1677081089e+01	
2.2010025422e+02	5.3072846023e+01	
2.2020024448e+02	6.4609281184e+01	
2.2030007930e+02	6.2445806919e+01	
2.2040030847e+02	8.9621326853e+01	
2.2050051423e+02	1.0753416405e+02	
2.2060014774e+02	1.2209428802e+02	
2.2070006569e+02	7.1990531405e+01	
2.2080030739e+02	5.8578844918e+01	
2.2090000201e+02	5.9864624746e+01	
2.2100046807e+02	6.1103548789e+01	
2.2110017471e+02	7.0911675153e+01	
2.2120043693e+02	7.4598579461e+01	
2.2130050227e+02	7.9446371376e+01	
2.2140051014e+02	8.2558534009e+01	
2.2150024297e+02	8.0048527113e+01	
2.2160004214e+02	6.9329460654e+01	
2.2170016548e+02	7.2688239422e+01	
2.2180037696e+02	5.9791608531e+01	
2.2190015757e+02	7.6978032314e+01	
2.2200006836e+02	7.5734933368e+01	
2.2210030034e+02	9.0684268188e+01	
2.2220012545e+02	9.3320942515e+01	
2.2230044843e+02	9.1989726750e+01	
2.2240006673e+02	7.3237118378e+01	
2.2250022970e+02	6.4676429560e+01	
2.2260023144e+02	5.8136207722e+01	
2.2270000649e+02	6.0237621074e+01	
2.2280006404e+02	6.7125579102e+01	
2.2290042428e+02	7.8539830136e+01	
2.2300012039e+02	6.7071414001e+01	
2.2310038222e+02	6.5138745909e+01	
2.2320009612e+02	6.0217145721e+01	
2.2330027591e+02	5.6019274285e+01	
2.2340024635e+02	5.5312997337e+01	
2.2350010431e+02	5.8607429432e+01	
2.2360049351e+02	4.2188572152e+01	
2.2370013934e+02	3.8573088492e+01	
2.2380025916e+02	3.5252145250e+01	
2.2390019227e+02	3.1982586431e+01	
2.2400008467e+02	3.1990298590e+01	
2.2410004550e+02	3.4682094274e+01	
2.2420008269e+02	3.7398722803e+01	
2.2430052947e+02	4.2705697119e+01	
2.2440000115e+02	3.2027960912e+01	
2.2450045387e+02	3.3994154982e+01	
2.2460035902e+02	4.6102554834e+01	
2.2470049351e+02	3.8848193981e+01	
2.2480023191e+02	4.8467250479e+01	
2.2490019599e+02	4.9124668853e+01	
2.2500031020e+02	4.6425763817e+01	
2.2510025801e+02	4.0805447519e+01	
2.2520027102e+02	3.8821406689e+01	
2.2530041239e+02	4.3916643956e+01	
2.2540006054e+02	6.0516864481e+01	
2.2550049745e+02	8.1199088733e+01	
2.2560019937e+02	1.0005729883e+02	
2.2570003070e+02	1.1778996923e+02	
2.2580026609e+02	1.0704940116e+02	
2.2590053035e+02	9.5495442860e+01	
2.2600004867e+02	9.4424267621e+01	
2.2610034886e+02	7.3096149886e+01	
2.2620049570e+02	6.2933122209e+01	
2.2630044354e+02	6.5424281025e+01	
2.2640046467e+02	6.5328157954e+01	
2.2650003927e+02	6.3587956313e+01	
2.2660032703e+02	1.4419080188e+02	
2.2670045146e+02	3.0238961613e+02	
2.2680004818e+02	2.4631591737e+02	
2.2690032794e+02	2.3492564084e+02	
2.2700002636e+02	1.9253377829e+02	
2.2710028732e+02	2.1208673940e+02	
2.2720034378e+02	1.5707752744e+02	
2.2730031034e+02	1.5093411752e+02	
2.2740020549e+02	1.6889408404e+02	
2.2750024521e+02	1.7066104681e+02	
2.2760033177e+02	1.6787470183e+02	
2.2770002328e+02	1.6650917995e+02	
2.2780018527e+02	1.4972435867e+02	
2.2790002991e+02	1.0432062617e+02	
2.2800049235e+02	7.3797030272e+01	
2.2810036053e+02	6.9426826636e+01	
2.2820047885e+02	8.5910378716e+01	
2.2830038962e+02	9.0085111108e+01	
2.2840014868e+02	8.9985561812e+01	
2.2850046431e+02	6.5916709511e+01	
2.2860015997e+02	6.9920665706e+01	
2.2870023818e+02	7.7345578288e+01	
2.2880044187e+02	7.8528942591e+01	
2.2890012084e+02	8.7359775425e+01	
2.2900028692e+02	9.1849462090e+01	
2.2910041797e+02	8.0411557292e+01	
2.2920028863e+02	7.5945716736e+01	
2.2930026250e+02	7.6978573561e+01	
2.2940006135e+02	8.7831307513e+01	
2.2950041081e+02	8.7242771683e+01	
2.2960044807e+02	8.5365542028e+01	
2.2970052253e+02	8.7392588022e+01	
2.2980033108e+02	7.1557757346e+01	
2.2990016825e+02	5.5521057132e+01	
2.3000002796e+02	5.3512360684e+01	
2.3010004442e+02	5.1185259983e+01	
2.3020047667e+02	4.8841070535e+01	
2.3030025629e+02	5.4699326377e+01	
2.3040003049e+02	5.4484913911e+01	
2.3050047179e+02	5.2054354245e+01	
2.3060015517e+02	5.1242331775e+01	
2.3070008330e+02	5.6571265060e+01	
2.3080038659e+02	6.5448737693e+01	
2.3090044905e+02	6.1738633041e+01	
2.3100011416e+02	7.2999666571e+01	
2.3110038686e+02	7.2066684639e+01	
2.3120013386e+02	6.7324259205e+01	
2.3130036133e+02	4.9326406609e+01	
2.3140018356e+02	5.6608002157e+01	
2.3150012925e+02	6.0768889343e+01	
2.3160012078e+02	4.3296369344e+01	
2.3170021721e+02	6.1383817271e+01	
2.3180021550e+02	5.2669604129e+01	
2.3190008169e+02	4.6290406561e+01	
2.3200050327e+02	5.4161578762e+01	
2.3210052288e+02	4.5123328398e+01	
2.3220048813e+02	7.1380156469e+01	
2.3230030944e+02	9.5724186400e+01	
2.3240035570e+02	1.0054048972e+02	
2.3250017366e+02	9.9307818731e+01	
2.3260001951e+02	8.4312894403e+01	
2.3270047671e+02	5.2402023335e+01	
2.3280018422e+02	4.8695481459e+01	
2.3290044089e+02	4.5301501233e+01	
2.3300000542e+02	4.6290208264e+01	
2.3310046070e+02	4.7882581784e+01	
2.3320006141e+02	7.0197112324e+01	
2.3330007699e+02	5.3901570299e+01	
2.3340007118e+02	6.2370042349e+01	
2.3350000756e+02	4.3727013328e+01	
2.3360017035e+02	8.1452010407e+01	
2.3370020835e+02	9.9916566644e+01	
2.3380030180e+02	9.6098759001e+01	
2.3390024529e+02	1.0933939765e+02	
2.3400043927e+02	1.0254072790e+02	
2.3410010487e+02	1.5075742727e+02	
2.3420039156e+02	9.5139390776e+01	
2.3430004431e+02	9.3770901033e+01	
2.3440012283e+02	7.9394110667e+01	
2.3450040594e+02	7.6799277597e+01	
2.3460041236e+02	7.9258700082e+01	
2.3470034061e+02	1.0022132807e+02	
2.3480005615e+02	7.5779974428e+01	
2.3490052403e+02	5.9797639802e+01	
2.3500007890e+02	5.6425934612e+01	
2.3510010018e+02	4.5722461273e+01	
2.3520031619e+02	5.1147170042e+01	
2.3530038000e+02	5.1479269067e+01	
2.3540053621e+02	5.2212087389e+01	
2.3550054824e+02	4.9055900674e+01	
2.3560005242e+02	4.0761365540e+01	
2.3570013200e+02	4.4458938785e+01	
2.3580040035e+02	4.7233789710e+01	
2.3590045362e+02	4.5132870392e+01	
2.3600026254e+02	4.0072607459e+01	
2.3610043721e+02	4.3009547918e+01	
2.3620012419e+02	2.7593846938e+01	
2.3630046333e+02	3.5953663800e+01	
2.3640028092e+02	4.3820906036e+01	
2.3650046279e+02	4.8064938586e+01	
2.3660021709e+02	7.7495148845e+01	
2.3670006642e+02	7.1783775211e+01	
2.3680005353e+02	9.4559978119e+01	
2.3690017995e+02	7.7762616489e+01	
2.3700053624e+02	6.7037172115e+01	
2.3710002719e+02	7.8575942066e+01	
2.3720044141e+02	8.1341248805e+01	
2.3730005559e+02	8.2117414509e+01	
2.3740034852e+02	8.9268395408e+01	
2.3750024643e+02	8.2943614528e+01	
2.3760007082e+02	7.9311490106e+01	
2.3770018547e+02	9.8913689688e+01	
2.3780057075e+02	1.1240482488e+02	
2.3790048888e+02	1.1887101496e+02	
2.3800018864e+02	1.2144185891e+02	
2.3810027733e+02	1.2212921229e+02	
2.3820021414e+02	6.5662099989e+01	
2.3830041859e+02	4.7943421839e+01	
2.3840009909e+02	4.2786244803e+01	
2.3850044115e+02	3.7232111510e+01	
2.3860008116e+02	4.4063915799e+01	
2.3870018870e+02	5.3053971360e+01	
2.3880004893e+02	5.9029491823e+01	
2.3890008001e+02	5.7218960922e+01	
2.3900025215e+02	5.4139619560e+01	
2.3910014191e+02	5.7544564139e+01	
2.3920030836e+02	5.2006029976e+01	
2.3930035157e+02	5.7470609036e+01	
2.3940019633e+02	5.3667008155e+01	
2.3950032842e+02	6.2343625824e+01	
2.3960014673e+02	5.5362958177e+01	
2.3970004408e+02	7.2451420999e+01	
2.3980018202e+02	9.8255745124e+01	
2.3990013926e+02	7.7924684032e+01	
2.4000025655e+02	7.1302894159e+01	
2.4010042892e+02	9.7087327465e+01	
2.4020023783e+02	1.2204778929e+02	
2.4030048257e+02	1.2846329279e+02	
2.4040001349e+02	9.2084573958e+01	
2.4050025093e+02	1.1072010081e+02	
2.4060019221e+02	1.4071458999e+02	
2.4070027716e+02	1.5623475727e+02	
2.4080050438e+02	1.5956339505e+02	
2.4090046303e+02	1.2366315589e+02	
2.4100019883e+02	6.8932696823e+01	
2.4110025234e+02	5.2104236782e+01	
2.4120028057e+02	4.2766968319e+01	
2.4130038460e+02	4.2062765447e+01	
2.4140048588e+02	8.5884804653e+01	
2.4150007306e+02	1.1861164398e+02	
2.4160038265e+02	9.6959070354e+01	
2.4170022061e+02	6.3665411915e+01	
2.4180004562e+02	5.0365874956e+01	
2.4190011611e+02	3.7636776218e+01	
2.4200039508e+02	3.2337947219e+01	
2.4210045539e+02	4.0331533802e+01	
2.4220036627e+02	4.7137630093e+01	
2.4230014553e+02	4.7226116677e+01	
2.4240033393e+02	3.8129821475e+01	
2.4250037260e+02	5.6415340798e+01	
2.4260047207e+02	4.5295485356e+01	
2.4270018975e+02	3.7581617422e+01	
2.4280035463e+02	5.1874237560e+01	
2.4290052857e+02	5.6528825524e+01	
2.4300037196e+02	6.7592891877e+01	
2.4310009684e+02	5.7683899799e+01	
2.4320000714e+02	5.4464100982e+01	
2.4330016551e+02	5.1977364618e+01	
2.4340028684e+02	5.1750963315e+01	
2.4350039391e+02	4.9347455757e+01	
2.4360008423e+02	4.7740634162e+01	
2.4370027310e+02	4.8019709925e+01	
2.4380020028e+02	5.4391878465e+01	
2.4390023596e+02	6.0477144925e+01	
2.4400010043e+02	6.3487368648e+01	
2.4410044954e+02	6.1001101261e+01	
2.4420000781e+02	8.6699077061e+01	
2.4430045174e+02	9.5265201439e+01	
2.4440042405e+02	6.1743650871e+01	
2.4450023070e+02	8.6365541413e+01	
2.4460037156e+02	8.3737353604e+01	
2.4470043958e+02	1.1314813211e+02	
2.4480024360e+02	1.5483391477e+02	
2.4490017686e+02	1.1760626062e+02	
2.4500042445e+02	1.0970579739e+02	
2.4510033424e+02	1.0099253837e+02	
2.4520037619e+02	1.0313333657e+02	
2.4530006083e+02	7.7253937287e+01	
2.4540035928e+02	7.0574950873e+01	
2.4550029559e+02	6.9490714475e+01	
2.4560008495e+02	6.4998126837e+01	
2.4570021228e+02	1.1683976884e+02	
2.4580011557e+02	1.1930768536e+02	
2.4590009582e+02	1.2434459841e+02	
2.4600034977e+02	1.2237716770e+02	
2.4610046557e+02	8.3147291233e+01	
2.4620025705e+02	1.0296707201e+02	
2.4630048811e+02	8.7834862822e+01	
2.4640022959e+02	1.2009294938e+02	
2.4650034232e+02	1.1178119917e+02	
2.4660011070e+02	8.2190774306e+01	
2.4670018484e+02	7.8006507177e+01	
2.4680002163e+02	7.6940253260e+01	
2.4690045720e+02	8.0727359847e+01	
2.4700049660e+02	8.4434862392e+01	
2.4710022433e+02	9.1142699926e+01	
2.4720042807e+02	8.4920952375e+01	
2.4730049905e+02	7.0658823190e+01	
2.4740021015e+02	7.8406006443e+01	
2.4750049490e+02	7.7553615657e+01	
2.4760055523e+02	5.9135958903e+01	
2.4770003635e+02	7.2275119494e+01	
2.4780022959e+02	8.3950559073e+01	
2.4790050213e+02	9.2090115926e+01	
2.4800051655e+02	9.8257101433e+01	
2.4810036041e+02	7.8285355009e+01	
2.4820017031e+02	6.8257474339e+01	
2.4830027408e+02	6.3486666591e+01	
2.4840024231e+02	4.4995482499e+01	
2.4850030092e+02	4.4088293687e+01	
2.4860023869e+02	4.9197244610e+01	
2.4870030953e+02	5.7762037477e+01	
2.4880001558e+02	4.3157506581e+01	
2.4890003058e+02	1.2167465580e+02	
2.4900050244e+02	9.6717123570e+01	
2.4910007023e+02	7.1043223073e+01	
2.4920005772e+02	7.1868495208e+01	
2.4930009113e+02	6.7237197062e+01	
2.4940050880e+02	7.3025715068e+01	
2.4950008614e+02	6.8668142236e+01	
2.4960036651e+02	7.0323997844e+01	
2.4970040555e+02	7.8089001473e+01	
2.4980039738e+02	9.7561474159e+01	
2.4990032359e+02	1.0346974029e+02	
2.5000049739e+02	9.1508062581e+01	
2.5010033596e+02	1.0807176830e+02	
2.5020045526e+02	1.1203756122e+02	
2.5030047487e+02	9.1167247364e+01	
2.5040021876e+02	7.7834065199e+01	
2.5050014230e+02	6.3021562900e+01	
2.5060038223e+02	6.2687478512e+01	
2.5070007980e+02	6.3798041127e+01	
2.5080042436e+02	5.4619717145e+01	
2.5090023956e+02	4.9118862347e+01	
2.5100053134e+02	3.9619880535e+01	
2.5110052200e+02	4.8624895250e+01	
2.5120035294e+02	5.9055228318e+01	
2.5130039480e+02	6.3762945787e+01	
2.5140041111e+02	6.7485947520e+01	
2.5150038560e+02	7.3790924873e+01	
2.5160024818e+02	9.6583725582e+01	
2.5170041438e+02	6.4270821664e+01	
2.5180030481e+02	9.8949142681e+01	
2.5190021404e+02	9.2797921965e+01	
2.5200034891e+02	9.0212131695e+01	
2.5210022849e+02	9.5013583461e+01	
2.5220025465e+02	1.0688179063e+02	
2.5230026694e+02	9.6034099580e+01	
2.5240033266e+02	1.0556949279e+02	
2.5250005502e+02	8.2407060865e+01	
2.5260020178e+02	1.1470948055e+02	
2.5270032206e+02	9.5344870713e+01	
2.5280029367e+02	8.0720177088e+01	
2.5290044790e+02	7.5352066238e+01	
2.5300047080e+02	6.4872720814e+01	
2.5310006992e+02	6.6643958257e+01	
2.5320030629e+02	8.5160338262e+01	
2.5330049067e+02	8.0459997371e+01	
2.5340045669e+02	8.5459658795e+01	
2.5350035955e+02	8.9285819483e+01	
2.5360022611e+02	9.1025669011e+01	
2.5370016567e+02	8.9756266362e+01	
2.5380034187e+02	8.5176933639e+01	
2.5390024367e+02	8.4193945101e+01	
2.5400047691e+02	8.1653963110e+01	
2.5410011449e+02	7.8131822760e+01	
2.5420040574e+02	7.4507402713e+01	
2.5430010565e+02	7.2947755683e+01	
2.5440028803e+02	7.0278933415e+01	
2.5450026356e+02	6.7170488100e+01	
2.5460005696e+02	6.2993167036e+01	
2.5470014834e+02	5.6577463203e+01	
2.5480044466e+02	5.2116836271e+01	
2.5490025026e+02	4.7737536126e+01	
2.5500006514e+02	4.4672099567e+01	
2.5510000854e+02	4.4424861646e+01	
2.5520033730e+02	4.4650661407e+01	
2.5530048121e+02	4.9820339397e+01	
2.5540045677e+02	5.6622958693e+01	
2.5550001039e+02	6.2570923768e+01	
2.5560023307e+02	6.7299405539e+01	
2.5570037599e+02	6.9648852478e+01	
2.5580040553e+02	6.9161072814e+01	
2.5590019742e+02	6.6686868872e+01	
2.5600047981e+02	6.2138499981e+01	
2.5610008483e+02	6.0534944477e+01	
2.5620024626e+02	8.3905871640e+01	
2.5630018191e+02	7.7087249883e+01	
2.5640030309e+02	7.5595433951e+01	
2.5650020013e+02	7.6947463869e+01	
2.5660022138e+02	6.4081429034e+01	
2.5670001044e+02	5.6613008046e+01	
2.5680010437e+02	5.1275254904e+01	
2.5690017875e+02	4.9633316879e+01	
2.5700005227e+02	4.7836725709e+01	
2.5710016748e+02	4.4828598838e+01	
2.5720008776e+02	5.2022217028e+01	
2.5730043661e+02	5.6055271862e+01	
2.5740037613e+02	6.0265839692e+01	
2.5750024168e+02	6.2455241827e+01	
2.5760038615e+02	6.3175806674e+01	
2.5770025646e+02	8.9840564077e+01	
2.5780018286e+02	1.0445807588e+02	
2.5790017302e+02	1.0850856444e+02	
2.5800033274e+02	6.1457906854e+01	
2.5810022638e+02	7.0875237572e+01	
2.5820015176e+02	1.1213887558e+02	
2.5830040017e+02	1.0706578980e+02	
2.5840000292e+02	1.0797701568e+02	
2.5850047010e+02	8.4593781255e+01	
2.5860046868e+02	7.8467640122e+01	
2.5870009402e+02	6.6414602603e+01	
2.5880007028e+02	7.5323719474e+01	
2.5890006109e+02	7.1822827452e+01	
2.5900035162e+02	7.7618171944e+01	
2.5910005988e+02	8.1849090988e+01	
2.5920050099e+02	8.5971363544e+01	
2.5930048366e+02	9.0334951046e+01	
2.5940051235e+02	9.2951324552e+01	
2.5950040010e+02	9.3428757278e+01	
2.5960004775e+02	8.9503596381e+01	
2.5970015226e+02	6.3702338795e+01	
2.5980055065e+02	4.1737065616e+01	
2.5990009635e+02	5.1561079031e+01	
2.6000012391e+02	6.3666748549e+01	
2.6010002480e+02	4.9196060260e+01	
2.6020042366e+02	3.8432012224e+01	
2.6030044648e+02	3.3385393067e+01	
2.6040017896e+02	3.4091861688e+01	
2.6050023881e+02	3.4475912876e+01	
2.6060013014e+02	3.7074560679e+01	
2.6070043145e+02	3.7224067225e+01	
2.6080031115e+02	3.7133648092e+01	
2.6090023761e+02	4.4240634359e+01	
2.6100029921e+02	4.4931677601e+01	
2.6110054147e+02	4.2950261548e+01	
2.6120037552e+02	4.5216832566e+01	
2.6130000980e+02	4.5523985550e+01	
2.6140042283e+02	4.5254533394e+01	
2.6150001900e+02	4.7596442627e+01	
2.6160046729e+02	4.5384808666e+01	
2.6170052302e+02	4.4769548790e+01	
2.6180004620e+02	4.5128375299e+01	
2.6190003992e+02	4.7171781503e+01	
2.6200030351e+02	6.6925156274e+01	
2.6210043859e+02	4.9953231518e+01	
2.6220029045e+02	4.5121466143e+01	
2.6230002254e+02	6.2604803123e+01	
2.6240052226e+02	5.4656701437e+01	
2.6250005056e+02	6.2831623010e+01	
2.6260032734e+02	5.8369690925e+01	
2.6270034555e+02	6.0880729879e+01	
2.6280021925e+02	6.3461839670e+01	
2.6290008047e+02	7.6700509899e+01	
2.6300048658e+02	6.7168324028e+01	
2.6310010469e+02	6.7432771096e+01	
2.6320008810e+02	6.6906074023e+01	
2.6330026240e+02	8.7789906254e+01	
2.6340049489e+02	8.3975516218e+01	
2.6350003630e+02	4.8855735950e+01	
2.6360025778e+02	3.9817501808e+01	
2.6370014780e+02	5.0452906771e+01	
2.6380009402e+02	7.2777338394e+01	
2.6390048048e+02	8.1587473024e+01	
2.6400001077e+02	7.1393318147e+01	
2.6410053244e+02	7.0943692516e+01	
2.6420023794e+02	7.6056258271e+01	
2.6430031840e+02	7.5027919756e+01	
2.6440053490e+02	7.1251169342e+01	
2.6450052745e+02	7.3761433881e+01	
2.6460044475e+02	7.3974899266e+01	
2.6470040898e+02	6.2573899677e+01	
2.6480010140e+02	8.2835811987e+01	
2.6490047834e+02	6.3961181968e+01	
2.6500039810e+02	7.3548819191e+01	
2.6510044754e+02	7.8114436760e+01	
2.6520005358e+02	9.2565072556e+01	
2.6530011996e+02	5.1441071644e+01	
2.6540021481e+02	5.1911789254e+01	
2.6550051863e+02	4.8312117884e+01	
2.6560007150e+02	4.9935948865e+01	
2.6570036855e+02	6.5733063263e+01	
2.6580032393e+02	8.1549940714e+01	
2.6590026753e+02	9.3283959227e+01	
2.6600019806e+02	1.1199265413e+02	
2.6610003318e+02	1.2051466901e+02	
2.6620000904e+02	1.1071304419e+02	
2.6630030738e+02	9.8942227637e+01	
2.6640046104e+02	9.5519395459e+01	
2.6650027282e+02	7.0925101924e+01	
2.6660038962e+02	5.6648899688e+01	
2.6670011165e+02	4.4057492811e+01	
2.6680026478e+02	4.7193579284e+01	
2.6690010359e+02	4.5952444195e+01	
2.6700028542e+02	5.1663844478e+01	
2.6710009212e+02	6.0279003894e+01	
2.6720051776e+02	6.8173121041e+01	
2.6730027603e+02	7.7850110246e+01	
2.6740039807e+02	8.7765281568e+01	
2.6750043204e+02	9.1782602918e+01	
2.6760027363e+02	9.2403673651e+01	
2.6770025245e+02	9.5367935291e+01	
2.6780036725e+02	9.8124898392e+01	
2.6790041371e+02	1.0021018134e+02	
2.6800050404e+02	1.0056975057e+02	
2.6810035873e+02	9.1551098030e+01	
2.6820034054e+02	8.6056739033e+01	
2.6830046683e+02	5.4557034918e+01	
2.6840041138e+02	5.0613409010e+01	
2.6850039601e+02	6.3865792754e+01	
2.6860005997e+02	7.7830790404e+01	
2.6870013092e+02	7.8731664222e+01	
2.6880035601e+02	1.3647664894e+02	
2.6890046346e+02	1.3495484208e+02	
2.6900021014e+02	1.5775294454e+02	
2.6910035704e+02	1.3747877873e+02	
2.6920004682e+02	9.4952480842e+01	
2.6930007844e+02	9.8885276615e+01	
2.6940046423e+02	1.0332399256e+02	
2.6950028063e+02	8.5261616132e+01	
2.6960025224e+02	7.4143963431e+01	
2.6970032757e+02	6.3317854544e+01	
2.6980051813e+02	7.4513590296e+01	
2.6990003792e+02	8.4336987478e+01	
2.7000024329e+02	8.3753588421e+01	
2.7010049895e+02	6.8303346602e+01	
2.7020008490e+02	5.4793368089e+01	
2.7030006498e+02	4.4698930052e+01	
2.7040036192e+02	5.5533567057e+01	
2.7050036691e+02	6.4964156649e+01	
2.7060048796e+02	8.1311125634e+01	
2.7070011164e+02	8.6277283567e+01	
2.7080019744e+02	7.6436093192e+01	
2.7090022646e+02	6.7163116768e+01	
2.7100040617e+02	6.0318537654e+01	
2.7110032901e+02	5.6433900249e+01	
2.7120007762e+02	5.2924316966e+01	
2.7130044939e+02	5.6334520396e+01	
2.7140040404e+02	6.7673896137e+01	
2.7150019037e+02	1.4432733393e+02	
2.7160016521e+02	1.7649692800e+02	
2.7170036243e+02	9.9856270064e+01	
2.7180021080e+02	7.6447047689e+01	
2.7190048027e+02	5.5555689730e+01	
2.7200003622e+02	4.5129623845e+01	
2.7210050478e+02	4.2818716146e+01	
2.7220008641e+02	5.3915428762e+01	
2.7230023555e+02	6.0711618575e+01	
2.7240042555e+02	5.9676275947e+01	
2.7250007877e+02	7.3223099171e+01	
2.7260054262e+02	9.0225417009e+01	
2.7270049228e+02	9.6114501775e+01	
2.7280025693e+02	9.3564563127e+01	
2.7290011798e+02	8.1160606743e+01	
2.7300051680e+02	6.8487695097e+01	
2.7310005107e+02	5.8214363319e+01	
2.7320006565e+02	5.1337159227e+01	
2.7330020919e+02	6.6255132984e+01	
2.7340039461e+02	9.1479640522e+01	
2.7350016711e+02	8.4860581000e+01	
2.7360028190e+02	5.5661378227e+01	
2.7370015731e+02	5.6367679328e+01	
2.7380011232e+02	5.5248154629e+01	
2.7390020459e+02	7.1662164378e+01	
2.7400003781e+02	1.4386903424e+02	
2.7410001663e+02	1.2048402738e+02	
2.7420047318e+02	9.6354719945e+01	
2.7430006681e+02	1.0021593782e+02	
2.7440003464e+02	8.1018266964e+01	
2.7450021666e+02	1.1022735291e+02	
2.7460017732e+02	1.2673905000e+02	
2.7470038410e+02	1.1058053222e+02	
2.7480050679e+02	9.4532899093e+01	
2.7490037739e+02	9.0360835787e+01	
2.7500026666e+02	7.9152641120e+01	
2.7510000521e+02	7.8542554769e+01	
2.7520015846e+02	6.2439173396e+01	
2.7530046463e+02	5.2545836037e+01	
2.7540041791e+02	5.4634831161e+01	
2.7550005922e+02	5.8531169051e+01	
2.7560007431e+02	6.2193262405e+01	
2.7570018250e+02	5.2322733785e+01	
2.7580003862e+02	5.3603691935e+01	
2.7590001307e+02	4.7672390353e+01	
2.7600043347e+02	4.7098952254e+01	
2.7610021839e+02	5.2385922561e+01	
2.7620052820e+02	6.3297764029e+01	
2.7630026234e+02	6.9173284525e+01	
2.7640027824e+02	7.4519032035e+01	
2.7650029807e+02	7.5185641084e+01	
2.7660050910e+02	9.4246564637e+01	
2.7670012119e+02	7.8816075430e+01	
2.7680022227e+02	5.9847436996e+01	
2.7690017005e+02	5.3421856045e+01	
2.7700050781e+02	5.4172971371e+01	
2.7710004871e+02	6.0113250682e+01	
2.7720052162e+02	6.1409312155e+01	
2.7730002982e+02	6.8771520507e+01	
2.7740018740e+02	4.9669632205e+01	
2.7750041157e+02	5.3093468113e+01	
2.7760029576e+02	5.5920967086e+01	
2.7770031824e+02	5.5938324888e+01	
2.7780008417e+02	5.3956370872e+01	
2.7790013804e+02	4.6358088506e+01	
2.7800011623e+02	4.8892739883e+01	
2.7810006836e+02	6.0192600982e+01	
2.7820027216e+02	5.6020918125e+01	
2.7830022717e+02	5.6960294752e+01	
2.7840038533e+02	5.9767376082e+01	
2.7850002446e+02	5.8883021213e+01	
2.7860020586e+02	5.4854739820e+01	
2.7870018326e+02	7.0533710624e+01	
2.7880051478e+02	6.9006928518e+01	
2.7890003144e+02	6.5810216154e+01	
2.7900021801e+02	6.7339104735e+01	
2.7910037896e+02	6.1632619470e+01	
2.7920049866e+02	5.4974677195e+01	
2.7930034072e+02	4.7637858333e+01	
2.7940010597e+02	4.8696483111e+01	
2.7950038809e+02	4.3364724308e+01	
2.7960022285e+02	4.6751582425e+01	
2.7970025753e+02	4.7993853853e+01	
2.7980038414e+02	4.9421826964e+01	
2.7990022152e+02	5.9235270218e+01	
2.8000032633e+02	6.5124279035e+01	
2.8010002074e+02	7.4196046407e+01	
2.8020007438e+02	6.5678469933e+01	
2.8030035145e+02	6.1872904359e+01	
2.8040001711e+02	8.5735976305e+01	
2.8050048959e+02	5.3141945345e+01	
2.8060006853e+02	5.1426446235e+01	
2.8070026222e+02	4.9862104368e+01	
2.8080025417e+02	5.1030100227e+01	
2.8090051384e+02	5.8139198253e+01	
2.8100008076e+02	5.7024332996e+01	
2.8110028650e+02	6.8003609422e+01	
2.8120034115e+02	5.8452893468e+01	
2.8130030773e+02	6.7392977492e+01	
2.8140037814e+02	6.5159932389e+01	
2.8150047850e+02	6.3116069137e+01	
2.8160003085e+02	6.3028139500e+01	
2.8170055113e+02	5.8633355641e+01	
2.8180040262e+02	5.3567673402e+01	
2.8190047284e+02	4.8797512280e+01	
2.8200015392e+02	4.1398815622e+01	
2.8210029093e+02	4.1321112886e+01	
2.8220038024e+02	4.5043235881e+01	
2.8230025599e+02	5.3227038879e+01	
2.8240030263e+02	4.7757443601e+01	
2.8250034821e+02	6.0373969290e+01	
2.8260013412e+02	7.1678224146e+01	
2.8270019986e+02	3.9959932873e+01	
2.8280054334e+02	3.4379373081e+01	
2.8290011709e+02	3.4438789025e+01	
2.8300031922e+02	3.7833662919e+01	
2.8310045690e+02	4.9236733760e+01	
2.8320005846e+02	4.7809759445e+01	
2.8330017142e+02	3.7232274168e+01	
2.8340005508e+02	3.7878932397e+01	
2.8350019800e+02	6.4296076076e+01	
2.8360032187e+02	5.7412464798e+01	
2.8370006522e+02	5.5145767712e+01	
2.8380029087e+02	5.0466755393e+01	
2.8390047796e+02	4.9640929670e+01	
2.8400012010e+02	5.6027989976e+01	
2.8410025839e+02	6.2805575518e+01	
2.8420018555e+02	8.0727931730e+01	
2.8430002096e+02	9.1745361714e+01	
2.8440013679e+02	6.9431449381e+01	
2.8450034953e+02	6.4686680590e+01	
2.8460052471e+02	6.4851142927e+01	
2.8470023554e+02	6.4634206692e+01	
2.8480051881e+02	6.9797321314e+01	
2.8490016965e+02	6.6025005924e+01	
2.8500017732e+02	6.3827028358e+01	
2.8510043160e+02	5.6582467291e+01	
2.8520055938e+02	5.0510642737e+01	
2.8530046461e+02	6.1652669607e+01	
2.8540014413e+02	5.7750525213e+01	
2.8550006341e+02	6.0335830536e+01	
2.8560029479e+02	1.1969901853e+02	
2.8570007648e+02	1.1836440601e+02	
2.8580041996e+02	1.0505485890e+02	
2.8590027204e+02	8.9123602046e+01	
2.8600021647e+02	7.4546591684e+01	
2.8610006422e+02	6.6710926480e+01	
2.8620042215e+02	5.4744102880e+01	
2.8630019932e+02	4.3021367685e+01	
2.8640000807e+02	3.5131739337e+01	
2.8650043190e+02	4.7621557021e+01	
2.8660028866e+02	4.3700090003e+01	
2.8670030462e+02	4.7277893145e+01	
2.8680044305e+02	6.2301846404e+01	
2.8690019995e+02	5.6333676047e+01	
2.8700009217e+02	4.8841722839e+01	
2.8710006635e+02	6.0070725088e+01	
2.8720049750e+02	5.6324202549e+01	
2.8730039927e+02	4.9569622159e+01	
2.8740018225e+02	6.4992786537e+01	
2.8750046617e+02	4.6558847387e+01	
2.8760011454e+02	4.6837255706e+01	
2.8770028022e+02	5.2937432222e+01	
2.8780054482e+02	6.0014090314e+01	
2.8790001336e+02	6.3440004149e+01	
2.8800004138e+02	6.8615202996e+01	
2.8810034068e+02	7.9759049156e+01	
2.8820004950e+02	8.3749812618e+01	
2.8830006504e+02	8.4065238892e+01	
2.8840028134e+02	6.2177582372e+01	
2.8850046133e+02	5.1847590572e+01	
2.8860007033e+02	4.9222833666e+01	
2.8870046613e+02	4.8707887065e+01	
2.8880002314e+02	5.0345466438e+01	
2.8890028150e+02	5.0432573084e+01	
2.8900022534e+02	5.2974449972e+01	
2.8910011642e+02	5.7371122114e+01	
2.8920015040e+02	6.5681736268e+01	
2.8930050020e+02	7.5053295105e+01	
2.8940029148e+02	8.1229932981e+01	
2.8950035605e+02	8.7544284684e+01	
2.8960009509e+02	8.4748990757e+01	
2.8970010568e+02	8.0163010336e+01	
2.8980029458e+02	7.0712870705e+01	
2.8990017054e+02	7.1921094873e+01	
2.9000052598e+02	7.0842823126e+01	
2.9010016320e+02	5.7147212995e+01	
2.9020006053e+02	5.8259104952e+01	
2.9030013141e+02	5.6727675239e+01	
2.9040026562e+02	4.8654072550e+01	
2.9050029570e+02	5.2012050239e+01	
2.9060028109e+02	4.9932635668e+01	
2.9070051665e+02	5.0348536793e+01	
2.9080036101e+02	6.3432329719e+01	
2.9090040093e+02	8.4952714872e+01	
2.9100007612e+02	6.3980735613e+01	
2.9110055511e+02	5.2544739629e+01	
2.9120040320e+02	5.6931918868e+01	
2.9130002035e+02	5.1860946851e+01	
2.9140034557e+02	5.6216296421e+01	
2.9150049376e+02	4.1317842755e+01	
2.9160016991e+02	3.8664021737e+01	
2.9170035726e+02	4.5592799530e+01	
2.9180030785e+02	4.5915218046e+01	
2.9190005500e+02	4.2777212766e+01	
2.9200001943e+02	6.0204636297e+01	
2.9210026374e+02	6.3460126141e+01	
2.9220030643e+02	1.0954150477e+02	
2.9230049656e+02	1.1370915395e+02	
2.9240012659e+02	8.2012846352e+01	
2.9250001004e+02	5.4443219001e+01	
2.9260030338e+02	4.6121311874e+01	
2.9270015494e+02	4.8743595798e+01	
2.9280012707e+02	4.4036217068e+01	
2.9290025916e+02	8.5805250674e+01	
2.9300031594e+02	8.7808646655e+01	
2.9310017182e+02	8.0508971045e+01	
2.9320034822e+02	5.7201875447e+01	
2.9330001677e+02	4.4603935870e+01	
2.9340037485e+02	4.4631210492e+01	
2.9350045709e+02	4.3774772872e+01	
2.9360028623e+02	4.5467447625e+01	
2.9370049860e+02	4.4276065656e+01	
2.9380049630e+02	4.6329431367e+01	
2.9390025761e+02	4.9311449493e+01	
2.9400034816e+02	4.8038822727e+01	
2.9410015688e+02	6.9422853103e+01	
2.9420002517e+02	5.7540627290e+01	
2.9430021868e+02	4.0552139055e+01	
2.9440006676e+02	4.6186855636e+01	
2.9450030858e+02	4.8749357790e+01	
2.9460002274e+02	3.9110733697e+01	
2.9470009453e+02	4.7970211741e+01	
2.9480015725e+02	5.5241157988e+01	
2.9490015362e+02	6.5582864889e+01	
2.9500022798e+02	7.6822807730e+01	
2.9510025100e+02	5.3062906530e+01	
2.9520026244e+02	6.2130158454e+01	
2.9530009844e+02	6.4174416968e+01	
2.9540055470e+02	6.0743931325e+01	
2.9550004245e+02	5.7608925432e+01	
2.9560051063e+02	5.6170709761e+01	
2.9570029104e+02	5.8599977582e+01	
2.9580003024e+02	6.0551948971e+01	
2.9590006309e+02	6.3977831757e+01	
2.9600048453e+02	7.1348606183e+01	
2.9610002900e+02	6.9132011110e+01	
2.9620014356e+02	7.9093155207e+01	
2.9630052270e+02	8.1251063340e+01	
2.9640006112e+02	8.9142046632e+01	
2.9650029012e+02	1.3610675855e+02	
2.9660010845e+02	1.4449970353e+02	
2.9670000141e+02	1.4558161867e+02	
2.9680031793e+02	1.5696143911e+02	
2.9690016973e+02	1.6565815979e+02	
2.9700011293e+02	1.2981361132e+02	
2.9710011573e+02	1.1678010189e+02	
2.9720015119e+02	9.1512155004e+01	
2.9730046507e+02	6.7211192683e+01	
2.9740030774e+02	8.7145204326e+01	
2.9750048149e+02	9.0057382401e+01	
2.9760020773e+02	1.0345805649e+02	
2.9770013771e+02	1.2740643491e+02	
2.9780027494e+02	1.4990549610e+02	
2.9790025345e+02	1.2566983813e+02	
2.9800010648e+02	1.3344999638e+02	
2.9810016943e+02	1.3158514734e+02	
2.9820048555e+02	1.1017197637e+02	
2.9830036644e+02	1.0173417177e+02	
2.9840016648e+02	1.1771877248e+02	
2.9850018168e+02	1.1115205209e+02	
2.9860043620e+02	8.3759934160e+01	
2.9870044757e+02	9.9396141633e+01	
2.9880018609e+02	1.2350080558e+02	
2.9890042434e+02	1.4028978480e+02	
2.9900017256e+02	1.1422050332e+02	
2.9910039079e+02	7.6501679195e+01	
2.9920028281e+02	8.6810614647e+01	
2.9930025865e+02	7.1750153217e+01	
2.9940010529e+02	5.8378970383e+01	
2.9950045859e+02	5.8138608426e+01	
2.9960011439e+02	6.1630002187e+01	
2.9970030352e+02	6.2953809503e+01	
2.9980052664e+02	6.0937237117e+01	
2.9990013359e+02	5.6808588129e+01	
3.0000009305e+02	5.7424535171e+01	
3.0010022671e+02	6.3407886800e+01	
3.0020036856e+02	5.5539308001e+01	
3.0030000247e+02	4.8154520041e+01	
3.0040011458e+02	5.7633280940e+01	
3.0050044395e+02	5.4931023252e+01	
3.0060028417e+02	6.0855601755e+01	
3.0070040883e+02	6.0212740274e+01	
3.0080048113e+02	7.1355188919e+01	
3.0090013320e+02	8.9389492684e+01	
3.0100034293e+02	6.9357503828e+01	
3.0110006244e+02	6.2769680190e+01	
3.0120007304e+02	5.4915707772e+01	
3.0130014477e+02	6.9537667060e+01	
3.0140017989e+02	1.1363402850e+02	
3.0150021399e+02	1.1330921178e+02	
3.0160043555e+02	1.3829472752e+02	
3.0170008518e+02	1.2550961518e+02	
3.0180046079e+02	1.7886346711e+02	
3.0190010699e+02	2.1113102072e+02	
3.0200008330e+02	2.2267103306e+02	
3.0210044572e+02	2.3232470104e+02	
3.0220038619e+02	2.3613738164e+02	
3.0230029029e+02	2.2239318980e+02	
3.0240051535e+02	1.6388720503e+02	
3.0250020536e+02	1.1534814037e+02	
3.0260034818e+02	1.0232995114e+02	
3.0270032844e+02	8.3159840902e+01	
3.0280051932e+02	9.1627890199e+01	
3.0290043436e+02	9.5943418545e+01	
3.0300014613e+02	1.2556015521e+02	
3.0310033352e+02	1.4541459158e+02	
3.0320009635e+02	2.4686202018e+02	
3.0330043991e+02	1.6641966525e+02	
3.0340018051e+02	1.2026871865e+02	
3.0350000457e+02	1.0158070254e+02	
3.0360045884e+02	8.6736814727e+01	
3.0370054381e+02	8.1349747002e+01	
3.0380037723e+02	1.1569239857e+02	
