0.0000000000e+00	2.0000000000e-01	
1.0031416359e-01	2.0326730209e-01	
2.0015921439e-01	2.0293221399e-01	
3.0022073409e-01	2.0284499864e-01	
4.0020577063e-01	2.0275558107e-01	
5.0019759038e-01	2.0267144206e-01	
6.0026402536e-01	2.0277099303e-01	
7.0002455873e-01	2.0299820608e-01	
8.0036686399e-01	2.0318427534e-01	
9.0039525466e-01	2.0331199766e-01	
1.0004917740e+00	2.0339803952e-01	
1.1000129461e+00	2.0345873024e-01	
1.2003376480e+00	2.0351075691e-01	
1.3001593757e+00	2.0356738540e-01	
1.4002870619e+00	2.0375900845e-01	
1.5002971440e+00	2.0400537422e-01	
1.6001379644e+00	2.0423354470e-01	
1.7006886643e+00	2.0444307250e-01	
1.8005201722e+00	2.0463694317e-01	
1.9005174463e+00	2.0481524643e-01	
2.0002746177e+00	2.0495917784e-01	
2.1000761663e+00	2.0507107372e-01	
2.2001890772e+00	2.0520424094e-01	
2.3004245921e+00	2.0531786826e-01	
2.4002208703e+00	2.0540161090e-01	
2.5000076806e+00	2.0555944116e-01	
2.6002000556e+00	2.0568125290e-01	
2.7003756054e+00	2.0576662631e-01	
2.8001852590e+00	2.0576096433e-01	
2.9001123335e+00	2.0579911313e-01	
3.0002325980e+00	2.0590028220e-01	
3.1002642418e+00	2.0596304239e-01	
3.2003121115e+00	2.0592647636e-01	
3.3001047731e+00	2.0593382121e-01	
3.4001347127e+00	2.0602751934e-01	
3.5001217338e+00	2.0608247502e-01	
3.6001590326e+00	2.0610037102e-01	
3.7003332814e+00	2.0606840549e-01	
3.8002981821e+00	2.0604850759e-01	
3.9000755224e+00	2.0610325221e-01	
4.0000999843e+00	2.0615725378e-01	
4.1003724620e+00	2.0620471260e-01	
4.2003462604e+00	2.0620381363e-01	
4.3003597104e+00	2.0620060036e-01	
4.4002041034e+00	2.0634205272e-01	
4.5001631162e+00	2.0643678844e-01	
4.6005261364e+00	2.0655168801e-01	
4.7001309822e+00	2.0670812209e-01	
4.8004789358e+00	2.0687866678e-01	
4.9006601315e+00	2.0705044751e-01	
5.0002192956e+00	2.0721954631e-01	
5.1000140780e+00	2.0736659508e-01	
5.2001974331e+00	2.0732198803e-01	
5.3004348791e+00	2.0723908216e-01	
5.4000400816e+00	2.0728432845e-01	
5.5003579519e+00	2.0724810176e-01	
5.6003148349e+00	2.0728093734e-01	
5.7003412295e+00	2.0732258943e-01	
5.8000311503e+00	2.0736179819e-01	
5.9002419370e+00	2.0745431479e-01	
6.0002032884e+00	2.0760110339e-01	
6.1000141985e+00	2.0771776405e-01	
6.2001536366e+00	2.0778751670e-01	
6.3003366410e+00	2.0791865794e-01	
6.4002815799e+00	2.0797060338e-01	
6.5000990674e+00	2.0791159499e-01	
6.6002831882e+00	2.0792473988e-01	
6.7001586152e+00	2.0800579717e-01	
6.8002049337e+00	2.0811437186e-01	
6.9001075374e+00	2.0817836235e-01	
7.0003376521e+00	2.0833941533e-01	
7.1000850529e+00	2.0867717876e-01	
7.2002220474e+00	2.0864191217e-01	
7.3002616958e+00	2.0849239798e-01	
7.4000766928e+00	2.0832882640e-01	
7.5000235200e+00	2.0809132117e-01	
7.6004779995e+00	2.0833983895e-01	
7.7006059867e+00	2.0863097491e-01	
7.8005491095e+00	2.0922404786e-01	
7.9004297899e+00	2.0989316896e-01	
8.0004445058e+00	2.1060456542e-01	
8.1002141856e+00	2.1100987030e-01	
8.2000525178e+00	2.1188797499e-01	
8.3001207652e+00	2.1237890185e-01	
8.4000390128e+00	2.1279066498e-01	
8.5000782262e+00	2.1293449520e-01	
8.6000398213e+00	2.1270360161e-01	
8.7002425889e+00	2.1281797392e-01	
8.8001457643e+00	2.1832289372e-01	
8.9001899405e+00	2.1878522887e-01	
9.0003893896e+00	2.1857791682e-01	
9.1003712333e+00	2.1953932189e-01	
9.2002673690e+00	2.1893845086e-01	
9.3001421059e+00	2.1825461336e-01	
9.4001093999e+00	2.1909650396e-01	
9.5003015564e+00	2.1941979743e-01	
9.6003652032e+00	2.2025760651e-01	
9.7000695306e+00	2.2121750943e-01	
9.8002660882e+00	2.2169050279e-01	
9.9002610247e+00	2.2397811558e-01	
1.0000143946e+01	2.2702113621e-01	
1.0100007436e+01	2.2997678249e-01	
1.0200323361e+01	2.3351596245e-01	
1.0300253802e+01	2.3491142458e-01	
1.0400244204e+01	2.4033974500e-01	
1.0500304561e+01	2.4583007783e-01	
1.0600280698e+01	2.5528294054e-01	
1.0700456541e+01	2.6697054740e-01	
1.0800111850e+01	2.8063600185e-01	
1.0900112679e+01	2.9400555382e-01	
1.1000535236e+01	3.0817232009e-01	
1.1100590362e+01	3.2318121339e-01	
1.1200198283e+01	3.3795919919e-01	
1.1300468155e+01	3.3950264667e-01	
1.1400293632e+01	3.3962711024e-01	
1.1500322338e+01	3.4035083983e-01	
1.1600193253e+01	3.2013809213e-01	
1.1700241884e+01	3.1853485232e-01	
1.1800127444e+01	3.1430078524e-01	
1.1900122840e+01	3.0746571266e-01	
1.2000079649e+01	3.1509163752e-01	
1.2100235055e+01	3.1940982553e-01	
1.2200042579e+01	3.2641851617e-01	
1.2300178080e+01	3.2353519827e-01	
1.2400109346e+01	3.0993045340e-01	
1.2500001451e+01	3.1280550990e-01	
1.2600237231e+01	3.3025314400e-01	
1.2700148072e+01	3.3933634127e-01	
1.2800019334e+01	3.4916148852e-01	
1.2900077982e+01	3.4476301624e-01	
1.3000368959e+01	3.3017506287e-01	
1.3100237081e+01	3.3645835035e-01	
1.3200080483e+01	3.3840070647e-01	
1.3300297397e+01	3.4047742868e-01	
1.3400205281e+01	3.4704020173e-01	
1.3500022284e+01	3.4732264769e-01	
1.3600296432e+01	3.4693398095e-01	
1.3700041956e+01	3.4986113954e-01	
1.3800093479e+01	3.5572912536e-01	
1.3900375919e+01	3.7112745945e-01	
1.4000387945e+01	3.8873496578e-01	
1.4100329517e+01	4.1072859400e-01	
1.4200325137e+01	4.7709482592e-01	
1.4300266006e+01	4.9114711065e-01	
1.4400284883e+01	4.8953502274e-01	
1.4500125279e+01	5.1745513399e-01	
1.4600332629e+01	5.3191000303e-01	
1.4700335617e+01	5.2173580162e-01	
1.4800233461e+01	4.6727800386e-01	
1.4900008679e+01	4.4202036998e-01	
1.5000380961e+01	4.4244553932e-01	
1.5100002086e+01	4.4543774556e-01	
1.5200058429e+01	4.6256782804e-01	
1.5300019975e+01	4.5528661876e-01	
1.5400013162e+01	5.3450771462e-01	
1.5500348844e+01	4.9475414251e-01	
1.5600301716e+01	5.6761625026e-01	
1.5700243973e+01	4.7843084127e-01	
1.5800162709e+01	4.7870107386e-01	
1.5900355950e+01	5.0380243429e-01	
1.6000318492e+01	5.0147220586e-01	
1.6100264099e+01	4.6624946019e-01	
1.6200258070e+01	5.1312498311e-01	
1.6300119012e+01	5.2593973739e-01	
1.6400261124e+01	5.2687829814e-01	
1.6500185274e+01	5.7887686029e-01	
1.6600314587e+01	6.2863009589e-01	
1.6700284274e+01	6.3567740919e-01	
1.6800191637e+01	7.4498682587e-01	
1.6900067271e+01	8.0557779711e-01	
1.7000351762e+01	8.3721122736e-01	
1.7100089592e+01	7.0639477333e-01	
1.7200232453e+01	7.3379319452e-01	
1.7300401122e+01	9.8236815886e-01	
1.7400356467e+01	2.0515469649e+00	
1.7500524748e+01	7.5498316528e-01	
1.7600389833e+01	7.1007784975e-01	
1.7700211665e+01	8.6205762287e-01	
1.7800414558e+01	7.6650748005e-01	
1.7900192912e+01	7.5592569238e-01	
1.8000137665e+01	7.2899805778e-01	
1.8100005664e+01	7.0640944233e-01	
1.8200227326e+01	8.3601358635e-01	
1.8300033793e+01	1.0332506512e+00	
1.8400270637e+01	9.7265627530e-01	
1.8500245021e+01	9.7809987761e-01	
1.8600235653e+01	9.7370521356e-01	
1.8700093393e+01	9.3661366899e-01	
1.8800162298e+01	9.2926612493e-01	
1.8900156445e+01	8.5830891630e-01	
1.9000325217e+01	9.3061613551e-01	
1.9100212864e+01	1.0430659981e+00	
1.9200197890e+01	8.4571195528e-01	
1.9300111128e+01	1.0210628679e+00	
1.9400169347e+01	9.8944825971e-01	
1.9500287241e+01	9.6945742696e-01	
1.9600124232e+01	1.1764739873e+00	
1.9700140235e+01	9.8026540590e-01	
1.9800115287e+01	1.0517861989e+00	
1.9900036218e+01	1.0973806689e+00	
2.0000295114e+01	1.0382265773e+00	
2.0100237495e+01	1.2370102808e+00	
2.0200155856e+01	1.8721317376e+00	
2.0300380925e+01	1.4984132816e+00	
2.0400027724e+01	1.5584631704e+00	
2.0500016277e+01	1.1542073142e+00	
2.0600271768e+01	1.2202351746e+00	
2.0700347789e+01	1.2795695368e+00	
2.0800245275e+01	1.2278200519e+00	
2.0900157076e+01	1.5204609782e+00	
2.1000375289e+01	1.7098270295e+00	
2.1100067809e+01	1.8508216791e+00	
2.1200028800e+01	2.5914131740e+00	
2.1300223295e+01	1.3795663154e+00	
2.1400183636e+01	1.6053996229e+00	
2.1500259177e+01	1.9581794738e+00	
2.1600295114e+01	2.3625386230e+00	
2.1700336292e+01	2.3172226159e+00	
2.1800126592e+01	2.1005550551e+00	
2.1900240151e+01	1.8992532359e+00	
2.2000266807e+01	2.0492951035e+00	
2.2100229388e+01	1.5671479387e+00	
2.2200021101e+01	1.6413440274e+00	
2.2300021356e+01	3.0749232614e+00	
2.2400320308e+01	1.2388786014e+00	
2.2500105662e+01	1.4698485264e+00	
2.2600026378e+01	1.9859221420e+00	
2.2700067296e+01	1.9650935653e+00	
2.2800330892e+01	2.1654630421e+00	
2.2900180002e+01	3.3729984748e+00	
2.3000160318e+01	1.6735525148e+00	
2.3100168927e+01	3.3124187135e+00	
2.3200233902e+01	1.6854841019e+00	
2.3300240141e+01	2.6757509186e+00	
2.3400178930e+01	3.3595659160e+00	
2.3500376091e+01	1.6876600354e+00	
2.3600286973e+01	2.5203120528e+00	
2.3700187140e+01	2.1054382968e+00	
2.3800284493e+01	2.5051185184e+00	
2.3900046775e+01	2.1142884538e+00	
2.4000319742e+01	2.0153090264e+00	
2.4100286640e+01	2.2561361687e+00	
2.4200160038e+01	2.7088094096e+00	
2.4300173229e+01	2.0571891777e+00	
2.4400335457e+01	2.1121367268e+00	
2.4500070352e+01	3.0438984781e+00	
2.4600230749e+01	2.0059984141e+00	
2.4700143024e+01	2.7477768849e+00	
2.4800356447e+01	2.9465627456e+00	
2.4900168074e+01	2.4365202360e+00	
2.5000166188e+01	3.4366332823e+00	
2.5100259398e+01	2.3248700061e+00	
2.5200297176e+01	2.7982608317e+00	
2.5300246580e+01	1.6732495973e+00	
2.5400042170e+01	1.5312513482e+00	
2.5500234920e+01	2.2171689260e+00	
2.5600270174e+01	3.1209859305e+00	
2.5700212995e+01	2.2042081684e+00	
2.5800277421e+01	1.8899754418e+00	
2.5900332673e+01	1.6824027415e+00	
2.6000120858e+01	2.4013203150e+00	
2.6100250228e+01	1.6457488317e+00	
2.6200331931e+01	1.4771399118e+00	
2.6300309079e+01	1.4772726455e+00	
2.6400214236e+01	1.9770849306e+00	
2.6500248038e+01	1.5468207474e+00	
2.6600245152e+01	1.6389680170e+00	
2.6700037648e+01	1.4171553447e+00	
2.6800356438e+01	2.3783572079e+00	
2.6900260492e+01	1.8176107514e+00	
2.7000044620e+01	1.9200714821e+00	
2.7100024780e+01	1.1338152177e+00	
2.7200238198e+01	2.7372059669e+00	
2.7300349427e+01	1.8099748839e+00	
2.7400237964e+01	1.3591034590e+00	
2.7500142748e+01	1.4829235460e+00	
2.7600276094e+01	1.9139979239e+00	
2.7700012487e+01	3.6386475279e+00	
2.7800280951e+01	2.9011387523e+00	
2.7900320561e+01	2.8263476812e+00	
2.8000070491e+01	4.3311219564e+00	
2.8100217929e+01	2.2412608461e+00	
2.8200005078e+01	3.6292796078e+00	
2.8300148737e+01	1.8139642776e+00	
2.8400046663e+01	1.7432268610e+00	
2.8500290879e+01	1.5771987190e+00	
2.8600244256e+01	1.8754678336e+00	
2.8700300917e+01	1.3164561925e+00	
2.8800121278e+01	2.2708344780e+00	
2.8900258860e+01	3.8653736815e+00	
2.9000170184e+01	2.0028655909e+00	
2.9100374087e+01	1.3288564556e+00	
2.9200154784e+01	2.1241577815e+00	
2.9300297225e+01	1.5926835183e+00	
2.9400314088e+01	3.0093545057e+00	
2.9500354521e+01	1.1758233059e+00	
2.9600082583e+01	1.0707360834e+00	
2.9700134165e+01	1.3585973350e+00	
2.9800038724e+01	9.4692429987e-01	
2.9900190494e+01	1.0033229866e+00	
3.0000353133e+01	1.1981195504e+00	
3.0100114085e+01	1.0516717521e+00	
3.0200384948e+01	1.3646451756e+00	
3.0300298939e+01	1.3012981158e+00	
3.0400274742e+01	1.0920886507e+00	
3.0500383599e+01	1.2050838850e+00	
3.0600114793e+01	1.5552598778e+00	
3.0700392202e+01	1.0923611530e+00	
3.0800159033e+01	1.5843151685e+00	
3.0900039179e+01	1.5702767851e+00	
3.1000138065e+01	1.8623318806e+00	
3.1100164575e+01	1.4076520125e+00	
3.1200228785e+01	1.7839053243e+00	
3.1300300189e+01	1.5570752682e+00	
3.1400304860e+01	1.7999088157e+00	
3.1500041072e+01	1.6208833497e+00	
3.1600089768e+01	1.6929043704e+00	
3.1700404883e+01	1.1932657565e+00	
3.1800415237e+01	1.3636355080e+00	
3.1900119323e+01	1.0066984469e+00	
3.2000398205e+01	1.0064674050e+00	
3.2100225658e+01	9.2207208735e-01	
3.2200216846e+01	1.0633046710e+00	
3.2300303205e+01	1.0602941187e+00	
3.2400399695e+01	9.6904213052e-01	
3.2500236679e+01	1.0301059923e+00	
3.2600039664e+01	1.1782583837e+00	
3.2700203751e+01	1.1724593637e+00	
3.2800355750e+01	1.1519118325e+00	
3.2900035790e+01	1.0884663085e+00	
3.3000247064e+01	1.2844775978e+00	
3.3100223923e+01	1.1222168593e+00	
3.3200318104e+01	1.8571252931e+00	
3.3300352249e+01	1.3272355442e+00	
3.3400198133e+01	1.5469385006e+00	
3.3500351562e+01	1.0739883537e+00	
3.3600195725e+01	1.1175390156e+00	
3.3700135680e+01	1.0868674168e+00	
3.3800252544e+01	8.6326769025e-01	
3.3900350672e+01	9.4961121532e-01	
3.4000058793e+01	8.8369731833e-01	
3.4100098964e+01	1.1573291339e+00	
3.4200038294e+01	1.5000231992e+00	
3.4300345005e+01	1.0087519519e+00	
3.4400267762e+01	2.1765078790e+00	
3.4500368739e+01	1.0600078258e+00	
3.4600241900e+01	1.2379522129e+00	
3.4700023356e+01	1.1294913810e+00	
3.4800169819e+01	1.0799479092e+00	
3.4900014433e+01	1.0205952634e+00	
3.5000146198e+01	9.2946286950e-01	
3.5100031122e+01	1.5795439463e+00	
3.5200216770e+01	1.1956404255e+00	
3.5300174362e+01	1.2513417499e+00	
3.5400339489e+01	2.0762192536e+00	
3.5500383540e+01	1.9191051954e+00	
3.5600184857e+01	1.3997924768e+00	
3.5700316687e+01	1.2248867196e+00	
3.5800153881e+01	8.2011207843e-01	
3.5900054531e+01	1.0097518666e+00	
3.6000400929e+01	9.9904554186e-01	
3.6100421692e+01	1.0368530752e+00	
3.6200377946e+01	8.9182329877e-01	
3.6300448906e+01	9.3259707828e-01	
3.6400062164e+01	8.9580373240e-01	
3.6500059902e+01	1.1648242322e+00	
3.6600332336e+01	7.7635454177e-01	
3.6700436628e+01	7.9155238685e-01	
3.6800245032e+01	1.0583310669e+00	
3.6900097702e+01	6.4384938077e-01	
3.7000293227e+01	6.4971383925e-01	
3.7100408515e+01	6.6228713752e-01	
3.7200023892e+01	7.5180304604e-01	
3.7300063007e+01	7.1231775714e-01	
3.7400301239e+01	6.2572516613e-01	
3.7500076420e+01	6.3804249276e-01	
3.7600388788e+01	7.5325579979e-01	
3.7700179702e+01	1.0869378114e+00	
3.7800107137e+01	1.6029720970e+00	
3.7900423811e+01	2.3359878228e+00	
3.8000098981e+01	9.8095881998e-01	
3.8100005194e+01	8.3277695749e-01	
3.8200374533e+01	7.7330395729e-01	
3.8300210853e+01	8.2295493863e-01	
3.8400029480e+01	9.3006209647e-01	
3.8500140476e+01	7.5459879185e-01	
3.8600309734e+01	8.5912184810e-01	
3.8700313897e+01	7.2616239249e-01	
3.8800462632e+01	6.3254563999e-01	
3.8900051858e+01	8.4357990387e-01	
3.9000149050e+01	8.3431669080e-01	
3.9100277271e+01	8.7096730411e-01	
3.9200314044e+01	9.2245304179e-01	
3.9300380141e+01	8.1463511414e-01	
3.9400323196e+01	7.1795791016e-01	
3.9500028553e+01	8.9641872726e-01	
3.9600147081e+01	7.3976032839e-01	
3.9700399632e+01	1.1577807949e+00	
3.9800195629e+01	1.2550032244e+00	
3.9900159070e+01	1.2842881608e+00	
4.0000478477e+01	8.1877163545e-01	
4.0100402059e+01	5.9836179201e-01	
4.0200203516e+01	6.1930000580e-01	
4.0300441063e+01	5.8005002945e-01	
4.0400020685e+01	6.7416833791e-01	
4.0500384311e+01	8.6378534792e-01	
4.0600139380e+01	8.8425295257e-01	
4.0700311303e+01	8.8081611590e-01	
4.0800055731e+01	9.0431451061e-01	
4.0900280869e+01	8.4813603978e-01	
4.1000316804e+01	9.6183841085e-01	
4.1100240068e+01	9.1377690337e-01	
4.1200158573e+01	8.3771674065e-01	
4.1300274761e+01	1.0537727517e+00	
4.1400233672e+01	1.4930450223e+00	
4.1500227728e+01	1.3703059751e+00	
4.1600300337e+01	6.0530599448e-01	
4.1700322044e+01	5.6790249111e-01	
4.1800404930e+01	6.6353669335e-01	
4.1900213644e+01	7.1568703792e-01	
4.2000009335e+01	8.4139449925e-01	
4.2100360529e+01	6.2630389581e-01	
4.2200207551e+01	7.4656242155e-01	
4.2300395235e+01	6.4162528537e-01	
4.2400179503e+01	6.1648341544e-01	
4.2500366859e+01	6.1785466053e-01	
4.2600243258e+01	6.4384965523e-01	
4.2700163767e+01	6.1829099934e-01	
4.2800394684e+01	7.5185307379e-01	
4.2900130786e+01	9.1100685525e-01	
4.3000271324e+01	6.7000127640e-01	
4.3100380840e+01	8.0107186864e-01	
4.3200171003e+01	9.8231458164e-01	
4.3300346449e+01	6.7387815265e-01	
4.3400464952e+01	8.9896478874e-01	
4.3500400812e+01	6.7300943898e-01	
4.3600287324e+01	6.0000330523e-01	
4.3700377822e+01	5.6141817479e-01	
4.3800471652e+01	6.0966964515e-01	
4.3900029129e+01	7.5952741073e-01	
4.4000150075e+01	7.7535838162e-01	
4.4100127973e+01	7.4507428162e-01	
4.4200408991e+01	5.7802405431e-01	
4.4300443186e+01	7.7301750386e-01	
4.4400371280e+01	1.0649745209e+00	
4.4500350523e+01	1.1530133317e+00	
4.4600405946e+01	1.3360057858e+00	
4.4700246279e+01	5.9149268014e-01	
4.4800478618e+01	6.5302498049e-01	
4.4900193428e+01	6.7471350819e-01	
4.5000423748e+01	9.4646621005e-01	
4.5100197006e+01	9.5803770846e-01	
4.5200021505e+01	7.1694638187e-01	
4.5300247142e+01	7.0538432929e-01	
4.5400022930e+01	7.2918593682e-01	
4.5500266926e+01	4.9258045658e-01	
4.5600010307e+01	5.6373183948e-01	
4.5700320725e+01	6.0144091556e-01	
4.5800270639e+01	8.0314874452e-01	
4.5900237478e+01	7.7676283510e-01	
4.6000420302e+01	1.0124944145e+00	
4.6100491170e+01	6.3443585048e-01	
4.6200226366e+01	6.4923644787e-01	
4.6300370357e+01	6.1896970496e-01	
4.6400297390e+01	6.6940816991e-01	
4.6500344900e+01	6.3963864107e-01	
4.6600293899e+01	5.2893422753e-01	
4.6700176685e+01	5.9929391730e-01	
4.6800481968e+01	7.0486803201e-01	
4.6900241537e+01	6.4044179309e-01	
4.7000049371e+01	5.5119188954e-01	
4.7100526944e+01	5.5509379337e-01	
4.7200213152e+01	6.5228099924e-01	
4.7300300555e+01	6.5037302978e-01	
4.7400445934e+01	6.9323645376e-01	
4.7500355081e+01	6.8461841858e-01	
4.7600094083e+01	9.3042411899e-01	
4.7700476903e+01	1.0846486595e+00	
4.7800256830e+01	7.5479861380e-01	
4.7900372165e+01	5.9424907619e-01	
4.8000487463e+01	7.1472872331e-01	
4.8100450891e+01	6.8552037018e-01	
4.8200157028e+01	8.3143578649e-01	
4.8300166317e+01	8.1161762304e-01	
4.8400069680e+01	8.0040684400e-01	
4.8500183392e+01	8.1775862612e-01	
4.8600021843e+01	8.0869542542e-01	
4.8700182785e+01	6.9963478698e-01	
4.8800033306e+01	6.8057763745e-01	
4.8900018062e+01	7.0947002847e-01	
4.9000298092e+01	7.0724873522e-01	
4.9100437684e+01	7.2182915360e-01	
4.9200371690e+01	5.8371273046e-01	
4.9300521242e+01	5.8456248030e-01	
4.9400394888e+01	6.1228960588e-01	
4.9500268233e+01	7.6160038770e-01	
4.9600279596e+01	5.3661107834e-01	
4.9700035298e+01	5.2474880517e-01	
4.9800494530e+01	5.3909579983e-01	
4.9900437372e+01	5.4581160786e-01	
5.0000100835e+01	5.6058560594e-01	
5.0100493019e+01	7.7942886578e-01	
5.0200076171e+01	5.5246738202e-01	
5.0300001816e+01	6.3353599684e-01	
5.0400243514e+01	5.9974326256e-01	
5.0500130032e+01	5.2171006460e-01	
5.0600322059e+01	6.5391767032e-01	
5.0700053293e+01	9.5328918018e-01	
5.0800303749e+01	5.8742197334e-01	
5.0900104476e+01	7.1377233640e-01	
5.1000463795e+01	8.2048689488e-01	
5.1100324730e+01	7.2966467824e-01	
5.1200354457e+01	6.6383422887e-01	
5.1300398256e+01	4.8209640354e-01	
5.1400067616e+01	5.7666003630e-01	
5.1500449101e+01	5.6831028652e-01	
5.1600182828e+01	4.9641090190e-01	
5.1700467394e+01	4.8402027299e-01	
5.1800222145e+01	5.6134025116e-01	
5.1900358212e+01	6.3083075958e-01	
5.2000057033e+01	6.6464395893e-01	
5.2100487114e+01	1.1150251524e+00	
5.2200383113e+01	8.4213862823e-01	
5.2300163887e+01	5.0237476166e-01	
5.2400134145e+01	6.0517472165e-01	
5.2500543094e+01	5.4733686893e-01	
5.2600160477e+01	5.4170855500e-01	
5.2700556450e+01	5.2645388383e-01	
5.2800380069e+01	5.4892373601e-01	
5.2900467970e+01	8.3111198286e-01	
5.3000404706e+01	6.0737985972e-01	
5.3100213965e+01	6.3645361705e-01	
5.3200330641e+01	7.0045670854e-01	
5.3300169006e+01	6.0664121435e-01	
5.3400234017e+01	6.9536930182e-01	
5.3500377358e+01	8.9554186515e-01	
5.3600228007e+01	8.0506822253e-01	
5.3700233515e+01	8.2029691488e-01	
5.3800422842e+01	1.0056369472e+00	
5.3900017665e+01	7.8201437459e-01	
5.4000336598e+01	7.2684000134e-01	
5.4100023181e+01	7.8765566608e-01	
5.4200323480e+01	6.2125593902e-01	
5.4300079297e+01	5.0031661078e-01	
5.4400037040e+01	6.6791553035e-01	
5.4500452592e+01	6.0956565382e-01	
5.4600424995e+01	7.6471407461e-01	
5.4700433276e+01	7.8765782225e-01	
5.4800514675e+01	6.0355789593e-01	
5.4900316368e+01	7.1339286803e-01	
5.5000397665e+01	7.6056322564e-01	
5.5100299733e+01	8.5310171615e-01	
5.5200319261e+01	5.5146483531e-01	
5.5300358691e+01	8.1452716099e-01	
5.5400176949e+01	7.3360069250e-01	
5.5500376196e+01	8.4771877777e-01	
5.5600553041e+01	7.0280242957e-01	
5.5700534611e+01	7.6923496831e-01	
5.5800021170e+01	7.1920642578e-01	
5.5900156861e+01	6.4574500668e-01	
5.6000092619e+01	4.6796824085e-01	
5.6100060338e+01	4.6875018608e-01	
5.6200157816e+01	4.7226549824e-01	
5.6300279989e+01	5.1579589779e-01	
5.6400483638e+01	4.9378376801e-01	
5.6500314653e+01	4.0802376509e-01	
5.6600426707e+01	4.2624368802e-01	
5.6700343127e+01	4.5411313206e-01	
5.6800259396e+01	4.6093473668e-01	
5.6900048599e+01	4.6345256253e-01	
5.7000239659e+01	4.2615841707e-01	
5.7100427918e+01	4.0398951327e-01	
5.7200500761e+01	4.1058267857e-01	
5.7300261249e+01	5.1426623931e-01	
5.7400175069e+01	5.7195698962e-01	
5.7500160736e+01	5.6272453087e-01	
5.7600027981e+01	4.8435430844e-01	
5.7700416673e+01	4.2265733705e-01	
5.7800127031e+01	4.0292113441e-01	
5.7900153233e+01	4.6281999881e-01	
5.8000500993e+01	6.3817667527e-01	
5.8100536154e+01	6.7088354768e-01	
5.8200476420e+01	6.8427068891e-01	
5.8300259276e+01	6.1011989852e-01	
5.8400233826e+01	6.4886891728e-01	
5.8500229628e+01	4.8382009887e-01	
5.8600436779e+01	4.4677583750e-01	
5.8700539804e+01	4.7997053505e-01	
5.8800292554e+01	4.5967753441e-01	
5.8900166877e+01	4.3601478675e-01	
5.9000195257e+01	4.5700235059e-01	
5.9100478120e+01	4.3655708857e-01	
5.9200331315e+01	4.6108341756e-01	
5.9300048755e+01	5.1049342009e-01	
5.9400036729e+01	5.2974108189e-01	
5.9500429658e+01	5.5900825540e-01	
5.9600409084e+01	5.9881292768e-01	
5.9700539935e+01	6.3744331585e-01	
5.9800502283e+01	7.0508915607e-01	
5.9900181575e+01	4.8417515918e-01	
6.0000477199e+01	4.9728611120e-01	
6.0100261839e+01	7.9226729308e-01	
6.0200090211e+01	5.4869229413e-01	
6.0300072064e+01	6.8001281934e-01	
6.0400297323e+01	1.0424066912e+00	
6.0500228279e+01	9.5738683500e-01	
6.0600281679e+01	6.3575129519e-01	
6.0700095223e+01	6.6444934214e-01	
6.0800531066e+01	7.2911007646e-01	
6.0900189362e+01	5.0120345827e-01	
6.1000440505e+01	5.8230147242e-01	
6.1100232369e+01	5.6506673066e-01	
6.1200205002e+01	4.8871852477e-01	
6.1300318639e+01	6.2537928984e-01	
6.1400335807e+01	5.8295854119e-01	
6.1500319326e+01	6.8573732063e-01	
6.1600415339e+01	5.9974720609e-01	
6.1700547153e+01	5.3166793734e-01	
6.1800049180e+01	5.4190673944e-01	
6.1900504925e+01	6.8092818018e-01	
6.2000141646e+01	5.2862840448e-01	
6.2100293099e+01	4.7479817228e-01	
6.2200319036e+01	7.2280713011e-01	
6.2300326684e+01	7.6792959495e-01	
6.2400234044e+01	5.4691691483e-01	
6.2500245101e+01	5.0748515134e-01	
6.2600244006e+01	4.8124051085e-01	
6.2700037301e+01	4.3727192241e-01	
6.2800305020e+01	4.1782120019e-01	
6.2900469488e+01	5.0569875968e-01	
6.3000459002e+01	5.1725402226e-01	
6.3100366617e+01	5.1422785174e-01	
6.3200055603e+01	4.5200699309e-01	
6.3300518500e+01	5.5374287864e-01	
6.3400423585e+01	4.6144621058e-01	
6.3500336588e+01	3.9597355485e-01	
6.3600507028e+01	4.4038334475e-01	
6.3700149651e+01	6.3321787218e-01	
6.3800334546e+01	7.8950236868e-01	
6.3900102614e+01	1.2182526961e+00	
6.4000274642e+01	7.4378566208e-01	
6.4100220435e+01	7.0269270588e-01	
6.4200146064e+01	6.9461625416e-01	
6.4300219476e+01	7.8660604288e-01	
6.4400045697e+01	7.7150571940e-01	
6.4500186457e+01	6.1398160101e-01	
6.4600241981e+01	5.4702404204e-01	
6.4700454488e+01	4.5684401635e-01	
6.4800169098e+01	4.2449847466e-01	
6.4900240925e+01	4.7127171644e-01	
6.5000417845e+01	6.5891933685e-01	
6.5100347432e+01	8.2559189691e-01	
6.5200391505e+01	6.7671683382e-01	
6.5300202418e+01	7.0631585085e-01	
6.5400202685e+01	6.5074423634e-01	
6.5500331938e+01	5.6400931591e-01	
6.5600316078e+01	4.7886546770e-01	
6.5700509818e+01	4.7217667806e-01	
6.5800426566e+01	4.4482785896e-01	
6.5900100990e+01	4.2578872256e-01	
6.6000336344e+01	4.1292889041e-01	
6.6100465078e+01	4.1144431909e-01	
6.6200556320e+01	4.0807539689e-01	
6.6300136386e+01	4.3965518524e-01	
6.6400237725e+01	6.0662163420e-01	
6.6500035851e+01	7.4816836325e-01	
6.6600000196e+01	7.9260195934e-01	
6.6700218062e+01	8.4208364024e-01	
6.6800364599e+01	8.5564900368e-01	
6.6900334591e+01	8.3103098111e-01	
6.7000325928e+01	8.8685074100e-01	
6.7100485860e+01	9.3451402932e-01	
6.7200169713e+01	6.9056003468e-01	
6.7300508180e+01	1.0417748815e+00	
6.7400223723e+01	9.3598417306e-01	
6.7500223126e+01	5.5236522855e-01	
6.7600050930e+01	4.8297585970e-01	
6.7700350832e+01	4.6982249995e-01	
6.7800025715e+01	4.2516887680e-01	
6.7900405724e+01	4.2456100959e-01	
6.8000162657e+01	5.6946425774e-01	
6.8100368122e+01	4.8857685686e-01	
6.8200118890e+01	5.4865241929e-01	
6.8300298625e+01	5.8770589029e-01	
6.8400114597e+01	5.5643105905e-01	
6.8500227997e+01	4.0707525582e-01	
6.8600357139e+01	4.2188285787e-01	
6.8700393044e+01	4.2101932966e-01	
6.8800089358e+01	4.4928924985e-01	
6.8900386578e+01	4.9151863753e-01	
6.9000314671e+01	5.3551889909e-01	
6.9100385129e+01	5.4019589815e-01	
6.9200307643e+01	4.2610638208e-01	
6.9300042236e+01	4.1066342319e-01	
6.9400414853e+01	4.5450194871e-01	
6.9500107660e+01	5.7320979778e-01	
6.9600021638e+01	5.6681964139e-01	
6.9700017481e+01	4.3942767200e-01	
6.9800148231e+01	4.7107113270e-01	
6.9900425334e+01	5.1950010896e-01	
7.0000288607e+01	7.5978694559e-01	
7.0100036468e+01	5.1119643528e-01	
7.0200126362e+01	4.7856500244e-01	
7.0300187064e+01	5.5138804390e-01	
7.0400381325e+01	4.4305773512e-01	
7.0500085220e+01	4.3233217414e-01	
7.0600085365e+01	5.3992159752e-01	
7.0700043951e+01	5.6959086039e-01	
7.0800549986e+01	6.5076015561e-01	
7.0900421097e+01	5.8216235031e-01	
7.1000102652e+01	6.1843524166e-01	
7.1100101168e+01	8.3291118057e-01	
7.1200091403e+01	6.0107512593e-01	
7.1300101178e+01	5.2547226907e-01	
7.1400083218e+01	6.1468891084e-01	
7.1500552756e+01	4.6997189078e-01	
7.1600366555e+01	4.2387860476e-01	
7.1700058226e+01	5.7280972426e-01	
7.1800494996e+01	5.4929537685e-01	
7.1900207023e+01	6.0014894059e-01	
7.2000441657e+01	6.5818677120e-01	
7.2100076154e+01	5.5802905198e-01	
7.2200191638e+01	4.3687620676e-01	
7.2300191438e+01	4.2775674093e-01	
7.2400005916e+01	4.3317264545e-01	
7.2500052124e+01	4.6166095472e-01	
7.2600040516e+01	4.2686728796e-01	
7.2700194162e+01	5.5324542195e-01	
7.2800081364e+01	4.9092167350e-01	
7.2900330372e+01	4.1933867139e-01	
7.3000346526e+01	4.2214683105e-01	
7.3100194470e+01	4.1518780355e-01	
7.3200006458e+01	7.1208713396e-01	
7.3300300984e+01	8.0335415107e-01	
7.3400381164e+01	5.8034824754e-01	
7.3500410914e+01	5.1665102325e-01	
7.3600188369e+01	4.2820334514e-01	
7.3700427697e+01	4.3833914978e-01	
7.3800394573e+01	6.8418570190e-01	
7.3900414202e+01	8.8654473695e-01	
7.4000108082e+01	9.9652411617e-01	
7.4100447016e+01	9.0485103896e-01	
7.4200246875e+01	5.1537061412e-01	
7.4300037589e+01	4.6996488535e-01	
7.4400009026e+01	4.5339281963e-01	
7.4500530677e+01	4.2352312817e-01	
7.4600326576e+01	6.2806584713e-01	
7.4700472937e+01	6.2418165287e-01	
7.4800038315e+01	9.6157137168e-01	
7.4900213657e+01	1.0952019221e+00	
7.5000188295e+01	7.3465329738e-01	
7.5100016065e+01	4.8156133593e-01	
7.5200123365e+01	4.2329656940e-01	
7.5300334874e+01	4.2169890844e-01	
7.5400528546e+01	4.3051866854e-01	
7.5500269339e+01	4.1288399548e-01	
7.5600535342e+01	4.4272483915e-01	
7.5700047854e+01	4.1335478171e-01	
7.5800178992e+01	5.4232884339e-01	
7.5900411005e+01	7.5753328413e-01	
7.6000208912e+01	6.7421936416e-01	
7.6100168941e+01	7.8155980137e-01	
7.6200320189e+01	4.4775615447e-01	
7.6300361153e+01	4.6425308200e-01	
7.6400054389e+01	4.3365032777e-01	
7.6500151129e+01	5.3279859563e-01	
7.6600205423e+01	7.7977075799e-01	
7.6700195361e+01	5.4665570678e-01	
7.6800099547e+01	4.5634484881e-01	
7.6900166752e+01	4.7701710364e-01	
7.7000102584e+01	7.4222710899e-01	
7.7100287291e+01	5.0003767111e-01	
7.7200380330e+01	5.5391862275e-01	
7.7300016777e+01	5.0698137206e-01	
7.7400462112e+01	5.2144130001e-01	
7.7500446767e+01	4.9293449088e-01	
7.7600269720e+01	5.5558805606e-01	
7.7700178374e+01	5.9496960102e-01	
7.7800443710e+01	5.3600457281e-01	
7.7900443351e+01	5.5912223802e-01	
7.8000191685e+01	6.7145409312e-01	
7.8100124226e+01	5.0432333346e-01	
7.8200445471e+01	5.1376868473e-01	
7.8300291213e+01	4.9640370369e-01	
7.8400055716e+01	5.6029307290e-01	
7.8500477902e+01	4.7290806835e-01	
7.8600353249e+01	6.1726423005e-01	
7.8700206770e+01	5.8130769878e-01	
7.8800167349e+01	5.7397787570e-01	
7.8900288416e+01	5.5117143644e-01	
7.9000251087e+01	5.4957161743e-01	
7.9100313255e+01	8.2091024488e-01	
7.9200291893e+01	9.4831718432e-01	
7.9300368200e+01	8.3355442643e-01	
7.9400181623e+01	7.6465545782e-01	
7.9500129506e+01	9.8846167684e-01	
7.9600140167e+01	8.7665784781e-01	
7.9700310476e+01	9.0305453356e-01	
7.9800172112e+01	5.8714755555e-01	
7.9900377955e+01	7.2976595584e-01	
8.0000412939e+01	6.4519557613e-01	
8.0100154653e+01	5.8498778411e-01	
8.0200230946e+01	1.0302992761e+00	
8.0300260445e+01	9.6049427867e-01	
8.0400233557e+01	1.4246517298e+00	
8.0500503280e+01	6.4298533406e-01	
8.0600151349e+01	1.1035282510e+00	
8.0700511077e+01	7.4605514550e-01	
8.0800421098e+01	7.5435854727e-01	
8.0900038222e+01	6.1799070206e-01	
8.1000019639e+01	5.3058881998e-01	
8.1100124681e+01	5.0864104136e-01	
8.1200196615e+01	4.5932230123e-01	
8.1300052780e+01	4.5048974796e-01	
8.1400305097e+01	4.4748985640e-01	
8.1500215125e+01	4.3760678172e-01	
8.1600525940e+01	6.8040729108e-01	
8.1700458933e+01	9.5685204456e-01	
8.1800268834e+01	6.2466932720e-01	
8.1900168665e+01	4.3006269912e-01	
8.2000366819e+01	4.4727536035e-01	
8.2100466743e+01	5.6053952775e-01	
8.2200029069e+01	6.3599279264e-01	
8.2300500873e+01	7.2465568875e-01	
8.2400217689e+01	7.9873897060e-01	
8.2500161593e+01	4.1878109900e-01	
8.2600302180e+01	4.3149481907e-01	
8.2700222603e+01	4.4953309691e-01	
8.2800147307e+01	4.5615923883e-01	
8.2900500650e+01	4.6577431061e-01	
8.3000076623e+01	4.5031511486e-01	
8.3100433949e+01	4.5875004816e-01	
8.3200490935e+01	9.2088896558e-01	
8.3300264299e+01	9.9551992271e-01	
8.3400079538e+01	6.9546948215e-01	
8.3500498862e+01	6.4061307562e-01	
8.3600142456e+01	5.6880530585e-01	
8.3700319680e+01	5.4312569871e-01	
8.3800531489e+01	5.8099536619e-01	
8.3900333485e+01	5.4162893517e-01	
8.4000342565e+01	7.0483569259e-01	
8.4100093864e+01	9.0380722518e-01	
8.4200247219e+01	6.1324142163e-01	
8.4300059598e+01	4.6967367408e-01	
8.4400045127e+01	5.0638012610e-01	
8.4500105721e+01	6.2511114296e-01	
8.4600115473e+01	6.2066758266e-01	
8.4700112097e+01	6.8910066264e-01	
8.4800035903e+01	5.6366544054e-01	
8.4900169436e+01	7.6958346503e-01	
8.5000277096e+01	5.6824745991e-01	
8.5100482000e+01	5.3828406126e-01	
8.5200226013e+01	5.9612598369e-01	
8.5300128833e+01	7.3685222558e-01	
8.5400263020e+01	5.1699205657e-01	
8.5500288493e+01	4.3895577646e-01	
8.5600016394e+01	4.4282440218e-01	
8.5700480823e+01	5.9317531952e-01	
8.5800313845e+01	6.3418261123e-01	
8.5900460344e+01	6.0978036072e-01	
8.6000067438e+01	6.2202139332e-01	
8.6100286882e+01	6.5169184210e-01	
8.6200270372e+01	5.3658738358e-01	
8.6300205758e+01	7.3770190395e-01	
8.6400195471e+01	8.6705987594e-01	
8.6500106006e+01	7.1522016895e-01	
8.6600098415e+01	6.1410589416e-01	
8.6700331477e+01	6.6005329825e-01	
8.6800156647e+01	7.8428358422e-01	
8.6900393333e+01	5.3550844224e-01	
8.7000487517e+01	4.2779210286e-01	
8.7100010987e+01	4.3015224936e-01	
8.7200371088e+01	5.4988375907e-01	
8.7300098689e+01	5.2559988276e-01	
8.7400228419e+01	5.4102976833e-01	
8.7500396504e+01	4.7274317329e-01	
8.7600150850e+01	4.5367437514e-01	
8.7700192968e+01	5.2835358895e-01	
8.7800052138e+01	8.7903450339e-01	
8.7900097385e+01	6.0809511441e-01	
8.8000091191e+01	1.0237261650e+00	
8.8100374180e+01	9.2479229309e-01	
8.8200215394e+01	5.7466997205e-01	
8.8300430314e+01	8.8030840428e-01	
8.8400179598e+01	5.5020901828e-01	
8.8500418796e+01	6.9592914048e-01	
8.8600466341e+01	7.6919927422e-01	
8.8700303948e+01	1.0443434208e+00	
8.8800027128e+01	6.8874769941e-01	
8.8900018721e+01	6.1162859424e-01	
8.9000481503e+01	7.3272631000e-01	
8.9100322816e+01	1.1547967787e+00	
8.9200210111e+01	1.2213379110e+00	
8.9300406288e+01	1.1692801614e+00	
8.9400406370e+01	9.5196255674e-01	
8.9500101239e+01	6.4386501755e-01	
8.9600364952e+01	9.8693378899e-01	
8.9700074594e+01	1.2383406642e+00	
8.9800194639e+01	1.0720750984e+00	
8.9900417048e+01	8.2030910393e-01	
9.0000133943e+01	4.9672867782e-01	
9.0100184220e+01	5.3857773837e-01	
9.0200411900e+01	5.2942497692e-01	
9.0300125065e+01	4.9378903619e-01	
9.0400402677e+01	4.5920151801e-01	
9.0500015026e+01	4.7401419534e-01	
9.0600245603e+01	4.9958021559e-01	
9.0700388162e+01	4.7449214729e-01	
9.0800507161e+01	7.8535246494e-01	
9.0900120019e+01	7.4323979469e-01	
9.1000210179e+01	7.0385228546e-01	
9.1100293153e+01	1.4860593060e+00	
9.1200215228e+01	1.8650920266e+00	
9.1300455167e+01	8.4355970026e-01	
9.1400083814e+01	7.7033010236e-01	
9.1500170935e+01	6.7749503620e-01	
9.1600087317e+01	6.3302464252e-01	
9.1700096266e+01	6.7309863967e-01	
9.1800336698e+01	7.5393929536e-01	
9.1900372593e+01	8.5768023036e-01	
9.2000258737e+01	5.5554166419e-01	
9.2100151123e+01	5.5302312590e-01	
9.2200000626e+01	5.0133163214e-01	
9.2300458338e+01	5.4897356209e-01	
9.2400379519e+01	5.2262317131e-01	
9.2500446757e+01	9.4869959697e-01	
9.2600451035e+01	8.9705926245e-01	
9.2700324274e+01	4.7154589851e-01	
9.2800051916e+01	6.6816135610e-01	
9.2900103819e+01	7.5134974290e-01	
9.3000451430e+01	6.6425958101e-01	
9.3100246813e+01	6.6445524058e-01	
9.3200072781e+01	7.2581358983e-01	
9.3300211545e+01	6.7811152251e-01	
9.3400423586e+01	4.7643488487e-01	
9.3500374853e+01	4.6766733982e-01	
9.3600184252e+01	7.0052082009e-01	
9.3700242613e+01	5.1879705627e-01	
9.3800197784e+01	4.9094459334e-01	
9.3900257275e+01	4.6496413241e-01	
9.4000466611e+01	5.5475148036e-01	
9.4100459498e+01	5.4703632717e-01	
9.4200242571e+01	5.7357863735e-01	
9.4300235958e+01	5.4366867087e-01	
9.4400389620e+01	5.4141262773e-01	
9.4500224181e+01	6.6862661805e-01	
9.4600076438e+01	9.7407188271e-01	
9.4700519687e+01	9.0274280910e-01	
9.4800496004e+01	5.3834083644e-01	
9.4900443310e+01	5.7062349619e-01	
9.5000337327e+01	6.1116100947e-01	
9.5100423217e+01	5.6566973332e-01	
9.5200074872e+01	7.6682483442e-01	
9.5300105527e+01	4.9440588351e-01	
9.5400290115e+01	6.9819933590e-01	
9.5500310421e+01	7.8313858946e-01	
9.5600492121e+01	9.0202282106e-01	
9.5700415816e+01	1.0409852776e+00	
9.5800348991e+01	7.9433681651e-01	
9.5900310922e+01	5.6899369981e-01	
9.6000084236e+01	5.7309964655e-01	
9.6100270685e+01	6.1256217849e-01	
9.6200447696e+01	5.5427311507e-01	
9.6300164618e+01	5.3903610142e-01	
9.6400441942e+01	5.2268493133e-01	
9.6500233872e+01	6.6382896598e-01	
9.6600403977e+01	6.2225333727e-01	
9.6700471146e+01	5.2985413221e-01	
9.6800141283e+01	5.2085643240e-01	
9.6900397390e+01	6.7351229309e-01	
9.7000050789e+01	8.7154157715e-01	
9.7100114961e+01	5.4928984746e-01	
9.7200503520e+01	5.7731962752e-01	
9.7300089708e+01	4.3094339786e-01	
9.7400198170e+01	4.6975039444e-01	
9.7500208289e+01	4.8935303778e-01	
9.7600504818e+01	6.7904185706e-01	
9.7700229876e+01	1.0232846151e+00	
9.7800299014e+01	6.0069136303e-01	
9.7900011118e+01	5.4038259339e-01	
9.8000435120e+01	5.1219477219e-01	
9.8100148126e+01	6.1022722078e-01	
9.8200182342e+01	5.1560369533e-01	
9.8300495733e+01	7.2705618263e-01	
9.8400244370e+01	8.9334077463e-01	
9.8500106016e+01	9.7586124970e-01	
9.8600270188e+01	6.0364223970e-01	
9.8700512916e+01	4.3409462969e-01	
9.8800362405e+01	4.5860902725e-01	
9.8900382332e+01	4.8524540718e-01	
9.9000138176e+01	4.5789609833e-01	
9.9100169400e+01	5.0082604118e-01	
9.9200461187e+01	6.0923726219e-01	
9.9300148098e+01	7.5176978639e-01	
9.9400012612e+01	8.2025055624e-01	
9.9500179798e+01	8.8817646216e-01	
9.9600463110e+01	8.2824080170e-01	
9.9700328368e+01	6.5192199220e-01	
9.9800095443e+01	5.1968460322e-01	
9.9900139009e+01	4.1826290088e-01	
1.0000052498e+02	4.2267831334e-01	
1.0010035583e+02	4.2146271229e-01	
1.0020053105e+02	4.3906732463e-01	
1.0030042630e+02	4.3384508183e-01	
1.0040002717e+02	4.4695369687e-01	
1.0050008972e+02	4.5853215929e-01	
1.0060001851e+02	4.8295704083e-01	
1.0070015220e+02	5.9248450046e-01	
1.0080035505e+02	5.5859218543e-01	
1.0090030303e+02	4.4184829182e-01	
1.0100002092e+02	4.5817461354e-01	
1.0110012488e+02	5.1765953108e-01	
1.0120055141e+02	4.6273499309e-01	
1.0130020303e+02	6.0217836849e-01	
1.0140024844e+02	8.3490663432e-01	
1.0150019402e+02	9.5453908139e-01	
1.0160036272e+02	7.8110126062e-01	
1.0170027666e+02	8.2296850986e-01	
1.0180001303e+02	9.2625823261e-01	
1.0190016342e+02	5.2550498820e-01	
1.0200014500e+02	6.3172118848e-01	
1.0210043865e+02	6.7214904269e-01	
1.0220024771e+02	8.2015673239e-01	
1.0230043155e+02	7.9627929891e-01	
1.0240049868e+02	6.0552810657e-01	
1.0250023698e+02	6.9170271378e-01	
1.0260001194e+02	6.7145709863e-01	
1.0270020215e+02	4.5558738902e-01	
1.0280055210e+02	5.2231019809e-01	
1.0290040349e+02	7.2431930081e-01	
1.0300009886e+02	5.1889534065e-01	
1.0310043227e+02	5.0117810355e-01	
1.0320051378e+02	5.5198134297e-01	
1.0330001078e+02	5.8041806936e-01	
1.0340015179e+02	5.8632682865e-01	
1.0350007909e+02	5.2315934848e-01	
1.0360039679e+02	5.3583232048e-01	
1.0370049336e+02	5.2769766138e-01	
1.0380016355e+02	5.2326751713e-01	
1.0390007286e+02	5.0844124834e-01	
1.0400045175e+02	4.8754013556e-01	
1.0410001297e+02	5.9424810129e-01	
1.0420013074e+02	4.9712774526e-01	
1.0430017125e+02	4.6707656756e-01	
1.0440044843e+02	5.1569502155e-01	
1.0450037701e+02	6.0798693598e-01	
1.0460006360e+02	5.3091560452e-01	
1.0470051842e+02	8.0340382879e-01	
1.0480006017e+02	8.1518778783e-01	
1.0490039950e+02	7.1404989720e-01	
1.0500032845e+02	6.8941753733e-01	
1.0510031861e+02	5.2251231127e-01	
1.0520013545e+02	4.7834195371e-01	
1.0530045878e+02	4.4264679189e-01	
1.0540024365e+02	4.2060556344e-01	
1.0550020768e+02	4.4220299034e-01	
1.0560011784e+02	4.6880480553e-01	
1.0570033849e+02	4.9254645507e-01	
1.0580006369e+02	4.7235910751e-01	
1.0590015096e+02	4.3070785429e-01	
1.0600031575e+02	4.4034907891e-01	
1.0610015685e+02	7.3255681510e-01	
1.0620043124e+02	4.6244065260e-01	
1.0630004084e+02	4.1519761470e-01	
1.0640047535e+02	4.8326717970e-01	
1.0650020492e+02	5.4418033166e-01	
1.0660029852e+02	6.0612328963e-01	
1.0670006787e+02	5.8305109940e-01	
1.0680041145e+02	4.9766649581e-01	
1.0690039895e+02	4.9942147626e-01	
1.0700017097e+02	4.4674739196e-01	
1.0710033058e+02	5.7197158493e-01	
1.0720007433e+02	6.6525790978e-01	
1.0730029554e+02	6.5127427997e-01	
1.0740025338e+02	6.7670871167e-01	
1.0750038393e+02	6.5951500990e-01	
1.0760040143e+02	5.7759643513e-01	
1.0770003979e+02	6.5052132022e-01	
1.0780036748e+02	1.1440811435e+00	
1.0790013518e+02	9.0324152880e-01	
1.0800023749e+02	8.9019142187e-01	
1.0810037305e+02	8.6525801434e-01	
1.0820020149e+02	6.6198023960e-01	
1.0830037559e+02	5.5502964089e-01	
1.0840032579e+02	4.5989848901e-01	
1.0850018234e+02	4.8277055274e-01	
1.0860008831e+02	4.7491177833e-01	
1.0870007952e+02	5.6262283326e-01	
1.0880022517e+02	6.3976439127e-01	
1.0890002114e+02	7.3434294167e-01	
1.0900017059e+02	8.7273077338e-01	
1.0910017712e+02	9.0703349507e-01	
1.0920028853e+02	9.3086257120e-01	
1.0930025509e+02	6.1638616631e-01	
1.0940034594e+02	4.8449970719e-01	
1.0950037419e+02	4.9792258112e-01	
1.0960040009e+02	5.1760088258e-01	
1.0970004136e+02	5.2733403675e-01	
1.0980031442e+02	5.7800224990e-01	
1.0990046686e+02	7.3525473308e-01	
1.1000031282e+02	7.6689677928e-01	
1.1010017685e+02	7.7234483512e-01	
1.1020013102e+02	9.2162402912e-01	
1.1030045719e+02	8.5266199922e-01	
1.1040002658e+02	7.0773428456e-01	
1.1050003380e+02	5.4111413283e-01	
1.1060007363e+02	4.4509313738e-01	
1.1070035251e+02	4.3381908875e-01	
1.1080034441e+02	6.8486182497e-01	
1.1090022949e+02	7.3082457493e-01	
1.1100034106e+02	6.5609827451e-01	
1.1110009569e+02	6.4292364590e-01	
1.1120008054e+02	6.9898376433e-01	
1.1130046879e+02	8.4110147481e-01	
1.1140034474e+02	1.1732126970e+00	
1.1150000884e+02	1.1544331260e+00	
1.1160013353e+02	1.3072248960e+00	
1.1170030568e+02	1.1732722331e+00	
1.1180020580e+02	6.5077801461e-01	
1.1190027913e+02	5.0353603336e-01	
1.1200031379e+02	5.2473517955e-01	
1.1210026575e+02	4.5069791255e-01	
1.1220035926e+02	6.8743096317e-01	
1.1230006409e+02	8.2552187712e-01	
1.1240041029e+02	8.4022578094e-01	
1.1250048002e+02	8.0794010065e-01	
1.1260021442e+02	8.1992220248e-01	
1.1270049909e+02	9.5103018765e-01	
1.1280009777e+02	9.0974187334e-01	
1.1290024770e+02	8.5296445755e-01	
1.1300003797e+02	8.7798680691e-01	
1.1310046461e+02	6.4436874370e-01	
1.1320015486e+02	7.1554263628e-01	
1.1330044061e+02	4.8258116972e-01	
1.1340035166e+02	4.2276631773e-01	
1.1350040731e+02	4.5521012055e-01	
1.1360002657e+02	4.7584333094e-01	
1.1370044620e+02	4.2321593528e-01	
1.1380012248e+02	4.3194533273e-01	
1.1390020882e+02	4.8725393184e-01	
1.1400014954e+02	5.4462256530e-01	
1.1410001331e+02	5.7264731073e-01	
1.1420022043e+02	7.6304714436e-01	
1.1430045744e+02	6.7049802291e-01	
1.1440005748e+02	5.6012518057e-01	
1.1450001668e+02	6.2403271878e-01	
1.1460005826e+02	7.5271015208e-01	
1.1470009408e+02	8.3197633630e-01	
1.1480042354e+02	6.6557685322e-01	
1.1490047147e+02	5.5499420402e-01	
1.1500048442e+02	5.6540830721e-01	
1.1510011908e+02	5.0833464942e-01	
1.1520031408e+02	5.4908834113e-01	
1.1530012439e+02	6.1316489014e-01	
1.1540023991e+02	6.7106777563e-01	
1.1550052840e+02	4.6235308709e-01	
1.1560006107e+02	4.4138001368e-01	
1.1570051655e+02	5.3234250041e-01	
1.1580013270e+02	4.9684952634e-01	
1.1590024790e+02	6.2192746099e-01	
1.1600037307e+02	7.2212711035e-01	
1.1610029900e+02	8.2548075393e-01	
1.1620023774e+02	7.1227170933e-01	
1.1630027221e+02	6.6813810029e-01	
1.1640031821e+02	4.8681777544e-01	
1.1650046180e+02	5.9054561570e-01	
1.1660037769e+02	7.1520528507e-01	
1.1670040453e+02	5.8856666601e-01	
1.1680043246e+02	5.9056191856e-01	
1.1690015556e+02	6.1561499691e-01	
1.1700002846e+02	6.2303342542e-01	
1.1710014142e+02	5.7487180669e-01	
1.1720000892e+02	5.5221923640e-01	
1.1730019948e+02	6.2101004126e-01	
1.1740030231e+02	5.6692617246e-01	
1.1750025882e+02	6.1663794140e-01	
1.1760042980e+02	7.1401021629e-01	
1.1770043696e+02	6.6974363562e-01	
1.1780052568e+02	9.4503541038e-01	
1.1790026601e+02	7.5233107085e-01	
1.1800005537e+02	5.1340065937e-01	
1.1810020994e+02	5.1085957826e-01	
1.1820034140e+02	4.3731879525e-01	
1.1830015865e+02	6.0869954990e-01	
1.1840050580e+02	4.9628111189e-01	
1.1850004954e+02	4.3402964527e-01	
1.1860047099e+02	4.7327314414e-01	
1.1870020075e+02	4.3554959207e-01	
1.1880005617e+02	5.7761167362e-01	
1.1890021984e+02	6.0879943952e-01	
1.1900013630e+02	5.7353916130e-01	
1.1910015088e+02	4.8432114396e-01	
1.1920014394e+02	4.0321412541e-01	
1.1930006549e+02	3.9494523345e-01	
1.1940020757e+02	4.0955526920e-01	
1.1950008167e+02	4.2030007345e-01	
1.1960017445e+02	4.3814181083e-01	
1.1970038573e+02	5.1615762693e-01	
1.1980055704e+02	4.2576389409e-01	
1.1990016783e+02	4.5129037668e-01	
1.2000045500e+02	4.0186294082e-01	
1.2010052591e+02	4.3744099754e-01	
1.2020036132e+02	5.5879693096e-01	
1.2030025175e+02	5.4298035126e-01	
1.2040026664e+02	4.3134923092e-01	
1.2050025394e+02	5.7176991833e-01	
1.2060052012e+02	7.7748673368e-01	
1.2070039731e+02	9.8174366926e-01	
1.2080024729e+02	1.1741831047e+00	
1.2090012896e+02	1.0975568291e+00	
1.2100018260e+02	7.1520416549e-01	
1.2110040557e+02	5.3425546661e-01	
1.2120006367e+02	4.7628296584e-01	
1.2130052805e+02	5.4630922075e-01	
1.2140055867e+02	6.1931804011e-01	
1.2150027767e+02	7.6061565606e-01	
1.2160012808e+02	5.7080971694e-01	
1.2170049537e+02	4.0425440561e-01	
1.2180037836e+02	4.0542010060e-01	
1.2190010741e+02	3.8780824856e-01	
1.2200056207e+02	4.0147331454e-01	
1.2210010728e+02	4.0866745679e-01	
1.2220043583e+02	4.3188619521e-01	
1.2230056609e+02	4.0965148788e-01	
1.2240032800e+02	4.8615815523e-01	
1.2250044775e+02	3.7466768437e-01	
1.2260043583e+02	3.7214949594e-01	
1.2270009258e+02	4.4244174850e-01	
1.2280019177e+02	5.8968890881e-01	
1.2290039826e+02	8.3464787505e-01	
1.2300017904e+02	1.0942645841e+00	
1.2310037098e+02	6.2037775448e-01	
1.2320024341e+02	8.7520900845e-01	
1.2330035415e+02	6.7274905769e-01	
1.2340008762e+02	4.7607089086e-01	
1.2350028762e+02	5.5088590124e-01	
1.2360052420e+02	6.4361156995e-01	
1.2370019135e+02	6.1610958217e-01	
1.2380030366e+02	6.1829546851e-01	
1.2390053678e+02	6.2908087534e-01	
1.2400039178e+02	6.0175856892e-01	
1.2410025001e+02	5.9652224571e-01	
1.2420047235e+02	7.2733632259e-01	
1.2430014726e+02	1.0632763813e+00	
1.2440015443e+02	1.1080568333e+00	
1.2450016181e+02	8.1556237243e-01	
1.2460003479e+02	6.7331544666e-01	
1.2470024973e+02	6.5366572168e-01	
1.2480036190e+02	7.7006729315e-01	
1.2490007780e+02	5.3656533943e-01	
1.2500027585e+02	4.6883944983e-01	
1.2510005583e+02	4.4951601250e-01	
1.2520028438e+02	4.6195145431e-01	
1.2530046946e+02	5.6754430728e-01	
1.2540017986e+02	5.5752396399e-01	
1.2550042756e+02	5.1667660474e-01	
1.2560036153e+02	4.3253779768e-01	
1.2570052092e+02	3.9849005139e-01	
1.2580016658e+02	4.2237882687e-01	
1.2590025521e+02	4.3816477133e-01	
1.2600037426e+02	7.3597939927e-01	
1.2610024216e+02	6.1986162219e-01	
1.2620048908e+02	4.5126174517e-01	
1.2630028506e+02	6.8318405994e-01	
1.2640027464e+02	8.1968048797e-01	
1.2650031667e+02	8.0565987906e-01	
1.2660050766e+02	9.3336784598e-01	
1.2670030714e+02	8.5614305331e-01	
1.2680018878e+02	9.2139704274e-01	
1.2690001722e+02	6.6277078747e-01	
1.2700037904e+02	4.5223807695e-01	
1.2710015633e+02	6.0684040254e-01	
1.2720050429e+02	7.2968986213e-01	
1.2730041713e+02	5.9137786377e-01	
1.2740027624e+02	7.1141559157e-01	
1.2750038027e+02	8.7788195094e-01	
1.2760007265e+02	7.2731466785e-01	
1.2770049142e+02	4.9030139841e-01	
1.2780036414e+02	6.6231080579e-01	
1.2790029014e+02	4.8848549330e-01	
1.2800014948e+02	5.7459707203e-01	
1.2810023468e+02	6.3365872646e-01	
1.2820033768e+02	4.9689965316e-01	
1.2830024040e+02	5.0190277684e-01	
1.2840044392e+02	4.9548826015e-01	
1.2850054489e+02	4.2484142504e-01	
1.2860035172e+02	4.0751259042e-01	
1.2870031114e+02	4.1381662650e-01	
1.2880017290e+02	4.3340042502e-01	
1.2890026199e+02	4.4019255170e-01	
1.2900033971e+02	4.7111736656e-01	
1.2910047326e+02	4.9389219038e-01	
1.2920038391e+02	5.6193838191e-01	
1.2930002427e+02	5.7746644270e-01	
1.2940003397e+02	6.5992584109e-01	
1.2950036747e+02	5.2234433268e-01	
1.2960023232e+02	4.9883072958e-01	
1.2970021255e+02	4.7392459848e-01	
1.2980051763e+02	6.5954249494e-01	
1.2990022587e+02	8.7437024673e-01	
1.3000052329e+02	1.0877039301e+00	
1.3010019021e+02	1.0196505011e+00	
1.3020050951e+02	5.9961197348e-01	
1.3030050486e+02	6.3755713174e-01	
1.3040030396e+02	4.1953909920e-01	
1.3050024086e+02	4.2188348842e-01	
1.3060012917e+02	5.8350125175e-01	
1.3070006936e+02	8.7114387719e-01	
1.3080036062e+02	7.4001930724e-01	
1.3090050648e+02	9.5137914703e-01	
1.3100028231e+02	8.0246129486e-01	
1.3110024143e+02	5.8550339835e-01	
1.3120016183e+02	4.3491010883e-01	
1.3130008092e+02	4.2650727375e-01	
1.3140047856e+02	4.2833582919e-01	
1.3150039504e+02	4.2891860839e-01	
1.3160001160e+02	4.2782188012e-01	
1.3170028928e+02	4.2329830822e-01	
1.3180038859e+02	4.2256714335e-01	
1.3190002776e+02	4.2402234500e-01	
1.3200008878e+02	4.2446919176e-01	
1.3210027667e+02	4.4218565877e-01	
1.3220024315e+02	5.8881385904e-01	
1.3230011306e+02	4.7705837213e-01	
1.3240006286e+02	4.3573383800e-01	
1.3250008814e+02	4.4548945795e-01	
1.3260013628e+02	4.5556697298e-01	
1.3270005960e+02	4.4896476116e-01	
1.3280055056e+02	4.5663372749e-01	
1.3290047953e+02	4.4247804389e-01	
1.3300012466e+02	4.1875863050e-01	
1.3310033543e+02	3.9924849902e-01	
1.3320033513e+02	3.9259959180e-01	
1.3330033876e+02	4.0577996661e-01	
1.3340040796e+02	4.1409629465e-01	
1.3350039234e+02	4.4350679742e-01	
1.3360005422e+02	5.8910383394e-01	
1.3370041615e+02	6.7680654933e-01	
1.3380021554e+02	5.1023105246e-01	
1.3390006622e+02	4.2343131160e-01	
1.3400022590e+02	5.3668124508e-01	
1.3410050169e+02	4.2080817409e-01	
1.3420045045e+02	4.0285992271e-01	
1.3430027397e+02	3.8937823257e-01	
1.3440038991e+02	4.0628075071e-01	
1.3450013162e+02	3.9172315649e-01	
1.3460036429e+02	3.6712650328e-01	
1.3470050309e+02	3.9428361484e-01	
1.3480015358e+02	4.1082279068e-01	
1.3490010783e+02	4.4267633929e-01	
1.3500037097e+02	4.1275134303e-01	
1.3510020655e+02	3.9693353926e-01	
1.3520019694e+02	4.2881657973e-01	
1.3530009061e+02	3.8436605981e-01	
1.3540029150e+02	4.4320772814e-01	
1.3550010392e+02	5.0904313020e-01	
1.3560004206e+02	4.9506087063e-01	
1.3570003930e+02	5.2598643789e-01	
1.3580047154e+02	5.1918153282e-01	
1.3590047145e+02	4.1754816759e-01	
1.3600033821e+02	4.4205888304e-01	
1.3610002745e+02	7.1954534017e-01	
1.3620037268e+02	6.3489386446e-01	
1.3630041214e+02	5.5733036625e-01	
1.3640045375e+02	7.1993215718e-01	
1.3650045798e+02	7.4753343528e-01	
1.3660033427e+02	8.5466279545e-01	
1.3670029794e+02	8.9242847953e-01	
1.3680011918e+02	9.6909261221e-01	
1.3690002194e+02	8.7339433481e-01	
1.3700000976e+02	7.6763988344e-01	
1.3710006761e+02	7.8396001084e-01	
1.3720013241e+02	7.4674983731e-01	
1.3730004179e+02	6.6087207630e-01	
1.3740001525e+02	7.0853835767e-01	
1.3750054651e+02	6.0167752358e-01	
1.3760042679e+02	6.5867167306e-01	
1.3770032974e+02	6.7302037151e-01	
1.3780034318e+02	5.2873443069e-01	
1.3790051951e+02	5.0571324832e-01	
1.3800042798e+02	4.7198180459e-01	
1.3810052314e+02	4.1209319776e-01	
1.3820020725e+02	4.0957209958e-01	
1.3830030191e+02	4.6866396855e-01	
1.3840052771e+02	5.0980356008e-01	
1.3850023049e+02	7.1265997345e-01	
1.3860012888e+02	4.7643609402e-01	
1.3870001263e+02	4.3337427298e-01	
1.3880042876e+02	4.3099384106e-01	
1.3890030743e+02	4.4079382363e-01	
1.3900030308e+02	4.2187085664e-01	
1.3910023815e+02	4.5610786972e-01	
1.3920002195e+02	6.0249016468e-01	
1.3930043682e+02	6.2634956286e-01	
1.3940046523e+02	4.9932660769e-01	
1.3950029811e+02	4.4009975181e-01	
1.3960044823e+02	3.7190143576e-01	
1.3970024495e+02	3.7671933884e-01	
1.3980035007e+02	3.8678030539e-01	
1.3990028522e+02	5.0127412319e-01	
1.4000051223e+02	5.1215305751e-01	
1.4010045461e+02	4.3364749459e-01	
1.4020045611e+02	4.6178644080e-01	
1.4030006875e+02	4.9595203381e-01	
1.4040008144e+02	5.1318079397e-01	
1.4050010668e+02	4.0046481894e-01	
1.4060039166e+02	4.1833924802e-01	
1.4070039232e+02	4.2996418328e-01	
1.4080046060e+02	4.8163574370e-01	
1.4090045571e+02	4.9669497009e-01	
1.4100047151e+02	4.6523417365e-01	
1.4110008710e+02	4.0248221581e-01	
1.4120011006e+02	4.1083330440e-01	
1.4130022464e+02	3.9543232722e-01	
1.4140035619e+02	3.9560892335e-01	
1.4150017227e+02	4.1128712033e-01	
1.4160018968e+02	4.8333131482e-01	
1.4170013762e+02	5.4189415467e-01	
1.4180019817e+02	5.1157673066e-01	
1.4190032951e+02	3.9277572218e-01	
1.4200033244e+02	3.9630676313e-01	
1.4210039353e+02	4.1612598914e-01	
1.4220020706e+02	4.1694797341e-01	
1.4230002264e+02	4.2474986255e-01	
1.4240042239e+02	6.5741426298e-01	
1.4250033256e+02	7.1028172699e-01	
1.4260031636e+02	4.5944668751e-01	
1.4270040955e+02	5.0424299680e-01	
1.4280023833e+02	5.6041062044e-01	
1.4290024160e+02	6.0789493928e-01	
1.4300036285e+02	6.1650933609e-01	
1.4310035943e+02	6.2277148632e-01	
1.4320030668e+02	5.4560679919e-01	
1.4330042084e+02	5.4170870806e-01	
1.4340052483e+02	4.2171881140e-01	
1.4350016933e+02	4.1839319032e-01	
1.4360038294e+02	4.5092847793e-01	
1.4370007129e+02	6.0191445690e-01	
1.4380007964e+02	1.0159046810e+00	
1.4390003179e+02	6.4859441720e-01	
1.4400009298e+02	4.3686673519e-01	
1.4410041194e+02	4.2298917206e-01	
1.4420006638e+02	4.5781802371e-01	
1.4430026659e+02	5.2850360460e-01	
1.4440038941e+02	4.6680617314e-01	
1.4450045712e+02	4.0442155084e-01	
1.4460016135e+02	3.9074188192e-01	
1.4470012315e+02	3.9043978999e-01	
1.4480014174e+02	3.8474376584e-01	
1.4490028116e+02	3.7361871538e-01	
1.4500048325e+02	3.7308749802e-01	
1.4510027020e+02	5.2506121287e-01	
1.4520005493e+02	6.4259469986e-01	
1.4530038998e+02	9.6823571906e-01	
1.4540038346e+02	8.6791294202e-01	
1.4550011328e+02	5.3518217707e-01	
1.4560024823e+02	5.8669097256e-01	
1.4570024509e+02	5.6171196055e-01	
1.4580044605e+02	6.6725253802e-01	
1.4590002791e+02	1.0607939219e+00	
1.4600014904e+02	1.2624427883e+00	
1.4610035480e+02	1.0715799314e+00	
1.4620029822e+02	7.8847154428e-01	
1.4630031207e+02	8.7433092268e-01	
1.4640050183e+02	6.0093390391e-01	
1.4650026674e+02	4.6748520800e-01	
1.4660014035e+02	4.7195686322e-01	
1.4670012114e+02	4.4690997255e-01	
1.4680030652e+02	4.8110318190e-01	
1.4690033594e+02	5.1895774270e-01	
1.4700007783e+02	4.6478629926e-01	
1.4710054594e+02	5.2145959467e-01	
1.4720053398e+02	4.7304017938e-01	
1.4730005444e+02	4.0568179292e-01	
1.4740050782e+02	4.1431418315e-01	
1.4750037600e+02	4.2441182054e-01	
1.4760014505e+02	4.4772301586e-01	
1.4770052193e+02	4.2199730815e-01	
1.4780017367e+02	4.0780599635e-01	
1.4790026716e+02	4.2719145512e-01	
1.4800029498e+02	4.7845014702e-01	
1.4810022053e+02	4.0345431059e-01	
1.4820017316e+02	3.9767100687e-01	
1.4830052082e+02	4.1495028345e-01	
1.4840009553e+02	4.5994260862e-01	
1.4850048324e+02	4.3420217733e-01	
1.4860023123e+02	4.0552331616e-01	
1.4870015385e+02	4.0341696265e-01	
1.4880052224e+02	4.0578236142e-01	
1.4890036340e+02	7.1503590529e-01	
1.4900045380e+02	9.3288210922e-01	
1.4910032909e+02	5.7858284781e-01	
1.4920003984e+02	4.0078554548e-01	
1.4930037149e+02	4.5751595358e-01	
1.4940010114e+02	5.5734010202e-01	
1.4950022054e+02	5.3125900938e-01	
1.4960004679e+02	5.1505953582e-01	
1.4970055015e+02	7.0917553107e-01	
1.4980038273e+02	5.6177014598e-01	
1.4990014941e+02	3.8908438135e-01	
1.5000054248e+02	4.1571848960e-01	
1.5010022962e+02	4.1569069709e-01	
1.5020046947e+02	3.9621932294e-01	
1.5030000429e+02	4.6168915506e-01	
1.5040012921e+02	5.7848325730e-01	
1.5050042275e+02	5.8071458995e-01	
1.5060051982e+02	4.4964464791e-01	
1.5070004361e+02	4.0894098342e-01	
1.5080050464e+02	4.4602143601e-01	
1.5090043330e+02	4.5151985265e-01	
1.5100030238e+02	4.3780108042e-01	
1.5110028568e+02	4.0840133129e-01	
1.5120015407e+02	4.2837655931e-01	
1.5130032416e+02	4.2494412385e-01	
1.5140035311e+02	4.1100905583e-01	
1.5150005688e+02	4.0341551046e-01	
1.5160049532e+02	4.0447544675e-01	
1.5170038100e+02	5.3443067321e-01	
1.5180033151e+02	4.4262770836e-01	
1.5190021683e+02	4.2158391119e-01	
1.5200025325e+02	4.1230984297e-01	
1.5210010079e+02	4.1300748543e-01	
1.5220048124e+02	5.3410718590e-01	
1.5230012662e+02	3.8415339508e-01	
1.5240037883e+02	3.9887291830e-01	
1.5250040077e+02	4.1190335288e-01	
1.5260042774e+02	1.0256599368e+00	
1.5270030083e+02	7.6205404614e-01	
1.5280045530e+02	8.5655044054e-01	
1.5290019941e+02	5.3246136762e-01	
1.5300020583e+02	4.4286393219e-01	
1.5310018398e+02	3.9867699789e-01	
1.5320007533e+02	5.0229959050e-01	
1.5330006869e+02	4.0595164570e-01	
1.5340025250e+02	3.9944801681e-01	
1.5350004565e+02	4.1953387941e-01	
1.5360025571e+02	4.3189467741e-01	
1.5370004541e+02	4.7307755694e-01	
1.5380037606e+02	4.3165534264e-01	
1.5390045454e+02	4.7469908314e-01	
1.5400030430e+02	4.9461747592e-01	
1.5410026732e+02	4.2834051781e-01	
1.5420014915e+02	4.3863755667e-01	
1.5430016322e+02	4.7423124797e-01	
1.5440026441e+02	4.4824025653e-01	
1.5450027265e+02	5.9283410613e-01	
1.5460030305e+02	5.6758622620e-01	
1.5470023568e+02	6.8644030044e-01	
1.5480021193e+02	7.2026853206e-01	
1.5490028752e+02	6.1934894357e-01	
1.5500001219e+02	5.2369148900e-01	
1.5510044408e+02	5.9310897936e-01	
1.5520047006e+02	5.0444017052e-01	
1.5530030313e+02	5.8248177089e-01	
1.5540012834e+02	7.1423158803e-01	
1.5550048040e+02	7.2460831483e-01	
1.5560035068e+02	8.1643942880e-01	
1.5570004566e+02	7.7824512276e-01	
1.5580016547e+02	7.2826733009e-01	
1.5590032334e+02	5.4616074258e-01	
1.5600014306e+02	5.5731771370e-01	
1.5610047162e+02	5.7898852876e-01	
1.5620029737e+02	4.2903212973e-01	
1.5630012872e+02	5.6165826167e-01	
1.5640033891e+02	4.7918805534e-01	
1.5650054667e+02	6.0802948100e-01	
1.5660020744e+02	4.3224243617e-01	
1.5670046423e+02	4.0380403056e-01	
1.5680050356e+02	4.0878080193e-01	
1.5690015331e+02	4.0926025588e-01	
1.5700036066e+02	4.5086869964e-01	
1.5710015280e+02	4.3662320253e-01	
1.5720048490e+02	4.1120236804e-01	
1.5730007716e+02	4.3428560730e-01	
1.5740029089e+02	6.4517887268e-01	
1.5750037448e+02	5.5240022077e-01	
1.5760021374e+02	5.1286639238e-01	
1.5770023177e+02	4.5669545934e-01	
1.5780045800e+02	4.0998544099e-01	
1.5790018981e+02	4.2643563311e-01	
1.5800001529e+02	4.5888299141e-01	
1.5810021321e+02	4.4699772470e-01	
1.5820026170e+02	5.0525959527e-01	
1.5830041339e+02	5.4547850643e-01	
1.5840026946e+02	5.7296542597e-01	
1.5850006394e+02	5.0504589348e-01	
1.5860030706e+02	4.9145835712e-01	
1.5870028437e+02	4.5033307412e-01	
1.5880050032e+02	4.4792317159e-01	
1.5890042877e+02	4.4392878137e-01	
1.5900026394e+02	4.3243152720e-01	
1.5910052236e+02	4.8192815707e-01	
1.5920049132e+02	5.6563361727e-01	
1.5930039236e+02	6.2738486422e-01	
1.5940003906e+02	6.0525914377e-01	
1.5950055165e+02	4.6672249469e-01	
1.5960017528e+02	4.4267050303e-01	
1.5970002372e+02	4.5741622126e-01	
1.5980049888e+02	4.6599872238e-01	
1.5990005210e+02	4.6177393910e-01	
1.6000041372e+02	4.6229777468e-01	
1.6010027030e+02	4.8396719175e-01	
1.6020031253e+02	4.8336121697e-01	
1.6030042294e+02	4.5291510184e-01	
1.6040016333e+02	4.3478922881e-01	
1.6050019317e+02	4.1347749697e-01	
1.6060003227e+02	4.2764987383e-01	
1.6070034455e+02	4.8282525751e-01	
1.6080007864e+02	4.1446374899e-01	
1.6090031732e+02	4.5556621647e-01	
1.6100014767e+02	4.7244588296e-01	
1.6110053360e+02	4.9485977951e-01	
1.6120031028e+02	4.0960435802e-01	
1.6130049773e+02	4.0190033600e-01	
1.6140003068e+02	3.8644342966e-01	
1.6150023467e+02	5.0776388257e-01	
1.6160030503e+02	4.5280234657e-01	
1.6170003866e+02	5.9777209859e-01	
1.6180032573e+02	5.8873713367e-01	
1.6190021977e+02	5.2437302898e-01	
1.6200038911e+02	6.5933283567e-01	
1.6210046829e+02	5.6061212751e-01	
1.6220030652e+02	4.7028601726e-01	
1.6230039640e+02	4.3509400941e-01	
1.6240015095e+02	3.9118803399e-01	
1.6250046106e+02	4.0569232389e-01	
1.6260030925e+02	4.4366697509e-01	
1.6270025656e+02	4.5257441572e-01	
1.6280037359e+02	5.2220893248e-01	
1.6290031603e+02	4.2312145639e-01	
1.6300016349e+02	4.2379383665e-01	
1.6310011346e+02	3.9775679160e-01	
1.6320001797e+02	3.8849691746e-01	
1.6330055919e+02	4.9701629713e-01	
1.6340035879e+02	5.6121091358e-01	
1.6350038606e+02	8.7733471470e-01	
1.6360022315e+02	6.8877848203e-01	
1.6370047852e+02	5.0810718502e-01	
1.6380000180e+02	4.5616264382e-01	
1.6390023198e+02	4.3134289358e-01	
1.6400012152e+02	4.2088066301e-01	
1.6410048889e+02	7.1756407044e-01	
1.6420048801e+02	7.7278955545e-01	
1.6430029692e+02	6.1079383485e-01	
1.6440032674e+02	5.5529911501e-01	
1.6450021278e+02	4.8934614442e-01	
1.6460047632e+02	5.0977265882e-01	
1.6470051697e+02	5.1420229424e-01	
1.6480032709e+02	5.0241574608e-01	
1.6490046702e+02	5.6548777791e-01	
1.6500011607e+02	6.1697656066e-01	
1.6510012035e+02	5.4941744352e-01	
1.6520038844e+02	5.8685751718e-01	
1.6530038422e+02	8.8967663311e-01	
1.6540037498e+02	1.0557704609e+00	
1.6550053968e+02	7.0501629191e-01	
1.6560018553e+02	6.4166833803e-01	
1.6570036110e+02	4.6776857102e-01	
1.6580042575e+02	4.8348131548e-01	
1.6590022495e+02	4.4428412458e-01	
1.6600037187e+02	4.3313844500e-01	
1.6610002548e+02	4.2873417380e-01	
1.6620039923e+02	4.1441433285e-01	
1.6630032329e+02	4.0885561652e-01	
1.6640004306e+02	4.0596103537e-01	
1.6650044111e+02	4.2819718680e-01	
1.6660041669e+02	4.3641098206e-01	
1.6670047058e+02	4.9410591145e-01	
1.6680024997e+02	5.2612632316e-01	
1.6690003095e+02	4.5822510146e-01	
1.6700010972e+02	4.2972850504e-01	
1.6710044541e+02	4.5493622602e-01	
1.6720018713e+02	4.7047174824e-01	
1.6730008283e+02	4.6049963035e-01	
1.6740046068e+02	4.5050696089e-01	
1.6750002427e+02	4.8223957761e-01	
1.6760016324e+02	4.5569936974e-01	
1.6770016848e+02	4.3975108391e-01	
1.6780039734e+02	4.2918400872e-01	
1.6790009915e+02	4.4868912374e-01	
1.6800009046e+02	4.2764686904e-01	
1.6810035792e+02	4.0367306582e-01	
1.6820055204e+02	3.9591561543e-01	
1.6830040984e+02	4.0474817766e-01	
1.6840004673e+02	4.6125972897e-01	
1.6850004206e+02	5.6634264623e-01	
1.6860044879e+02	4.7209966207e-01	
1.6870030137e+02	4.3832989699e-01	
1.6880025473e+02	5.1869101376e-01	
1.6890028571e+02	4.1864619038e-01	
1.6900022316e+02	4.9113635695e-01	
1.6910002531e+02	4.6490137930e-01	
1.6920051011e+02	4.4526318309e-01	
1.6930049500e+02	5.5872677689e-01	
1.6940056605e+02	4.8303001530e-01	
1.6950001314e+02	4.0941145593e-01	
1.6960010261e+02	6.1792812908e-01	
1.6970024439e+02	5.1630327394e-01	
1.6980049377e+02	4.0571790449e-01	
1.6990013938e+02	3.8028927216e-01	
1.7000018150e+02	4.6418663497e-01	
1.7010031771e+02	3.9914487239e-01	
1.7020033939e+02	4.9587239100e-01	
1.7030051860e+02	4.7902297014e-01	
1.7040017202e+02	3.9076641270e-01	
1.7050001289e+02	3.9530580660e-01	
1.7060045787e+02	4.3932937046e-01	
1.7070018850e+02	4.2882272751e-01	
1.7080029682e+02	5.0435449088e-01	
1.7090008184e+02	3.7745396009e-01	
1.7100046024e+02	3.8794964463e-01	
1.7110001305e+02	4.8781134824e-01	
1.7120011290e+02	7.2511180285e-01	
1.7130042781e+02	6.0543192170e-01	
1.7140047073e+02	4.9422499527e-01	
1.7150042455e+02	5.0404966551e-01	
1.7160011869e+02	4.6010095837e-01	
1.7170000660e+02	4.3590625600e-01	
1.7180015565e+02	3.9538801267e-01	
1.7190012515e+02	3.8916727162e-01	
1.7200033312e+02	3.9783237685e-01	
1.7210002192e+02	4.8049886214e-01	
1.7220035870e+02	4.6811320058e-01	
1.7230044823e+02	5.5319360467e-01	
1.7240007732e+02	5.1360637977e-01	
1.7250022899e+02	4.4121535720e-01	
1.7260032735e+02	7.0703379256e-01	
1.7270004343e+02	5.0067690618e-01	
1.7280043470e+02	4.9727461029e-01	
1.7290008329e+02	4.9945432125e-01	
1.7300011011e+02	5.8545636027e-01	
1.7310001393e+02	5.6437943991e-01	
1.7320032400e+02	3.8411296725e-01	
1.7330024454e+02	3.8514013259e-01	
1.7340003852e+02	3.8536383943e-01	
1.7350037696e+02	3.8881349336e-01	
1.7360042684e+02	3.9448267014e-01	
1.7370048811e+02	4.6697817263e-01	
1.7380015274e+02	5.8419818183e-01	
1.7390013762e+02	6.1741517934e-01	
1.7400053042e+02	5.3395427020e-01	
1.7410006249e+02	4.8940307586e-01	
1.7420047126e+02	5.5529039051e-01	
1.7430032942e+02	5.4699128057e-01	
1.7440040152e+02	4.2235352966e-01	
1.7450002349e+02	4.7416267658e-01	
1.7460045849e+02	4.7056001958e-01	
1.7470053048e+02	5.5689802660e-01	
1.7480012066e+02	5.2604575425e-01	
1.7490003069e+02	5.1031729002e-01	
1.7500037268e+02	6.6188798887e-01	
1.7510003433e+02	7.1423063018e-01	
1.7520003154e+02	5.3574447952e-01	
1.7530038017e+02	4.2432206723e-01	
1.7540010560e+02	4.4260826472e-01	
1.7550018920e+02	4.2368001554e-01	
1.7560029230e+02	4.4968171982e-01	
1.7570029859e+02	7.3647120311e-01	
1.7580032592e+02	7.0502631435e-01	
1.7590039370e+02	4.4772874081e-01	
1.7600052225e+02	5.1445989014e-01	
1.7610016199e+02	4.4532661267e-01	
1.7620032413e+02	5.0500298218e-01	
1.7630033750e+02	7.3874227010e-01	
1.7640010378e+02	5.8583562080e-01	
1.7650020014e+02	3.9619076796e-01	
1.7660017639e+02	3.8769257387e-01	
1.7670041067e+02	3.7477066374e-01	
1.7680025610e+02	4.3476198412e-01	
1.7690015278e+02	4.8227536314e-01	
1.7700045941e+02	4.3344855189e-01	
1.7710038726e+02	4.3103603095e-01	
1.7720019467e+02	4.8499701569e-01	
1.7730025419e+02	4.4934991216e-01	
1.7740048163e+02	4.5102350838e-01	
1.7750002742e+02	4.5653264183e-01	
1.7760039917e+02	4.4360703128e-01	
1.7770016037e+02	4.2565381585e-01	
1.7780024583e+02	4.2365900746e-01	
1.7790035223e+02	4.5291299272e-01	
1.7800040063e+02	4.4504056370e-01	
1.7810039522e+02	4.6526483780e-01	
1.7820010007e+02	6.6118131034e-01	
1.7830003422e+02	6.0054713351e-01	
1.7840029374e+02	5.2850097282e-01	
1.7850056277e+02	5.0086869658e-01	
1.7860000619e+02	4.5804556552e-01	
1.7870009859e+02	4.1661469565e-01	
1.7880014465e+02	4.2226638719e-01	
1.7890029241e+02	4.1248158915e-01	
1.7900047487e+02	4.0810364354e-01	
1.7910048415e+02	3.9811615568e-01	
1.7920035164e+02	4.0426223442e-01	
1.7930000535e+02	4.1403447841e-01	
1.7940042065e+02	4.7772616388e-01	
1.7950033642e+02	4.4885368840e-01	
1.7960045522e+02	3.8750811963e-01	
1.7970032836e+02	3.9553006251e-01	
1.7980042456e+02	4.1259075405e-01	
1.7990004993e+02	4.0956143258e-01	
1.8000033397e+02	4.6038736210e-01	
1.8010011836e+02	4.4623690944e-01	
1.8020024940e+02	4.4379730994e-01	
1.8030026081e+02	4.3108695285e-01	
1.8040000277e+02	4.1491561151e-01	
1.8050004864e+02	4.3098876884e-01	
1.8060029403e+02	5.1516796766e-01	
1.8070020666e+02	6.3830292465e-01	
1.8080024252e+02	6.6673428582e-01	
1.8090016187e+02	7.7962011059e-01	
1.8100036485e+02	1.0410923009e+00	
1.8110030846e+02	1.0675709702e+00	
1.8120041762e+02	5.4821172980e-01	
1.8130017516e+02	4.5138665038e-01	
1.8140027998e+02	3.6898815736e-01	
1.8150047354e+02	3.9714051316e-01	
1.8160044248e+02	4.1863034022e-01	
1.8170021981e+02	4.4607077976e-01	
1.8180046491e+02	4.1144109633e-01	
1.8190046721e+02	4.0776096599e-01	
1.8200006875e+02	4.6433641590e-01	
1.8210033355e+02	4.8876779896e-01	
1.8220025120e+02	4.1221668139e-01	
1.8230043758e+02	4.1577376467e-01	
1.8240048007e+02	4.1325863596e-01	
1.8250018033e+02	4.3707694317e-01	
1.8260044872e+02	6.5139089389e-01	
1.8270029568e+02	7.2345906348e-01	
1.8280038618e+02	7.3399638463e-01	
1.8290044812e+02	5.5128996106e-01	
1.8300033079e+02	4.7240269584e-01	
1.8310011548e+02	5.1572377417e-01	
1.8320042699e+02	4.9415881376e-01	
1.8330035135e+02	4.7481440738e-01	
1.8340002694e+02	4.3300113285e-01	
1.8350027723e+02	4.7271309057e-01	
1.8360032547e+02	4.7111224613e-01	
1.8370051779e+02	4.9529567221e-01	
1.8380041887e+02	5.1379313375e-01	
1.8390056477e+02	5.1507146754e-01	
1.8400055359e+02	5.0079179634e-01	
1.8410024665e+02	6.0717736068e-01	
1.8420054214e+02	7.5304323317e-01	
1.8430009617e+02	5.4548948150e-01	
1.8440048303e+02	4.1557173842e-01	
1.8450014759e+02	3.6508308927e-01	
1.8460007004e+02	3.7138683938e-01	
1.8470013426e+02	3.9225127761e-01	
1.8480031774e+02	4.0314524570e-01	
1.8490012825e+02	3.9830269710e-01	
1.8500050170e+02	4.1685810697e-01	
1.8510024062e+02	4.6392480776e-01	
1.8520051795e+02	4.3788481495e-01	
1.8530038367e+02	4.3522017585e-01	
1.8540025211e+02	4.3942782555e-01	
1.8550011702e+02	4.2515337523e-01	
1.8560045791e+02	5.0439634955e-01	
1.8570010768e+02	5.1356441746e-01	
1.8580021862e+02	5.7346809475e-01	
1.8590013041e+02	4.4475347405e-01	
1.8600012870e+02	5.4368173620e-01	
1.8610028922e+02	6.5377522885e-01	
1.8620048996e+02	7.5946766755e-01	
1.8630038667e+02	7.1345451100e-01	
1.8640050715e+02	5.9885818628e-01	
1.8650036991e+02	5.5313646642e-01	
1.8660045959e+02	6.0065987385e-01	
1.8670002338e+02	5.3373062528e-01	
1.8680016623e+02	5.0601895273e-01	
1.8690051431e+02	5.9870690780e-01	
1.8700024429e+02	5.6495894710e-01	
1.8710016602e+02	6.8866722635e-01	
1.8720003810e+02	6.7848427223e-01	
1.8730017565e+02	6.7523566756e-01	
1.8740030461e+02	5.3057191473e-01	
1.8750023607e+02	4.8585438728e-01	
1.8760037083e+02	4.7960001055e-01	
1.8770039552e+02	4.7152227049e-01	
1.8780028190e+02	4.4259289813e-01	
1.8790036830e+02	4.1717609309e-01	
1.8800034259e+02	4.0005575264e-01	
1.8810041957e+02	3.8713973756e-01	
1.8820030136e+02	4.8483685668e-01	
1.8830026016e+02	4.0202637795e-01	
1.8840017765e+02	5.5144769551e-01	
1.8850047007e+02	4.0149977224e-01	
1.8860038385e+02	3.8911348072e-01	
1.8870023878e+02	3.9803775161e-01	
1.8880015131e+02	5.0072578020e-01	
1.8890030459e+02	4.7105081728e-01	
1.8900030343e+02	4.9115088555e-01	
1.8910048528e+02	5.7131146637e-01	
1.8920010490e+02	5.0092196354e-01	
1.8930002342e+02	4.0889615648e-01	
1.8940016195e+02	3.5619797106e-01	
1.8950025487e+02	3.6091273625e-01	
1.8960039632e+02	3.6753138778e-01	
1.8970027846e+02	4.0213277161e-01	
1.8980046389e+02	4.2477597041e-01	
1.8990025745e+02	4.2327901009e-01	
1.9000051000e+02	3.9291577238e-01	
1.9010033357e+02	4.3567159506e-01	
1.9020006812e+02	4.2070079916e-01	
1.9030012112e+02	4.1342842350e-01	
1.9040028714e+02	4.9444781776e-01	
1.9050036256e+02	4.5455454531e-01	
1.9060033494e+02	3.6139269251e-01	
1.9070053342e+02	3.7911164153e-01	
1.9080015719e+02	4.0239421918e-01	
1.9090052033e+02	4.0616944987e-01	
1.9100010557e+02	3.8755329141e-01	
1.9110030602e+02	3.8946214878e-01	
1.9120023612e+02	3.9454538362e-01	
1.9130003774e+02	4.0152136461e-01	
1.9140033660e+02	4.5798812447e-01	
1.9150029124e+02	4.2649027240e-01	
1.9160024762e+02	4.2152354411e-01	
1.9170038054e+02	3.6959664574e-01	
1.9180005375e+02	3.7840723000e-01	
1.9190032925e+02	4.6744561938e-01	
1.9200046174e+02	4.4016342522e-01	
1.9210043447e+02	4.5077253628e-01	
1.9220038346e+02	4.6473872770e-01	
1.9230043234e+02	5.3972138566e-01	
1.9240002967e+02	5.3329024740e-01	
1.9250024539e+02	7.5187504995e-01	
1.9260049132e+02	9.4920809257e-01	
1.9270019091e+02	1.1150091107e+00	
1.9280041724e+02	8.0745513373e-01	
1.9290021533e+02	8.9958058831e-01	
1.9300034419e+02	5.8013807095e-01	
1.9310001242e+02	3.9238096387e-01	
1.9320043190e+02	4.3840285255e-01	
1.9330038781e+02	4.2271283330e-01	
1.9340019830e+02	4.1055317587e-01	
1.9350024246e+02	3.7700473759e-01	
1.9360010498e+02	4.0104561167e-01	
1.9370017292e+02	4.2028462593e-01	
1.9380035154e+02	4.0539816611e-01	
1.9390012202e+02	4.0996898982e-01	
1.9400025776e+02	4.2346201302e-01	
1.9410058675e+02	4.1556426988e-01	
1.9420047317e+02	3.9472314620e-01	
1.9430007720e+02	3.6820034768e-01	
1.9440020850e+02	3.5417004818e-01	
1.9450049874e+02	3.5387240826e-01	
1.9460016453e+02	3.5501906536e-01	
1.9470009888e+02	4.6884077654e-01	
1.9480009074e+02	5.4660784506e-01	
1.9490004069e+02	4.8790814952e-01	
1.9500048808e+02	5.6528149615e-01	
1.9510000051e+02	5.4374499687e-01	
1.9520023065e+02	4.5923688352e-01	
1.9530021048e+02	3.8348948927e-01	
1.9540027269e+02	3.9246909780e-01	
1.9550008648e+02	3.8611235234e-01	
1.9560029014e+02	3.9037598430e-01	
1.9570009976e+02	4.8559125254e-01	
1.9580050326e+02	5.2573260944e-01	
1.9590004440e+02	5.3179456543e-01	
1.9600011847e+02	5.2177859092e-01	
1.9610052877e+02	4.4169180858e-01	
1.9620006917e+02	4.2776693845e-01	
1.9630027879e+02	4.0191779849e-01	
1.9640019174e+02	3.8989620931e-01	
1.9650021924e+02	4.6934656587e-01	
1.9660015547e+02	5.7219286718e-01	
1.9670018143e+02	6.6330739445e-01	
1.9680008764e+02	7.5735785773e-01	
1.9690012708e+02	6.2099448790e-01	
1.9700020608e+02	3.8105149414e-01	
1.9710028744e+02	3.4474856493e-01	
1.9720020269e+02	3.4395861241e-01	
1.9730025811e+02	3.8386450317e-01	
1.9740043874e+02	4.6270916373e-01	
1.9750032445e+02	4.0728261484e-01	
1.9760037718e+02	4.6370751172e-01	
1.9770003975e+02	6.1302693839e-01	
1.9780007708e+02	5.1007655576e-01	
1.9790052298e+02	4.9761918515e-01	
1.9800047244e+02	4.3061702105e-01	
1.9810048507e+02	6.1628013286e-01	
1.9820032497e+02	7.2046706669e-01	
1.9830019498e+02	5.4183842606e-01	
1.9840016399e+02	5.3398751190e-01	
1.9850049682e+02	6.4329384414e-01	
1.9860003513e+02	6.6943117782e-01	
1.9870005294e+02	7.3454937940e-01	
1.9880027534e+02	7.1279739737e-01	
1.9890013218e+02	5.8415733220e-01	
1.9900005602e+02	4.4974570243e-01	
1.9910004143e+02	5.9385886311e-01	
1.9920022207e+02	6.3083585369e-01	
1.9930011612e+02	4.5317396172e-01	
1.9940006549e+02	3.5191654343e-01	
1.9950039098e+02	3.7896841108e-01	
1.9960049815e+02	3.8002949070e-01	
1.9970019476e+02	4.6661478880e-01	
1.9980005373e+02	6.5607335836e-01	
1.9990053411e+02	5.9206849041e-01	
2.0000011501e+02	5.6809125512e-01	
2.0010043342e+02	4.2765628847e-01	
2.0020031861e+02	4.6155952995e-01	
2.0030045433e+02	4.7393277268e-01	
2.0040000598e+02	4.8189051800e-01	
2.0050054274e+02	3.9787162380e-01	
2.0060049883e+02	4.0853008185e-01	
2.0070011238e+02	4.0941944647e-01	
2.0080034205e+02	3.8510642019e-01	
2.0090029668e+02	4.0159056654e-01	
2.0100005963e+02	3.7463673491e-01	
2.0110042728e+02	4.3900467896e-01	
2.0120047604e+02	5.5418476646e-01	
2.0130024163e+02	5.6781215397e-01	
2.0140020004e+02	3.6542307997e-01	
2.0150045815e+02	3.8809784756e-01	
2.0160024151e+02	4.6131526365e-01	
2.0170029443e+02	5.3045112378e-01	
2.0180033915e+02	5.6550008412e-01	
2.0190048553e+02	6.2059400581e-01	
2.0200051387e+02	6.1958746941e-01	
2.0210035365e+02	6.7273594052e-01	
2.0220023233e+02	5.0925920705e-01	
2.0230023974e+02	4.7951705639e-01	
2.0240052568e+02	4.4900382966e-01	
2.0250030596e+02	4.1026151151e-01	
2.0260041157e+02	5.8241403377e-01	
2.0270005153e+02	5.3818906175e-01	
2.0280052564e+02	6.1382657304e-01	
2.0290000003e+02	7.6160540156e-01	
2.0300013362e+02	8.0961126318e-01	
2.0310019016e+02	7.3069263862e-01	
2.0320033503e+02	7.1443898926e-01	
2.0330030337e+02	7.8977108474e-01	
2.0340038248e+02	7.7779422711e-01	
2.0350045069e+02	8.0254955618e-01	
2.0360053032e+02	7.8291658986e-01	
2.0370027050e+02	7.7678736086e-01	
2.0380020016e+02	8.5491569915e-01	
2.0390057176e+02	7.9575024828e-01	
2.0400010783e+02	5.2458946404e-01	
2.0410036168e+02	4.0795031416e-01	
2.0420039934e+02	3.9929080164e-01	
2.0430050807e+02	4.3927150067e-01	
2.0440047114e+02	4.6219429945e-01	
2.0450007384e+02	4.5501768225e-01	
2.0460011132e+02	4.4359558263e-01	
2.0470003364e+02	4.7757649646e-01	
2.0480026744e+02	4.3411550925e-01	
2.0490020225e+02	4.6927932912e-01	
2.0500053812e+02	4.9125823462e-01	
2.0510006826e+02	3.9469777131e-01	
2.0520004286e+02	4.7331687365e-01	
2.0530025891e+02	4.1149855025e-01	
2.0540015313e+02	4.5523668453e-01	
2.0550040611e+02	5.9458338185e-01	
2.0560033091e+02	7.4709792197e-01	
2.0570005678e+02	5.9911333884e-01	
2.0580017836e+02	5.3823293944e-01	
2.0590055538e+02	4.8517131807e-01	
2.0600020190e+02	6.7306893216e-01	
2.0610030502e+02	6.8708289371e-01	
2.0620002951e+02	5.2204259411e-01	
2.0630007225e+02	5.4664317695e-01	
2.0640039761e+02	5.6155373203e-01	
2.0650001758e+02	6.1578342661e-01	
2.0660047003e+02	5.3821951616e-01	
2.0670056568e+02	4.3295793017e-01	
2.0680037427e+02	6.8746490485e-01	
2.0690016834e+02	3.7538258357e-01	
2.0700017387e+02	3.6785246550e-01	
2.0710054687e+02	3.8094714214e-01	
2.0720010657e+02	4.3031328872e-01	
2.0730000704e+02	4.7118562893e-01	
2.0740039119e+02	4.2941778710e-01	
2.0750053983e+02	4.2064638966e-01	
2.0760010517e+02	4.2398520341e-01	
2.0770024141e+02	4.1250742858e-01	
2.0780040641e+02	3.8945594464e-01	
2.0790035174e+02	3.9423017673e-01	
2.0800011437e+02	4.4355715542e-01	
2.0810009313e+02	4.1086651181e-01	
2.0820052090e+02	3.7494942624e-01	
2.0830054062e+02	3.8874117317e-01	
2.0840033700e+02	4.0829716807e-01	
2.0850000461e+02	4.0852746547e-01	
2.0860035349e+02	3.8655987607e-01	
2.0870027447e+02	4.1427927504e-01	
2.0880007358e+02	3.8676072582e-01	
2.0890034441e+02	4.6257377462e-01	
2.0900049394e+02	7.0811207718e-01	
2.0910043333e+02	7.1199159837e-01	
2.0920028167e+02	4.7724949709e-01	
2.0930001405e+02	3.7598547754e-01	
2.0940057111e+02	3.7172031632e-01	
2.0950056937e+02	3.7329225220e-01	
2.0960054825e+02	3.7563123119e-01	
2.0970031622e+02	4.4308778919e-01	
2.0980004204e+02	5.6824622535e-01	
2.0990049701e+02	7.3142080051e-01	
2.1000030154e+02	6.0405937609e-01	
2.1010036754e+02	5.2033561480e-01	
2.1020029212e+02	7.0802823901e-01	
2.1030042211e+02	8.7475829360e-01	
2.1040047406e+02	7.0425737249e-01	
2.1050025286e+02	4.4175155751e-01	
2.1060002267e+02	4.1608375171e-01	
2.1070035636e+02	3.8791548972e-01	
2.1080038515e+02	4.2255340008e-01	
2.1090029338e+02	4.7194434838e-01	
2.1100016967e+02	4.5025969429e-01	
2.1110054633e+02	5.4529489952e-01	
2.1120014272e+02	6.2942028881e-01	
2.1130024929e+02	4.3499780523e-01	
2.1140028329e+02	3.9286333156e-01	
2.1150017819e+02	4.9091260008e-01	
2.1160007080e+02	6.0515629304e-01	
2.1170026591e+02	4.9816995626e-01	
2.1180028930e+02	4.4901402351e-01	
2.1190016476e+02	4.4835073343e-01	
2.1200040834e+02	4.6908611276e-01	
2.1210049967e+02	4.2203391213e-01	
2.1220010449e+02	5.1654007253e-01	
2.1230024718e+02	5.5881045761e-01	
2.1240016345e+02	4.8732039501e-01	
2.1250005650e+02	4.8882540225e-01	
2.1260023968e+02	5.9883231328e-01	
2.1270037217e+02	6.0956995724e-01	
2.1280009415e+02	5.8151220925e-01	
2.1290053504e+02	5.8419503203e-01	
2.1300055023e+02	4.4182147844e-01	
2.1310054209e+02	3.8247709290e-01	
2.1320017120e+02	3.7618782095e-01	
2.1330024930e+02	3.8068171148e-01	
2.1340002600e+02	3.8389001797e-01	
2.1350026496e+02	3.7706160066e-01	
2.1360018858e+02	4.0123325561e-01	
2.1370044074e+02	4.2856637829e-01	
2.1380050321e+02	4.0212106394e-01	
2.1390026311e+02	4.2944887957e-01	
2.1400008471e+02	4.0149959913e-01	
2.1410024957e+02	4.1789866074e-01	
2.1420034510e+02	4.1466438497e-01	
2.1430049367e+02	3.8866419850e-01	
2.1440005375e+02	3.8459523072e-01	
2.1450030596e+02	3.8217536922e-01	
2.1460027310e+02	3.9169548544e-01	
2.1470006911e+02	4.2014992475e-01	
2.1480006391e+02	3.8566931628e-01	
2.1490004687e+02	4.0538669319e-01	
2.1500022142e+02	5.5171243316e-01	
2.1510044325e+02	6.5883618041e-01	
2.1520008127e+02	7.7601268642e-01	
2.1530009681e+02	7.3097274769e-01	
2.1540025396e+02	7.8960190595e-01	
2.1550051766e+02	9.4889437127e-01	
2.1560014035e+02	7.4886265437e-01	
2.1570010469e+02	5.9011599661e-01	
2.1580048268e+02	5.9198605421e-01	
2.1590009376e+02	5.4613613348e-01	
2.1600035093e+02	4.9022908490e-01	
2.1610045187e+02	4.6376386351e-01	
2.1620024257e+02	3.6492081847e-01	
2.1630044484e+02	3.4868307291e-01	
2.1640034691e+02	3.5594360931e-01	
2.1650022681e+02	3.7786206878e-01	
2.1660018693e+02	3.7832201917e-01	
2.1670005658e+02	3.7629057470e-01	
2.1680026047e+02	3.6423547894e-01	
2.1690039304e+02	3.5455538615e-01	
2.1700012209e+02	3.9238821601e-01	
2.1710001167e+02	3.9315021858e-01	
2.1720027807e+02	4.1667970143e-01	
2.1730050093e+02	4.2979868023e-01	
2.1740042109e+02	4.6639201144e-01	
2.1750029608e+02	4.1745323887e-01	
2.1760015835e+02	3.8779876721e-01	
2.1770045941e+02	4.4987010695e-01	
2.1780001311e+02	3.8928234458e-01	
2.1790037606e+02	3.9147320888e-01	
2.1800043573e+02	3.8553907283e-01	
2.1810007601e+02	3.8300613217e-01	
2.1820033173e+02	3.8190937926e-01	
2.1830035742e+02	4.5613858404e-01	
2.1840012223e+02	4.1802358902e-01	
2.1850034405e+02	4.3157200500e-01	
2.1860052784e+02	4.4867494729e-01	
2.1870010371e+02	4.6410189407e-01	
2.1880035778e+02	5.2690027247e-01	
2.1890038919e+02	5.1043296656e-01	
2.1900054254e+02	4.5971769917e-01	
2.1910022250e+02	3.5552968409e-01	
2.1920037877e+02	3.5837656682e-01	
2.1930001824e+02	3.6071504771e-01	
2.1940030647e+02	3.6926301486e-01	
2.1950052375e+02	3.6559534606e-01	
2.1960054556e+02	3.7066333934e-01	
2.1970056305e+02	3.9684811348e-01	
2.1980034631e+02	4.4615968989e-01	
2.1990003229e+02	3.8142014979e-01	
2.2000021585e+02	3.7111776048e-01	
2.2010017147e+02	3.6515012503e-01	
2.2020037446e+02	4.0576399594e-01	
2.2030023733e+02	4.1445084480e-01	
2.2040011343e+02	4.5279294396e-01	
2.2050015136e+02	4.2360223872e-01	
2.2060007958e+02	4.7412643759e-01	
2.2070002904e+02	5.6749658794e-01	
2.2080036070e+02	5.3177954463e-01	
2.2090047960e+02	3.9513090442e-01	
2.2100036005e+02	3.5195984404e-01	
2.2110008215e+02	3.4895615437e-01	
2.2120012199e+02	3.5238719455e-01	
2.2130039896e+02	4.1920029740e-01	
2.2140029479e+02	3.9679614687e-01	
2.2150026865e+02	4.4232032232e-01	
2.2160027000e+02	5.6327955382e-01	
2.2170009395e+02	5.3200625799e-01	
2.2180022980e+02	5.7373175471e-01	
2.2190026819e+02	5.0337012620e-01	
2.2200016292e+02	5.1274974916e-01	
2.2210053711e+02	5.5888989937e-01	
2.2220033730e+02	5.0853751179e-01	
2.2230007196e+02	4.5213777865e-01	
2.2240033041e+02	4.3753261325e-01	
2.2250004381e+02	4.1662524307e-01	
2.2260019181e+02	4.1524745215e-01	
2.2270009988e+02	4.1879225081e-01	
2.2280021524e+02	4.7775503761e-01	
2.2290043708e+02	6.1646573368e-01	
2.2300027620e+02	8.0965309404e-01	
2.2310026689e+02	6.1967476164e-01	
2.2320048393e+02	4.1494967661e-01	
2.2330015623e+02	4.1126946674e-01	
2.2340035931e+02	4.3239048484e-01	
2.2350012031e+02	4.1031629361e-01	
2.2360019735e+02	5.7038246900e-01	
2.2370018532e+02	8.4874371633e-01	
2.2380033568e+02	1.2031733076e+00	
2.2390047180e+02	9.2758531259e-01	
2.2400021629e+02	4.7602087877e-01	
2.2410038062e+02	4.1870283771e-01	
2.2420054168e+02	3.9746665413e-01	
2.2430026561e+02	4.3963590239e-01	
2.2440028944e+02	4.4901263898e-01	
2.2450025170e+02	5.0837421429e-01	
2.2460013898e+02	3.9238309523e-01	
2.2470046893e+02	4.9059232753e-01	
2.2480000035e+02	5.1260950875e-01	
2.2490027970e+02	4.3994516301e-01	
2.2500010429e+02	3.9138929970e-01	
2.2510051452e+02	4.1663565386e-01	
2.2520002320e+02	4.1048831335e-01	
2.2530033712e+02	3.9309003531e-01	
2.2540006363e+02	3.8388808267e-01	
2.2550036044e+02	3.5011876597e-01	
2.2560023682e+02	3.7822202420e-01	
2.2570031584e+02	3.8573839514e-01	
2.2580016337e+02	3.9500457229e-01	
2.2590020104e+02	3.9824184408e-01	
2.2600009768e+02	3.9184134548e-01	
2.2610009784e+02	3.7815229069e-01	
2.2620050942e+02	3.7447363842e-01	
2.2630029694e+02	3.7088113632e-01	
2.2640020183e+02	3.6784790327e-01	
2.2650020151e+02	3.7501937788e-01	
2.2660032141e+02	3.7203382434e-01	
2.2670017045e+02	3.7395069970e-01	
2.2680017906e+02	3.7627000029e-01	
2.2690010771e+02	4.0871718702e-01	
2.2700033469e+02	4.6554962223e-01	
2.2710002786e+02	5.3189676400e-01	
2.2720002591e+02	5.5080531855e-01	
2.2730006256e+02	4.2554239051e-01	
2.2740027622e+02	3.5989844712e-01	
2.2750040217e+02	4.6393115835e-01	
2.2760045866e+02	6.8215340352e-01	
2.2770014348e+02	7.5486325354e-01	
2.2780031585e+02	5.8863489942e-01	
2.2790056188e+02	4.5972309124e-01	
2.2800012355e+02	3.6825418158e-01	
2.2810021101e+02	3.6301311182e-01	
2.2820057350e+02	3.6720298160e-01	
2.2830053061e+02	3.7521530636e-01	
2.2840029107e+02	3.8143982310e-01	
2.2850000158e+02	3.8655011809e-01	
2.2860036896e+02	3.8386004759e-01	
2.2870013295e+02	3.7007328095e-01	
2.2880007044e+02	3.6522898087e-01	
2.2890014465e+02	3.7356750315e-01	
2.2900019351e+02	3.7814812600e-01	
2.2910008236e+02	3.7105010219e-01	
2.2920001472e+02	3.6366847397e-01	
2.2930000565e+02	4.0981203805e-01	
2.2940020864e+02	5.4217807790e-01	
2.2950012509e+02	5.6964354488e-01	
2.2960014642e+02	5.4511742083e-01	
2.2970038518e+02	4.0430076680e-01	
2.2980037953e+02	4.0650150226e-01	
2.2990051874e+02	3.9067715467e-01	
2.3000004008e+02	3.9945225183e-01	
2.3010020253e+02	4.0755296241e-01	
2.3020029919e+02	4.4942739030e-01	
2.3030034139e+02	4.7854780799e-01	
2.3040034404e+02	5.2957690684e-01	
2.3050055467e+02	5.4415578073e-01	
2.3060003390e+02	5.8208214130e-01	
2.3070022547e+02	5.5771349591e-01	
2.3080048319e+02	3.9847721907e-01	
2.3090049191e+02	3.7549164380e-01	
2.3100048818e+02	4.8241722127e-01	
2.3110020347e+02	4.8169777037e-01	
2.3120024263e+02	4.6387336931e-01	
2.3130004003e+02	5.9545962987e-01	
2.3140002614e+02	6.3995999171e-01	
2.3150031279e+02	4.7511972229e-01	
2.3160040846e+02	4.0433784066e-01	
2.3170037824e+02	3.5785895047e-01	
2.3180030065e+02	3.5877374349e-01	
2.3190001507e+02	3.5749906775e-01	
2.3200036022e+02	3.6306709239e-01	
2.3210034322e+02	3.7153192428e-01	
2.3220009647e+02	3.8167582055e-01	
2.3230031307e+02	3.9593743127e-01	
2.3240007112e+02	4.1507225313e-01	
2.3250024888e+02	4.3025589762e-01	
2.3260006934e+02	4.3531052237e-01	
2.3270039613e+02	4.4267432743e-01	
2.3280014725e+02	4.5449384428e-01	
2.3290056009e+02	4.8489845791e-01	
2.3300028852e+02	4.5445877023e-01	
2.3310011906e+02	4.6275272217e-01	
2.3320009250e+02	4.5059333283e-01	
2.3330019269e+02	4.3621175931e-01	
2.3340038506e+02	4.7238882292e-01	
2.3350029367e+02	5.7234454624e-01	
2.3360030991e+02	5.9233307773e-01	
2.3370027919e+02	5.0261524646e-01	
2.3380016722e+02	8.3986765663e-01	
2.3390043163e+02	1.1236412074e+00	
2.3400034418e+02	1.2526127386e+00	
2.3410016773e+02	1.6858282652e+00	
2.3420020276e+02	1.5897757833e+00	
2.3430005214e+02	1.0552940894e+00	
2.3440040388e+02	7.7202066529e-01	
2.3450047631e+02	6.4504892792e-01	
2.3460038898e+02	4.4351831781e-01	
2.3470010263e+02	4.0201020110e-01	
2.3480018110e+02	4.4177767939e-01	
2.3490002687e+02	4.5779955505e-01	
2.3500015249e+02	4.2669859813e-01	
2.3510041921e+02	3.9148321509e-01	
2.3520045197e+02	3.8828724919e-01	
2.3530038256e+02	3.9870436098e-01	
2.3540031525e+02	3.9768060811e-01	
2.3550041312e+02	3.8504039061e-01	
2.3560031644e+02	3.8535783121e-01	
2.3570052669e+02	3.8601854172e-01	
2.3580007145e+02	3.8771637919e-01	
2.3590034676e+02	4.0584903907e-01	
2.3600020375e+02	4.2101048176e-01	
2.3610030437e+02	3.8878904111e-01	
2.3620048045e+02	3.9502884529e-01	
2.3630033709e+02	4.3152524927e-01	
2.3640023686e+02	4.1299743470e-01	
2.3650051302e+02	4.0389003635e-01	
2.3660045262e+02	5.2201886054e-01	
2.3670040764e+02	6.8214109544e-01	
2.3680022277e+02	6.3744270398e-01	
2.3690007270e+02	6.0875269312e-01	
2.3700017058e+02	6.1065989985e-01	
2.3710009437e+02	6.8689784510e-01	
2.3720014955e+02	6.5015255446e-01	
2.3730045962e+02	6.1020963853e-01	
2.3740020567e+02	5.4782156563e-01	
2.3750027559e+02	5.0235489543e-01	
2.3760003225e+02	4.1629735899e-01	
2.3770039205e+02	4.1337799973e-01	
2.3780038257e+02	3.9618521201e-01	
2.3790033136e+02	4.2319947355e-01	
2.3800018459e+02	4.0068802959e-01	
2.3810032945e+02	4.0439519209e-01	
2.3820002284e+02	4.1511464130e-01	
2.3830052043e+02	4.0490723261e-01	
2.3840050173e+02	4.1961720134e-01	
2.3850030643e+02	4.5666288656e-01	
2.3860023058e+02	4.1485157101e-01	
2.3870026281e+02	4.2069661684e-01	
2.3880049316e+02	4.1624095903e-01	
2.3890004483e+02	4.2682119459e-01	
2.3900039110e+02	4.5208970120e-01	
2.3910056027e+02	4.7267145636e-01	
2.3920007439e+02	5.4112627962e-01	
2.3930024927e+02	4.8843396785e-01	
2.3940042248e+02	4.3855285265e-01	
2.3950022836e+02	4.8160432713e-01	
2.3960044587e+02	5.2823220507e-01	
2.3970026788e+02	4.8743860117e-01	
2.3980044452e+02	4.6916928030e-01	
2.3990004657e+02	6.2363011060e-01	
2.4000051643e+02	7.5208409929e-01	
2.4010009754e+02	8.8432229131e-01	
2.4020002518e+02	8.8356428441e-01	
2.4030011636e+02	7.1491291520e-01	
2.4040026679e+02	4.7870835344e-01	
2.4050050560e+02	3.9805077099e-01	
2.4060011932e+02	3.7384279891e-01	
2.4070049844e+02	3.5811469337e-01	
2.4080030841e+02	3.6525805382e-01	
2.4090043659e+02	3.6707304731e-01	
2.4100048836e+02	3.8479239524e-01	
2.4110023498e+02	4.9405948197e-01	
2.4120010486e+02	4.7619397220e-01	
2.4130034175e+02	4.0060152506e-01	
2.4140025524e+02	4.1959783657e-01	
2.4150002520e+02	4.5696402951e-01	
2.4160017952e+02	4.0030196784e-01	
2.4170034521e+02	4.2252952976e-01	
2.4180013304e+02	6.4080262973e-01	
2.4190029789e+02	8.6206372658e-01	
2.4200009768e+02	9.4661403752e-01	
2.4210015666e+02	1.2350908241e+00	
2.4220037387e+02	9.5932140584e-01	
2.4230040089e+02	8.0067111060e-01	
2.4240034224e+02	7.6948822269e-01	
2.4250008954e+02	5.3212621966e-01	
2.4260011801e+02	3.9478584200e-01	
2.4270034667e+02	4.2963312614e-01	
2.4280005498e+02	3.6864484797e-01	
2.4290011057e+02	3.9604806604e-01	
2.4300035637e+02	4.0135288522e-01	
2.4310030901e+02	4.0093912398e-01	
2.4320025193e+02	4.4619799258e-01	
2.4330013686e+02	5.2980134890e-01	
2.4340044413e+02	4.3239397616e-01	
2.4350036545e+02	4.6792725920e-01	
2.4360041220e+02	4.5590509746e-01	
2.4370032715e+02	4.9498593888e-01	
2.4380026244e+02	4.9136408844e-01	
2.4390038739e+02	4.2679654206e-01	
2.4400047365e+02	4.0090408238e-01	
2.4410035777e+02	3.8329902419e-01	
2.4420025040e+02	3.7681524876e-01	
2.4430007262e+02	3.6670504484e-01	
2.4440004386e+02	3.7050585633e-01	
2.4450014963e+02	3.4655444412e-01	
2.4460031187e+02	3.4711185354e-01	
2.4470043451e+02	3.4566260923e-01	
2.4480042032e+02	4.0224068040e-01	
2.4490011973e+02	4.2629820889e-01	
2.4500048667e+02	3.8899480294e-01	
2.4510034566e+02	3.6454045208e-01	
2.4520023920e+02	3.7891993719e-01	
2.4530049579e+02	3.6995171347e-01	
2.4540006134e+02	3.7279675681e-01	
2.4550051454e+02	3.7568810547e-01	
2.4560002169e+02	3.7700153992e-01	
2.4570046070e+02	4.2604642246e-01	
2.4580034076e+02	4.3803387260e-01	
2.4590002082e+02	4.5837247765e-01	
2.4600012634e+02	4.7071085553e-01	
2.4610023122e+02	5.1782680303e-01	
2.4620010227e+02	4.5592674504e-01	
2.4630008947e+02	4.9868515797e-01	
2.4640046370e+02	5.7127247284e-01	
2.4650030604e+02	3.9386821869e-01	
2.4660030753e+02	3.5341802189e-01	
2.4670034366e+02	3.8987799578e-01	
2.4680013730e+02	3.9645110462e-01	
2.4690052953e+02	4.8027739154e-01	
2.4700055265e+02	4.5722464311e-01	
2.4710026984e+02	4.2093135960e-01	
2.4720022346e+02	4.6912682160e-01	
2.4730034310e+02	5.6307060784e-01	
2.4740053392e+02	6.1370164420e-01	
2.4750031673e+02	5.9585909659e-01	
2.4760038716e+02	4.0664790542e-01	
2.4770055734e+02	3.9137159819e-01	
2.4780024143e+02	3.8530695415e-01	
2.4790004758e+02	3.8906258089e-01	
2.4800044089e+02	3.7113947755e-01	
2.4810001182e+02	3.8641811906e-01	
2.4820018496e+02	3.6510409148e-01	
2.4830032056e+02	3.5372147347e-01	
2.4840018989e+02	3.5255122161e-01	
2.4850031335e+02	3.6588921378e-01	
2.4860005291e+02	3.7131690402e-01	
2.4870035617e+02	3.7922038923e-01	
2.4880017223e+02	3.6805985565e-01	
2.4890054248e+02	3.6414437220e-01	
2.4900009419e+02	3.9598981861e-01	
2.4910037482e+02	3.6982103233e-01	
2.4920030574e+02	3.7507313682e-01	
2.4930050031e+02	3.8812981209e-01	
2.4940029857e+02	3.8130124633e-01	
2.4950010017e+02	3.8233108354e-01	
2.4960026015e+02	3.9344139198e-01	
2.4970008735e+02	3.9373155571e-01	
2.4980042332e+02	5.4426835083e-01	
2.4990048454e+02	4.6650678685e-01	
2.5000014438e+02	3.8827765793e-01	
2.5010039229e+02	4.0298928020e-01	
2.5020033183e+02	7.4006883681e-01	
2.5030012163e+02	7.3804137263e-01	
2.5040046067e+02	6.4204180295e-01	
2.5050038411e+02	4.6786115853e-01	
2.5060021675e+02	5.0061435282e-01	
2.5070050040e+02	4.0192946294e-01	
2.5080035466e+02	3.8234491186e-01	
2.5090013152e+02	4.4521770053e-01	
2.5100010307e+02	3.7926187482e-01	
2.5110005672e+02	3.7422779508e-01	
2.5120041857e+02	3.5236331356e-01	
2.5130008787e+02	3.5357706090e-01	
2.5140008654e+02	3.5775138919e-01	
2.5150044242e+02	3.6105525491e-01	
2.5160046084e+02	3.7720702558e-01	
2.5170028288e+02	4.9876135817e-01	
2.5180009382e+02	5.0827359868e-01	
2.5190038137e+02	3.8749774042e-01	
2.5200045684e+02	4.0402319283e-01	
2.5210019110e+02	3.7200691722e-01	
2.5220036859e+02	3.6880941245e-01	
2.5230010382e+02	3.6864323005e-01	
2.5240015172e+02	4.5712131270e-01	
2.5250055703e+02	5.8517173155e-01	
2.5260023140e+02	5.6967524215e-01	
2.5270056401e+02	7.5045209816e-01	
2.5280023245e+02	9.7821075987e-01	
2.5290024034e+02	7.5064757451e-01	
2.5300058437e+02	4.5587265915e-01	
2.5310000628e+02	5.1076604729e-01	
2.5320044682e+02	5.8431664971e-01	
2.5330057076e+02	5.5176973564e-01	
2.5340054974e+02	4.2515628475e-01	
2.5350031504e+02	4.4118960611e-01	
2.5360055952e+02	4.6421117919e-01	
2.5370011853e+02	4.3130942257e-01	
2.5380023767e+02	5.4217155377e-01	
2.5390029920e+02	6.7723891387e-01	
2.5400020881e+02	6.9857135555e-01	
2.5410056615e+02	7.2903348978e-01	
2.5420024341e+02	5.9874535004e-01	
2.5430051170e+02	4.2164591042e-01	
2.5440023687e+02	4.1892046895e-01	
2.5450028189e+02	4.8394305250e-01	
2.5460031183e+02	5.8632780532e-01	
2.5470033889e+02	5.0121578386e-01	
2.5480023950e+02	4.5436932657e-01	
2.5490016390e+02	4.3938699029e-01	
2.5500042210e+02	4.1464719282e-01	
2.5510021320e+02	3.8817675901e-01	
2.5520054826e+02	3.8786709613e-01	
2.5530039534e+02	3.7995306924e-01	
2.5540015162e+02	3.8612043939e-01	
2.5550054366e+02	3.6117195389e-01	
2.5560026496e+02	3.7731443458e-01	
2.5570028593e+02	3.6910470547e-01	
2.5580002640e+02	3.6095122062e-01	
2.5590040343e+02	3.6923004972e-01	
2.5600028961e+02	3.7476810817e-01	
2.5610043648e+02	3.7659699399e-01	
2.5620050957e+02	3.8251421685e-01	
2.5630006586e+02	4.0165582601e-01	
2.5640052274e+02	4.4535235464e-01	
2.5650008165e+02	3.7176795528e-01	
2.5660005216e+02	3.9390588794e-01	
2.5670016035e+02	3.9035759174e-01	
2.5680024941e+02	5.1636275425e-01	
2.5690013339e+02	5.4558417262e-01	
2.5700028202e+02	7.2154631064e-01	
2.5710000849e+02	6.4666287888e-01	
2.5720041325e+02	6.5549285097e-01	
2.5730045475e+02	6.2092807712e-01	
2.5740003231e+02	5.5019066485e-01	
2.5750049336e+02	5.0052958586e-01	
2.5760028312e+02	6.0162343357e-01	
2.5770049761e+02	5.4239186983e-01	
2.5780041096e+02	4.3403486498e-01	
2.5790045816e+02	4.2582268717e-01	
2.5800037878e+02	4.1773200110e-01	
2.5810047360e+02	4.2881591940e-01	
2.5820036222e+02	4.6646052086e-01	
2.5830048688e+02	5.4625244447e-01	
2.5840018164e+02	6.8289086499e-01	
2.5850003906e+02	7.0931254231e-01	
2.5860025128e+02	7.4365496495e-01	
2.5870025103e+02	6.0591434848e-01	
2.5880002196e+02	4.5510774415e-01	
2.5890005776e+02	3.6971025748e-01	
2.5900038692e+02	3.7997068381e-01	
2.5910020496e+02	3.7626803728e-01	
2.5920017544e+02	3.6807038847e-01	
2.5930022645e+02	3.9101110790e-01	
2.5940046032e+02	4.0703707488e-01	
2.5950030830e+02	5.2045714288e-01	
2.5960030395e+02	5.8578816059e-01	
2.5970053860e+02	5.4873877451e-01	
2.5980041019e+02	5.1618513778e-01	
2.5990027008e+02	4.2428561040e-01	
2.6000021801e+02	3.9686218828e-01	
2.6010018879e+02	3.7202359161e-01	
2.6020003989e+02	3.8582489123e-01	
2.6030016220e+02	3.8713662294e-01	
2.6040029454e+02	3.6916232540e-01	
2.6050002508e+02	3.9037035722e-01	
2.6060055487e+02	3.8681221835e-01	
2.6070045949e+02	3.9507667167e-01	
2.6080021232e+02	4.0080992938e-01	
2.6090033191e+02	4.0060738812e-01	
2.6100029640e+02	4.1325733619e-01	
2.6110028622e+02	4.2350743212e-01	
2.6120043676e+02	4.2400229144e-01	
2.6130007130e+02	4.3309361370e-01	
2.6140046403e+02	5.5085228360e-01	
2.6150045316e+02	5.9680119176e-01	
2.6160003150e+02	4.1697487409e-01	
2.6170033433e+02	3.9158737997e-01	
2.6180019121e+02	3.7421532245e-01	
2.6190036373e+02	4.1111140604e-01	
2.6200031670e+02	4.7969957907e-01	
2.6210033283e+02	5.3955166757e-01	
2.6220049112e+02	5.5741878960e-01	
2.6230039030e+02	7.0487010279e-01	
2.6240043767e+02	7.6608105079e-01	
2.6250007404e+02	6.2583055985e-01	
2.6260048183e+02	6.1758390778e-01	
2.6270037354e+02	5.7405404220e-01	
2.6280042285e+02	6.6454746961e-01	
2.6290044240e+02	6.4224297907e-01	
2.6300029876e+02	4.9431061677e-01	
2.6310026884e+02	3.9579635504e-01	
2.6320038110e+02	3.8545243590e-01	
2.6330047469e+02	3.6212753787e-01	
2.6340022899e+02	3.8358516040e-01	
2.6350021766e+02	3.8107160105e-01	
2.6360043969e+02	3.7207085529e-01	
2.6370050083e+02	3.6493529774e-01	
2.6380048050e+02	3.6676343349e-01	
2.6390003091e+02	3.6832737411e-01	
2.6400046179e+02	3.6572863297e-01	
2.6410002698e+02	3.7039002267e-01	
2.6420025320e+02	3.8029061863e-01	
2.6430025258e+02	3.8330823252e-01	
2.6440002081e+02	3.9625811103e-01	
2.6450047184e+02	3.9952184101e-01	
2.6460054304e+02	3.7904271992e-01	
2.6470010074e+02	3.7906338821e-01	
2.6480032429e+02	3.6436921474e-01	
2.6490020222e+02	3.4908182850e-01	
2.6500030531e+02	4.4636598636e-01	
2.6510050474e+02	5.8323281007e-01	
2.6520044482e+02	6.5887200317e-01	
2.6530003492e+02	5.4953384252e-01	
2.6540034661e+02	5.4321834426e-01	
2.6550015143e+02	4.9787786562e-01	
2.6560052178e+02	4.7355522591e-01	
2.6570028897e+02	5.2781566366e-01	
2.6580026665e+02	5.6667248260e-01	
2.6590029981e+02	6.6777204139e-01	
2.6600042816e+02	6.8441021066e-01	
2.6610027212e+02	6.7551298840e-01	
2.6620040799e+02	5.5872907375e-01	
2.6630001089e+02	4.4597773688e-01	
2.6640009113e+02	4.1016913701e-01	
2.6650055426e+02	4.2758488244e-01	
2.6660047601e+02	4.3254967652e-01	
2.6670002515e+02	4.2251667271e-01	
2.6680022056e+02	4.3708653363e-01	
2.6690027793e+02	5.4848282519e-01	
2.6700052170e+02	7.0625286712e-01	
2.6710023070e+02	7.6635985563e-01	
2.6720020698e+02	7.1489012374e-01	
2.6730022701e+02	4.2854835738e-01	
2.6740013400e+02	3.9222588176e-01	
2.6750028858e+02	3.9719900014e-01	
2.6760008907e+02	3.9275951412e-01	
2.6770055596e+02	3.9459889239e-01	
2.6780039827e+02	3.8451245276e-01	
2.6790046241e+02	3.8549965443e-01	
2.6800049559e+02	4.5507058633e-01	
2.6810040660e+02	4.8153547482e-01	
2.6820046208e+02	4.6758556165e-01	
2.6830012553e+02	4.0607431180e-01	
2.6840011300e+02	3.7816055451e-01	
2.6850022151e+02	3.5898609273e-01	
2.6860007342e+02	3.9396964882e-01	
2.6870018871e+02	5.9833955648e-01	
2.6880000700e+02	4.4954880401e-01	
2.6890050347e+02	4.8357424521e-01	
2.6900048496e+02	4.4896826870e-01	
2.6910028575e+02	4.0323339384e-01	
2.6920038039e+02	4.2752396891e-01	
2.6930032272e+02	3.9800533988e-01	
2.6940040601e+02	3.9086119123e-01	
2.6950012986e+02	3.8582967158e-01	
2.6960040844e+02	3.7505844994e-01	
2.6970044806e+02	3.6654436132e-01	
2.6980016340e+02	3.9128156858e-01	
2.6990025816e+02	3.9026661491e-01	
2.7000010241e+02	3.8269153818e-01	
2.7010014893e+02	3.7136817530e-01	
2.7020000981e+02	3.7108457539e-01	
2.7030023329e+02	4.0052652724e-01	
2.7040018609e+02	4.2339140031e-01	
2.7050013899e+02	3.9687841597e-01	
2.7060023884e+02	3.8777765804e-01	
2.7070022537e+02	3.9820322597e-01	
2.7080004148e+02	3.9468203008e-01	
2.7090010568e+02	3.8692225283e-01	
2.7100031025e+02	3.9538963301e-01	
2.7110044616e+02	3.9311500071e-01	
2.7120052026e+02	3.8299279866e-01	
2.7130025452e+02	4.6431290908e-01	
2.7140021997e+02	5.5753065507e-01	
2.7150056822e+02	4.7536918156e-01	
2.7160023912e+02	4.6999106246e-01	
2.7170005735e+02	4.2782249154e-01	
2.7180047526e+02	4.8793399226e-01	
2.7190051446e+02	4.7621435725e-01	
2.7200033763e+02	4.2462267613e-01	
2.7210025142e+02	3.8331645769e-01	
2.7220020048e+02	3.6447405160e-01	
2.7230041276e+02	3.4996234642e-01	
2.7240044692e+02	3.7463551243e-01	
2.7250023602e+02	3.8651807981e-01	
2.7260017807e+02	3.9061155759e-01	
2.7270014541e+02	4.6304574401e-01	
2.7280050884e+02	4.6571063253e-01	
2.7290006674e+02	3.7363387443e-01	
2.7300045258e+02	4.2296263118e-01	
2.7310006831e+02	4.8604605014e-01	
2.7320045500e+02	5.7990976105e-01	
2.7330023852e+02	5.1749510176e-01	
2.7340032610e+02	4.0016516563e-01	
2.7350048683e+02	3.5698794871e-01	
2.7360024904e+02	4.0273991621e-01	
2.7370048048e+02	5.7531862774e-01	
2.7380019379e+02	6.8748479382e-01	
2.7390036944e+02	6.4771334994e-01	
2.7400034566e+02	7.3558479559e-01	
2.7410030530e+02	7.1123087625e-01	
2.7420027342e+02	4.8741826059e-01	
2.7430049385e+02	4.1055059972e-01	
2.7440021253e+02	4.5898569948e-01	
2.7450042050e+02	4.3698077607e-01	
2.7460050855e+02	4.0199033602e-01	
2.7470040242e+02	4.8415912516e-01	
2.7480046309e+02	5.0310357027e-01	
2.7490051730e+02	4.8232144176e-01	
2.7500014513e+02	5.3587478054e-01	
2.7510010109e+02	6.4063725718e-01	
2.7520010903e+02	7.3186538604e-01	
2.7530031799e+02	4.6084782475e-01	
2.7540000581e+02	4.2513402390e-01	
2.7550052979e+02	4.4211647769e-01	
2.7560043204e+02	3.9215798909e-01	
2.7570057722e+02	4.5326913606e-01	
2.7580045855e+02	5.2661792953e-01	
2.7590046580e+02	4.4902176890e-01	
2.7600028558e+02	3.6598368287e-01	
2.7610006870e+02	3.6487009020e-01	
2.7620005316e+02	3.8267647917e-01	
2.7630035200e+02	3.7557915054e-01	
2.7640055211e+02	3.9345833643e-01	
2.7650014217e+02	3.8655393179e-01	
2.7660005006e+02	3.7949430361e-01	
2.7670030954e+02	3.8681162558e-01	
2.7680034190e+02	3.9653060560e-01	
2.7690025385e+02	4.0092114240e-01	
2.7700053191e+02	3.8706161435e-01	
2.7710017149e+02	3.6548061524e-01	
2.7720037503e+02	3.5747676132e-01	
2.7730036912e+02	3.6663664614e-01	
2.7740047880e+02	3.8595319018e-01	
2.7750027535e+02	4.8978224977e-01	
2.7760052694e+02	5.6980047605e-01	
2.7770024664e+02	5.4185344214e-01	
2.7780000302e+02	4.3098341059e-01	
2.7790018862e+02	3.8897100945e-01	
2.7800042680e+02	3.9324844934e-01	
2.7810058364e+02	4.1954139522e-01	
2.7820007692e+02	3.8595163252e-01	
2.7830015324e+02	4.4392688683e-01	
2.7840036625e+02	5.0469563950e-01	
2.7850022005e+02	5.4152794018e-01	
2.7860050429e+02	6.0355762975e-01	
2.7870023559e+02	5.3075842149e-01	
2.7880049494e+02	4.5483866820e-01	
2.7890007983e+02	4.2678511513e-01	
2.7900057272e+02	4.6067004494e-01	
2.7910028557e+02	4.3566714731e-01	
2.7920016110e+02	3.9740910591e-01	
2.7930049532e+02	4.0745898852e-01	
2.7940002940e+02	4.0089060965e-01	
2.7950007760e+02	4.1463810976e-01	
2.7960035752e+02	4.1400601610e-01	
2.7970047903e+02	4.0480674650e-01	
2.7980031403e+02	4.0493127187e-01	
2.7990049335e+02	4.0192171636e-01	
2.8000022139e+02	4.2066753690e-01	
2.8010028938e+02	4.1289865154e-01	
2.8020007821e+02	5.8107192813e-01	
2.8030029043e+02	8.7059378338e-01	
2.8040008871e+02	8.7556045988e-01	
2.8050051156e+02	4.6844036654e-01	
2.8060043692e+02	4.2954789300e-01	
2.8070021340e+02	5.2965616056e-01	
2.8080033582e+02	6.0720645072e-01	
2.8090042621e+02	5.6665585590e-01	
2.8100052215e+02	4.8742267224e-01	
2.8110056613e+02	4.3196023383e-01	
2.8120045237e+02	3.6868327043e-01	
2.8130018346e+02	4.3089862088e-01	
2.8140004082e+02	5.1858042908e-01	
2.8150035181e+02	4.9519272706e-01	
2.8160044606e+02	4.1356375182e-01	
2.8170025685e+02	4.3258643552e-01	
2.8180055347e+02	4.7301234652e-01	
2.8190003812e+02	6.4398433999e-01	
2.8200019779e+02	4.9519205632e-01	
2.8210045325e+02	4.5510501855e-01	
2.8220010589e+02	3.6785891415e-01	
2.8230049529e+02	4.0198003823e-01	
2.8240044284e+02	3.9478612357e-01	
2.8250053160e+02	3.7485650043e-01	
2.8260038171e+02	3.9667024233e-01	
2.8270047823e+02	3.9800940040e-01	
2.8280043716e+02	3.9196196984e-01	
2.8290016328e+02	4.2403254427e-01	
2.8300021785e+02	4.8289258087e-01	
2.8310006545e+02	5.1682218794e-01	
2.8320048120e+02	5.0352977022e-01	
2.8330038121e+02	4.9331367165e-01	
2.8340010417e+02	4.8835272252e-01	
2.8350050154e+02	4.8184638664e-01	
2.8360009704e+02	5.3536944365e-01	
2.8370050322e+02	5.9816476801e-01	
2.8380043759e+02	6.4387472355e-01	
2.8390040954e+02	5.7052969849e-01	
2.8400016983e+02	4.0717630621e-01	
2.8410054884e+02	3.8227759366e-01	
2.8420007105e+02	3.8506145986e-01	
2.8430018118e+02	3.9517036578e-01	
2.8440037900e+02	3.8135808105e-01	
2.8450051310e+02	3.8230350709e-01	
2.8460032614e+02	3.7621791590e-01	
2.8470009826e+02	4.0139796997e-01	
2.8480044433e+02	3.9796109628e-01	
2.8490001716e+02	4.2797651848e-01	
2.8500031403e+02	4.3672236932e-01	
2.8510054280e+02	4.3904346253e-01	
2.8520043371e+02	4.5012550828e-01	
2.8530042474e+02	4.3522920850e-01	
2.8540049146e+02	3.9327883368e-01	
2.8550012614e+02	3.4222737627e-01	
2.8560028051e+02	3.5117447105e-01	
2.8570021583e+02	3.7514378163e-01	
2.8580006552e+02	3.6771123450e-01	
2.8590008498e+02	3.6580477899e-01	
2.8600053538e+02	4.0076408881e-01	
2.8610005659e+02	3.9945591535e-01	
2.8620017454e+02	4.7598714023e-01	
2.8630032571e+02	6.6799755055e-01	
2.8640029586e+02	7.4688301946e-01	
2.8650027231e+02	8.3027724296e-01	
2.8660053244e+02	7.6825985746e-01	
2.8670052210e+02	5.6590556472e-01	
2.8680052394e+02	4.3285629010e-01	
2.8690019413e+02	3.9571667787e-01	
2.8700003736e+02	3.5720642228e-01	
2.8710046409e+02	3.5466211614e-01	
2.8720052819e+02	3.4923780113e-01	
2.8730049293e+02	3.5175521178e-01	
2.8740008666e+02	3.9061519768e-01	
2.8750057350e+02	4.6931816074e-01	
2.8760016192e+02	5.7993939578e-01	
2.8770009650e+02	4.9621321528e-01	
2.8780058792e+02	5.2027981031e-01	
2.8790041188e+02	6.1233303536e-01	
2.8800034268e+02	4.8884652757e-01	
2.8810033754e+02	4.5277039123e-01	
2.8820012229e+02	4.6377184407e-01	
2.8830037020e+02	4.4102433211e-01	
2.8840011116e+02	3.8737698270e-01	
2.8850026494e+02	3.9006616176e-01	
2.8860043955e+02	4.6604881257e-01	
2.8870014734e+02	5.1663042695e-01	
2.8880032688e+02	4.2895282750e-01	
2.8890003304e+02	4.3875321985e-01	
2.8900014359e+02	4.7739041943e-01	
2.8910029083e+02	4.0536250409e-01	
2.8920021459e+02	3.6796126392e-01	
2.8930021788e+02	3.6118393946e-01	
2.8940023363e+02	3.6681383944e-01	
2.8950024976e+02	4.4176993609e-01	
2.8960001537e+02	4.8955874388e-01	
2.8970026068e+02	5.2837580581e-01	
2.8980019079e+02	4.8941868182e-01	
2.8990008583e+02	4.6509108003e-01	
2.9000011221e+02	5.2069225720e-01	
2.9010011632e+02	5.5153875082e-01	
2.9020011113e+02	5.3763746398e-01	
2.9030031663e+02	4.9829189641e-01	
2.9040046266e+02	6.6552827104e-01	
2.9050012639e+02	7.8602651141e-01	
2.9060013215e+02	8.3898198660e-01	
2.9070030392e+02	8.6566968432e-01	
2.9080019387e+02	7.1581370594e-01	
2.9090000657e+02	5.3965319279e-01	
2.9100018574e+02	4.8068208190e-01	
2.9110006252e+02	5.7378744053e-01	
2.9120055072e+02	6.0419334646e-01	
2.9130041137e+02	5.3304646872e-01	
2.9140022989e+02	5.1048209142e-01	
2.9150014371e+02	5.0757678619e-01	
2.9160051581e+02	5.1340860440e-01	
2.9170006529e+02	4.6869803885e-01	
2.9180044759e+02	3.9249921329e-01	
2.9190056159e+02	4.5615696767e-01	
2.9200019222e+02	4.1176893382e-01	
2.9210053340e+02	4.0586931285e-01	
2.9220006182e+02	4.0582118552e-01	
2.9230003117e+02	3.9703435166e-01	
2.9240047882e+02	4.6303577769e-01	
2.9250001761e+02	4.7522573224e-01	
2.9260054588e+02	4.3407152541e-01	
2.9270032935e+02	4.2220947229e-01	
2.9280021529e+02	3.8133643688e-01	
2.9290026139e+02	4.4548130846e-01	
2.9300036512e+02	6.6993080296e-01	
2.9310048053e+02	6.2640980295e-01	
2.9320047937e+02	3.8586624782e-01	
2.9330030777e+02	4.3726112039e-01	
2.9340007004e+02	4.3791017432e-01	
2.9350042309e+02	4.2027436179e-01	
2.9360001735e+02	4.0471169425e-01	
2.9370045122e+02	3.9574517078e-01	
2.9380021610e+02	4.1577219324e-01	
2.9390023276e+02	6.6055145220e-01	
2.9400043304e+02	7.0173679983e-01	
2.9410017293e+02	6.5038981285e-01	
2.9420051915e+02	4.7468228130e-01	
2.9430046090e+02	4.8512560240e-01	
2.9440016073e+02	4.0994342003e-01	
2.9450020432e+02	4.1056912195e-01	
2.9460016268e+02	4.5748658858e-01	
2.9470001147e+02	5.2361780813e-01	
2.9480009491e+02	5.8532563068e-01	
2.9490055852e+02	5.7306126481e-01	
2.9500027069e+02	5.3586951228e-01	
2.9510003870e+02	5.6985047549e-01	
2.9520037465e+02	4.1813344841e-01	
2.9530035561e+02	3.9720155739e-01	
2.9540032317e+02	4.2483509227e-01	
2.9550015674e+02	4.6474209723e-01	
2.9560034619e+02	4.9533196197e-01	
2.9570013035e+02	4.6849952190e-01	
2.9580007590e+02	4.7661610414e-01	
2.9590048021e+02	5.4978624637e-01	
2.9600016119e+02	4.5052796550e-01	
2.9610047959e+02	3.8299964012e-01	
2.9620031977e+02	3.8407830998e-01	
2.9630051592e+02	3.8174495786e-01	
2.9640001874e+02	3.7264538033e-01	
2.9650031794e+02	3.6186641918e-01	
2.9660042518e+02	3.7179665941e-01	
2.9670010625e+02	3.9308680911e-01	
2.9680015482e+02	4.8855225962e-01	
2.9690019885e+02	5.4960157684e-01	
2.9700040355e+02	5.5690916135e-01	
2.9710021801e+02	4.8647482328e-01	
2.9720002321e+02	4.2702730088e-01	
2.9730032820e+02	4.2021681011e-01	
2.9740034083e+02	4.0071302892e-01	
2.9750010837e+02	4.9582217284e-01	
2.9760045338e+02	7.0089275736e-01	
2.9770013601e+02	8.2342813853e-01	
2.9780038083e+02	6.8763891142e-01	
2.9790050438e+02	7.1984828078e-01	
2.9800011710e+02	4.5098378596e-01	
2.9810008767e+02	4.1905233159e-01	
2.9820008687e+02	4.4816298912e-01	
2.9830013917e+02	4.5285263104e-01	
2.9840026534e+02	4.0584049313e-01	
2.9850001368e+02	3.8928555252e-01	
2.9860033088e+02	4.0011669291e-01	
2.9870023417e+02	4.0592856819e-01	
2.9880008564e+02	4.1389353913e-01	
2.9890029031e+02	4.3668586586e-01	
2.9900013638e+02	4.9155425380e-01	
2.9910051334e+02	4.9542543546e-01	
2.9920029290e+02	5.0729587283e-01	
2.9930009861e+02	5.9708950001e-01	
2.9940001951e+02	6.9391685956e-01	
2.9950020857e+02	5.9435503808e-01	
2.9960027526e+02	3.9841773318e-01	
2.9970028315e+02	3.8337274604e-01	
2.9980006348e+02	3.8866563852e-01	
2.9990026244e+02	3.7211761758e-01	
3.0000037052e+02	4.0462590357e-01	
3.0010004654e+02	4.1842068361e-01	
3.0020037981e+02	4.4827476636e-01	
3.0030004223e+02	4.1981907610e-01	
3.0040041222e+02	3.7790018187e-01	
3.0050010946e+02	3.9830999516e-01	
3.0060018555e+02	5.3573798857e-01	
3.0070009271e+02	5.6237621519e-01	
3.0080031402e+02	4.2645575351e-01	
3.0090033407e+02	3.8736039750e-01	
3.0100007882e+02	3.7971716464e-01	
3.0110017451e+02	3.7061373264e-01	
3.0120047144e+02	3.6641244751e-01	
3.0130024245e+02	3.7284578557e-01	
3.0140042239e+02	3.7508076107e-01	
3.0150040955e+02	3.9288556771e-01	
3.0160048043e+02	3.8261623364e-01	
3.0170022688e+02	3.8072112915e-01	
3.0180053416e+02	3.6796371333e-01	
3.0190055080e+02	3.9251576163e-01	
3.0200027636e+02	4.2756785113e-01	
3.0210037035e+02	4.2033750321e-01	
3.0220047940e+02	3.9810345055e-01	
3.0230046987e+02	3.9271360797e-01	
3.0240010921e+02	4.2007337535e-01	
3.0250032092e+02	4.1210318548e-01	
3.0260025099e+02	4.2359411997e-01	
3.0270018872e+02	4.3041724382e-01	
3.0280010414e+02	4.2433063394e-01	
3.0290048821e+02	4.2645445277e-01	
3.0300042960e+02	4.3351961072e-01	
3.0310011037e+02	5.1196502430e-01	
3.0320007932e+02	6.9744323966e-01	
3.0330024401e+02	8.7962511839e-01	
3.0340038243e+02	9.2860615570e-01	
3.0350031983e+02	5.3469747705e-01	
3.0360025527e+02	4.0977498121e-01	
3.0370054916e+02	4.3833245765e-01	
3.0380020160e+02	5.1762548156e-01	
3.0390028962e+02	4.9260994845e-01	
3.0400048504e+02	3.6434013498e-01	
3.0410040787e+02	3.6102552811e-01	
3.0420015480e+02	3.8009598988e-01	
3.0430030878e+02	3.7961820947e-01	
3.0440002719e+02	4.0540630163e-01	
3.0450004298e+02	3.8207494006e-01	
3.0460046849e+02	3.5884273940e-01	
3.0470047852e+02	3.6472596967e-01	
3.0480043591e+02	3.5895955314e-01	
3.0490007844e+02	3.5810847140e-01	
3.0500005859e+02	3.5363986531e-01	
3.0510033217e+02	3.4893601340e-01	
3.0520035749e+02	4.4046562641e-01	
3.0530050623e+02	5.7558212986e-01	
3.0540018070e+02	8.1979236703e-01	
3.0550050954e+02	7.7398451829e-01	
3.0560006440e+02	6.6853909596e-01	
3.0570010452e+02	4.7483288790e-01	
3.0580029083e+02	3.8027450904e-01	
3.0590012563e+02	3.6913626124e-01	
3.0600005569e+02	4.2993801649e-01	
3.0610030169e+02	4.0443335810e-01	
3.0620006591e+02	3.9763635985e-01	
3.0630046550e+02	3.9145819517e-01	
3.0640055673e+02	3.8885925746e-01	
3.0650019120e+02	4.3149725759e-01	
3.0660000426e+02	4.0704027502e-01	
3.0670011461e+02	4.0258629956e-01	
3.0680056271e+02	4.3764314384e-01	
3.0690033559e+02	5.2418492820e-01	
3.0700038321e+02	5.1956725228e-01	
3.0710052948e+02	4.4475469867e-01	
3.0720039938e+02	4.2804348196e-01	
3.0730007468e+02	4.4779952438e-01	
3.0740021569e+02	4.7946219732e-01	
3.0750027131e+02	4.4790874191e-01	
3.0760025518e+02	4.3663641752e-01	
3.0770042808e+02	4.1868763843e-01	
3.0780041039e+02	3.9969269254e-01	
3.0790005762e+02	4.0109260509e-01	
3.0800046440e+02	3.8602063000e-01	
3.0810029245e+02	4.3785551538e-01	
3.0820046668e+02	5.4057743161e-01	
3.0830051959e+02	4.3680331884e-01	
3.0840028227e+02	3.7362212954e-01	
3.0850053424e+02	3.7307149899e-01	
3.0860021055e+02	3.7854169267e-01	
3.0870032569e+02	4.6873677779e-01	
3.0880034200e+02	5.0196224652e-01	
3.0890010795e+02	4.9642405707e-01	
3.0900024337e+02	4.0148951999e-01	
3.0910051160e+02	3.9026160631e-01	
3.0920048709e+02	3.6046535507e-01	
3.0930044150e+02	3.7341118323e-01	
3.0940045535e+02	3.9762254009e-01	
3.0950023338e+02	3.4973434111e-01	
3.0960031317e+02	3.4599653525e-01	
3.0970033887e+02	3.4266248044e-01	
3.0980028346e+02	3.4063595151e-01	
3.0990027890e+02	3.5199192560e-01	
3.1000032547e+02	3.5609998191e-01	
3.1010022627e+02	3.5759511292e-01	
3.1020049827e+02	3.5623841539e-01	
3.1030039633e+02	3.5694330784e-01	
3.1040024247e+02	3.5662873305e-01	
3.1050009909e+02	3.9463472650e-01	
3.1060054597e+02	4.5977377184e-01	
3.1070000241e+02	3.9152450036e-01	
3.1080047108e+02	3.6894275157e-01	
3.1090006993e+02	3.8318446196e-01	
3.1100017518e+02	3.8690999321e-01	
3.1110013000e+02	3.9696946178e-01	
3.1120048072e+02	4.0297347105e-01	
3.1130001309e+02	4.1273592416e-01	
3.1140035749e+02	4.1345563158e-01	
3.1150031274e+02	4.0690107083e-01	
3.1160034963e+02	3.8845322277e-01	
3.1170022750e+02	3.8103236354e-01	
3.1180030291e+02	4.3972115273e-01	
3.1190038137e+02	5.2487005296e-01	
3.1200032020e+02	5.3760334872e-01	
3.1210027125e+02	4.7773740920e-01	
3.1220044873e+02	4.6259900518e-01	
3.1230052087e+02	5.2656353109e-01	
3.1240028667e+02	4.6551347265e-01	
3.1250024668e+02	5.2761890999e-01	
3.1260029618e+02	8.7044492470e-01	
3.1270022556e+02	8.8144364567e-01	
3.1280007965e+02	7.5178751253e-01	
3.1290030705e+02	5.3632980891e-01	
3.1300010981e+02	4.3345031008e-01	
3.1310043784e+02	4.4641325241e-01	
3.1320056867e+02	4.4923397735e-01	
3.1330037864e+02	4.4818729372e-01	
3.1340009815e+02	4.7491199009e-01	
3.1350054671e+02	4.5113763798e-01	
3.1360035764e+02	4.6109780841e-01	
3.1370025339e+02	4.3832378065e-01	
3.1380000337e+02	4.0939431355e-01	
3.1390048410e+02	4.1122807318e-01	
3.1400036510e+02	5.5243172553e-01	
3.1410057038e+02	6.6100689710e-01	
3.1420029962e+02	5.1811648788e-01	
3.1430042303e+02	5.4334276007e-01	
3.1440025723e+02	5.4263052862e-01	
3.1450057189e+02	4.7287992242e-01	
3.1460014574e+02	5.2888057539e-01	
3.1470026060e+02	5.2085574967e-01	
3.1480012148e+02	4.3906765327e-01	
3.1490012385e+02	4.4875116404e-01	
3.1500034658e+02	4.5344943283e-01	
3.1510042819e+02	4.2722342176e-01	
3.1520013266e+02	4.0305895449e-01	
3.1530050915e+02	4.0348865720e-01	
3.1540040770e+02	3.9159099617e-01	
3.1550027453e+02	4.0028241873e-01	
3.1560024622e+02	4.1809879834e-01	
3.1570007900e+02	4.1592590694e-01	
3.1580057540e+02	4.0551522943e-01	
3.1590012654e+02	3.7706377090e-01	
3.1600025072e+02	4.3523491587e-01	
3.1610033316e+02	4.4427833360e-01	
3.1620007585e+02	4.1809481981e-01	
3.1630058043e+02	4.1214767714e-01	
3.1640034380e+02	4.0151011914e-01	
3.1650040156e+02	3.8847792145e-01	
3.1660008427e+02	4.1730646245e-01	
3.1670036280e+02	3.6952508269e-01	
3.1680027536e+02	3.5864920912e-01	
3.1690008102e+02	3.3810280622e-01	
3.1700038574e+02	3.6562321825e-01	
3.1710041997e+02	3.5364894128e-01	
3.1720032506e+02	3.6524958244e-01	
3.1730007403e+02	3.5566620471e-01	
3.1740043660e+02	4.4352195573e-01	
3.1750011601e+02	5.6810643198e-01	
3.1760044711e+02	6.5630099368e-01	
3.1770038058e+02	5.4303070274e-01	
3.1780002319e+02	3.9196936595e-01	
3.1790030627e+02	3.9380389180e-01	
3.1800005447e+02	3.6303652058e-01	
3.1810021329e+02	4.4649529399e-01	
3.1820044378e+02	4.5117309491e-01	
3.1830044365e+02	4.1088916249e-01	
3.1840022414e+02	3.3818159159e-01	
3.1850008045e+02	3.9209038779e-01	
3.1860021000e+02	4.6066628576e-01	
3.1870000438e+02	5.1973418565e-01	
3.1880051344e+02	5.1857883547e-01	
3.1890056696e+02	4.6729909156e-01	
3.1900049293e+02	4.1077938021e-01	
3.1910057890e+02	3.9820343404e-01	
3.1920048483e+02	4.1069111205e-01	
3.1930031180e+02	4.3119181420e-01	
3.1940048374e+02	4.5220885331e-01	
3.1950001837e+02	4.1708850495e-01	
3.1960035034e+02	4.5264821007e-01	
3.1970041917e+02	4.8662990409e-01	
3.1980017824e+02	4.8648699534e-01	
3.1990044034e+02	4.7395322214e-01	
3.2000039375e+02	5.4832380894e-01	
3.2010040115e+02	6.8358209460e-01	
3.2020034827e+02	6.8717341655e-01	
3.2030022709e+02	6.0765437125e-01	
3.2040037422e+02	5.5347374887e-01	
3.2050033631e+02	5.1586593955e-01	
3.2060046215e+02	4.1326227415e-01	
3.2070023889e+02	4.8060497108e-01	
3.2080018729e+02	5.6892453341e-01	
3.2090014502e+02	4.0020890710e-01	
3.2100004219e+02	3.7990874932e-01	
3.2110001167e+02	3.5967458450e-01	
3.2120040328e+02	3.8000350946e-01	
3.2130023705e+02	3.6351900384e-01	
3.2140015319e+02	3.7724312148e-01	
3.2150004059e+02	3.9198857621e-01	
3.2160017194e+02	3.9143114678e-01	
3.2170051146e+02	5.3437766147e-01	
3.2180037849e+02	7.1681860452e-01	
3.2190022822e+02	8.7449844720e-01	
3.2200007839e+02	7.8990181376e-01	
3.2210053966e+02	5.8254931629e-01	
3.2220044023e+02	4.2028524887e-01	
3.2230024098e+02	4.3908039660e-01	
3.2240019596e+02	6.7151084538e-01	
3.2250035252e+02	7.5707737788e-01	
3.2260026560e+02	8.7273844655e-01	
3.2270009542e+02	8.6477734097e-01	
3.2280043488e+02	6.4819141722e-01	
3.2290052249e+02	3.9571444361e-01	
3.2300033633e+02	3.4843186180e-01	
3.2310048036e+02	3.4371683423e-01	
0.0000000000e+00	2.0000000000e-01	
1.0031654305e-01	2.0326729806e-01	
2.0017420677e-01	2.0293217483e-01	
3.0026918101e-01	2.0284496870e-01	
4.0031970788e-01	2.0275567059e-01	
5.0001120447e-01	2.0267069406e-01	
6.0023383691e-01	2.0277018665e-01	
7.0022092951e-01	2.0299890223e-01	
8.0042605340e-01	2.0318599536e-01	
9.0038456169e-01	2.0331590761e-01	
1.0004932829e+00	2.0340525304e-01	
1.1001216075e+00	2.0347033236e-01	
1.2001100003e+00	2.0352747771e-01	
1.3002601307e+00	2.0359028729e-01	
1.4002280410e+00	2.0374977486e-01	
1.5001642790e+00	2.0399438707e-01	
1.6001489173e+00	2.0421899621e-01	
1.7005645501e+00	2.0442548694e-01	
1.8002315106e+00	2.0461671265e-01	
1.9000406240e+00	2.0478716859e-01	
2.0001618328e+00	2.0492089867e-01	
2.1002756644e+00	2.0504285222e-01	
2.2001921411e+00	2.0517952862e-01	
2.3002793478e+00	2.0528029883e-01	
2.4004302457e+00	2.0535873254e-01	
2.5001839700e+00	2.0551142103e-01	
2.6000048073e+00	2.0562183352e-01	
2.7003250638e+00	2.0568769130e-01	
2.8003791493e+00	2.0566875741e-01	
2.9002698088e+00	2.0578853681e-01	
3.0001027244e+00	2.0588172284e-01	
3.1003788514e+00	2.0591867260e-01	
3.2000567155e+00	2.0586310741e-01	
3.3000271234e+00	2.0593079781e-01	
3.4000250004e+00	2.0601092659e-01	
3.5001636301e+00	2.0605554877e-01	
3.6001472033e+00	2.0605685429e-01	
3.7000523287e+00	2.0600302410e-01	
3.8003699909e+00	2.0602541329e-01	
3.9002864890e+00	2.0607778473e-01	
4.0002185205e+00	2.0612959474e-01	
4.1001237544e+00	2.0616287523e-01	
4.2004182897e+00	2.0615128393e-01	
4.3004553783e+00	2.0622957653e-01	
4.4005283835e+00	2.0635566226e-01	
4.5003125943e+00	2.0645449742e-01	
4.6006627182e+00	2.0658393810e-01	
4.7003709447e+00	2.0676676963e-01	
4.8002388290e+00	2.0692922066e-01	
4.9001941005e+00	2.0710116021e-01	
5.0001838908e+00	2.0714306561e-01	
5.1003757511e+00	2.0710053589e-01	
5.2004360724e+00	2.0702264988e-01	
5.3001688863e+00	2.0695352567e-01	
5.4004147004e+00	2.0695613978e-01	
5.5000988012e+00	2.0700046794e-01	
5.6000896892e+00	2.0706159810e-01	
5.7003659965e+00	2.0707257719e-01	
5.8001149566e+00	2.0718902603e-01	
5.9002203844e+00	2.0728149837e-01	
6.0003555810e+00	2.0738547210e-01	
6.1002264943e+00	2.0751151087e-01	
6.2003392871e+00	2.0764348913e-01	
6.3000327241e+00	2.0774778421e-01	
6.4001946298e+00	2.0771056686e-01	
6.5001704228e+00	2.0767702562e-01	
6.6000708280e+00	2.0771256453e-01	
6.7004015105e+00	2.0778650559e-01	
6.8000493216e+00	2.0787344068e-01	
6.9003117555e+00	2.0807721106e-01	
7.0004207583e+00	2.0836277254e-01	
7.1003879099e+00	2.0855967569e-01	
7.2001769269e+00	2.0846314256e-01	
7.3001563058e+00	2.0829178052e-01	
7.4002377408e+00	2.0805847942e-01	
7.5002341672e+00	2.0838220623e-01	
7.6004504620e+00	2.0859002369e-01	
7.7005224489e+00	2.0918724187e-01	
7.8005940561e+00	2.0981394898e-01	
7.9000917724e+00	2.1044860838e-01	
8.0002897236e+00	2.1074458371e-01	
8.1004189644e+00	2.1113107161e-01	
8.2000780990e+00	2.1180063991e-01	
8.3000911504e+00	2.1222790863e-01	
8.4001389437e+00	2.1245296310e-01	
8.5000288213e+00	2.1235689803e-01	
8.6000988653e+00	2.1165050486e-01	
8.7002475040e+00	2.1648280636e-01	
8.8000271508e+00	2.1591521956e-01	
8.9003260956e+00	2.1776507685e-01	
9.0003394318e+00	2.1960691168e-01	
9.1002085069e+00	2.1824668601e-01	
9.2000130825e+00	2.1745330812e-01	
9.3002606724e+00	2.1829891063e-01	
9.4003171172e+00	2.1871254663e-01	
9.5002305473e+00	2.1921735971e-01	
9.6001542458e+00	2.2021343237e-01	
9.7001826843e+00	2.2098666109e-01	
9.8000038820e+00	2.2297112343e-01	
9.9001251467e+00	2.2588722360e-01	
1.0000257113e+01	2.2916345498e-01	
1.0100028067e+01	2.3253260061e-01	
1.0200297391e+01	2.3431443825e-01	
1.0300220139e+01	2.3851961228e-01	
1.0400244186e+01	2.4398905513e-01	
1.0500263343e+01	2.5042716108e-01	
1.0600537972e+01	2.6008173555e-01	
1.0700325655e+01	2.7233374019e-01	
1.0800533082e+01	2.8852378963e-01	
1.0900568518e+01	3.0873264324e-01	
1.1000024656e+01	3.2580278033e-01	
1.1100439264e+01	3.3842810294e-01	
1.1200457129e+01	3.4713450759e-01	
1.1300588314e+01	3.5132224240e-01	
1.1400313555e+01	3.3971885007e-01	
1.1500456648e+01	3.4039489292e-01	
1.1600284925e+01	3.3544563309e-01	
1.1700438640e+01	3.2380578391e-01	
1.1800319346e+01	3.0539757133e-01	
1.1900301980e+01	3.0734163271e-01	
1.2000127965e+01	3.0898305114e-01	
1.2100155570e+01	3.0744980316e-01	
1.2200226480e+01	3.0207995894e-01	
1.2300241917e+01	2.9582850271e-01	
1.2400240921e+01	3.0283844301e-01	
1.2500080326e+01	3.2140122486e-01	
1.2600064154e+01	3.3526491419e-01	
1.2700048805e+01	3.4523905314e-01	
1.2800072590e+01	3.3649892582e-01	
1.2900062900e+01	3.1832045528e-01	
1.3000102296e+01	3.1505681272e-01	
1.3100271327e+01	3.2519555012e-01	
1.3200203612e+01	3.2664389438e-01	
1.3300005676e+01	3.4112139154e-01	
1.3400254676e+01	3.4424631480e-01	
1.3500321603e+01	3.4149052277e-01	
1.3600483052e+01	3.3661930910e-01	
1.3700239603e+01	3.5997049907e-01	
1.3800017135e+01	3.9608973918e-01	
1.3900064445e+01	4.0342656076e-01	
1.4000393450e+01	4.7855606162e-01	
1.4100648384e+01	5.2763909171e-01	
1.4200140634e+01	4.8419513756e-01	
1.4300225635e+01	4.9226144504e-01	
1.4400503203e+01	4.5170279252e-01	
1.4500367181e+01	4.8420549278e-01	
1.4600377300e+01	4.5478267066e-01	
1.4700013203e+01	4.5280409135e-01	
1.4800329210e+01	4.6936989400e-01	
1.4900413283e+01	4.6879214575e-01	
1.5000107514e+01	4.2589018228e-01	
1.5100034555e+01	4.6403643675e-01	
1.5200344540e+01	4.4257522530e-01	
1.5300348100e+01	4.1465859061e-01	
1.5400287635e+01	4.8461309303e-01	
1.5500145633e+01	4.3153665130e-01	
1.5600319937e+01	5.1885833939e-01	
1.5700108708e+01	5.5324622122e-01	
1.5800047606e+01	4.2119926194e-01	
1.5900257573e+01	4.5768358622e-01	
1.6000088843e+01	5.0296476804e-01	
1.6100051022e+01	6.6967018307e-01	
1.6200204554e+01	5.5370656816e-01	
1.6300001655e+01	5.5907632146e-01	
1.6400078409e+01	5.7959706401e-01	
1.6500119500e+01	6.0600943577e-01	
1.6600192429e+01	7.1125347610e-01	
1.6700085099e+01	7.5280513519e-01	
1.6800191658e+01	9.1947351430e-01	
1.6900102087e+01	7.3329830874e-01	
1.7000513414e+01	6.9811580449e-01	
1.7100036641e+01	7.6329832924e-01	
1.7200018276e+01	7.4087623545e-01	
1.7300107644e+01	7.1757505810e-01	
1.7400042587e+01	7.7704097620e-01	
1.7500255606e+01	6.8945304394e-01	
1.7600247251e+01	7.4067942977e-01	
1.7700101103e+01	8.4547520773e-01	
1.7800209625e+01	9.8529888456e-01	
1.7900273467e+01	8.4734619098e-01	
1.8000368273e+01	9.0797234326e-01	
1.8100017680e+01	1.1373306561e+00	
1.8200159309e+01	9.7592668431e-01	
1.8300187693e+01	9.2687618644e-01	
1.8400137051e+01	8.9625495669e-01	
1.8500009283e+01	9.3797129407e-01	
1.8600005555e+01	8.2220434935e-01	
1.8700304004e+01	9.0173498979e-01	
1.8800284107e+01	1.0574653838e+00	
1.8900188874e+01	1.1148239320e+00	
1.9000180507e+01	1.1186647595e+00	
1.9100233257e+01	1.0568915529e+00	
1.9200045869e+01	1.2286561339e+00	
1.9300010161e+01	9.3915414742e-01	
1.9400323730e+01	1.3774417282e+00	
1.9500288884e+01	1.0793874320e+00	
1.9600253420e+01	1.1173354632e+00	
1.9700166275e+01	1.6193189724e+00	
1.9800055094e+01	9.8391374176e-01	
1.9900272914e+01	8.9441521853e-01	
2.0000013383e+01	1.2445526437e+00	
2.0100178816e+01	2.1859813969e+00	
2.0200128043e+01	1.2636795098e+00	
2.0300173749e+01	1.2702625744e+00	
2.0400392932e+01	1.4691525794e+00	
2.0500301823e+01	1.8111140102e+00	
2.0600255508e+01	2.2413013585e+00	
2.0700094744e+01	1.9846021875e+00	
2.0800364866e+01	1.5076899601e+00	
2.0900329879e+01	1.7342675643e+00	
2.1000014204e+01	2.0882476341e+00	
2.1100094849e+01	2.0208277231e+00	
2.1200295624e+01	2.7473729801e+00	
2.1300210445e+01	2.0784480535e+00	
2.1400282846e+01	2.5048772535e+00	
2.1500159697e+01	4.7043433482e+00	
2.1600286542e+01	2.1837483545e+00	
2.1700073564e+01	1.9904799834e+00	
2.1800087243e+01	2.3015862531e+00	
2.1900250566e+01	1.7848197660e+00	
2.2000334328e+01	2.0436387253e+00	
2.2100315485e+01	2.1116230608e+00	
2.2200099056e+01	1.9648400755e+00	
2.2300042941e+01	1.3750591848e+00	
2.2400317575e+01	1.7468983034e+00	
2.2500070639e+01	3.2276715276e+00	
2.2600110339e+01	2.8725822238e+00	
2.2700292361e+01	1.5237491871e+00	
2.2800096843e+01	2.9579132083e+00	
2.2900062521e+01	2.2641477847e+00	
2.3000189950e+01	1.6516789731e+00	
2.3100052844e+01	1.6953806100e+00	
2.3200322899e+01	1.3611620381e+00	
2.3300322570e+01	2.6426150742e+00	
2.3400217943e+01	2.2805020320e+00	
2.3500230406e+01	1.3029208832e+00	
2.3600355598e+01	3.9708414902e+00	
2.3700296172e+01	2.2658184692e+00	
2.3800329236e+01	1.9082228974e+00	
2.3900025175e+01	1.6903906149e+00	
2.4000015225e+01	1.8960333288e+00	
2.4100155542e+01	3.6891919786e+00	
2.4200029236e+01	2.2019885803e+00	
2.4300067602e+01	3.0593699623e+00	
2.4400146310e+01	4.2457496432e+00	
2.4500339058e+01	3.8203299128e+00	
2.4600102051e+01	3.6105950431e+00	
2.4700042363e+01	2.4864484486e+00	
2.4800304959e+01	2.2675234722e+00	
2.4900135877e+01	5.8230913577e+00	
2.5000173574e+01	2.2840390414e+00	
2.5100123457e+01	2.0823761975e+00	
2.5200214115e+01	2.0129437659e+00	
2.5300199934e+01	2.5378808246e+00	
2.5400305078e+01	2.2502244737e+00	
2.5500164485e+01	2.1122432483e+00	
2.5600188419e+01	2.3582952137e+00	
2.5700247032e+01	2.8624754293e+00	
2.5800186495e+01	3.7659099975e+00	
2.5900258369e+01	1.7240336789e+00	
2.6000102907e+01	1.2634390244e+00	
2.6100051960e+01	1.2640538172e+00	
2.6200269235e+01	1.5933943124e+00	
2.6300058444e+01	1.2109329231e+00	
2.6400227705e+01	1.7903267522e+00	
2.6500155145e+01	1.5378077990e+00	
2.6600267596e+01	1.4342064706e+00	
2.6700255138e+01	2.2452373997e+00	
2.6800332270e+01	1.2932790984e+00	
2.6900145624e+01	1.7635152994e+00	
2.7000278052e+01	1.8203889926e+00	
2.7100250243e+01	1.2311040582e+00	
2.7200327310e+01	2.1253831017e+00	
2.7300071844e+01	2.1244793924e+00	
2.7400170018e+01	2.1748512400e+00	
2.7500343305e+01	1.5975169464e+00	
2.7600094231e+01	1.4765595167e+00	
2.7700018330e+01	2.2801747124e+00	
2.7800270752e+01	1.5355667516e+00	
2.7900054945e+01	2.4292862731e+00	
2.8000322631e+01	2.3854081766e+00	
2.8100336475e+01	1.4976316900e+00	
2.8200211709e+01	1.6473575237e+00	
2.8300041253e+01	1.8954455225e+00	
2.8400316455e+01	1.2285381875e+00	
2.8500139749e+01	1.2546240243e+00	
2.8600061974e+01	1.2246952302e+00	
2.8700119295e+01	1.0062325021e+00	
2.8800023938e+01	1.2385658072e+00	
2.8900114312e+01	1.8977061539e+00	
2.9000115382e+01	2.0852943473e+00	
2.9100095031e+01	1.9115877356e+00	
2.9200064390e+01	3.8981031802e+00	
2.9300264254e+01	2.1940906471e+00	
2.9400207107e+01	1.4485251145e+00	
2.9500251260e+01	1.2055474671e+00	
2.9600126240e+01	1.0409528115e+00	
2.9700167927e+01	1.4681515158e+00	
2.9800101363e+01	1.3391367483e+00	
2.9900207071e+01	9.9236581090e-01	
3.0000252354e+01	1.2379986183e+00	
3.0100372731e+01	1.3037783724e+00	
3.0200312188e+01	9.2989742697e-01	
3.0300221020e+01	1.3450967176e+00	
3.0400124681e+01	1.2800331782e+00	
3.0500038392e+01	1.6545113899e+00	
3.0600206133e+01	1.9145771574e+00	
3.0700008729e+01	1.0221393706e+00	
3.0800090115e+01	1.1865938210e+00	
3.0900009532e+01	1.4114616032e+00	
3.1000215274e+01	1.5668235543e+00	
3.1100235222e+01	1.5585298124e+00	
3.1200308070e+01	1.5519626887e+00	
3.1300341852e+01	1.0095830992e+00	
3.1400249324e+01	1.7719422127e+00	
3.1500088678e+01	1.5476670671e+00	
3.1600014493e+01	1.2081198988e+00	
3.1700024172e+01	1.1314125539e+00	
3.1800394553e+01	1.2529784801e+00	
3.1900406394e+01	1.2041892294e+00	
3.2000199142e+01	1.6931351629e+00	
3.2100375282e+01	1.3622385964e+00	
3.2200367249e+01	8.9735356359e-01	
3.2300359615e+01	8.5869812486e-01	
3.2400289812e+01	1.0070345226e+00	
3.2500324032e+01	9.0968838753e-01	
3.2600108995e+01	7.9987021313e-01	
3.2700003990e+01	7.1644260799e-01	
3.2800146531e+01	8.3607225547e-01	
3.2900261612e+01	8.9701069601e-01	
3.3000125176e+01	1.0414346506e+00	
3.3100414967e+01	1.0837087581e+00	
3.3200018735e+01	8.0982875590e-01	
3.3300033736e+01	7.5708852996e-01	
3.3400108713e+01	1.0591373167e+00	
3.3500275917e+01	1.1307590544e+00	
3.3600079815e+01	1.2246384430e+00	
3.3700267739e+01	1.3588043672e+00	
3.3800019095e+01	1.1774192784e+00	
3.3900168958e+01	7.8884666758e-01	
3.4000047560e+01	9.8642853529e-01	
3.4100312841e+01	9.8688650259e-01	
3.4200005829e+01	1.0888177785e+00	
3.4300076505e+01	9.0203739278e-01	
3.4400105683e+01	1.0687652632e+00	
3.4500008554e+01	1.1125436796e+00	
3.4600258755e+01	1.1888306507e+00	
3.4700023812e+01	1.4144480168e+00	
3.4800175445e+01	1.1386046784e+00	
3.4900160378e+01	8.8537684562e-01	
3.5000403713e+01	1.1062794409e+00	
3.5100190765e+01	1.4826087888e+00	
3.5200328637e+01	2.2227393880e+00	
3.5300043280e+01	1.2754099414e+00	
3.5400081212e+01	9.9844441831e-01	
3.5500393296e+01	8.9780058770e-01	
3.5600402168e+01	9.5505352521e-01	
3.5700014938e+01	1.0477397027e+00	
3.5800323121e+01	8.7170793003e-01	
3.5900237030e+01	7.3795069551e-01	
3.6000031280e+01	7.1545423731e-01	
3.6100418501e+01	9.1130391819e-01	
3.6200093505e+01	7.8234721634e-01	
3.6300178787e+01	7.4457922666e-01	
3.6400185110e+01	1.0175638547e+00	
3.6500421436e+01	1.1663040814e+00	
3.6600071062e+01	7.3918517019e-01	
3.6700434301e+01	6.9079056203e-01	
3.6800026346e+01	9.6927598042e-01	
3.6900376113e+01	1.4732163501e+00	
3.7000098443e+01	1.2587210527e+00	
3.7100004175e+01	8.8078988581e-01	
3.7200184216e+01	7.1421344426e-01	
3.7300356887e+01	7.5796264933e-01	
3.7400443958e+01	7.2496077180e-01	
3.7500195616e+01	1.8127878368e+00	
3.7600031095e+01	8.3675822362e-01	
3.7700158318e+01	9.5505296988e-01	
3.7800461076e+01	9.8015734975e-01	
3.7900104455e+01	8.7362724521e-01	
3.8000290566e+01	1.0354230801e+00	
3.8100228640e+01	1.0748312006e+00	
3.8200475679e+01	8.0760919974e-01	
3.8300271102e+01	6.6028899823e-01	
3.8400140853e+01	7.0893525465e-01	
3.8500219725e+01	6.8248029198e-01	
3.8600307473e+01	7.6283038320e-01	
3.8700282027e+01	1.5932991489e+00	
3.8800504236e+01	1.6474411937e+00	
3.8900421044e+01	8.7016478607e-01	
3.9000023197e+01	6.8634974705e-01	
3.9100129145e+01	6.2736423526e-01	
3.9200208893e+01	8.0172861135e-01	
3.9300432421e+01	5.6995517155e-01	
3.9400204949e+01	8.9628690622e-01	
3.9500069710e+01	7.9441367783e-01	
3.9600153511e+01	5.6111466425e-01	
3.9700196142e+01	5.2680295575e-01	
3.9800403980e+01	6.0913002280e-01	
3.9900201514e+01	8.2671953968e-01	
4.0000076229e+01	6.9503010265e-01	
4.0100338590e+01	5.6691905437e-01	
4.0200337335e+01	6.2427815452e-01	
4.0300393347e+01	6.8372196375e-01	
4.0400048295e+01	7.1967491027e-01	
4.0500514452e+01	7.3697746459e-01	
4.0600493942e+01	7.5869779871e-01	
4.0700530755e+01	6.5573989470e-01	
4.0800300399e+01	5.7080928031e-01	
4.0900147528e+01	6.0390160244e-01	
4.1000072186e+01	7.0831707957e-01	
4.1100115149e+01	7.3870319335e-01	
4.1200277423e+01	6.7479126441e-01	
4.1300333326e+01	6.9111221008e-01	
4.1400459437e+01	9.0448711629e-01	
4.1500237438e+01	1.0555410658e+00	
4.1600465279e+01	7.5954692121e-01	
4.1700476707e+01	8.9718111708e-01	
4.1800052649e+01	1.3425771558e+00	
4.1900453522e+01	9.4538111479e-01	
4.2000405729e+01	8.1065377121e-01	
4.2100388464e+01	9.2870187183e-01	
4.2200127400e+01	6.6115930529e-01	
4.2300178093e+01	7.3864411206e-01	
4.2400286951e+01	5.6154039361e-01	
4.2500449755e+01	5.5597929279e-01	
4.2600114783e+01	5.8498521199e-01	
4.2700111953e+01	6.0058795289e-01	
4.2800528988e+01	6.7443084082e-01	
4.2900314945e+01	6.7764920599e-01	
4.3000245265e+01	5.3635544546e-01	
4.3100277925e+01	5.4115537254e-01	
4.3200539002e+01	5.5297113039e-01	
4.3300186520e+01	5.5911947407e-01	
4.3400112750e+01	7.1310504552e-01	
4.3500180616e+01	5.6596261237e-01	
4.3600355586e+01	7.4268143484e-01	
4.3700447659e+01	6.5156024044e-01	
4.3800316663e+01	5.1675046392e-01	
4.3900518639e+01	4.9387085786e-01	
4.4000268656e+01	6.3415595772e-01	
4.4100477388e+01	9.8218167555e-01	
4.4200264604e+01	1.0055271209e+00	
4.4300264913e+01	5.0418737591e-01	
4.4400140738e+01	6.2279683436e-01	
4.4500369811e+01	5.4227259731e-01	
4.4600177968e+01	7.6138956879e-01	
4.4700261695e+01	6.0222674995e-01	
4.4800070609e+01	7.4254441551e-01	
4.4900106198e+01	7.8534826200e-01	
4.5000367349e+01	5.1007974268e-01	
4.5100251288e+01	5.2773569401e-01	
4.5200130936e+01	5.5638928263e-01	
4.5300131741e+01	5.9242330621e-01	
4.5400154453e+01	6.4612973453e-01	
4.5500089463e+01	8.2331611488e-01	
4.5600335586e+01	8.8528306249e-01	
4.5700176997e+01	9.4738326195e-01	
4.5800313685e+01	6.1379474196e-01	
4.5900184697e+01	5.5630913178e-01	
4.6000218806e+01	7.7004823740e-01	
4.6100047868e+01	6.0318558382e-01	
4.6200078306e+01	5.6537626035e-01	
4.6300326774e+01	5.6271870945e-01	
4.6400086924e+01	6.3201919975e-01	
4.6500059631e+01	5.1637700247e-01	
4.6600511068e+01	5.6783015886e-01	
4.6700505098e+01	5.7159507372e-01	
4.6800325453e+01	6.1700861322e-01	
4.6900409874e+01	6.1170636346e-01	
4.7000273660e+01	6.9368830027e-01	
4.7100147554e+01	6.1503009948e-01	
4.7200292096e+01	5.2922388967e-01	
4.7300183182e+01	4.9424879997e-01	
4.7400108143e+01	4.9813930579e-01	
4.7500167391e+01	5.8563263103e-01	
4.7600486597e+01	5.9039127296e-01	
4.7700350173e+01	5.1213297813e-01	
4.7800341344e+01	5.4014692862e-01	
4.7900184368e+01	5.1092342284e-01	
4.8000489867e+01	8.0098689812e-01	
4.8100494156e+01	7.1484502890e-01	
4.8200200740e+01	6.3433654070e-01	
4.8300437342e+01	5.0357277105e-01	
4.8400489756e+01	7.9869029167e-01	
4.8500274386e+01	8.9568841282e-01	
4.8600403269e+01	7.7146869507e-01	
4.8700510172e+01	8.8758089777e-01	
4.8800396255e+01	1.1853866532e+00	
4.8900144209e+01	9.5115149425e-01	
4.9000135194e+01	4.7128801632e-01	
4.9100299209e+01	5.0318848857e-01	
4.9200454571e+01	5.4441928121e-01	
4.9300479836e+01	6.4109184183e-01	
4.9400026986e+01	6.8066957960e-01	
4.9500423283e+01	4.8977541154e-01	
4.9600129391e+01	5.3422700247e-01	
4.9700290672e+01	5.2474062270e-01	
4.9800205633e+01	5.1788810663e-01	
4.9900127763e+01	5.6500504258e-01	
5.0000065895e+01	4.4949434416e-01	
5.0100005949e+01	5.2994736111e-01	
5.0200420966e+01	5.6136700904e-01	
5.0300172866e+01	4.8524709241e-01	
5.0400243646e+01	5.9329079102e-01	
5.0500168348e+01	4.4938688403e-01	
5.0600204534e+01	5.5803809960e-01	
5.0700353226e+01	6.2607069288e-01	
5.0800316214e+01	6.1227713902e-01	
5.0900118299e+01	7.3429092854e-01	
5.1000333372e+01	8.4450024101e-01	
5.1100057635e+01	9.5806726412e-01	
5.1200122352e+01	1.0131418805e+00	
5.1300115038e+01	7.1068130051e-01	
5.1400156683e+01	7.6760436041e-01	
5.1500251494e+01	6.2483923492e-01	
5.1600155842e+01	6.8985195393e-01	
5.1700363469e+01	6.8964403526e-01	
5.1800305433e+01	6.6283080016e-01	
5.1900345290e+01	5.6340585738e-01	
5.2000013555e+01	4.7448310534e-01	
5.2100250425e+01	5.9897232803e-01	
5.2200085002e+01	5.2028204010e-01	
5.2300084777e+01	4.4247863238e-01	
5.2400375798e+01	4.7856896231e-01	
5.2500173405e+01	6.1865879037e-01	
5.2600281202e+01	8.9245446697e-01	
5.2700113344e+01	7.5761185725e-01	
5.2800094527e+01	6.9220586060e-01	
5.2900527427e+01	8.4736045651e-01	
5.3000177721e+01	4.9762283521e-01	
5.3100242982e+01	4.8866551758e-01	
5.3200472730e+01	4.9113209121e-01	
5.3300487344e+01	4.8683546677e-01	
5.3400027978e+01	4.6394490849e-01	
5.3500346019e+01	4.7620432288e-01	
5.3600252272e+01	6.7307781874e-01	
5.3700257599e+01	8.3212289220e-01	
5.3800501159e+01	7.7117994297e-01	
5.3900037756e+01	7.3256854131e-01	
5.4000427437e+01	8.3307506190e-01	
5.4100209973e+01	8.8156316655e-01	
5.4200072842e+01	9.2640875315e-01	
5.4300231163e+01	1.1617635921e+00	
5.4400450115e+01	6.2398434258e-01	
5.4500164317e+01	5.0406530526e-01	
5.4600268008e+01	5.5020575430e-01	
5.4700131955e+01	7.7546782172e-01	
5.4800550965e+01	7.2592625846e-01	
5.4900048477e+01	7.3708578885e-01	
5.5000543490e+01	7.4282143000e-01	
5.5100272397e+01	7.3335890602e-01	
5.5200387869e+01	7.3327313384e-01	
5.5300402492e+01	7.5852787889e-01	
5.5400424667e+01	6.3540196260e-01	
5.5500084584e+01	5.0808214446e-01	
5.5600268342e+01	5.9890803226e-01	
5.5700267794e+01	4.6767470973e-01	
5.5800557664e+01	4.4859048527e-01	
5.5900023600e+01	4.6065124309e-01	
5.6000304495e+01	4.9480395944e-01	
5.6100011543e+01	4.9649442127e-01	
5.6200242115e+01	4.7851010633e-01	
5.6300559317e+01	5.4605355836e-01	
5.6400065943e+01	6.8607598144e-01	
5.6500150064e+01	4.9890680141e-01	
5.6600283636e+01	6.6556958518e-01	
5.6700383723e+01	1.0114331400e+00	
5.6800013370e+01	4.8369098780e-01	
5.6900258567e+01	4.2994220179e-01	
5.7000171961e+01	5.7106241590e-01	
5.7100244516e+01	8.3035886655e-01	
5.7200436617e+01	7.3947014341e-01	
5.7300445407e+01	6.9513136902e-01	
5.7400262476e+01	6.4444729826e-01	
5.7500225379e+01	5.0471713104e-01	
5.7600459835e+01	5.4468013818e-01	
5.7700168248e+01	5.4195168983e-01	
5.7800160486e+01	5.9385443388e-01	
5.7900140988e+01	5.1692124477e-01	
5.8000411537e+01	5.1865840548e-01	
5.8100199877e+01	7.8060263953e-01	
5.8200284619e+01	8.1068344900e-01	
5.8300368608e+01	7.2492369724e-01	
5.8400005994e+01	7.4915786842e-01	
5.8500386064e+01	5.6717934503e-01	
5.8600384418e+01	4.4812419507e-01	
5.8700009244e+01	3.9777887151e-01	
5.8800085833e+01	6.0111533005e-01	
5.8900183334e+01	6.3615450111e-01	
5.9000183784e+01	5.1360054583e-01	
5.9100474870e+01	6.3233629415e-01	
5.9200092380e+01	6.4522675781e-01	
5.9300103964e+01	4.6950385236e-01	
5.9400522973e+01	4.1774156691e-01	
5.9500004108e+01	4.1985864597e-01	
5.9600306455e+01	4.1322151670e-01	
5.9700007946e+01	4.0856602326e-01	
5.9800262974e+01	4.0354898942e-01	
5.9900172478e+01	4.6387829521e-01	
6.0000084232e+01	5.5832249323e-01	
6.0100426296e+01	7.9034122090e-01	
6.0200166819e+01	8.3072692676e-01	
6.0300477287e+01	6.9814912804e-01	
6.0400003401e+01	6.2581236962e-01	
6.0500369838e+01	5.5270984410e-01	
6.0600173535e+01	7.0723520722e-01	
6.0700366234e+01	7.2470595165e-01	
6.0800396460e+01	6.3513097309e-01	
6.0900472040e+01	7.2540805592e-01	
6.1000159398e+01	8.7247425221e-01	
6.1100024409e+01	1.0626914660e+00	
6.1200100769e+01	1.4188027660e+00	
6.1300198153e+01	1.1841434112e+00	
6.1400236640e+01	8.7327379050e-01	
6.1500426197e+01	8.0178256731e-01	
6.1600168665e+01	6.7376994702e-01	
6.1700399682e+01	5.6949978738e-01	
6.1800150829e+01	4.8455413436e-01	
6.1900399513e+01	4.6250625128e-01	
6.2000078333e+01	4.2761310533e-01	
6.2100279872e+01	4.1933600817e-01	
6.2200044781e+01	4.1976495983e-01	
6.2300432390e+01	4.5992202980e-01	
6.2400518947e+01	4.6793607114e-01	
6.2500125261e+01	4.3601406194e-01	
6.2600248680e+01	4.6123279227e-01	
6.2700332743e+01	3.9049697491e-01	
6.2800448364e+01	4.9375961674e-01	
6.2900067418e+01	4.8934461409e-01	
6.3000280652e+01	4.2668137055e-01	
6.3100412745e+01	4.1544175020e-01	
6.3200395376e+01	4.0761564917e-01	
6.3300139531e+01	6.4197858393e-01	
6.3400415316e+01	7.5710099648e-01	
6.3500489246e+01	8.4659298334e-01	
6.3600415327e+01	8.8803401202e-01	
6.3700466468e+01	5.1819325250e-01	
6.3800317466e+01	5.8490525554e-01	
6.3900437810e+01	5.8953879998e-01	
6.4000448109e+01	8.1797956665e-01	
6.4100275914e+01	7.2163243142e-01	
6.4200044500e+01	5.1696646503e-01	
6.4300054451e+01	4.1914304691e-01	
6.4400523809e+01	4.3396457620e-01	
6.4500065008e+01	4.3226203311e-01	
6.4600368907e+01	4.5505920311e-01	
6.4700154113e+01	4.2831858224e-01	
6.4800302011e+01	4.1382769758e-01	
6.4900149729e+01	4.5314469260e-01	
6.5000333928e+01	6.1009363741e-01	
6.5100377867e+01	8.2556132441e-01	
6.5200491982e+01	5.9324439003e-01	
6.5300248310e+01	4.1892453874e-01	
6.5400111775e+01	4.6524331318e-01	
6.5500014136e+01	4.9011198801e-01	
6.5600179754e+01	5.3310056458e-01	
6.5700285826e+01	5.2404171689e-01	
6.5800232376e+01	4.1058489135e-01	
6.5900012165e+01	4.2852723972e-01	
6.6000030018e+01	4.5387271919e-01	
6.6100132102e+01	4.8792266496e-01	
6.6200249029e+01	5.1704686736e-01	
6.6300093937e+01	4.9215223827e-01	
6.6400102880e+01	7.4749887949e-01	
6.6500352446e+01	6.7228155108e-01	
6.6600500050e+01	5.3449887304e-01	
6.6700352163e+01	5.2565187727e-01	
6.6800441451e+01	5.4578231880e-01	
6.6900163936e+01	5.9648660142e-01	
6.7000264416e+01	6.4155763786e-01	
6.7100116542e+01	8.1692693915e-01	
6.7200256082e+01	8.9775816253e-01	
6.7300140822e+01	1.0226240834e+00	
6.7400320974e+01	9.7192532030e-01	
6.7500374756e+01	9.2276422601e-01	
6.7600257915e+01	6.7418168978e-01	
6.7700208479e+01	7.0847223870e-01	
6.7800335132e+01	4.6634503801e-01	
6.7900447679e+01	4.5885674126e-01	
6.8000353337e+01	5.0011166980e-01	
6.8100396650e+01	4.0033996073e-01	
6.8200495683e+01	3.9027982235e-01	
6.8300304110e+01	4.0274289634e-01	
6.8400303270e+01	4.3662340919e-01	
6.8500181735e+01	6.4309340370e-01	
6.8600485591e+01	7.3990518577e-01	
6.8700348310e+01	4.9944691190e-01	
6.8800245724e+01	5.6942671817e-01	
6.8900335037e+01	4.8678928160e-01	
6.9000113078e+01	4.5021120885e-01	
6.9100226643e+01	4.4807551602e-01	
6.9200005281e+01	4.2651208324e-01	
6.9300500681e+01	4.1503994306e-01	
6.9400473361e+01	4.0993183215e-01	
6.9500367097e+01	4.1532917822e-01	
6.9600096700e+01	4.2074177410e-01	
6.9700003271e+01	4.2579479412e-01	
6.9800509321e+01	4.7704906102e-01	
6.9900151528e+01	5.4228409963e-01	
7.0000010714e+01	5.4728965805e-01	
7.0100331730e+01	5.2983178805e-01	
7.0200253027e+01	4.4715503822e-01	
7.0300250469e+01	4.8228123681e-01	
7.0400351255e+01	5.0241088494e-01	
7.0500451434e+01	4.7522445974e-01	
7.0600289576e+01	4.6410430674e-01	
7.0700210855e+01	4.4228883932e-01	
7.0800362443e+01	4.0581050747e-01	
7.0900009174e+01	4.5418459140e-01	
7.1000469549e+01	6.2906684887e-01	
7.1100480272e+01	7.4250799295e-01	
7.1200382163e+01	6.6063381489e-01	
7.1300115563e+01	5.6505061847e-01	
7.1400058602e+01	4.7720508504e-01	
7.1500232606e+01	5.4077158550e-01	
7.1600139863e+01	4.8813541862e-01	
7.1700162614e+01	5.0715065867e-01	
7.1800485786e+01	5.8540977935e-01	
7.1900182800e+01	6.2721127066e-01	
7.2000546711e+01	6.0090124310e-01	
7.2100049806e+01	5.9067481714e-01	
7.2200094356e+01	4.8544956741e-01	
7.2300243222e+01	5.9884713261e-01	
7.2400429688e+01	6.5632799523e-01	
7.2500453633e+01	4.6533338444e-01	
7.2600439732e+01	4.7569410222e-01	
7.2700413545e+01	4.4338883411e-01	
7.2800427835e+01	4.2424176655e-01	
7.2900492420e+01	4.3393718131e-01	
7.3000408561e+01	5.0935901399e-01	
7.3100286324e+01	5.4976289920e-01	
7.3200109711e+01	4.9568144950e-01	
7.3300207485e+01	5.5082519478e-01	
7.3400286997e+01	8.0268744993e-01	
7.3500513606e+01	5.0951897596e-01	
7.3600089246e+01	6.6530980347e-01	
7.3700301744e+01	6.1655956866e-01	
7.3800384129e+01	4.5385311749e-01	
7.3900088428e+01	4.9125606229e-01	
7.4000260406e+01	7.1919468674e-01	
7.4100196345e+01	9.2649060009e-01	
7.4200327827e+01	6.7794861383e-01	
7.4300132908e+01	5.0180825877e-01	
7.4400051078e+01	5.2648043278e-01	
7.4500382096e+01	5.2746760833e-01	
7.4600192811e+01	4.9911491077e-01	
7.4700298465e+01	5.1843660720e-01	
7.4800267826e+01	4.9176145952e-01	
7.4900540189e+01	5.0136974019e-01	
7.5000022919e+01	5.3185873560e-01	
7.5100055436e+01	4.5610588115e-01	
7.5200440250e+01	4.2682331664e-01	
7.5300288817e+01	4.3424874231e-01	
7.5400184164e+01	4.8754039375e-01	
7.5500123269e+01	6.3042913502e-01	
7.5600096018e+01	6.2839289895e-01	
7.5700380067e+01	7.2600403969e-01	
7.5800364788e+01	7.9061294696e-01	
7.5900168734e+01	1.0219824638e+00	
7.6000304974e+01	1.4385791260e+00	
7.6100465429e+01	8.1590365667e-01	
7.6200248155e+01	9.0438725258e-01	
7.6300026658e+01	8.9867998756e-01	
7.6400209508e+01	6.3120073640e-01	
7.6500144922e+01	4.1814728707e-01	
7.6600081169e+01	4.7714532104e-01	
7.6700244603e+01	6.0357126015e-01	
7.6800414479e+01	5.6956035577e-01	
7.6900183243e+01	5.0538210041e-01	
7.7000190267e+01	7.6110077182e-01	
7.7100010922e+01	6.0424309142e-01	
7.7200326200e+01	6.4473079692e-01	
7.7300304298e+01	5.2267025007e-01	
7.7400254543e+01	5.0684080814e-01	
7.7500382210e+01	7.7925153960e-01	
7.7600079472e+01	8.1363053796e-01	
7.7700413890e+01	8.5292748223e-01	
7.7800194630e+01	6.7763861802e-01	
7.7900350346e+01	7.7549201625e-01	
7.8000538636e+01	6.6093343757e-01	
7.8100257491e+01	6.0103302120e-01	
7.8200020332e+01	5.4645478212e-01	
7.8300364578e+01	6.4619848332e-01	
7.8400255984e+01	7.6578391839e-01	
7.8500524329e+01	7.3815689924e-01	
7.8600143379e+01	7.4573385688e-01	
7.8700119524e+01	7.8492097551e-01	
7.8800188055e+01	9.4935905278e-01	
7.8900277492e+01	9.4718726120e-01	
7.9000358639e+01	5.3660591572e-01	
7.9100178558e+01	8.1385101069e-01	
7.9200520880e+01	6.8489371731e-01	
7.9300191489e+01	5.2040899950e-01	
7.9400427610e+01	6.6669186824e-01	
7.9500482943e+01	6.7184705345e-01	
7.9600449864e+01	5.6671917837e-01	
7.9700050292e+01	4.9116947499e-01	
7.9800401098e+01	5.8872409417e-01	
7.9900359446e+01	5.1932300774e-01	
8.0000161837e+01	5.4412010238e-01	
8.0100461257e+01	4.8962136253e-01	
8.0200369848e+01	5.2834558715e-01	
8.0300171244e+01	5.3848926462e-01	
8.0400398964e+01	5.2868085083e-01	
8.0500211926e+01	6.6833447121e-01	
8.0600160260e+01	7.0669432498e-01	
8.0700284571e+01	1.1075458539e+00	
8.0800010877e+01	7.4635438741e-01	
8.0900348421e+01	4.3435659469e-01	
8.1000291454e+01	4.5523553890e-01	
8.1100022115e+01	4.5947398100e-01	
8.1200192920e+01	5.0552821616e-01	
8.1300215753e+01	4.8887122622e-01	
8.1400023766e+01	4.4397518140e-01	
8.1500520664e+01	4.9812771510e-01	
8.1600322543e+01	6.5935753559e-01	
8.1700304933e+01	5.9325596364e-01	
8.1800424050e+01	8.0455281836e-01	
8.1900397466e+01	9.4819599376e-01	
8.2000051668e+01	9.1919347459e-01	
8.2100112162e+01	8.4236712494e-01	
8.2200222183e+01	5.4812571640e-01	
8.2300413887e+01	4.9954279719e-01	
8.2400378041e+01	4.2887306590e-01	
8.2500156906e+01	4.6025913492e-01	
8.2600004464e+01	4.5886696887e-01	
8.2700260333e+01	4.6894517351e-01	
8.2800107767e+01	5.1987295389e-01	
8.2900145796e+01	5.7930858374e-01	
8.3000378869e+01	6.4237125722e-01	
8.3100409103e+01	7.9916714279e-01	
8.3200270442e+01	9.4141311320e-01	
8.3300318023e+01	7.9154954191e-01	
8.3400316146e+01	7.4379761784e-01	
8.3500087503e+01	1.2021655873e+00	
8.3600509031e+01	8.8451721125e-01	
8.3700148973e+01	7.0733946888e-01	
8.3800029486e+01	6.6757808556e-01	
8.3900271977e+01	5.5940615527e-01	
8.4000161531e+01	5.7102343117e-01	
8.4100179234e+01	6.7627723556e-01	
8.4200008180e+01	5.5963175805e-01	
8.4300123487e+01	5.6775306233e-01	
8.4400554168e+01	8.7031634966e-01	
8.4500117951e+01	1.0026858272e+00	
8.4600460362e+01	7.5336593901e-01	
8.4700212375e+01	6.7120137528e-01	
8.4800245747e+01	8.7287890228e-01	
8.4900368426e+01	4.8188206260e-01	
8.5000062997e+01	5.2436297951e-01	
8.5100051410e+01	6.4301437143e-01	
8.5200393227e+01	5.3660183369e-01	
8.5300416833e+01	6.5687678662e-01	
8.5400450739e+01	5.6429467525e-01	
8.5500133967e+01	6.5551395753e-01	
8.5600400617e+01	7.8085733978e-01	
8.5700001490e+01	7.0738100231e-01	
8.5800050040e+01	6.0247208661e-01	
8.5900444266e+01	5.5486031142e-01	
8.6000440747e+01	5.1853583505e-01	
8.6100451520e+01	5.3105577948e-01	
8.6200038491e+01	5.4881743959e-01	
8.6300166607e+01	5.1095502070e-01	
8.6400214840e+01	7.0105564648e-01	
8.6500337631e+01	8.6174879618e-01	
8.6600218072e+01	8.8217329117e-01	
8.6700156045e+01	1.0018000104e+00	
8.6800043968e+01	9.8844148054e-01	
8.6900375368e+01	5.5695674132e-01	
8.7000137038e+01	4.4672177122e-01	
8.7100345900e+01	4.5578337095e-01	
8.7200382624e+01	5.3021142990e-01	
8.7300109026e+01	4.5866703600e-01	
8.7400238493e+01	4.6701931370e-01	
8.7500163902e+01	4.7530286396e-01	
8.7600211721e+01	5.2821894644e-01	
8.7700554826e+01	4.9462325912e-01	
8.7800123665e+01	6.2554585754e-01	
8.7900116622e+01	6.4841325313e-01	
8.8000482851e+01	5.5366722436e-01	
8.8100110612e+01	6.9016529479e-01	
8.8200518016e+01	7.2271479300e-01	
8.8300283574e+01	6.9641948381e-01	
8.8400087074e+01	6.5217647154e-01	
8.8500309232e+01	6.0277647448e-01	
8.8600095213e+01	6.3795169462e-01	
8.8700015939e+01	7.3258628421e-01	
8.8800138796e+01	5.2920854050e-01	
8.8900333949e+01	5.6816231784e-01	
8.9000488063e+01	6.7371257302e-01	
8.9100205632e+01	5.2155098112e-01	
8.9200474254e+01	6.6748583582e-01	
8.9300455372e+01	5.1028857526e-01	
8.9400364912e+01	4.9778431100e-01	
8.9500225399e+01	5.0392343870e-01	
8.9600386897e+01	5.2147853875e-01	
8.9700308615e+01	4.9809805455e-01	
8.9800246668e+01	5.3609795597e-01	
8.9900222289e+01	7.7862333187e-01	
9.0000188297e+01	8.5265547462e-01	
9.0100022782e+01	7.9582404667e-01	
9.0200091547e+01	7.3123649560e-01	
9.0300135870e+01	4.8493326183e-01	
9.0400046375e+01	4.8754938816e-01	
9.0500125131e+01	4.5819359747e-01	
9.0600405768e+01	5.0122370939e-01	
9.0700515802e+01	4.4990452356e-01	
9.0800151727e+01	5.4604849351e-01	
9.0900462042e+01	4.5717638155e-01	
9.1000161875e+01	4.6965663440e-01	
9.1100058047e+01	5.1562626641e-01	
9.1200222632e+01	4.7360052851e-01	
9.1300230885e+01	5.8295875014e-01	
9.1400074997e+01	6.0937939989e-01	
9.1500131075e+01	8.4336368417e-01	
9.1600059848e+01	7.8834414121e-01	
9.1700053369e+01	8.1512176854e-01	
9.1800090925e+01	8.5269787639e-01	
9.1900185624e+01	1.2697230591e+00	
9.2000349134e+01	6.9210984847e-01	
9.2100156695e+01	5.9725764569e-01	
9.2200438259e+01	6.0053896092e-01	
9.2300380532e+01	6.6208411060e-01	
9.2400100667e+01	6.6278268270e-01	
9.2500025821e+01	6.2447170537e-01	
9.2600014194e+01	5.3420490823e-01	
9.2700283599e+01	4.7619781410e-01	
9.2800485385e+01	5.2637208084e-01	
9.2900244250e+01	6.4063006107e-01	
9.3000057227e+01	6.6229836591e-01	
9.3100196700e+01	5.1755179302e-01	
9.3200403208e+01	5.4643635002e-01	
9.3300304394e+01	8.9048729884e-01	
9.3400345674e+01	9.7066170302e-01	
9.3500408886e+01	4.8748751963e-01	
9.3600035415e+01	4.8205312544e-01	
9.3700548559e+01	4.7605009865e-01	
9.3800363012e+01	4.6901628107e-01	
9.3900408799e+01	4.7583426040e-01	
9.4000249076e+01	4.5855973201e-01	
9.4100378868e+01	5.5333074976e-01	
9.4200388973e+01	5.4772152230e-01	
9.4300014585e+01	5.2392406408e-01	
9.4400482798e+01	5.8278374349e-01	
9.4500103114e+01	6.3473537202e-01	
9.4600190424e+01	5.6200130690e-01	
9.4700342530e+01	6.3132045425e-01	
9.4800050805e+01	6.1442593039e-01	
9.4900091168e+01	5.8840768874e-01	
9.5000154956e+01	5.1882174443e-01	
9.5100288875e+01	5.4806316859e-01	
9.5200508909e+01	5.1415976839e-01	
9.5300144430e+01	5.2232157732e-01	
9.5400321272e+01	5.7545524357e-01	
9.5500188439e+01	5.7451665966e-01	
9.5600383605e+01	6.8203132329e-01	
9.5700401739e+01	7.4909670842e-01	
9.5800224522e+01	7.3018167947e-01	
9.5900261698e+01	6.8418844574e-01	
9.6000206291e+01	5.1708856649e-01	
9.6100326037e+01	5.1816899423e-01	
9.6200245830e+01	6.3180897933e-01	
9.6300273543e+01	5.6761268567e-01	
9.6400255331e+01	5.1652691223e-01	
9.6500374406e+01	5.4363824807e-01	
9.6600494037e+01	5.3932255985e-01	
9.6700322612e+01	5.8452397731e-01	
9.6800157083e+01	5.7588228697e-01	
9.6900216309e+01	5.2866116105e-01	
9.7000108068e+01	4.9714491492e-01	
9.7100382403e+01	5.2126354414e-01	
9.7200081985e+01	6.0349369527e-01	
9.7300142316e+01	7.1926527375e-01	
9.7400382003e+01	7.5129692691e-01	
9.7500024844e+01	6.3307434131e-01	
9.7600308376e+01	6.0674892819e-01	
9.7700160825e+01	6.6676325177e-01	
9.7800341542e+01	1.1194856205e+00	
9.7900251168e+01	1.0413859764e+00	
9.8000342561e+01	7.7479959455e-01	
9.8100147443e+01	5.7031745307e-01	
9.8200088776e+01	5.7317477738e-01	
9.8300394678e+01	5.9559014061e-01	
9.8400137487e+01	1.0648918374e+00	
9.8500459342e+01	1.0145802356e+00	
9.8600363620e+01	1.1269330962e+00	
9.8700035306e+01	6.4160047186e-01	
9.8800503376e+01	7.6447716743e-01	
9.8900189566e+01	7.4573768551e-01	
9.9000427369e+01	7.6543185269e-01	
9.9100036358e+01	7.6809836311e-01	
9.9200173109e+01	5.9648226075e-01	
9.9300413812e+01	7.8918562337e-01	
9.9400012668e+01	6.9783110587e-01	
9.9500085569e+01	8.8642781347e-01	
9.9600215839e+01	8.3979911109e-01	
9.9700101954e+01	6.2321645155e-01	
9.9800467266e+01	6.0262167807e-01	
9.9900153025e+01	6.7306818974e-01	
1.0000043739e+02	7.5533214170e-01	
1.0010008311e+02	4.5969767239e-01	
1.0020030412e+02	4.6411466671e-01	
1.0030052974e+02	4.7582023000e-01	
1.0040045548e+02	4.9486884169e-01	
1.0050019814e+02	4.8548579207e-01	
1.0060051667e+02	6.0979611628e-01	
1.0070002084e+02	6.6822957901e-01	
1.0080049368e+02	8.2672717741e-01	
1.0090030719e+02	5.0990934365e-01	
1.0100046664e+02	4.5788600492e-01	
1.0110007328e+02	4.5541284218e-01	
1.0120012770e+02	4.8869362273e-01	
1.0130044252e+02	4.7885628907e-01	
1.0140042074e+02	5.3595843285e-01	
1.0150053746e+02	6.5142509047e-01	
1.0160042388e+02	6.1331904239e-01	
1.0170045815e+02	5.5481814371e-01	
1.0180027112e+02	5.2580470569e-01	
1.0190015794e+02	5.0152444253e-01	
1.0200010292e+02	5.4726745209e-01	
1.0210028931e+02	4.7656604134e-01	
1.0220038983e+02	4.1684596362e-01	
1.0230037819e+02	4.8693907626e-01	
1.0240002416e+02	6.9324633758e-01	
1.0250042592e+02	9.2220310130e-01	
1.0260018880e+02	1.5051216518e+00	
1.0270000909e+02	1.5515022590e+00	
1.0280051366e+02	8.6146805818e-01	
1.0290005330e+02	5.9295327935e-01	
1.0300039580e+02	4.6717665078e-01	
1.0310045625e+02	4.8715674459e-01	
1.0320056320e+02	4.5326853842e-01	
1.0330024937e+02	5.0274503619e-01	
1.0340031690e+02	6.4247316969e-01	
1.0350025409e+02	7.0052189599e-01	
1.0360042444e+02	5.4105647290e-01	
1.0370035722e+02	7.0189889384e-01	
1.0380022390e+02	8.1566266564e-01	
1.0390042041e+02	6.4176618307e-01	
1.0400017000e+02	5.6385448568e-01	
1.0410038327e+02	5.6386689029e-01	
1.0420045383e+02	7.4212005837e-01	
1.0430006591e+02	7.5803894013e-01	
1.0440038585e+02	6.4704429680e-01	
1.0450046086e+02	4.4443062272e-01	
1.0460051505e+02	4.8509705654e-01	
1.0470034277e+02	5.2704075720e-01	
1.0480045283e+02	5.2610994079e-01	
1.0490004619e+02	4.6461771383e-01	
1.0500013700e+02	5.4913761059e-01	
1.0510013952e+02	8.6925262708e-01	
1.0520010869e+02	1.0995346830e+00	
1.0530041974e+02	8.2804332063e-01	
1.0540022222e+02	5.2933146757e-01	
1.0550016894e+02	5.6855786054e-01	
1.0560019050e+02	5.8617704486e-01	
1.0570009123e+02	4.4684183262e-01	
1.0580000214e+02	4.3107336896e-01	
1.0590035242e+02	4.5442178166e-01	
1.0600013452e+02	5.5575042953e-01	
1.0610017298e+02	4.7726916681e-01	
1.0620028974e+02	4.6530116199e-01	
1.0630038821e+02	4.2733175942e-01	
1.0640031758e+02	4.3769322381e-01	
1.0650035530e+02	5.8446241497e-01	
1.0660053535e+02	7.1404574211e-01	
1.0670001368e+02	6.0822933888e-01	
1.0680000532e+02	5.7571218243e-01	
1.0690016130e+02	5.6981161378e-01	
1.0700012052e+02	8.4790866011e-01	
1.0710053036e+02	8.2750406697e-01	
1.0720010986e+02	9.4506875017e-01	
1.0730022486e+02	7.9514110216e-01	
1.0740038847e+02	7.7272754864e-01	
1.0750042583e+02	6.0913169999e-01	
1.0760028249e+02	7.6705214309e-01	
1.0770033053e+02	8.3021578723e-01	
1.0780050561e+02	6.4875790387e-01	
1.0790027485e+02	5.3579880303e-01	
1.0800019400e+02	4.5518493967e-01	
1.0810021654e+02	5.1619367918e-01	
1.0820004920e+02	5.0885998246e-01	
1.0830017909e+02	7.1689925084e-01	
1.0840000467e+02	7.6707420333e-01	
1.0850048263e+02	5.9357210882e-01	
1.0860045494e+02	5.6606551978e-01	
1.0870053359e+02	5.7557878372e-01	
1.0880036080e+02	6.3957300375e-01	
1.0890034950e+02	5.7670704906e-01	
1.0900048759e+02	4.9346355464e-01	
1.0910012733e+02	5.0154086266e-01	
1.0920055439e+02	5.2173688335e-01	
1.0930053769e+02	5.2002288872e-01	
1.0940031417e+02	5.1726504557e-01	
1.0950053939e+02	4.3348226760e-01	
1.0960054464e+02	4.1426184777e-01	
1.0970052820e+02	4.5683053882e-01	
1.0980055078e+02	6.0949419637e-01	
1.0990027967e+02	5.4526094621e-01	
1.1000036653e+02	6.0706479191e-01	
1.1010000280e+02	9.4058695688e-01	
1.1020029578e+02	6.0141880129e-01	
1.1030024243e+02	5.6820389355e-01	
1.1040016609e+02	7.8334412232e-01	
1.1050018113e+02	5.1374249152e-01	
1.1060012273e+02	5.9175083027e-01	
1.1070018233e+02	1.2183748995e+00	
1.1080045598e+02	1.6218908939e+00	
1.1090033336e+02	1.2415575061e+00	
1.1100052316e+02	1.2515855491e+00	
1.1110040897e+02	1.4090699969e+00	
1.1120041022e+02	1.5782271208e+00	
1.1130043363e+02	1.5012006663e+00	
1.1140021182e+02	1.2399897617e+00	
1.1150026596e+02	1.0101518315e+00	
1.1160024902e+02	8.2336362303e-01	
1.1170024905e+02	5.9116719881e-01	
1.1180029730e+02	4.5477725659e-01	
1.1190054467e+02	4.6237620663e-01	
1.1200041537e+02	5.0498839782e-01	
1.1210053431e+02	4.7556335741e-01	
1.1220007562e+02	4.3555908592e-01	
1.1230019842e+02	4.3034095342e-01	
1.1240005197e+02	4.9236691246e-01	
1.1250019388e+02	5.5462847453e-01	
1.1260036099e+02	7.1345975280e-01	
1.1270034000e+02	8.7979644519e-01	
1.1280047058e+02	8.6265668535e-01	
1.1290018613e+02	6.7546273033e-01	
1.1300038929e+02	6.9282958629e-01	
1.1310038940e+02	5.8501632088e-01	
1.1320007247e+02	4.3860007070e-01	
1.1330052349e+02	4.8114848576e-01	
1.1340048584e+02	5.8937874891e-01	
1.1350020445e+02	8.1673986106e-01	
1.1360043698e+02	9.2551420182e-01	
1.1370047225e+02	8.4967876282e-01	
1.1380004167e+02	7.1853984203e-01	
1.1390009966e+02	5.3292971714e-01	
1.1400029603e+02	7.1509009976e-01	
1.1410024592e+02	6.7363441488e-01	
1.1420025682e+02	5.5242774064e-01	
1.1430004284e+02	4.1201025295e-01	
1.1440021257e+02	5.7138304652e-01	
1.1450042298e+02	7.7310428980e-01	
1.1460000857e+02	9.5298923598e-01	
1.1470022613e+02	1.0628738683e+00	
1.1480046239e+02	6.2919146129e-01	
1.1490045166e+02	5.9345379538e-01	
1.1500031464e+02	4.2948842108e-01	
1.1510009823e+02	4.1786291127e-01	
1.1520011375e+02	4.6787146164e-01	
1.1530002215e+02	4.2010273694e-01	
1.1540009572e+02	4.6479443669e-01	
1.1550050322e+02	4.7510234375e-01	
1.1560003730e+02	4.3192006969e-01	
1.1570005329e+02	5.0551119455e-01	
1.1580022546e+02	4.1335104197e-01	
1.1590004228e+02	4.1371967911e-01	
1.1600038265e+02	4.1194320518e-01	
1.1610039505e+02	4.4455414607e-01	
1.1620002432e+02	5.3553810816e-01	
1.1630028521e+02	5.7115942243e-01	
1.1640054397e+02	6.0230795549e-01	
1.1650006072e+02	4.9901669491e-01	
1.1660017356e+02	5.1820824173e-01	
1.1670003223e+02	5.9042394784e-01	
1.1680016378e+02	4.7586620102e-01	
1.1690023390e+02	4.7705191845e-01	
1.1700053113e+02	4.8570982648e-01	
1.1710030962e+02	5.1442425371e-01	
1.1720016444e+02	4.7670039324e-01	
1.1730015378e+02	5.0912293033e-01	
1.1740023876e+02	5.0324269230e-01	
1.1750042282e+02	5.0609021902e-01	
1.1760052089e+02	6.1997650838e-01	
1.1770028701e+02	5.5808938741e-01	
1.1780005944e+02	7.1982175433e-01	
1.1790009046e+02	8.5781643968e-01	
1.1800049471e+02	4.9154428272e-01	
1.1810018408e+02	6.5940422221e-01	
1.1820043257e+02	8.1702241628e-01	
1.1830007995e+02	6.8135039283e-01	
1.1840029531e+02	4.4810165576e-01	
1.1850049603e+02	4.4553582074e-01	
1.1860041643e+02	4.5025300180e-01	
1.1870030657e+02	4.5211492872e-01	
1.1880051941e+02	4.5166483972e-01	
1.1890013052e+02	4.4868101908e-01	
1.1900005311e+02	4.3939968559e-01	
1.1910007614e+02	4.3451178367e-01	
1.1920036641e+02	5.9687703584e-01	
1.1930027833e+02	1.0771148186e+00	
1.1940011858e+02	1.1417462960e+00	
1.1950006656e+02	8.2290152830e-01	
1.1960047859e+02	7.4312116666e-01	
1.1970033029e+02	6.5945194259e-01	
1.1980051539e+02	6.1888782843e-01	
1.1990014937e+02	7.4464115650e-01	
1.2000038239e+02	6.5006196292e-01	
1.2010039506e+02	6.0708096951e-01	
1.2020032208e+02	7.3440954242e-01	
1.2030028492e+02	6.9184666491e-01	
1.2040042322e+02	6.9135318943e-01	
1.2050052750e+02	7.9989889526e-01	
1.2060008176e+02	7.0906372444e-01	
1.2070031537e+02	6.2519718974e-01	
1.2080011951e+02	5.9699201768e-01	
1.2090018453e+02	6.4645541211e-01	
1.2100008661e+02	4.6513095354e-01	
1.2110023970e+02	4.6801629115e-01	
1.2120000332e+02	5.1223767040e-01	
1.2130006711e+02	4.3867401829e-01	
1.2140053262e+02	5.7588542077e-01	
1.2150021858e+02	4.8889501375e-01	
1.2160017076e+02	4.0944568456e-01	
1.2170036347e+02	4.1288087263e-01	
1.2180007921e+02	4.9294322641e-01	
1.2190002057e+02	4.7395007863e-01	
1.2200033096e+02	4.5202228206e-01	
1.2210029586e+02	4.6783848788e-01	
1.2220034604e+02	5.6589546213e-01	
1.2230027944e+02	5.2597988641e-01	
1.2240019029e+02	4.7523397033e-01	
1.2250032601e+02	3.8924497939e-01	
1.2260055660e+02	4.7849868880e-01	
1.2270044053e+02	4.2912976181e-01	
1.2280041631e+02	4.7660473239e-01	
1.2290027321e+02	5.8993111338e-01	
1.2300033919e+02	5.8596307805e-01	
1.2310008194e+02	4.9789499894e-01	
1.2320008728e+02	5.6358916260e-01	
1.2330029829e+02	8.2301824731e-01	
1.2340003973e+02	8.2888783982e-01	
1.2350027078e+02	8.3415274668e-01	
1.2360050531e+02	6.3825616237e-01	
1.2370036155e+02	5.4336852843e-01	
1.2380021122e+02	6.0877664449e-01	
1.2390012852e+02	4.5977772556e-01	
1.2400015657e+02	6.8990125314e-01	
1.2410023002e+02	7.2309263904e-01	
1.2420029699e+02	5.0441364753e-01	
1.2430001839e+02	4.5568554168e-01	
1.2440018412e+02	4.8203711717e-01	
1.2450013017e+02	5.4781249508e-01	
1.2460003311e+02	8.2357509857e-01	
1.2470045583e+02	8.4341055099e-01	
1.2480000264e+02	7.1939447168e-01	
1.2490010957e+02	6.2484162489e-01	
1.2500020993e+02	4.7221585810e-01	
1.2510011837e+02	4.8124859272e-01	
1.2520026325e+02	4.6445884605e-01	
1.2530033954e+02	4.1991056888e-01	
1.2540046288e+02	3.9957750103e-01	
1.2550000353e+02	3.9051104936e-01	
1.2560022806e+02	6.5300242185e-01	
1.2570054072e+02	8.2135402438e-01	
1.2580027831e+02	1.0435089197e+00	
1.2590051138e+02	9.5343162599e-01	
1.2600041379e+02	9.5687660830e-01	
1.2610019300e+02	5.9990662449e-01	
1.2620012866e+02	4.7220978997e-01	
1.2630023793e+02	5.4665981777e-01	
1.2640035414e+02	4.4328318689e-01	
1.2650021583e+02	5.3727583711e-01	
1.2660002196e+02	4.4716978251e-01	
1.2670049996e+02	4.7891143566e-01	
1.2680036837e+02	5.6955996073e-01	
1.2690040455e+02	7.3395927129e-01	
1.2700045144e+02	6.5907687726e-01	
1.2710013127e+02	6.8171612355e-01	
1.2720016378e+02	7.4254886199e-01	
1.2730050555e+02	8.5962431628e-01	
1.2740028886e+02	5.8985954134e-01	
1.2750019038e+02	6.4234476057e-01	
1.2760006157e+02	9.6581074486e-01	
1.2770031089e+02	1.0963680247e+00	
1.2780028996e+02	7.5583223038e-01	
1.2790025640e+02	8.5775462143e-01	
1.2800048289e+02	5.9219715839e-01	
1.2810036744e+02	4.5852287164e-01	
1.2820009648e+02	5.3875427373e-01	
1.2830051313e+02	5.9722093244e-01	
1.2840012811e+02	4.5346363567e-01	
1.2850028743e+02	4.2373991214e-01	
1.2860049642e+02	4.6606755120e-01	
1.2870045460e+02	4.4991229043e-01	
1.2880030052e+02	5.1140715456e-01	
1.2890011035e+02	6.4541871262e-01	
1.2900045847e+02	7.5342712248e-01	
1.2910022205e+02	6.8660868705e-01	
1.2920006218e+02	6.4061135308e-01	
1.2930027791e+02	5.9006539595e-01	
1.2940039397e+02	6.4857152257e-01	
1.2950013395e+02	7.6972299772e-01	
1.2960012230e+02	9.0055886268e-01	
1.2970047408e+02	7.5825423160e-01	
1.2980006932e+02	7.2370872219e-01	
1.2990006253e+02	1.0287982193e+00	
1.3000013451e+02	1.3131120771e+00	
1.3010023713e+02	6.5807797091e-01	
1.3020009061e+02	7.1241998417e-01	
1.3030044153e+02	8.3453988061e-01	
1.3040043136e+02	8.3802049220e-01	
1.3050029950e+02	7.8413659564e-01	
1.3060020848e+02	9.2826170179e-01	
1.3070007286e+02	9.5788166471e-01	
1.3080020524e+02	7.8010280986e-01	
1.3090041492e+02	6.4512915960e-01	
1.3100014020e+02	6.4222184876e-01	
1.3110038312e+02	5.7915735455e-01	
1.3120038725e+02	5.9514581282e-01	
1.3130052274e+02	5.4950176069e-01	
1.3140024751e+02	4.6658086324e-01	
1.3150002876e+02	4.4304602115e-01	
1.3160052660e+02	5.4645285844e-01	
1.3170048866e+02	6.1233069048e-01	
1.3180043418e+02	5.0110314506e-01	
1.3190011849e+02	5.4013950747e-01	
1.3200027805e+02	4.5217105618e-01	
1.3210013994e+02	4.1994960884e-01	
1.3220038412e+02	6.7773794879e-01	
1.3230041821e+02	6.3700539875e-01	
1.3240051299e+02	4.6094821052e-01	
1.3250005674e+02	4.1743009585e-01	
1.3260022871e+02	3.8410006351e-01	
1.3270045928e+02	3.7938788843e-01	
1.3280047085e+02	4.0638179527e-01	
1.3290017295e+02	4.4630786401e-01	
1.3300007147e+02	8.2335424803e-01	
1.3310046542e+02	8.5454123788e-01	
1.3320033424e+02	5.9953951925e-01	
1.3330007666e+02	6.2228745522e-01	
1.3340052276e+02	6.0287860290e-01	
1.3350033418e+02	4.8381935209e-01	
1.3360041996e+02	4.7135769314e-01	
1.3370023788e+02	4.5556198242e-01	
1.3380022891e+02	4.3786361360e-01	
1.3390028285e+02	4.5169396667e-01	
1.3400019935e+02	4.2533217640e-01	
1.3410027769e+02	4.7017801328e-01	
1.3420035786e+02	4.9822531914e-01	
1.3430046166e+02	6.3876046388e-01	
1.3440035026e+02	5.6745886321e-01	
1.3450052559e+02	5.1033719445e-01	
1.3460000162e+02	6.0031040963e-01	
1.3470035237e+02	6.1976500600e-01	
1.3480047435e+02	5.4503865332e-01	
1.3490052644e+02	5.6887057302e-01	
1.3500014026e+02	5.6220017448e-01	
1.3510052844e+02	6.3444567007e-01	
1.3520014758e+02	5.8325465506e-01	
1.3530035599e+02	4.5194818256e-01	
1.3540000444e+02	4.4272046617e-01	
1.3550016203e+02	4.8480580269e-01	
1.3560009021e+02	8.2264428746e-01	
1.3570035955e+02	4.1937157392e-01	
1.3580011148e+02	4.2383328377e-01	
1.3590039260e+02	5.2735044892e-01	
1.3600010183e+02	4.8577597683e-01	
1.3610006427e+02	4.8009051011e-01	
1.3620034624e+02	4.8128520802e-01	
1.3630033772e+02	5.2583012299e-01	
1.3640017040e+02	5.1325761843e-01	
1.3650002448e+02	6.3183718004e-01	
1.3660017438e+02	7.7335059106e-01	
1.3670022753e+02	8.6511420582e-01	
1.3680014318e+02	4.5917318911e-01	
1.3690002682e+02	3.9580329622e-01	
1.3700008321e+02	5.1615191791e-01	
1.3710013132e+02	5.2293655163e-01	
1.3720045590e+02	5.5652332927e-01	
1.3730046309e+02	6.4024155000e-01	
1.3740004550e+02	6.1892531470e-01	
1.3750046854e+02	5.4623490321e-01	
1.3760009191e+02	5.3252545420e-01	
1.3770010662e+02	5.3011826393e-01	
1.3780006322e+02	5.1650094164e-01	
1.3790031438e+02	4.8661106885e-01	
1.3800038207e+02	4.6461445950e-01	
1.3810009851e+02	4.3904928375e-01	
1.3820029865e+02	4.2762499308e-01	
1.3830051552e+02	4.6292039091e-01	
1.3840046339e+02	5.9776146960e-01	
1.3850008004e+02	5.2816621710e-01	
1.3860001661e+02	6.6650070723e-01	
1.3870015785e+02	6.4891550284e-01	
1.3880035581e+02	5.6948208116e-01	
1.3890037835e+02	7.8981678026e-01	
1.3900047011e+02	4.9667152770e-01	
1.3910028729e+02	6.3605165276e-01	
1.3920001895e+02	8.2007502172e-01	
1.3930005756e+02	6.0089028389e-01	
1.3940012518e+02	7.1394565488e-01	
1.3950030584e+02	5.8608809055e-01	
1.3960050498e+02	4.1536470744e-01	
1.3970009242e+02	4.0659556416e-01	
1.3980021597e+02	4.0091410843e-01	
1.3990010555e+02	5.3121700066e-01	
1.4000035248e+02	6.7562892742e-01	
1.4010047339e+02	6.4831487899e-01	
1.4020003142e+02	6.4172776050e-01	
1.4030003008e+02	7.1775766021e-01	
1.4040045775e+02	7.2919613205e-01	
1.4050044008e+02	4.7651621842e-01	
1.4060044646e+02	5.0948824232e-01	
1.4070035270e+02	5.0448444433e-01	
1.4080002036e+02	4.4975200336e-01	
1.4090010759e+02	4.7629789052e-01	
1.4100048496e+02	5.5208609186e-01	
1.4110038367e+02	6.0292958991e-01	
1.4120006716e+02	5.1267160470e-01	
1.4130021288e+02	4.8687865961e-01	
1.4140012293e+02	6.4321710851e-01	
1.4150034102e+02	8.1013162849e-01	
1.4160007635e+02	5.9114294397e-01	
1.4170041965e+02	4.6288489209e-01	
1.4180004287e+02	6.4896053773e-01	
1.4190053284e+02	9.5707175075e-01	
1.4200015409e+02	7.9693279953e-01	
1.4210017649e+02	6.7635284723e-01	
1.4220030321e+02	7.2281974978e-01	
1.4230036705e+02	6.2353410536e-01	
1.4240039844e+02	5.8025501180e-01	
1.4250029497e+02	6.4876444940e-01	
1.4260030261e+02	7.1132528405e-01	
1.4270006312e+02	6.4947987109e-01	
1.4280045787e+02	4.7672344622e-01	
1.4290021640e+02	4.4535932147e-01	
1.4300003530e+02	5.1774691510e-01	
1.4310040467e+02	6.1685018478e-01	
1.4320049022e+02	9.0471381978e-01	
1.4330030486e+02	7.2154479374e-01	
1.4340038254e+02	4.0388809543e-01	
1.4350050194e+02	4.3464144429e-01	
1.4360031677e+02	4.3456708991e-01	
1.4370027871e+02	4.2108621157e-01	
1.4380046234e+02	5.2400420036e-01	
1.4390012137e+02	4.7687595974e-01	
1.4400010811e+02	4.7634860108e-01	
1.4410001992e+02	4.8212269488e-01	
1.4420050717e+02	4.9274475652e-01	
1.4430017533e+02	4.3904401092e-01	
1.4440052922e+02	4.1477984778e-01	
1.4450052636e+02	4.3058804950e-01	
1.4460052697e+02	4.8676634998e-01	
1.4470009406e+02	5.9177289760e-01	
1.4480017383e+02	5.4253203729e-01	
1.4490040613e+02	7.3867416134e-01	
1.4500024637e+02	6.3323406681e-01	
1.4510012555e+02	7.5288575276e-01	
1.4520016870e+02	6.9150953941e-01	
1.4530029568e+02	7.3312533172e-01	
1.4540011429e+02	5.2677710226e-01	
1.4550049091e+02	7.6865089322e-01	
1.4560000634e+02	6.0041032819e-01	
1.4570042173e+02	7.0714774989e-01	
1.4580011258e+02	1.1320523212e+00	
1.4590043729e+02	1.6091564677e+00	
1.4600029041e+02	8.7814257844e-01	
1.4610040357e+02	6.4750536317e-01	
1.4620039587e+02	8.4343313649e-01	
1.4630036692e+02	1.0569597571e+00	
1.4640045525e+02	7.7689380323e-01	
1.4650051282e+02	6.1185981905e-01	
1.4660028751e+02	4.6378038782e-01	
1.4670012745e+02	4.4326648312e-01	
1.4680047254e+02	6.8546742636e-01	
1.4690024460e+02	5.0797045033e-01	
1.4700026927e+02	5.0662816759e-01	
1.4710030389e+02	4.8853576562e-01	
1.4720002295e+02	4.6773804289e-01	
1.4730042056e+02	4.5960875690e-01	
1.4740019813e+02	5.1686230153e-01	
1.4750016400e+02	5.4140040125e-01	
1.4760023629e+02	5.3674443736e-01	
1.4770014492e+02	5.0806006883e-01	
1.4780008533e+02	4.3505357080e-01	
1.4790032115e+02	4.3448021717e-01	
1.4800020082e+02	4.7357504659e-01	
1.4810023754e+02	5.7083466803e-01	
1.4820000375e+02	6.1745006911e-01	
1.4830017596e+02	5.6567647016e-01	
1.4840005622e+02	4.8348667074e-01	
1.4850003480e+02	4.6007504961e-01	
1.4860012958e+02	4.7453031385e-01	
1.4870054335e+02	4.4387725854e-01	
1.4880035795e+02	4.1372767826e-01	
1.4890044732e+02	4.1200970025e-01	
1.4900050461e+02	4.1885849455e-01	
1.4910050726e+02	4.2023213778e-01	
1.4920010365e+02	4.1653189054e-01	
1.4930000673e+02	4.0971533901e-01	
1.4940049469e+02	4.2166515685e-01	
1.4950036579e+02	5.4748545243e-01	
1.4960022007e+02	6.3632475948e-01	
1.4970016216e+02	5.6825519933e-01	
1.4980019977e+02	5.1277350550e-01	
1.4990010921e+02	4.8307240865e-01	
1.5000038812e+02	4.7565804802e-01	
1.5010016928e+02	4.1942248393e-01	
1.5020007099e+02	4.0826486792e-01	
1.5030048267e+02	3.9541493369e-01	
1.5040025212e+02	3.9331271157e-01	
1.5050025737e+02	4.1342863234e-01	
1.5060041993e+02	4.5648083000e-01	
1.5070002637e+02	4.6070183984e-01	
1.5080013241e+02	6.2166497375e-01	
1.5090022489e+02	7.1783724951e-01	
1.5100040957e+02	5.8131446169e-01	
1.5110009120e+02	5.4829802017e-01	
1.5120014083e+02	3.9287580389e-01	
1.5130024448e+02	5.8404693234e-01	
1.5140017314e+02	4.3068395314e-01	
1.5150045973e+02	4.6759057028e-01	
1.5160013166e+02	4.3210436333e-01	
1.5170029292e+02	4.9114452097e-01	
1.5180016216e+02	7.4601661062e-01	
1.5190038320e+02	8.6995637699e-01	
1.5200015863e+02	4.7590824919e-01	
1.5210036764e+02	5.8159250445e-01	
1.5220026422e+02	8.0197643920e-01	
1.5230051016e+02	8.8073919509e-01	
1.5240015793e+02	6.8781051532e-01	
1.5250053698e+02	5.4741248357e-01	
1.5260020457e+02	5.5539546009e-01	
1.5270047000e+02	4.8563052595e-01	
1.5280013256e+02	6.0192152407e-01	
1.5290030599e+02	6.9390371688e-01	
1.5300002621e+02	4.7568784185e-01	
1.5310034153e+02	5.5939451812e-01	
1.5320046247e+02	6.6653127130e-01	
1.5330024813e+02	5.8262101587e-01	
1.5340043282e+02	5.3364630002e-01	
1.5350010482e+02	4.6855698361e-01	
1.5360031671e+02	4.0557618916e-01	
1.5370000325e+02	4.2885881139e-01	
1.5380017245e+02	4.4556361526e-01	
1.5390007008e+02	4.5002614892e-01	
1.5400051119e+02	4.4303032285e-01	
1.5410050311e+02	4.2697470709e-01	
1.5420004162e+02	4.4563536522e-01	
1.5430051949e+02	4.2115215176e-01	
1.5440030098e+02	5.4071142809e-01	
1.5450019750e+02	7.5363502937e-01	
1.5460019105e+02	8.3016589579e-01	
1.5470034284e+02	9.5093065870e-01	
1.5480007178e+02	5.8714985561e-01	
1.5490033696e+02	6.0676559944e-01	
1.5500043538e+02	5.7129743431e-01	
1.5510016902e+02	5.3178902301e-01	
1.5520056201e+02	5.5778516883e-01	
1.5530026905e+02	6.0988392100e-01	
1.5540048346e+02	5.2399816284e-01	
1.5550050890e+02	4.2227430196e-01	
1.5560028129e+02	4.0476844185e-01	
1.5570039426e+02	4.9052197660e-01	
1.5580048832e+02	5.4421661543e-01	
1.5590035182e+02	5.5174487972e-01	
1.5600025667e+02	4.7394289495e-01	
1.5610048649e+02	4.2287788922e-01	
1.5620017594e+02	4.5235054396e-01	
1.5630045563e+02	5.3905331473e-01	
1.5640026787e+02	3.9547176480e-01	
1.5650041792e+02	3.8647565909e-01	
1.5660024765e+02	3.9148081126e-01	
1.5670004139e+02	4.1637727153e-01	
1.5680044492e+02	3.9235680570e-01	
1.5690040170e+02	4.2840996137e-01	
1.5700025721e+02	4.6262592261e-01	
1.5710022098e+02	5.2509013339e-01	
1.5720015668e+02	3.8750729498e-01	
1.5730001658e+02	4.3395338626e-01	
1.5740049603e+02	4.7882236818e-01	
1.5750020245e+02	6.4906107081e-01	
1.5760008415e+02	7.4045436308e-01	
1.5770017856e+02	4.1670449186e-01	
1.5780002936e+02	4.4214017526e-01	
1.5790023497e+02	3.9527214415e-01	
1.5800018499e+02	4.1451161171e-01	
1.5810041953e+02	4.1664554411e-01	
1.5820013270e+02	4.8085655240e-01	
1.5830048297e+02	5.4330220015e-01	
1.5840001279e+02	4.1393653448e-01	
1.5850019543e+02	4.1178215345e-01	
1.5860008119e+02	4.0117770716e-01	
1.5870017219e+02	3.9040536211e-01	
1.5880002036e+02	4.3879975505e-01	
1.5890008798e+02	4.1020641023e-01	
1.5900003295e+02	4.6315072051e-01	
1.5910047709e+02	6.5055569373e-01	
1.5920011611e+02	4.2925654582e-01	
1.5930009420e+02	6.8931215427e-01	
1.5940004694e+02	4.8341979689e-01	
1.5950019856e+02	5.8673355864e-01	
1.5960023732e+02	4.5437381059e-01	
1.5970011454e+02	4.0070184271e-01	
1.5980022516e+02	4.9676644683e-01	
1.5990041288e+02	6.0870102118e-01	
1.6000052912e+02	5.0395114301e-01	
1.6010032288e+02	4.0216542303e-01	
1.6020009551e+02	4.5856024696e-01	
1.6030044979e+02	3.9860826069e-01	
1.6040036361e+02	3.9538474284e-01	
1.6050035155e+02	4.1407469195e-01	
1.6060019058e+02	4.0186657134e-01	
1.6070003235e+02	4.0154104694e-01	
1.6080003665e+02	4.0689805725e-01	
1.6090027657e+02	3.9951796270e-01	
1.6100030241e+02	3.9950069307e-01	
1.6110036422e+02	4.9262526315e-01	
1.6120001484e+02	5.4338305765e-01	
1.6130048948e+02	6.5190016138e-01	
1.6140013898e+02	7.3544796513e-01	
1.6150045229e+02	5.1917080501e-01	
1.6160046243e+02	5.1636059606e-01	
1.6170035928e+02	5.5258862365e-01	
1.6180042640e+02	6.8564563735e-01	
1.6190052597e+02	6.8212153382e-01	
1.6200006640e+02	6.5991976262e-01	
1.6210044929e+02	6.1921838719e-01	
1.6220014929e+02	6.2704562113e-01	
1.6230040606e+02	4.5735495593e-01	
1.6240010233e+02	4.5792132101e-01	
1.6250044387e+02	4.4266022624e-01	
1.6260005653e+02	4.9849159435e-01	
1.6270044640e+02	5.0395537711e-01	
1.6280015329e+02	4.5598957324e-01	
1.6290028099e+02	4.6948934760e-01	
1.6300011931e+02	4.6897975819e-01	
1.6310040746e+02	4.3973198044e-01	
1.6320002326e+02	4.2352931557e-01	
1.6330002770e+02	3.9332951984e-01	
1.6340024317e+02	3.7849520751e-01	
1.6350048759e+02	3.8861235962e-01	
1.6360018957e+02	4.0708131148e-01	
1.6370034712e+02	4.9513708521e-01	
1.6380042246e+02	6.4499170456e-01	
1.6390044546e+02	1.0032938227e+00	
1.6400007699e+02	8.3414008853e-01	
1.6410023834e+02	9.1492559530e-01	
1.6420042306e+02	1.5485702229e+00	
1.6430046905e+02	1.1632606321e+00	
1.6440045783e+02	5.9563444375e-01	
1.6450044335e+02	5.7972803604e-01	
1.6460005565e+02	4.3270402169e-01	
1.6470030043e+02	4.3080913332e-01	
1.6480002120e+02	4.4285629767e-01	
1.6490010307e+02	5.1134335994e-01	
1.6500009602e+02	5.4517753322e-01	
1.6510001885e+02	4.5843290761e-01	
1.6520004890e+02	4.6657773181e-01	
1.6530039444e+02	4.6458873829e-01	
1.6540003468e+02	6.9769294819e-01	
1.6550029265e+02	6.2029979053e-01	
1.6560021393e+02	4.5816745743e-01	
1.6570010241e+02	4.4781804904e-01	
1.6580000205e+02	4.6937491639e-01	
1.6590035042e+02	4.3258311719e-01	
1.6600035214e+02	5.1646920144e-01	
1.6610005518e+02	4.4272986090e-01	
1.6620033504e+02	4.9411200407e-01	
1.6630032746e+02	6.0730357359e-01	
1.6640012699e+02	5.4232047510e-01	
1.6650016554e+02	5.6845196722e-01	
1.6660047250e+02	5.5197952351e-01	
1.6670050391e+02	6.3995024122e-01	
1.6680048510e+02	4.7514159161e-01	
1.6690005592e+02	4.5462570022e-01	
1.6700041830e+02	5.9676827132e-01	
1.6710020207e+02	4.5058292505e-01	
1.6720015115e+02	4.8325235164e-01	
1.6730048970e+02	5.3429850274e-01	
1.6740048286e+02	7.0356982949e-01	
1.6750031810e+02	6.2891511883e-01	
1.6760003454e+02	1.0016116054e+00	
1.6770000118e+02	8.7777598141e-01	
1.6780032527e+02	7.0946233826e-01	
1.6790016699e+02	7.1259754535e-01	
1.6800020613e+02	5.9589962253e-01	
1.6810049720e+02	5.7192135198e-01	
1.6820028656e+02	5.6177028033e-01	
1.6830003442e+02	6.4422192783e-01	
1.6840041373e+02	7.9769791430e-01	
1.6850035320e+02	9.9851703092e-01	
1.6860036182e+02	9.6098421273e-01	
1.6870048003e+02	7.0377303338e-01	
1.6880018361e+02	4.9284703430e-01	
1.6890044226e+02	9.7869984833e-01	
1.6900025913e+02	1.1706686536e+00	
1.6910030826e+02	9.5788914205e-01	
1.6920043004e+02	4.9393462401e-01	
1.6930049155e+02	4.1796917493e-01	
1.6940029676e+02	4.2883143128e-01	
1.6950014037e+02	4.3026461788e-01	
1.6960000116e+02	4.2738593246e-01	
1.6970025277e+02	4.1782879020e-01	
1.6980042657e+02	4.1230111498e-01	
1.6990011439e+02	4.2212267111e-01	
1.7000002864e+02	4.2686218992e-01	
1.7010035845e+02	4.3095505415e-01	
1.7020035848e+02	4.1828121164e-01	
1.7030038796e+02	4.1629296674e-01	
1.7040052167e+02	7.8104305588e-01	
1.7050025147e+02	1.0750203682e+00	
1.7060047148e+02	1.1569765098e+00	
1.7070024564e+02	8.0892776716e-01	
1.7080050382e+02	7.3961147406e-01	
1.7090042958e+02	4.6962342402e-01	
1.7100040198e+02	4.8168187572e-01	
1.7110028685e+02	4.8479664650e-01	
1.7120037104e+02	5.1532296640e-01	
1.7130036191e+02	4.4621089429e-01	
1.7140025596e+02	5.5120482662e-01	
1.7150018005e+02	6.3745787766e-01	
1.7160035372e+02	8.9876976972e-01	
1.7170047149e+02	7.3333488312e-01	
1.7180010044e+02	5.7157001623e-01	
1.7190024630e+02	7.4933076332e-01	
1.7200004974e+02	5.1777925236e-01	
1.7210023753e+02	4.3086169282e-01	
1.7220030679e+02	4.2299002377e-01	
1.7230029933e+02	4.3401823037e-01	
1.7240040986e+02	4.3738649887e-01	
1.7250000473e+02	4.5614324534e-01	
1.7260008744e+02	5.3160301068e-01	
1.7270027574e+02	6.2647193619e-01	
1.7280007319e+02	6.5819902483e-01	
1.7290003706e+02	7.6209115595e-01	
1.7300025592e+02	8.0276523949e-01	
1.7310003735e+02	7.8186601819e-01	
1.7320049858e+02	5.7719311074e-01	
1.7330045977e+02	4.6585107335e-01	
1.7340023024e+02	4.9437413511e-01	
1.7350003974e+02	6.8324891758e-01	
1.7360042515e+02	5.8163241801e-01	
1.7370023490e+02	5.6778399781e-01	
1.7380030953e+02	6.2199902389e-01	
1.7390006669e+02	6.7480072986e-01	
1.7400023333e+02	7.2809982586e-01	
1.7410021880e+02	6.0666107128e-01	
1.7420038932e+02	4.2948114929e-01	
1.7430040669e+02	3.6355296514e-01	
1.7440045512e+02	3.7545283875e-01	
1.7450026801e+02	4.5622057743e-01	
1.7460036492e+02	5.9685741745e-01	
1.7470035109e+02	7.7545266708e-01	
1.7480029385e+02	6.3456297582e-01	
1.7490015655e+02	4.4831151574e-01	
1.7500036914e+02	4.3774106870e-01	
1.7510007683e+02	4.5851363140e-01	
1.7520049332e+02	4.5020117684e-01	
1.7530039399e+02	4.0467540660e-01	
1.7540028455e+02	3.9124627804e-01	
1.7550020897e+02	3.8707675319e-01	
1.7560047900e+02	4.0025013126e-01	
1.7570013393e+02	3.8678566455e-01	
1.7580004877e+02	5.3832652553e-01	
1.7590000240e+02	6.9281263288e-01	
1.7600002751e+02	6.3268419520e-01	
1.7610037648e+02	4.6477493061e-01	
1.7620046481e+02	4.1447448671e-01	
1.7630050236e+02	4.6804121428e-01	
1.7640022742e+02	3.9672375575e-01	
1.7650052203e+02	4.0697941079e-01	
1.7660007679e+02	4.0054067410e-01	
1.7670013351e+02	4.0187789114e-01	
1.7680026259e+02	4.2588886228e-01	
1.7690018135e+02	4.1693856853e-01	
1.7700026996e+02	5.4288585135e-01	
1.7710045927e+02	6.6344466880e-01	
1.7720006743e+02	7.8886150806e-01	
1.7730010180e+02	7.5341597758e-01	
1.7740036257e+02	6.5038406161e-01	
1.7750027582e+02	5.7629323029e-01	
1.7760032357e+02	4.3886782098e-01	
1.7770039165e+02	4.0950676210e-01	
1.7780010313e+02	4.1231387174e-01	
1.7790030671e+02	5.0959166572e-01	
1.7800052282e+02	5.8192040484e-01	
1.7810024683e+02	8.8282537415e-01	
1.7820010739e+02	1.0254123031e+00	
1.7830037489e+02	7.1163126886e-01	
1.7840030258e+02	4.8699018197e-01	
1.7850023562e+02	5.9782801610e-01	
1.7860029706e+02	5.4517556836e-01	
1.7870027624e+02	4.2425057418e-01	
1.7880035439e+02	4.6614758390e-01	
1.7890057215e+02	4.6737356664e-01	
1.7900017613e+02	4.4316752117e-01	
1.7910022975e+02	5.9383814931e-01	
1.7920016496e+02	5.7219478831e-01	
1.7930020988e+02	4.7033215922e-01	
1.7940039576e+02	4.1602675761e-01	
1.7950035706e+02	4.3941219097e-01	
1.7960020724e+02	4.0385989432e-01	
1.7970041916e+02	4.4920909373e-01	
1.7980012636e+02	6.4202472114e-01	
1.7990029605e+02	9.7510957091e-01	
1.8000032161e+02	8.9984127809e-01	
1.8010021466e+02	7.0466553503e-01	
1.8020038247e+02	7.9885546468e-01	
1.8030018012e+02	5.6879189985e-01	
1.8040029944e+02	5.6286707722e-01	
1.8050023828e+02	5.3025762164e-01	
1.8060040307e+02	5.0999530641e-01	
1.8070006357e+02	4.8800401760e-01	
1.8080051860e+02	4.6799294164e-01	
1.8090017559e+02	6.7703079144e-01	
1.8100034622e+02	4.0944588482e-01	
1.8110013361e+02	4.4951704356e-01	
1.8120014285e+02	5.2867667137e-01	
1.8130034446e+02	6.4724508771e-01	
1.8140013597e+02	6.3088896127e-01	
1.8150001658e+02	4.1474613953e-01	
1.8160030309e+02	3.8309133201e-01	
1.8170051043e+02	4.0423786212e-01	
1.8180036900e+02	4.1137354711e-01	
1.8190018669e+02	4.1221781016e-01	
1.8200009985e+02	3.8485917528e-01	
1.8210013458e+02	4.3296163052e-01	
1.8220014182e+02	3.8619554751e-01	
1.8230038172e+02	4.2399910649e-01	
1.8240053841e+02	4.5621930493e-01	
1.8250015220e+02	4.5492761251e-01	
1.8260029179e+02	4.2169809767e-01	
1.8270008450e+02	4.4239939360e-01	
1.8280001119e+02	4.4327790323e-01	
1.8290041921e+02	5.1033673872e-01	
1.8300050504e+02	5.2784636578e-01	
1.8310037455e+02	4.9671857549e-01	
1.8320001572e+02	5.0789941323e-01	
1.8330019714e+02	5.9724506869e-01	
1.8340036520e+02	6.5999752784e-01	
1.8350018294e+02	5.5408918627e-01	
1.8360051312e+02	7.0493017735e-01	
1.8370047152e+02	6.1834822222e-01	
1.8380017805e+02	4.1613774775e-01	
1.8390056277e+02	4.1820035098e-01	
1.8400000022e+02	4.1356284777e-01	
1.8410049115e+02	4.4658154864e-01	
1.8420048522e+02	4.7596338194e-01	
1.8430036397e+02	4.2391338679e-01	
1.8440032331e+02	4.3419022732e-01	
1.8450055196e+02	4.7495460316e-01	
1.8460039494e+02	4.8032298315e-01	
1.8470025908e+02	4.0233976791e-01	
1.8480021768e+02	4.1495844998e-01	
1.8490014903e+02	4.0226694792e-01	
1.8500023052e+02	4.0403756943e-01	
1.8510035495e+02	3.9485263580e-01	
1.8520029558e+02	3.9234084347e-01	
1.8530023885e+02	3.8696715649e-01	
1.8540036676e+02	3.9739320907e-01	
1.8550027250e+02	3.8971588357e-01	
1.8560022930e+02	3.8535403419e-01	
1.8570053316e+02	3.8627541011e-01	
1.8580006144e+02	4.4084323525e-01	
1.8590045386e+02	5.5081389792e-01	
1.8600032471e+02	6.5805974485e-01	
1.8610013205e+02	6.5815780379e-01	
1.8620049596e+02	6.5133250459e-01	
1.8630010711e+02	8.1970243403e-01	
1.8640029781e+02	8.1405808713e-01	
1.8650032025e+02	8.2862364424e-01	
1.8660004088e+02	7.2235897776e-01	
1.8670034187e+02	5.1064741571e-01	
1.8680021106e+02	7.0957805692e-01	
1.8690017798e+02	6.1036536744e-01	
1.8700003601e+02	5.6217150042e-01	
1.8710010519e+02	4.4137409246e-01	
1.8720037490e+02	4.8642076500e-01	
1.8730021210e+02	4.9729561683e-01	
1.8740015682e+02	4.3466680052e-01	
1.8750050059e+02	4.6478414959e-01	
1.8760049266e+02	4.9104559651e-01	
1.8770052296e+02	4.9755135462e-01	
1.8780024940e+02	4.7535759915e-01	
1.8790034470e+02	4.5551796058e-01	
1.8800017037e+02	4.5722198139e-01	
1.8810010390e+02	4.9675237197e-01	
1.8820021464e+02	4.6307281520e-01	
1.8830031633e+02	4.3230734345e-01	
1.8840016549e+02	4.0732769993e-01	
1.8850003233e+02	3.9966270361e-01	
1.8860035317e+02	3.9335087608e-01	
1.8870006874e+02	3.9145724234e-01	
1.8880022802e+02	3.9081590299e-01	
1.8890027959e+02	3.8109564841e-01	
1.8900033586e+02	3.6684694912e-01	
1.8910006221e+02	3.9853514439e-01	
1.8920036383e+02	5.0059920451e-01	
1.8930013696e+02	4.7794997002e-01	
1.8940025590e+02	4.6280008890e-01	
1.8950010657e+02	6.1241529195e-01	
1.8960036886e+02	6.0141164834e-01	
1.8970040256e+02	1.0361319818e+00	
1.8980026281e+02	9.7047435978e-01	
1.8990009735e+02	6.8624019540e-01	
1.9000022589e+02	4.2604511705e-01	
1.9010026827e+02	4.9035740560e-01	
1.9020039394e+02	4.6496826550e-01	
1.9030019750e+02	5.4554987475e-01	
1.9040019258e+02	3.7532861212e-01	
1.9050049210e+02	3.7488008962e-01	
1.9060043032e+02	4.8785302340e-01	
1.9070038461e+02	6.3966207109e-01	
1.9080045345e+02	6.2110016020e-01	
1.9090038419e+02	5.3497723261e-01	
1.9100010682e+02	6.6493112394e-01	
1.9110033788e+02	4.4513432755e-01	
1.9120027930e+02	4.5557190545e-01	
1.9130007464e+02	5.8879048389e-01	
1.9140035746e+02	5.3275450690e-01	
1.9150013203e+02	4.0799510115e-01	
1.9160036768e+02	4.3344481080e-01	
1.9170040754e+02	4.3493889974e-01	
1.9180008495e+02	4.6759473483e-01	
1.9190056630e+02	5.2959307302e-01	
1.9200001878e+02	7.4656428687e-01	
1.9210033379e+02	8.0917172492e-01	
1.9220047654e+02	8.4988889040e-01	
1.9230048521e+02	6.4775748389e-01	
1.9240027734e+02	4.4077173020e-01	
1.9250027142e+02	4.0214757671e-01	
1.9260020333e+02	4.1327703745e-01	
1.9270042587e+02	4.1288952147e-01	
1.9280047062e+02	4.4191251409e-01	
1.9290009347e+02	5.0987916197e-01	
1.9300001992e+02	4.8141964402e-01	
1.9310042311e+02	5.1492689975e-01	
1.9320014417e+02	5.0689266690e-01	
1.9330046069e+02	5.5171792610e-01	
1.9340034054e+02	7.2815468673e-01	
1.9350027487e+02	7.5333919028e-01	
1.9360019259e+02	9.2462527442e-01	
1.9370021988e+02	5.9067597486e-01	
1.9380030856e+02	4.0936069618e-01	
1.9390045420e+02	5.1848730741e-01	
1.9400050933e+02	5.3463386696e-01	
1.9410013085e+02	4.9968670592e-01	
1.9420054404e+02	4.4775457984e-01	
1.9430007698e+02	5.3149144629e-01	
1.9440050592e+02	7.6872863031e-01	
1.9450047822e+02	1.0490400171e+00	
1.9460034240e+02	1.0977814813e+00	
1.9470019299e+02	1.1528467043e+00	
1.9480025350e+02	6.7591397434e-01	
1.9490027201e+02	4.8322535158e-01	
1.9500046921e+02	3.9986010496e-01	
1.9510016732e+02	3.9943353817e-01	
1.9520011947e+02	4.2938672663e-01	
1.9530018773e+02	4.4677247192e-01	
1.9540053885e+02	7.2724295227e-01	
1.9550008227e+02	7.9544463396e-01	
1.9560049584e+02	5.8567658736e-01	
1.9570053266e+02	3.5985493862e-01	
1.9580008296e+02	3.5592040569e-01	
1.9590004238e+02	3.5214816297e-01	
1.9600049137e+02	3.6320449506e-01	
1.9610032512e+02	3.6441630835e-01	
1.9620039909e+02	3.5854957181e-01	
1.9630022379e+02	3.8768299034e-01	
1.9640021341e+02	3.8773720760e-01	
1.9650001110e+02	4.0693966391e-01	
1.9660025416e+02	4.0338019648e-01	
1.9670017874e+02	3.9436068999e-01	
1.9680017269e+02	4.7627132115e-01	
1.9690026355e+02	5.5295164404e-01	
1.9700043524e+02	4.6933949954e-01	
1.9710012062e+02	3.9728260103e-01	
1.9720044830e+02	4.8675054561e-01	
1.9730052721e+02	5.5343620799e-01	
1.9740036393e+02	5.3662390364e-01	
1.9750037313e+02	4.1747657535e-01	
1.9760052100e+02	4.3457246855e-01	
1.9770031862e+02	5.4818743204e-01	
1.9780011463e+02	4.6912063734e-01	
1.9790040288e+02	4.5075849692e-01	
1.9800031298e+02	4.5419836902e-01	
1.9810049934e+02	4.4056171957e-01	
1.9820029413e+02	4.9136812525e-01	
1.9830046678e+02	5.5565996070e-01	
1.9840047077e+02	4.9692974594e-01	
1.9850004299e+02	4.3729523448e-01	
1.9860043914e+02	4.1278061859e-01	
1.9870000265e+02	4.1993841567e-01	
1.9880037612e+02	4.3746389472e-01	
1.9890018945e+02	4.2705805795e-01	
1.9900042461e+02	4.3829829826e-01	
1.9910014577e+02	4.7717200272e-01	
1.9920052326e+02	5.9306865058e-01	
1.9930034436e+02	6.1420905736e-01	
1.9940036075e+02	6.5152404954e-01	
1.9950033167e+02	6.1226462800e-01	
1.9960017128e+02	4.4238063450e-01	
1.9970041054e+02	3.8384101420e-01	
1.9980016971e+02	4.0657480102e-01	
1.9990038098e+02	4.3240548607e-01	
2.0000035052e+02	6.7880931783e-01	
2.0010019135e+02	7.0371739654e-01	
2.0020052060e+02	5.3058158308e-01	
2.0030029424e+02	5.0348198612e-01	
2.0040013384e+02	5.1995887732e-01	
2.0050006867e+02	4.2501501502e-01	
2.0060055179e+02	3.8129366358e-01	
2.0070056624e+02	4.2590376880e-01	
2.0080009277e+02	4.5413903022e-01	
2.0090005165e+02	4.3650425510e-01	
2.0100005044e+02	4.5387441954e-01	
2.0110051762e+02	5.1710900436e-01	
2.0120020673e+02	4.5466698865e-01	
2.0130015668e+02	3.9275058031e-01	
2.0140004526e+02	3.9295989412e-01	
2.0150036644e+02	4.1458327262e-01	
2.0160020315e+02	4.0049079160e-01	
2.0170006657e+02	4.1213286724e-01	
2.0180031046e+02	3.7331301712e-01	
2.0190010848e+02	4.0137789307e-01	
2.0200046280e+02	3.7745773681e-01	
2.0210006668e+02	3.9607394910e-01	
2.0220002421e+02	4.3344956131e-01	
2.0230029865e+02	4.8725905268e-01	
2.0240035188e+02	4.9716165955e-01	
2.0250008701e+02	4.9535934692e-01	
2.0260022841e+02	4.1118218837e-01	
2.0270019497e+02	4.5701362402e-01	
2.0280057393e+02	3.6489639830e-01	
2.0290020549e+02	4.1943146440e-01	
2.0300003726e+02	6.6623452147e-01	
2.0310024042e+02	1.0508438667e+00	
2.0320048351e+02	1.4524869170e+00	
2.0330009609e+02	1.3937984101e+00	
2.0340031231e+02	9.7899530153e-01	
2.0350034549e+02	5.2311507473e-01	
2.0360005001e+02	4.4711510968e-01	
2.0370052591e+02	5.2538037042e-01	
2.0380014802e+02	4.8411822205e-01	
2.0390010579e+02	4.2201855524e-01	
2.0400006173e+02	5.4560203962e-01	
2.0410037805e+02	6.5118659219e-01	
2.0420025570e+02	4.7515672463e-01	
2.0430049970e+02	4.7468908381e-01	
2.0440003996e+02	5.0142342912e-01	
2.0450029490e+02	4.0967939085e-01	
2.0460015854e+02	4.3183992692e-01	
2.0470034036e+02	4.2438705019e-01	
2.0480017714e+02	4.5753189752e-01	
2.0490025428e+02	4.8253877736e-01	
2.0500022363e+02	4.6138074851e-01	
2.0510019011e+02	4.3020174551e-01	
2.0520025048e+02	4.1397536594e-01	
2.0530034196e+02	4.2339830004e-01	
2.0540046608e+02	3.8128748978e-01	
2.0550009873e+02	3.7027592705e-01	
2.0560006144e+02	3.8845494647e-01	
2.0570049561e+02	4.4096564649e-01	
2.0580034106e+02	4.3413826658e-01	
2.0590026813e+02	4.0879049667e-01	
2.0600009901e+02	4.2980688218e-01	
2.0610040695e+02	3.7862578513e-01	
2.0620000349e+02	4.1100244689e-01	
2.0630055356e+02	4.3463475805e-01	
2.0640007940e+02	3.7477444575e-01	
2.0650005970e+02	3.9177685343e-01	
2.0660009803e+02	5.6411397675e-01	
2.0670044412e+02	5.5441971674e-01	
2.0680052796e+02	4.5303618408e-01	
2.0690000441e+02	4.7547920317e-01	
2.0700028583e+02	4.9379118324e-01	
2.0710005262e+02	4.9500568678e-01	
2.0720003624e+02	5.1816090818e-01	
2.0730007198e+02	5.6277591130e-01	
2.0740015202e+02	5.9177868856e-01	
2.0750008767e+02	5.1880843936e-01	
2.0760001458e+02	4.1327189820e-01	
2.0770026951e+02	4.1611268018e-01	
2.0780052853e+02	4.1401066365e-01	
2.0790033884e+02	4.0070596401e-01	
2.0800037852e+02	3.9156956743e-01	
2.0810037698e+02	4.4223415789e-01	
2.0820029806e+02	6.1658474287e-01	
2.0830008428e+02	7.4769347043e-01	
2.0840054670e+02	6.6210803306e-01	
2.0850005497e+02	5.9315581276e-01	
2.0860040379e+02	6.1248194268e-01	
2.0870038504e+02	7.8099535551e-01	
2.0880045719e+02	6.7641431692e-01	
2.0890009519e+02	6.4420262831e-01	
2.0900010965e+02	4.5917910961e-01	
2.0910033216e+02	4.1820317882e-01	
2.0920053213e+02	5.0083548109e-01	
2.0930010405e+02	5.0666977188e-01	
2.0940029780e+02	4.4495422038e-01	
2.0950011355e+02	4.0362951882e-01	
2.0960016129e+02	3.9401074395e-01	
2.0970027886e+02	4.0635015334e-01	
2.0980054592e+02	3.9131991098e-01	
2.0990013917e+02	5.4936829835e-01	
2.1000001652e+02	8.4353930871e-01	
2.1010049913e+02	1.0536546654e+00	
2.1020054749e+02	8.9623774519e-01	
2.1030019369e+02	5.3106533491e-01	
2.1040035102e+02	4.7743942212e-01	
2.1050013997e+02	4.0551333319e-01	
2.1060049833e+02	5.8746764556e-01	
2.1070036986e+02	4.6508814587e-01	
2.1080029187e+02	4.2690450503e-01	
2.1090001900e+02	3.9791373585e-01	
2.1100017625e+02	6.4684424871e-01	
2.1110022661e+02	5.2176498672e-01	
2.1120021098e+02	4.0354196025e-01	
2.1130027327e+02	4.2404872381e-01	
2.1140003092e+02	4.2288918296e-01	
2.1150013604e+02	5.2605736066e-01	
2.1160053631e+02	5.7385025916e-01	
2.1170032352e+02	4.8306415110e-01	
2.1180005658e+02	5.4154568848e-01	
2.1190036638e+02	5.5024250614e-01	
2.1200020184e+02	4.4687834020e-01	
2.1210043364e+02	4.1101661346e-01	
2.1220028850e+02	4.6879733127e-01	
2.1230015548e+02	4.7633518637e-01	
2.1240014793e+02	4.2513104479e-01	
2.1250016610e+02	5.3819021185e-01	
2.1260037876e+02	5.1932250439e-01	
2.1270004323e+02	5.4741697379e-01	
2.1280005540e+02	4.9257350346e-01	
2.1290021070e+02	4.4456204470e-01	
2.1300001924e+02	4.2556594033e-01	
2.1310046589e+02	4.2995551868e-01	
2.1320023928e+02	4.4360603145e-01	
2.1330011008e+02	4.5107709370e-01	
2.1340013578e+02	4.4091069059e-01	
2.1350017486e+02	4.2367937851e-01	
2.1360009247e+02	4.0123524249e-01	
2.1370024238e+02	3.7868128250e-01	
2.1380001919e+02	3.6609019808e-01	
2.1390050671e+02	3.7504498886e-01	
2.1400035786e+02	3.6824638001e-01	
2.1410052386e+02	4.6075067737e-01	
2.1420031621e+02	4.9585007155e-01	
2.1430034615e+02	4.1049537566e-01	
2.1440036740e+02	3.9439083994e-01	
2.1450030344e+02	3.8889346038e-01	
2.1460010506e+02	3.8358928701e-01	
2.1470050004e+02	3.5939580680e-01	
2.1480024068e+02	3.5884309291e-01	
2.1490026450e+02	3.8386259981e-01	
2.1500004526e+02	3.8707935939e-01	
2.1510041223e+02	4.5316331133e-01	
2.1520049117e+02	4.7203745616e-01	
2.1530051162e+02	4.5305464733e-01	
2.1540046840e+02	3.8685969790e-01	
2.1550036595e+02	3.4893720364e-01	
2.1560050178e+02	3.9690637706e-01	
2.1570017640e+02	5.8495641808e-01	
2.1580024009e+02	7.3052903957e-01	
2.1590012545e+02	7.0616538256e-01	
2.1600047889e+02	6.7722307397e-01	
2.1610054275e+02	6.5842875940e-01	
2.1620002413e+02	5.7227464328e-01	
2.1630032660e+02	4.1514774592e-01	
2.1640001675e+02	4.3884610690e-01	
2.1650021317e+02	4.4830000895e-01	
2.1660036104e+02	4.3187704368e-01	
2.1670008251e+02	4.1797414722e-01	
2.1680000205e+02	4.2330183859e-01	
2.1690011190e+02	4.0347228181e-01	
2.1700008732e+02	3.9061636743e-01	
2.1710037308e+02	3.9795169873e-01	
2.1720008097e+02	8.3436527788e-01	
2.1730024418e+02	4.8004314654e-01	
2.1740056136e+02	5.8940880391e-01	
2.1750028694e+02	5.5437777074e-01	
2.1760022859e+02	4.2987148733e-01	
2.1770036696e+02	4.2949843586e-01	
2.1780021016e+02	4.7107536192e-01	
2.1790004042e+02	4.8722237972e-01	
2.1800014079e+02	5.2442083728e-01	
2.1810047066e+02	7.4108101225e-01	
2.1820008894e+02	4.4109299837e-01	
2.1830024270e+02	5.6148750532e-01	
2.1840006004e+02	5.9039820092e-01	
2.1850045010e+02	7.5329678015e-01	
2.1860015262e+02	8.0264836030e-01	
2.1870014331e+02	7.9107573200e-01	
2.1880037231e+02	6.0254094996e-01	
2.1890040199e+02	4.0755266958e-01	
2.1900051498e+02	3.9880153538e-01	
2.1910041008e+02	3.9137993008e-01	
2.1920009742e+02	4.1890922965e-01	
2.1930023704e+02	4.1653570243e-01	
2.1940048325e+02	4.3380200342e-01	
2.1950000243e+02	5.2978756605e-01	
2.1960027351e+02	4.6392721537e-01	
2.1970029861e+02	4.2469887781e-01	
2.1980006786e+02	4.3342161428e-01	
2.1990022773e+02	4.2881266890e-01	
2.2000028526e+02	4.2312703632e-01	
2.2010006502e+02	4.1330976991e-01	
2.2020008349e+02	4.0054572755e-01	
2.2030032800e+02	3.8429384246e-01	
2.2040015213e+02	3.8342959142e-01	
2.2050022575e+02	3.8910741086e-01	
2.2060003399e+02	4.8065662169e-01	
2.2070004293e+02	6.8586115049e-01	
2.2080032102e+02	8.8182863252e-01	
2.2090041322e+02	9.6482372332e-01	
2.2100026824e+02	6.5607967393e-01	
2.2110003846e+02	4.6369400709e-01	
2.2120029381e+02	3.9976028472e-01	
2.2130030862e+02	4.3624122290e-01	
2.2140011519e+02	4.7949306306e-01	
2.2150009145e+02	5.7625896685e-01	
2.2160025636e+02	7.4795503352e-01	
2.2170038461e+02	9.8264219833e-01	
2.2180006056e+02	1.0481339218e+00	
2.2190005849e+02	1.2732268230e+00	
2.2200008943e+02	1.2431677091e+00	
2.2210003769e+02	1.0437242266e+00	
2.2220052612e+02	5.9862874114e-01	
2.2230030522e+02	4.1056822336e-01	
2.2240032430e+02	3.8896752619e-01	
2.2250029960e+02	3.8975882082e-01	
2.2260026545e+02	3.6746835152e-01	
2.2270044134e+02	3.5814991603e-01	
2.2280031954e+02	4.4954126728e-01	
2.2290037586e+02	5.3105824321e-01	
2.2300004143e+02	3.9358898204e-01	
2.2310010605e+02	4.0657253705e-01	
2.2320018315e+02	4.9871104520e-01	
2.2330011233e+02	6.0548781806e-01	
2.2340004955e+02	6.2786482013e-01	
2.2350025229e+02	5.3207196094e-01	
2.2360044268e+02	4.7757248583e-01	
2.2370055828e+02	5.2112565663e-01	
2.2380049542e+02	4.9683487318e-01	
2.2390007687e+02	5.2995935956e-01	
2.2400043471e+02	4.8932840663e-01	
2.2410050320e+02	4.4139406773e-01	
2.2420050772e+02	4.3979953831e-01	
2.2430047427e+02	5.0274903191e-01	
2.2440038189e+02	5.8821233788e-01	
2.2450007070e+02	5.6705342266e-01	
2.2460000716e+02	6.7064731028e-01	
2.2470031787e+02	4.9302231686e-01	
2.2480015261e+02	4.8128788586e-01	
2.2490051632e+02	5.2407870767e-01	
2.2500043958e+02	4.4757082404e-01	
2.2510014782e+02	4.7440006117e-01	
2.2520026150e+02	4.7381954738e-01	
2.2530009648e+02	4.2273894995e-01	
2.2540030317e+02	3.8949328824e-01	
2.2550025314e+02	4.4165307715e-01	
2.2560010249e+02	4.0480079335e-01	
2.2570021412e+02	3.6797932929e-01	
2.2580030434e+02	3.6593671528e-01	
2.2590025528e+02	3.7887609963e-01	
2.2600012796e+02	3.9624656679e-01	
2.2610018133e+02	4.0972909311e-01	
2.2620035405e+02	4.0879491535e-01	
2.2630023407e+02	4.0812567216e-01	
2.2640044719e+02	4.1641115472e-01	
2.2650013997e+02	4.1937290175e-01	
2.2660014524e+02	4.1425118336e-01	
2.2670044907e+02	5.0813287964e-01	
2.2680006376e+02	5.9413743930e-01	
2.2690046520e+02	5.8679772872e-01	
2.2700044578e+02	4.7160908390e-01	
2.2710056695e+02	4.8451088403e-01	
2.2720041561e+02	5.2196991860e-01	
2.2730004877e+02	4.5956246931e-01	
2.2740038376e+02	3.9559833614e-01	
2.2750050736e+02	3.5935315317e-01	
2.2760030855e+02	3.6736127261e-01	
2.2770051453e+02	4.1816297753e-01	
2.2780016420e+02	4.1410069167e-01	
2.2790055775e+02	3.8839223865e-01	
2.2800049916e+02	3.9287960578e-01	
2.2810008236e+02	4.3278012047e-01	
2.2820018412e+02	5.1338393725e-01	
2.2830014541e+02	4.8986290533e-01	
2.2840007974e+02	4.6874206095e-01	
2.2850029829e+02	4.0566868137e-01	
2.2860012581e+02	3.4930258600e-01	
2.2870038706e+02	3.3857262851e-01	
2.2880043285e+02	3.5010536113e-01	
2.2890045341e+02	3.5423800020e-01	
2.2900037844e+02	3.5393369567e-01	
2.2910005611e+02	3.5552355283e-01	
2.2920007424e+02	4.3284047300e-01	
2.2930028378e+02	4.5214540793e-01	
2.2940039056e+02	3.8227262984e-01	
2.2950050742e+02	3.4334816868e-01	
2.2960048853e+02	3.6228320376e-01	
2.2970000550e+02	3.9108253705e-01	
2.2980004971e+02	4.0319667927e-01	
2.2990051568e+02	3.6801540854e-01	
2.3000004007e+02	4.1804469985e-01	
2.3010042050e+02	4.9205203962e-01	
2.3020054877e+02	4.1845258142e-01	
2.3030035317e+02	3.5725375939e-01	
2.3040013254e+02	3.6152280160e-01	
2.3050009628e+02	3.9269305812e-01	
2.3060042656e+02	3.6822284616e-01	
2.3070010000e+02	3.6885974838e-01	
2.3080025675e+02	3.7104036431e-01	
2.3090022217e+02	3.9468787585e-01	
2.3100053658e+02	4.9648009070e-01	
2.3110045295e+02	5.4170921046e-01	
2.3120053240e+02	5.7124333611e-01	
2.3130016160e+02	5.4307794015e-01	
2.3140005257e+02	4.1736829205e-01	
2.3150013191e+02	4.2342790164e-01	
2.3160054394e+02	3.8424348339e-01	
2.3170033833e+02	4.2810238211e-01	
2.3180042044e+02	4.1315707289e-01	
2.3190035836e+02	3.5417567690e-01	
2.3200041408e+02	3.4909259489e-01	
2.3210000319e+02	3.6703804727e-01	
2.3220044485e+02	3.7334061642e-01	
2.3230016878e+02	3.5358318564e-01	
2.3240013054e+02	3.6117521911e-01	
2.3250030948e+02	3.6950021057e-01	
2.3260023895e+02	3.8106009305e-01	
2.3270000472e+02	4.3654048264e-01	
2.3280052639e+02	3.7807020087e-01	
2.3290007633e+02	3.7345358559e-01	
2.3300014319e+02	3.7233808233e-01	
2.3310001873e+02	4.2978319044e-01	
2.3320027743e+02	4.9622083380e-01	
2.3330027392e+02	9.2125579748e-01	
2.3340012784e+02	7.1286860874e-01	
2.3350020106e+02	4.9758417177e-01	
2.3360036949e+02	4.1202077913e-01	
2.3370037356e+02	4.5926397402e-01	
2.3380022000e+02	5.2058957042e-01	
2.3390027965e+02	5.0185327763e-01	
2.3400047250e+02	5.6082096090e-01	
2.3410054794e+02	5.6109961374e-01	
2.3420058161e+02	5.6653525862e-01	
2.3430031877e+02	5.0343415093e-01	
2.3440002112e+02	4.3198517448e-01	
2.3450018934e+02	4.1200239260e-01	
2.3460057597e+02	5.3127126866e-01	
2.3470046590e+02	7.5631734486e-01	
2.3480055769e+02	8.8074899462e-01	
2.3490015704e+02	5.4337780934e-01	
2.3500008681e+02	4.3437395616e-01	
2.3510022349e+02	4.6758773694e-01	
2.3520046570e+02	4.2342573893e-01	
2.3530003171e+02	4.0974765153e-01	
2.3540050490e+02	4.4477811756e-01	
2.3550003857e+02	4.7100313980e-01	
2.3560047731e+02	3.6304616922e-01	
2.3570021106e+02	3.6168877592e-01	
2.3580052130e+02	3.6254394196e-01	
2.3590006580e+02	3.5185068436e-01	
2.3600000610e+02	3.9734186566e-01	
2.3610042648e+02	6.4293387796e-01	
2.3620033481e+02	8.1700661016e-01	
2.3630018391e+02	7.4985433545e-01	
2.3640021753e+02	5.8878142199e-01	
2.3650020298e+02	4.2261951453e-01	
2.3660028924e+02	3.6301097211e-01	
2.3670010595e+02	3.8848537458e-01	
2.3680041393e+02	5.4583351026e-01	
2.3690022589e+02	6.6312301094e-01	
2.3700051106e+02	6.3564629675e-01	
2.3710024674e+02	5.1818756647e-01	
2.3720041426e+02	4.1439642532e-01	
2.3730024734e+02	5.1873057982e-01	
2.3740017319e+02	5.1263417927e-01	
2.3750052578e+02	5.8028555005e-01	
2.3760003594e+02	8.5987807206e-01	
2.3770038089e+02	7.4004149917e-01	
2.3780046202e+02	4.2523910342e-01	
2.3790024148e+02	4.3840289447e-01	
2.3800049418e+02	4.3670846071e-01	
2.3810049911e+02	4.1023553386e-01	
2.3820049810e+02	4.1668755894e-01	
2.3830031228e+02	4.0839959054e-01	
2.3840012698e+02	4.1184717947e-01	
2.3850007594e+02	3.9799344498e-01	
2.3860050895e+02	3.7391168956e-01	
2.3870040826e+02	3.7516110584e-01	
2.3880002657e+02	3.7378795789e-01	
2.3890000460e+02	4.4883019584e-01	
2.3900005668e+02	5.1525833291e-01	
2.3910011087e+02	5.1703441216e-01	
2.3920007048e+02	6.1894966583e-01	
2.3930041641e+02	6.4753310344e-01	
2.3940028632e+02	3.9402908819e-01	
2.3950054321e+02	3.4654250480e-01	
2.3960050712e+02	3.5248131727e-01	
2.3970011478e+02	3.7748343439e-01	
2.3980015669e+02	3.9856436046e-01	
2.3990034458e+02	4.3474950468e-01	
2.4000008529e+02	4.2909716295e-01	
2.4010013456e+02	4.2319069918e-01	
2.4020001575e+02	4.1311009299e-01	
2.4030037038e+02	3.7165058914e-01	
2.4040040471e+02	4.5244799249e-01	
2.4050001293e+02	4.7433710280e-01	
2.4060026933e+02	4.5502730707e-01	
2.4070030243e+02	3.9004272778e-01	
2.4080009909e+02	3.6109568521e-01	
2.4090015174e+02	3.7981521576e-01	
2.4100051806e+02	3.6025312810e-01	
2.4110007695e+02	3.5468736249e-01	
2.4120007570e+02	3.7725775264e-01	
2.4130010906e+02	3.7419178306e-01	
2.4140049992e+02	3.7486558861e-01	
2.4150014737e+02	3.7382051731e-01	
2.4160003616e+02	3.8794560632e-01	
2.4170043640e+02	4.0510773063e-01	
2.4180030048e+02	4.0086486665e-01	
2.4190038396e+02	4.0986876407e-01	
2.4200037555e+02	4.6378648608e-01	
2.4210035616e+02	4.7290927965e-01	
2.4220027153e+02	6.9886378555e-01	
2.4230052829e+02	4.8176370068e-01	
2.4240029626e+02	5.5970681626e-01	
2.4250029931e+02	5.9710044544e-01	
2.4260003925e+02	6.9865844321e-01	
2.4270001214e+02	6.0347654609e-01	
2.4280054535e+02	4.1422296705e-01	
2.4290001897e+02	4.0247897048e-01	
2.4300039121e+02	3.9876270603e-01	
2.4310019305e+02	3.9701354246e-01	
2.4320023243e+02	4.2208463739e-01	
2.4330028722e+02	4.6195801089e-01	
2.4340035921e+02	4.0451550571e-01	
2.4350028235e+02	3.7865042791e-01	
2.4360056829e+02	4.2982564276e-01	
2.4370020329e+02	5.0467832296e-01	
2.4380017140e+02	5.7730457137e-01	
2.4390052202e+02	6.1527479063e-01	
2.4400028158e+02	5.4497808024e-01	
2.4410015523e+02	4.2477415790e-01	
2.4420055883e+02	4.0060758601e-01	
2.4430007091e+02	4.5782188329e-01	
2.4440017838e+02	4.8510782452e-01	
2.4450035102e+02	4.9317018852e-01	
2.4460009492e+02	5.2287959254e-01	
2.4470002114e+02	5.5058078126e-01	
2.4480035638e+02	4.4011647233e-01	
2.4490015843e+02	3.7899625867e-01	
2.4500055310e+02	4.6654129411e-01	
2.4510031754e+02	5.0387041610e-01	
2.4520015963e+02	4.0088949368e-01	
2.4530016220e+02	3.7103751661e-01	
2.4540000202e+02	4.4335049060e-01	
2.4550026269e+02	5.6119984703e-01	
2.4560018340e+02	5.9436218315e-01	
2.4570029327e+02	5.4329145530e-01	
2.4580054669e+02	4.4533352972e-01	
2.4590018025e+02	5.4451130700e-01	
2.4600007819e+02	6.0815279188e-01	
2.4610022140e+02	5.6812376161e-01	
2.4620026802e+02	5.5882380776e-01	
2.4630004620e+02	4.9352119330e-01	
2.4640049570e+02	4.7158743701e-01	
2.4650024440e+02	7.9174874822e-01	
2.4660011762e+02	8.7126314353e-01	
2.4670002815e+02	7.0325461095e-01	
2.4680056051e+02	6.1243258831e-01	
2.4690009703e+02	5.7791363704e-01	
2.4700019632e+02	5.3491563378e-01	
2.4710001911e+02	7.5271269688e-01	
2.4720007536e+02	6.3973944595e-01	
2.4730039756e+02	3.9966931182e-01	
2.4740017438e+02	5.9998169353e-01	
2.4750007821e+02	5.9085161451e-01	
2.4760037003e+02	5.9330222697e-01	
2.4770039678e+02	7.1881549507e-01	
2.4780042321e+02	6.9103604932e-01	
2.4790015752e+02	6.0949592383e-01	
2.4800006933e+02	4.6200807992e-01	
2.4810000784e+02	3.8582756155e-01	
2.4820008046e+02	4.4108355877e-01	
2.4830008028e+02	4.7921464226e-01	
2.4840006744e+02	5.0912012850e-01	
2.4850025235e+02	7.3724457197e-01	
2.4860049280e+02	8.3614809106e-01	
2.4870029679e+02	7.2784809777e-01	
2.4880042516e+02	5.0186228824e-01	
2.4890007993e+02	5.4677652226e-01	
2.4900021671e+02	5.1711287226e-01	
2.4910029377e+02	4.3202231578e-01	
2.4920021265e+02	5.2178107294e-01	
2.4930034048e+02	6.2210437158e-01	
2.4940004742e+02	6.8689197216e-01	
2.4950011318e+02	5.9473701494e-01	
2.4960017510e+02	5.0296204632e-01	
2.4970005089e+02	3.8962672409e-01	
2.4980005673e+02	3.9153486826e-01	
2.4990051801e+02	3.7674899273e-01	
2.5000003678e+02	3.6047819542e-01	
2.5010035591e+02	3.5520761416e-01	
2.5020013231e+02	3.5407949555e-01	
2.5030044442e+02	3.5309518872e-01	
2.5040053062e+02	3.8686676850e-01	
2.5050024807e+02	4.2059285260e-01	
2.5060025345e+02	3.9575793539e-01	
2.5070019766e+02	3.7242618261e-01	
2.5080023873e+02	4.2577091607e-01	
2.5090014695e+02	5.6538593755e-01	
2.5100050158e+02	6.6466118469e-01	
2.5110037583e+02	6.5309403921e-01	
2.5120035153e+02	5.9890623050e-01	
2.5130005440e+02	6.2699603538e-01	
2.5140000562e+02	5.5642938179e-01	
2.5150003552e+02	3.7663992469e-01	
2.5160018609e+02	4.0303619044e-01	
2.5170004437e+02	4.3223174758e-01	
2.5180000847e+02	6.0235631608e-01	
2.5190043433e+02	7.4480927094e-01	
2.5200005018e+02	7.1326898084e-01	
2.5210042502e+02	4.9148518789e-01	
2.5220035121e+02	4.0490125217e-01	
2.5230007492e+02	5.1278575399e-01	
2.5240009066e+02	5.8167305744e-01	
2.5250001085e+02	6.6914692277e-01	
2.5260005067e+02	8.0892211930e-01	
2.5270044660e+02	6.0087197650e-01	
2.5280005770e+02	4.6324706298e-01	
2.5290031022e+02	6.1362194759e-01	
2.5300037038e+02	7.7374262557e-01	
2.5310035340e+02	6.1888527610e-01	
2.5320047859e+02	4.2294682917e-01	
2.5330006848e+02	3.6244288920e-01	
2.5340020035e+02	4.1869487503e-01	
2.5350006995e+02	3.7818886193e-01	
2.5360002257e+02	3.5718547506e-01	
2.5370036112e+02	3.6438023721e-01	
2.5380026690e+02	3.8104514544e-01	
2.5390045867e+02	4.2924619444e-01	
2.5400025466e+02	4.7861922909e-01	
2.5410028600e+02	6.0948605177e-01	
2.5420030186e+02	5.2061761240e-01	
2.5430006627e+02	4.1435815478e-01	
2.5440034812e+02	3.9035149284e-01	
2.5450001176e+02	4.1868298167e-01	
2.5460025852e+02	5.0758396219e-01	
2.5470057270e+02	5.4314275393e-01	
2.5480028992e+02	5.3382496613e-01	
2.5490023460e+02	4.4501210301e-01	
2.5500054344e+02	3.9543396782e-01	
2.5510004332e+02	3.7732550712e-01	
2.5520019474e+02	3.7235586291e-01	
2.5530015321e+02	3.8143716598e-01	
2.5540018209e+02	4.3599864145e-01	
2.5550010426e+02	6.1316882985e-01	
2.5560016323e+02	7.6841467164e-01	
2.5570044083e+02	6.2958212286e-01	
2.5580034078e+02	5.2473957239e-01	
2.5590056268e+02	6.0914606202e-01	
2.5600059155e+02	6.3780817511e-01	
2.5610017169e+02	7.1651340103e-01	
2.5620015830e+02	6.6006706031e-01	
2.5630049173e+02	4.7249204521e-01	
2.5640057192e+02	4.1590442640e-01	
2.5650054660e+02	4.6339685272e-01	
2.5660058005e+02	4.4363234930e-01	
2.5670000446e+02	3.6682711378e-01	
2.5680026961e+02	3.9151001648e-01	
2.5690032493e+02	4.0765712827e-01	
2.5700008482e+02	4.0614925169e-01	
2.5710020154e+02	4.2879187846e-01	
2.5720017560e+02	4.3128332326e-01	
2.5730041397e+02	4.4351161170e-01	
2.5740048617e+02	4.3445004726e-01	
2.5750030022e+02	4.4026101211e-01	
2.5760022608e+02	4.2523162933e-01	
2.5770036469e+02	4.1310804833e-01	
2.5780034608e+02	4.3789588556e-01	
2.5790041431e+02	4.1799873681e-01	
2.5800012465e+02	5.1652534571e-01	
2.5810020476e+02	4.3832709003e-01	
2.5820048466e+02	4.1362137005e-01	
2.5830002345e+02	6.0484108988e-01	
2.5840052042e+02	6.4384729356e-01	
2.5850025297e+02	6.6155438276e-01	
2.5860052088e+02	6.5575183732e-01	
2.5870008400e+02	5.2249418733e-01	
2.5880017109e+02	4.5271204852e-01	
2.5890003224e+02	3.8724786571e-01	
2.5900034756e+02	3.7942094758e-01	
2.5910044429e+02	3.8143029024e-01	
2.5920032222e+02	3.7853111125e-01	
2.5930020295e+02	3.9614542763e-01	
2.5940057940e+02	4.3251856180e-01	
2.5950041962e+02	4.9386943245e-01	
2.5960005616e+02	5.9315262305e-01	
2.5970047725e+02	4.2656989984e-01	
2.5980009878e+02	4.2056923021e-01	
2.5990045911e+02	4.0429835672e-01	
2.6000056849e+02	5.5100590733e-01	
2.6010005622e+02	7.3912129539e-01	
2.6020004597e+02	5.6364469513e-01	
2.6030029280e+02	4.5304383313e-01	
2.6040012411e+02	3.6229534888e-01	
2.6050035994e+02	3.7161089386e-01	
2.6060013730e+02	3.5532017869e-01	
2.6070047687e+02	3.6210859902e-01	
2.6080008232e+02	3.8731677193e-01	
2.6090009116e+02	4.1576300598e-01	
2.6100016987e+02	4.2496290551e-01	
2.6110013805e+02	4.1578967131e-01	
2.6120028771e+02	3.7560103342e-01	
2.6130028555e+02	3.7028652744e-01	
2.6140008518e+02	3.6297682297e-01	
2.6150017634e+02	3.5372833848e-01	
2.6160009269e+02	4.1791891656e-01	
